    11679686           1   1.0763059419884238     
    11679686           2  0.89238575636782991     
    11679686           3   1.1677285464182396     
    11679686           4  0.80578246959852196     
    11679686           5  0.98674637556651379     
    11679686           6   1.0786117581999386     
    11679686           7  0.89946312901811698     
    11679686           8   1.1879429658648859     
    11679686           9  0.67395366453496253     
    11679686          10   1.2310793924425669     
    11795593           1   1.0282664893613451     
    11795593           2   1.1685362454931334     
    11795593           3   1.0786827117717790     
    11795593           4  0.90118600585956288     
    11795593           5   1.1146016844119742     
    11795593           6  0.58435162038127508     
    11795593           7   1.0098178755309219     
    11795593           8   1.0764825270129257     
    11795593           9  0.99716005945442443     
    11795593          10   1.0409147807226580     
    11832018           1   1.0234265602251347     
    11832018           2   1.1405469461015982     
    11832018           3   1.1403266508211156     
    11832018           4   1.0285880869594739     
    11832018           5  0.75562319046334547     
    11832018           6  0.85397564583795826     
    11832018           7  0.85251499174701539     
    11832018           8   1.1950440889283866     
    11832018           9  0.86726690435694032     
    11832018          10   1.1426869345590305     
    11916234           1   1.1038106998371320     
    11916234           2   1.0834270012255562     
    11916234           3   1.1837240790222021     
    11916234           4  0.83428404382866517     
    11916234           5  0.88804921538058379     
    11916234           6   1.0647732838968600     
    11916234           7  0.82896017484948703     
    11916234           8  0.98513090577170048     
    11916234           9  0.95876520633534523     
    11916234          10   1.0690753898524668     
    11986558           1   1.0709357314792549     
    11986558           2   1.2541967162733607     
    11986558           3  0.93318442026064430     
    11986558           4  0.99244500146372083     
    11986558           5   1.0964121455735982     
    11986558           6  0.50959717986977315     
    11986558           7  0.71241326588806375     
    11986558           8   1.2268316145741951     
    11986558           9   1.0104558249228439     
    11986558          10   1.1935280996945448     
    12007697           1  0.97880948334031992     
    12007697           2  0.97910283538457132     
    12007697           3  0.96777378714968909     
    12007697           4  0.79162494821679785     
    12007697           5   1.0151427273212128     
    12007697           6  0.98463229084349724     
    12007697           7   1.0703288802957489     
    12007697           8   1.1009198448858828     
    12007697           9   1.0952747850443334     
    12007697          10   1.0163904175179472     
    12131447           1  0.77971598003760412     
    12131447           2   1.4470908452505837     
    12131447           3  0.73128490800049517     
    12131447           4   1.0856181167879746     
    12131447           5  0.96534004108325500     
    12131447           6   1.1160031563495154     
    12131447           7  0.80190010932144229     
    12131447           8   1.0259902832700905     
    12131447           9  0.79268076400768606     
    12131447          10   1.2543757958913535     
    12135670           1   1.1446829679422872     
    12135670           2   1.1880835019912972     
    12135670           3  0.66123545716461618     
    12135670           4  0.91081658010848721     
    12135670           5  0.93045752249775804     
    12135670           6  0.72473816369813782     
    12135670           7   1.3530428884429779     
    12135670           8  0.92732334644010772     
    12135670           9   1.1167339965985250     
    12135670          10   1.0428855751158048     
    12152615           1  0.73789918727858783     
    12152615           2   1.1250444516131686     
    12152615           3  0.96761892771047464     
    12152615           4   1.0616851494696802     
    12152615           5   1.1349611048522301     
    12152615           6  0.83843343128313397     
    12152615           7  0.86811988457552436     
    12152615           8   1.0166271691955056     
    12152615           9  0.84078123693774520     
    12152615          10   1.4088294570839490     
    12177239           1   1.3139001284853336     
    12177239           2  0.78786788109889239     
    12177239           3   1.0452814259909913     
    12177239           4   1.1222478148265500     
    12177239           5  0.85566802459524538     
    12177239           6  0.80748529557337012     
    12177239           7   1.1473461306177888     
    12177239           8  0.79394254421124610     
    12177239           9   1.1810585549351091     
    12177239          10  0.94520219966547370     
    12178882           1   1.1836418614380058     
    12178882           2  0.97035459403643531     
    12178882           3  0.50683070383449635     
    12178882           4   1.0101276149303906     
    12178882           5   1.1035176100177808     
    12178882           6   1.2023120634766908     
    12178882           7  0.79805003978609446     
    12178882           8   1.1464589189743848     
    12178882           9  0.85667569912387220     
    12178882          10   1.2220308943818508     
    12229818           1   1.0069064135073880     
    12229818           2   1.0534590664264720     
    12229818           3   1.0425514672103684     
    12229818           4  0.74497239423634865     
    12229818           5  0.92966618698588865     
    12229818           6   1.0056040324471271     
    12229818           7   1.0985052591451496     
    12229818           8   1.3027924644104656     
    12229818           9  0.94717445309273030     
    12229818          10  0.86836826253806265     
    12334432           1   1.1153972330986233     
    12334432           2   1.0404798241736890     
    12334432           3   1.0517736327179350     
    12334432           4   1.1219553108430331     
    12334432           5   1.1393023629123453     
    12334432           6  0.71618972332948283     
    12334432           7  0.86758465630764814     
    12334432           8   1.1474585686308769     
    12334432           9   1.0064915017011584     
    12334432          10  0.79336718628520808     
    12339235           1  0.84836458627542743     
    12339235           2  0.85340978541161738     
    12339235           3   1.1363883130249308     
    12339235           4   1.3248826744107065     
    12339235           5   1.0292035752371380     
    12339235           6  0.89894379430487203     
    12339235           7   1.0884806115783652     
    12339235           8  0.96003687537385829     
    12339235           9  0.66488015610450313     
    12339235          10   1.1954096282785804     
    12353953           1   1.2761103142837134     
    12353953           2   1.2047560277903380     
    12353953           3  0.61797243222655840     
    12353953           4  0.55382266228001897     
    12353953           5   1.2243082342025489     
    12353953           6  0.83878809804528631     
    12353953           7   1.2038560481397287     
    12353953           8  0.93280638998723664     
    12353953           9   1.0074153854246488     
    12353953          10   1.1401644076199229     
    12357013           1  0.97285165848281319     
    12357013           2   1.0530917722095445     
    12357013           3   1.1002245256629932     
    12357013           4  0.97924240684341302     
    12357013           5  0.93491390329887369     
    12357013           6   1.1745730627750903     
    12357013           7  0.48934137176650555     
    12357013           8   1.2535615920902394     
    12357013           9   1.1606771973429630     
    12357013          10  0.88152250952756450     
    12362649           1   1.1049632788711561     
    12362649           2  0.81486415289644620     
    12362649           3   1.2617832904284874     
    12362649           4  0.83574028759487418     
    12362649           5  0.78267744211486756     
    12362649           6   1.1419756840907109     
    12362649           7  0.96464571636455043     
    12362649           8   1.2910222871498034     
    12362649           9  0.87999405073108616     
    12362649          10  0.92233380975801782     
    12366573           1  0.91986543236733154     
    12366573           2   1.1820618045246751     
    12366573           3   1.0070557189678027     
    12366573           4   1.1724269636316869     
    12366573           5   1.0870241894455601     
    12366573           6  0.68905477416984273     
    12366573           7  0.83404004268207843     
    12366573           8  0.96966705143873333     
    12366573           9  0.84775195182700314     
    12366573          10   1.2910520709452866     
    12372976           1  0.87401457685580863     
    12372976           2  0.95532579182104582     
    12372976           3   1.1421065058041928     
    12372976           4  0.62759403764202659     
    12372976           5   1.1148202574430957     
    12372976           6  0.89303910409356313     
    12372976           7   1.0954421572245756     
    12372976           8   1.1820645803317120     
    12372976           9  0.94911857490158213     
    12372976          10   1.1664744138823979     
    12382476           1   1.1304819791752205     
    12382476           2   1.2465673287583596     
    12382476           3  0.63994008337464392     
    12382476           4  0.93774287776716914     
    12382476           5  0.93379803327033895     
    12382476           6  0.68836259675761513     
    12382476           7   1.3362569770611754     
    12382476           8  0.91581893098618739     
    12382476           9   1.0903561737826672     
    12382476          10   1.0806750190666228     
    12401013           1  0.97415691455449094     
    12401013           2   1.1483959902653773     
    12401013           3  0.69323887997981037     
    12401013           4  0.92439981634161206     
    12401013           5   1.0223351330720341     
    12401013           6  0.74444404264001895     
    12401013           7   1.0754724684688037     
    12401013           8   1.0279133150825213     
    12401013           9   1.0135293836238735     
    12401013          10   1.3761140559714591     
    12401923           1  0.70306754907074165     
    12401923           2  0.87185654697773218     
    12401923           3   1.2025251823651681     
    12401923           4  0.71653896494398217     
    12401923           5   1.1353443931888505     
    12401923           6   1.0432472766009919     
    12401923           7  0.99501376543654330     
    12401923           8   1.2415366776375314     
    12401923           9  0.92569051031256000     
    12401923          10   1.1651791334658992     
    12403172           1  0.71865665884635210     
    12403172           2  0.77056846949451840     
    12403172           3   1.2607756476367902     
    12403172           4  0.95714814260154590     
    12403172           5   1.2001765796709178     
    12403172           6   1.2315869432047570     
    12403172           7  0.62482485191666670     
    12403172           8   1.2071156735583186     
    12403172           9   1.1146249367373906     
    12403172          10  0.91452209633274162     
    12417334           1  0.73297348966412645     
    12417334           2   1.1175344436513603     
    12417334           3  0.96115978217121867     
    12417334           4   1.0545980837861704     
    12417334           5   1.1273849002662149     
    12417334           6  0.83283663754280313     
    12417334           7  0.86232492488693790     
    12417334           8   1.0098408789970148     
    12417334           9  0.90192175963968091     
    12417334          10   1.3994250993944732     
    12419897           1  0.94145973503358960     
    12419897           2   1.1524561043255679     
    12419897           3  0.98621752035591603     
    12419897           4   1.2118073346396867     
    12419897           5  0.93227779863674787     
    12419897           6  0.75209262070404548     
    12419897           7  0.86870008139927735     
    12419897           8  0.91610818119544535     
    12419897           9  0.88230507505123046     
    12419897          10   1.3565755486584938     
    12431757           1  0.93379868297279101     
    12431757           2  0.84390783634705568     
    12431757           3  0.64145770022314141     
    12431757           4   1.1025093652085172     
    12431757           5  0.99848539554006444     
    12431757           6   1.0725800436158064     
    12431757           7   1.5100009657698694     
    12431757           8  0.57205014461421411     
    12431757           9   1.0106142259591042     
    12431757          10   1.3145956397494376     
    12433203           1  0.94838059601860303     
    12433203           2  0.70068886137115549     
    12433203           3   1.2088752788945476     
    12433203           4  0.95579200722682844     
    12433203           5   1.1757975765831628     
    12433203           6  0.96009062449796356     
    12433203           7   1.0821340477034160     
    12433203           8  0.92034381104732221     
    12433203           9   1.0232984669960250     
    12433203          10   1.0245987296609758     
    12445505           1  0.86964577736378179     
    12445505           2  0.89704168383404270     
    12445505           3   1.0263282064174191     
    12445505           4   1.0705240295634919     
    12445505           5   1.0576007222178152     
    12445505           6  0.88475898587264745     
    12445505           7  0.79247757209062475     
    12445505           8   1.2083553396780562     
    12445505           9   1.3050510226585010     
    12445505          10  0.88821666030361945     
    12448126           1  0.82327161773954349     
    12448126           2  0.94201034849822873     
    12448126           3  0.99533389719572862     
    12448126           4   1.0415041863310275     
    12448126           5  0.76639961526923839     
    12448126           6  0.87829976244629315     
    12448126           7   1.0565222992890742     
    12448126           8   1.2534095830274850     
    12448126           9   1.1120806403760233     
    12448126          10   1.1311680498273575     
    12449623           1   1.1196784226329011     
    12449623           2   1.1264996469889055     
    12449623           3  0.78280751340693266     
    12449623           4  0.84562490003495006     
    12449623           5  0.97468456845202489     
    12449623           6   1.0455542858090257     
    12449623           7  0.71784588523114645     
    12449623           8   1.1320957571539494     
    12449623           9   1.0672293705198415     
    12449623          10   1.1879796497703234     
    12457411           1  0.79856708787528374     
    12457411           2  0.77462526400803999     
    12457411           3  0.95558321924774581     
    12457411           4   1.0755685609120216     
    12457411           5   1.0543059084061956     
    12457411           6   1.2349757583461580     
    12457411           7   1.2157411712377355     
    12457411           8  0.69152955509282699     
    12457411           9   1.0523010306163079     
    12457411          10   1.1468024442576850     
    12460469           1   1.1277185692526814     
    12460469           2   1.0183471099257058     
    12460469           3   1.0903515145418903     
    12460469           4  0.76289411543634222     
    12460469           5   1.0225722372459904     
    12460469           6  0.66756658991324347     
    12460469           7   1.0188876729868239     
    12460469           8   1.1775235276447571     
    12460469           9  0.97115052658785217     
    12460469          10   1.1429881364647136     
    12486930           1   1.0822516526222499     
    12486930           2  0.84791394707290235     
    12486930           3   1.2207603753583092     
    12486930           4  0.73189618408005186     
    12486930           5  0.75803458053501260     
    12486930           6   1.1292236534190774     
    12486930           7  0.94497965446288457     
    12486930           8   1.1414684944633411     
    12486930           9  0.90798729145798451     
    12486930          10   1.2354841665281862     
    12487647           1   1.1996443610487248     
    12487647           2  0.59617730952615522     
    12487647           3  0.97825530607159339     
    12487647           4  0.79917729178309493     
    12487647           5  0.65753228788905593     
    12487647           6   1.4509646644727205     
    12487647           7  0.72387060421112226     
    12487647           8   1.4067838146502827     
    12487647           9  0.92142019652188223     
    12487647          10   1.2661741638253710     
    12491757           1  0.51039088677912758     
    12491757           2  0.74691776056671566     
    12491757           3   1.2148683968396696     
    12491757           4   1.1200243472939244     
    12491757           5   1.0287209169783311     
    12491757           6  0.96004764391029784     
    12491757           7   1.0365063859433989     
    12491757           8   1.2680161655085029     
    12491757           9  0.97781484772598515     
    12491757          10   1.1366926484540467     
    12492715           1  0.70224953201864704     
    12492715           2  0.98932276145282694     
    12492715           3   1.0121154489219972     
    12492715           4   1.1321711848714484     
    12492715           5   1.2271763512892473     
    12492715           6  0.79988693134973121     
    12492715           7   1.1076250787932340     
    12492715           8   1.0617324724879629     
    12492715           9  0.96620607985803075     
    12492715          10   1.0015141589568735     
    12505840           1   1.1150756883903739     
    12505840           2  0.61756326068399103     
    12505840           3   1.2038700166104708     
    12505840           4  0.94461701964401579     
    12505840           5  0.97789939581906837     
    12505840           6   1.1038095355367268     
    12505840           7   1.1010143284352405     
    12505840           8   1.1117744659697124     
    12505840           9  0.89413510784497596     
    12505840          10  0.93024118106542619     
    12508638           1   1.1535826134849694     
    12508638           2   1.0213630789037054     
    12508638           3   1.1328776617513847     
    12508638           4   1.1386229735747031     
    12508638           5  0.84662428601074535     
    12508638           6  0.85335255620822725     
    12508638           7  0.50472405717003521     
    12508638           8   1.0714931078981698     
    12508638           9  0.99897820016343997     
    12508638          10   1.2783814648346177     
    12519194           1   1.3264987248046503     
    12519194           2  0.72739283001404509     
    12519194           3   1.1506508162486364     
    12519194           4   1.0049741074539407     
    12519194           5  0.65597678464531595     
    12519194           6   1.0485897109320246     
    12519194           7  0.79052953440838292     
    12519194           8   1.3190204617207093     
    12519194           9  0.77924216445881955     
    12519194          10   1.1971248653134750     
    12520370           1  0.99071306802551051     
    12520370           2  0.98458854063721335     
    12520370           3   1.0166811787155090     
    12520370           4  0.42871948870070897     
    12520370           5   1.0075323963240421     
    12520370           6  0.99049138837830275     
    12520370           7   1.2482594880198397     
    12520370           8   1.1590758258927212     
    12520370           9   1.2153772148467679     
    12520370          10  0.95856141045938525     
    12534887           1  0.85187918048063527     
    12534887           2  0.90921013285726637     
    12534887           3  0.93992349580370627     
    12534887           4   1.0489078055252716     
    12534887           5   1.0539976299876090     
    12534887           6   1.1437264853279823     
    12534887           7   1.2153856892446138     
    12534887           8  0.63459181142856713     
    12534887           9   1.0559106494371464     
    12534887          10   1.1464671199072016     
    12558334           1   1.0638851820834385     
    12558334           2  0.82902415280955510     
    12558334           3   1.1327408560017942     
    12558334           4  0.78259956638456707     
    12558334           5  0.99286940688252168     
    12558334           6   1.0303539400365258     
    12558334           7   1.0735371643026876     
    12558334           8   1.1569888054430988     
    12558334           9  0.96942278388852254     
    12558334          10  0.96857814216728721     
    12561244           1   1.0319177132330044     
    12561244           2  0.86295090666237217     
    12561244           3   1.1744417371087363     
    12561244           4   1.1375950922672518     
    12561244           5  0.74117608243569255     
    12561244           6   1.1741655621082483     
    12561244           7   1.0196943094666631     
    12561244           8   1.0406056681773110     
    12561244           9  0.86200622415381223     
    12561244          10  0.95544670438690793     
    12572313           1  0.81485553165809688     
    12572313           2   1.0697116467938117     
    12572313           3  0.78650608639687225     
    12572313           4   1.1518192833635752     
    12572313           5   1.1128641095463065     
    12572313           6   1.1459659781506959     
    12572313           7  0.94423109688580664     
    12572313           8   1.1301278214366894     
    12572313           9  0.86849447520397305     
    12572313          10  0.97542397056417052     
    12583591           1  0.70004376469159701     
    12583591           2  0.84378812280257665     
    12583591           3   1.3021589790806183     
    12583591           4  0.71345724209656913     
    12583591           5   1.1095342816826386     
    12583591           6   1.0387604320257580     
    12583591           7  0.99073436570470019     
    12583591           8   1.2175156606409097     
    12583591           9  0.95782473972094673     
    12583591          10   1.1261824115536845     
    12588605           1  0.86128517782834346     
    12588605           2   1.0164284261375389     
    12588605           3  0.83530046894163879     
    12588605           4   1.0314460433755892     
    12588605           5  0.84401439741761763     
    12588605           6  0.76610605318654801     
    12588605           7   1.1114260539844110     
    12588605           8   1.2423085984289846     
    12588605           9   1.1860810356323608     
    12588605          10   1.1056037450669676     
    12591621           1  0.68222590724920218     
    12591621           2   1.2511106147649029     
    12591621           3  0.89321601131311945     
    12591621           4  0.79430477684804957     
    12591621           5   1.0861878901968134     
    12591621           6   1.0006870851375167     
    12591621           7   1.1401013820323544     
    12591621           8   1.2355517814544079     
    12591621           9   1.1124757099372911     
    12591621          10  0.80413884106634159     
    12596588           1  0.96578514937945803     
    12596588           2  0.72010078076459361     
    12596588           3   1.1736359377892955     
    12596588           4   1.0064241722372844     
    12596588           5   1.0915391232837430     
    12596588           6   1.1250639079326561     
    12596588           7  0.66105484427050909     
    12596588           8   1.0710828486376722     
    12596588           9   1.0945180284729246     
    12596588          10   1.0907952072318652     
    12597895           1   1.1600118075516761     
    12597895           2  0.93903483902890728     
    12597895           3  0.77157902119028010     
    12597895           4   1.0667611168490534     
    12597895           5  0.67246072961765313     
    12597895           6   1.0417833841051805     
    12597895           7   1.1251524099760912     
    12597895           8   1.1388942809251339     
    12597895           9   1.0076747587566139     
    12597895          10   1.0766476519994104     
    12598374           1   1.1979801761470259     
    12598374           2   1.1722337447536386     
    12598374           3  0.85731051571347683     
    12598374           4   1.0248224115143396     
    12598374           5   1.1540753754866961     
    12598374           6  0.65819255038100366     
    12598374           7  0.81589366761350690     
    12598374           8   1.1814051102093983     
    12598374           9  0.92343507267335123     
    12598374          10   1.0146513755075643     
    12602956           1  0.93811149669773375     
    12602956           2  0.80730335176444890     
    12602956           3   1.2509900845653841     
    12602956           4  0.87041868268067579     
    12602956           5   1.1720629264871456     
    12602956           6   1.0478754823212997     
    12602956           7   1.0196756051586651     
    12602956           8   1.0754391131533474     
    12602956           9   1.0211331153773471     
    12602956          10  0.79699014179395555     
    12606984           1  0.84431329014738177     
    12606984           2  0.87222969799815675     
    12606984           3  0.98442989755008770     
    12606984           4   1.0700083450763829     
    12606984           5   1.0995298907954978     
    12606984           6  0.88433278667370852     
    12606984           7  0.79209582597468209     
    12606984           8   1.1693074760222470     
    12606984           9   1.3306295928366614     
    12606984          10  0.95312319692519243     
    12608307           1   1.0465986454680076     
    12608307           2  0.97529849787969836     
    12608307           3   1.1602781312613977     
    12608307           4  0.75534041766635485     
    12608307           5   1.0870518155594686     
    12608307           6   1.1383395470989359     
    12608307           7  0.89591072573026997     
    12608307           8  0.80642932028477854     
    12608307           9   1.0511244884186803     
    12608307          10   1.0836284106324079     
    12611892           1   1.0109858698337211     
    12611892           2  0.75545327564018938     
    12611892           3   1.0958786378097658     
    12611892           4  0.94463530951983277     
    12611892           5   1.1463608716136144     
    12611892           6   1.0269559118862863     
    12611892           7   1.0258816314361439     
    12611892           8   1.0033204659911201     
    12611892           9  0.93931253832974670     
    12611892          10   1.0512154879395794     
    12628207           1   1.0203956445057250     
    12628207           2   1.0277308835943759     
    12628207           3   1.2819363545113960     
    12628207           4  0.76897978313966209     
    12628207           5   1.0219407051208365     
    12628207           6  0.95571377283871872     
    12628207           7  0.79176686511927918     
    12628207           8   1.1030728663243103     
    12628207           9  0.80410163005159851     
    12628207          10   1.2243614947940975     
    12634007           1  0.87364702216746648     
    12634007           2  0.69414344382564097     
    12634007           3   1.2411998904249311     
    12634007           4  0.99682625262818769     
    12634007           5   1.0505562849056098     
    12634007           6   1.0556954937637355     
    12634007           7  0.98458226050173125     
    12634007           8   1.0575515669347570     
    12634007           9   1.0476977622678556     
    12634007          10  0.99810002258008268     
    12638612           1   1.1532120985418823     
    12638612           2   1.0525836407053482     
    12638612           3   1.1753687831922974     
    12638612           4  0.76607305177732032     
    12638612           5  0.65280473952292795     
    12638612           6  0.89299122228669492     
    12638612           7  0.76814084322036780     
    12638612           8   1.3863526483632360     
    12638612           9  0.91234108609604858     
    12638612          10   1.2401318862938771     
    12642923           1  0.99837334960817203     
    12642923           2  0.75780244686779841     
    12642923           3   1.1424132474225008     
    12642923           4  0.95126310496894706     
    12642923           5   1.1268028274244919     
    12642923           6   1.0362960423908911     
    12642923           7   1.1115010336083300     
    12642923           8  0.92280790578386840     
    12642923           9   1.0595610112795459     
    12642923          10  0.89317903064545434     
    12643267           1   1.0377486766017834     
    12643267           2   1.0304343050850682     
    12643267           3   1.0023860337482464     
    12643267           4  0.90800616037705084     
    12643267           5  0.98074234567040297     
    12643267           6  0.85439440006362244     
    12643267           7  0.92919286240132626     
    12643267           8   1.2182260626456185     
    12643267           9  0.98571229883952960     
    12643267          10   1.0531568545673513     
    12645356           1   1.1954008274703853     
    12645356           2   1.0740765274181157     
    12645356           3  0.71110793393020000     
    12645356           4   1.0857476204426204     
    12645356           5   1.0999643619388992     
    12645356           6  0.84845814983500834     
    12645356           7   1.2503992096769774     
    12645356           8  0.98429375062546909     
    12645356           9   1.0808022921600009     
    12645356          10  0.66974932650232677     
    12658280           1   1.0677955802391186     
    12658280           2   1.0776088693863086     
    12658280           3   1.0213864625839155     
    12658280           4  0.82281062919889880     
    12658280           5   1.0537629037328775     
    12658280           6  0.71876756289983046     
    12658280           7  0.98189956858193417     
    12658280           8   1.0409344865044989     
    12658280           9   1.0295376562838223     
    12658280          10   1.1854962805887963     
    12661799           1  0.89205411211839281     
    12661799           2   1.1211742250901990     
    12661799           3  0.99469014362367880     
    12661799           4  0.94500806780634672     
    12661799           5   1.0370777313855344     
    12661799           6  0.82878929698071813     
    12661799           7   1.0782700788844504     
    12661799           8   1.1241094252429396     
    12661799           9  0.93103967299054058     
    12661799          10   1.0477872458771995     
    12680496           1  0.74741716661263968     
    12680496           2   1.0610815988856046     
    12680496           3   1.1286309875680540     
    12680496           4  0.96915112480580334     
    12680496           5   1.0378398240663045     
    12680496           6  0.95780207127350137     
    12680496           7  0.95786222030974011     
    12680496           8   1.0967704789545021     
    12680496           9   1.0160366495888113     
    12680496          10   1.0274078779350404     
    12680514           1   1.1311601738671373     
    12680514           2   1.0547908187114132     
    12680514           3  0.96035352984686340     
    12680514           4  0.96156824400409768     
    12680514           5  0.86266369916580909     
    12680514           6   1.1767240907963690     
    12680514           7  0.61912192508591846     
    12680514           8   1.2438071626900340     
    12680514           9  0.98320457769811109     
    12680514          10   1.0066057781342468     
    12682827           1   1.0137091578417798     
    12682827           2  0.96954871762116457     
    12682827           3   1.1451108811573456     
    12682827           4  0.97049202376434329     
    12682827           5   1.0379958015426172     
    12682827           6  0.70762111933143013     
    12682827           7   1.1673743120481093     
    12682827           8  0.80634346311158944     
    12682827           9   1.0022912034631584     
    12682827          10   1.1795133201184613     
    12682964           1   1.0012526818981302     
    12682964           2  0.87739478498987722     
    12682964           3  0.73851386535780517     
    12682964           4   1.1569363753062287     
    12682964           5   1.1497710980006952     
    12682964           6   1.1471848704067762     
    12682964           7  0.91112846809970149     
    12682964           8  0.95627364446235419     
    12682964           9   1.2622985223279430     
    12682964          10  0.79924568915048777     
    12689680           1  0.93601071131247759     
    12689680           2  0.62000527591260890     
    12689680           3  0.87081086584746437     
    12689680           4   1.1845971961680177     
    12689680           5   1.0960794793890769     
    12689680           6  0.99209898118330997     
    12689680           7  0.95746606491943764     
    12689680           8   1.0163003320793200     
    12689680           9   1.2804424049224297     
    12689680          10   1.0461886882658586     
    12692550           1  0.77580111502411131     
    12692550           2  0.89405213692803920     
    12692550           3   1.0314035709715377     
    12692550           4  0.80401043951400197     
    12692550           5   1.0861327565299552     
    12692550           6   1.3701984128764508     
    12692550           7  0.95261895694843668     
    12692550           8   1.0904784144750683     
    12692550           9   1.0703057068690054     
    12692550          10  0.92499848986339328     
    12698874           1  0.84456049935187916     
    12698874           2   1.0937908507451746     
    12698874           3   1.1016466024994094     
    12698874           4   1.1543421126972793     
    12698874           5   1.0879080279835944     
    12698874           6  0.88536625367996635     
    12698874           7   1.1005786049486312     
    12698874           8   1.1309455771816019     
    12698874           9  0.56138908508096697     
    12698874          10   1.0394723858314960     
    12706326           1   1.0246284355004662     
    12706326           2   1.1184016202065135     
    12706326           3   1.1079697977691769     
    12706326           4  0.98271716600957837     
    12706326           5  0.71020708601228955     
    12706326           6   1.0415421074167441     
    12706326           7   1.0521789048173718     
    12706326           8   1.1033210731267502     
    12706326           9   1.0412839132212290     
    12706326          10  0.81774989591987990     
    12706631           1   1.0222247293094393     
    12706631           2   1.0295731169982640     
    12706631           3   1.2842342576022130     
    12706631           4  0.77035819870158417     
    12706631           5   1.0237725594844829     
    12706631           6  0.91462989723158394     
    12706631           7  0.81805789263975004     
    12706631           8   1.1050501521232523     
    12706631           9  0.80554300240563448     
    12706631          10   1.2265561935037981     
    12707339           1   1.2122621594449627     
    12707339           2   1.0466776572244145     
    12707339           3  0.68309623283734988     
    12707339           4   1.0348816496727591     
    12707339           5  0.94964520540229835     
    12707339           6   1.3472685433813041     
    12707339           7   1.1083399671651253     
    12707339           8  0.97356241996227877     
    12707339           9  0.70272053742729412     
    12707339          10  0.94154562748221382     
    12710148           1  0.94470820881628714     
    12710148           2  0.96110148880423141     
    12710148           3   1.0818889574415236     
    12710148           4   1.0286153235331910     
    12710148           5   1.1034991363269977     
    12710148           6  0.98403716031732424     
    12710148           7   1.0677048350973304     
    12710148           8  0.75690654217100284     
    12710148           9  0.97126424097158626     
    12710148          10   1.1002741065205259     
    12717646           1  0.87197215551370555     
    12717646           2   1.0149252396049679     
    12717646           3   1.1397371940666683     
    12717646           4   1.0351098086392332     
    12717646           5  0.99897374286714291     
    12717646           6   1.0012596836589789     
    12717646           7   1.0931593845601917     
    12717646           8  0.62108956132420801     
    12717646           9   1.0550147629473843     
    12717646          10   1.1687584668175199     
    12723388           1  0.94574988972667551     
    12723388           2  0.69874522544689577     
    12723388           3   1.2055219882265455     
    12723388           4  0.95314074247326708     
    12723388           5   1.1725360399218943     
    12723388           6  0.95742743584006551     
    12723388           7   1.0791323236487977     
    12723388           8  0.91779087579682994     
    12723388           9   1.0204599465465900     
    12723388          10   1.0494955323724362     
    12724296           1   1.1162640235054542     
    12724296           2  0.98160867196070534     
    12724296           3  0.65198666476095490     
    12724296           4  0.94302675792766999     
    12724296           5  0.86014311486853667     
    12724296           6   1.1715285803024782     
    12724296           7   1.0267541090406072     
    12724296           8   1.0759540727308605     
    12724296           9  0.99990020981606398     
    12724296          10   1.1728337950866679     
    12726781           1  0.79674835078731920     
    12726781           2   1.0543721722631254     
    12726781           3  0.92121797115031823     
    12726781           4   1.0896527985051756     
    12726781           5  0.83418091736447042     
    12726781           6  0.82972823151766084     
    12726781           7   1.0831283629383666     
    12726781           8   1.0547973495210921     
    12726781           9   1.1340648489512166     
    12726781          10   1.2021089970012560     
    12728607           1  0.59407285715537661     
    12728607           2   1.2032217683921287     
    12728607           3  0.80944889494492056     
    12728607           4   1.1280188574788701     
    12728607           5  0.95438595216078093     
    12728607           6   1.0439402776004121     
    12728607           7   1.0941542560242585     
    12728607           8   1.0088428458851075     
    12728607           9   1.0696748003804075     
    12728607          10   1.0942394899777388     
    12731953           1   1.0053173970756069     
    12731953           2   1.1646642970307368     
    12731953           3   1.2174787837206922     
    12731953           4   1.0323950576855805     
    12731953           5  0.84965987983062197     
    12731953           6  0.97169179706685083     
    12731953           7   1.0822011148508623     
    12731953           8  0.99315864587240987     
    12731953           9  0.96646706396803905     
    12731953          10  0.71696596289860159     
    12733033           1  0.61350390074242844     
    12733033           2   1.2848036271803172     
    12733033           3  0.73958712603619370     
    12733033           4   1.1337309742341974     
    12733033           5  0.94324363168361736     
    12733033           6   1.1326865436635358     
    12733033           7   1.1036081684265302     
    12733033           8  0.97354236743036648     
    12733033           9  0.99382926129829396     
    12733033          10   1.0814643993045199     
    12733777           1   1.0664320968743592     
    12733777           2   1.0192213645120392     
    12733777           3   1.0278350921419042     
    12733777           4  0.93127006091952214     
    12733777           5  0.87289292811586583     
    12733777           6  0.91097660814021497     
    12733777           7  0.96737473585940792     
    12733777           8   1.1189244427022136     
    12733777           9  0.92898924603531441     
    12733777          10   1.1560834246991594     
    12735017           1  0.98127828252871174     
    12735017           2   1.0908261026696933     
    12735017           3  0.84399484225157684     
    12735017           4   1.0555260381425686     
    12735017           5  0.85482923488933837     
    12735017           6  0.87839619972447924     
    12735017           7   1.2710727493108054     
    12735017           8  0.85930694516967077     
    12735017           9   1.0776634723869036     
    12735017          10   1.0871061329262501     
    12738414           1  0.79566078923980277     
    12738414           2   1.0338659277596109     
    12738414           3   1.0993190813218394     
    12738414           4   1.1506643060475608     
    12738414           5   1.0933049183329357     
    12738414           6  0.60117204116076184     
    12738414           7  0.95047452779722885     
    12738414           8   1.2087727479534549     
    12738414           9  0.99317738100168462     
    12738414          10   1.0735882793851208     
    12739389           1  0.73103675623681952     
    12739389           2  0.79752302140204367     
    12739389           3   1.1332691820047394     
    12739389           4   1.0034665502638302     
    12739389           5   1.0838311321473852     
    12739389           6   1.2381300022624464     
    12739389           7  0.59845565229144637     
    12739389           8   1.3146396485676162     
    12739389           9   1.0556201603399586     
    12739389          10   1.0440278944837145     
    12740603           1  0.74575533344115308     
    12740603           2   1.0535122433288511     
    12740603           3   1.1035154164556074     
    12740603           4  0.97188856403310686     
    12740603           5   1.0488503265611759     
    12740603           6  0.96137400903956283     
    12740603           7  0.99338219514057480     
    12740603           8   1.1084061801627241     
    12740603           9  0.99100921271125031     
    12740603          10   1.0223065191259955     
    12743521           1  0.80507404713245878     
    12743521           2   1.2097376756116593     
    12743521           3   1.0189927848110092     
    12743521           4   1.1633164128634901     
    12743521           5   1.1523070273390581     
    12743521           6  0.66155442532066722     
    12743521           7   1.0367586688523411     
    12743521           8   1.0389061647185540     
    12743521           9  0.72423333586526140     
    12743521          10   1.1891194574855026     
    12744315           1  0.97754811627648197     
    12744315           2   1.1577864161148572     
    12744315           3   1.0338774063674048     
    12744315           4   1.0202833383824403     
    12744315           5   1.1973525259282995     
    12744315           6  0.82988855156977337     
    12744315           7   1.0960169513398463     
    12744315           8   1.0613870248126558     
    12744315           9  0.88197641031452467     
    12744315          10  0.74388325889371598     
    12747359           1  0.97518403735397308     
    12747359           2  0.80630617602164734     
    12747359           3   1.1902894394742927     
    12747359           4  0.97100847477793495     
    12747359           5   1.0951176359856614     
    12747359           6  0.90075337622807272     
    12747359           7  0.94755023255410231     
    12747359           8   1.2141862802505887     
    12747359           9  0.85027192201619561     
    12747359          10   1.0493324253375311     
    12747862           1  0.85763494311477495     
    12747862           2   1.2004442242816038     
    12747862           3  0.88826250750526758     
    12747862           4   1.2792182350673296     
    12747862           5   1.2733202054789683     
    12747862           6  0.89101511091448404     
    12747862           7  0.50155920717462510     
    12747862           8   1.0289060557415979     
    12747862           9  0.85917154586524502     
    12747862          10   1.2204679648561043     
    12753314           1  0.79495420077492596     
    12753314           2  0.93858886934350438     
    12753314           3  0.95836507590127085     
    12753314           4   1.0393875802757919     
    12753314           5  0.74407028470110415     
    12753314           6  0.96608478222353855     
    12753314           7   1.0640549627722251     
    12753314           8   1.2526338666850825     
    12753314           9   1.1113923903909495     
    12753314          10   1.1304679869316074     
    12755873           1   1.3787661199207946     
    12755873           2  0.76719364622741892     
    12755873           3  0.85718023564114254     
    12755873           4  0.72097223760791684     
    12755873           5  0.97121944041895814     
    12755873           6  0.94178897296833064     
    12755873           7   1.0803514469624482     
    12755873           8   1.0515015237278547     
    12755873           9   1.0713598753819049     
    12755873          10   1.1596665011432306     
    12769647           1  0.74720099859676758     
    12769647           2   1.1737508846084883     
    12769647           3   1.1356317366689663     
    12769647           4  0.92682765974599335     
    12769647           5  0.65465350631689911     
    12769647           6  0.87647180778460476     
    12769647           7  0.96324899433927891     
    12769647           8   1.4414602242978851     
    12769647           9   1.0065763237850252     
    12769647          10   1.0741778638560904     
    12773963           1  0.83493146391608153     
    12773963           2   1.0121757018562156     
    12773963           3   1.2766997733034098     
    12773963           4  0.73465168486148746     
    12773963           5  0.94250830886663728     
    12773963           6  0.80173021758336305     
    12773963           7  0.95435283385999947     
    12773963           8   1.1050332310289235     
    12773963           9  0.96488108493737712     
    12773963          10   1.3730356997865054     
    12774032           1  0.96055912026101586     
    12774032           2  0.76410522924626556     
    12774032           3   1.1672851923991039     
    12774032           4   1.0009782383947570     
    12774032           5   1.0856326178400997     
    12774032           6   1.1036453871586012     
    12774032           7  0.67901904818697634     
    12774032           8   1.0652870356053006     
    12774032           9   1.0885954036622878     
    12774032          10   1.0848927272455935     
    12774039           1   1.0485442979018851     
    12774039           2   1.3162361477710462     
    12774039           3   1.0863915319958455     
    12774039           4  0.61720233272150293     
    12774039           5  0.72268512566418730     
    12774039           6  0.90141385526409690     
    12774039           7  0.75185336619927290     
    12774039           8   1.3202171856655649     
    12774039           9   1.1053304018731445     
    12774039          10   1.1301257549434538     
    12775639           1  0.95762059710687464     
    12775639           2   1.0908335222984018     
    12775639           3  0.79159529044790000     
    12775639           4   1.0436271815010156     
    12775639           5  0.83771804508976699     
    12775639           6  0.85961128849281754     
    12775639           7   1.2623017599698509     
    12775639           8   1.0120531441727147     
    12775639           9   1.0376832319826645     
    12775639          10   1.1069559389379935     
    12775795           1  0.84766137677631626     
    12775795           2  0.87568848589514403     
    12775795           3  0.98833361032539591     
    12775795           4   1.0742514153617899     
    12775795           5   1.1038900274514583     
    12775795           6  0.88783956882808368     
    12775795           7  0.79523684658246829     
    12775795           8   1.1739443125748257     
    12775795           9   1.3359061450357430     
    12775795          10  0.91724821116877486     
    12777964           1  0.87523859564331652     
    12777964           2  0.95666368337153507     
    12777964           3   1.1437059754897767     
    12777964           4  0.62847295535500713     
    12777964           5   1.1023769558972585     
    12777964           6  0.89428976589067188     
    12777964           7   1.0969762755523209     
    12777964           8   1.1837200095347107     
    12777964           9  0.95044777351910570     
    12777964          10   1.1681080097462972     
    12782215           1  0.91748700451087695     
    12782215           2   1.0001309338646500     
    12782215           3  0.92882341585227601     
    12782215           4   1.0501852846584503     
    12782215           5   1.0369192430060259     
    12782215           6   1.1785075645897261     
    12782215           7   1.1245048487499965     
    12782215           8  0.68609996017230923     
    12782215           9  0.94241503496466761     
    12782215          10   1.1349267096310227     
    12785482           1   1.1371629903903639     
    12785482           2   1.2012430101604430     
    12785482           3  0.64372205155530005     
    12785482           4  0.94328482429855420     
    12785482           5  0.93931666624979582     
    12785482           6  0.69243073611210382     
    12785482           7   1.3531871212894413     
    12785482           8  0.92123130965446443     
    12785482           9   1.0813596130936247     
    12785482          10   1.0870616771959078     
    12790979           1  0.82199922798650171     
    12790979           2  0.94055444465208438     
    12790979           3  0.99379558028505421     
    12790979           4   1.0553497969780683     
    12790979           5  0.76521512281718318     
    12790979           6  0.87694232512699855     
    12790979           7   1.0548894139587544     
    12790979           8   1.2514724027877635     
    12790979           9   1.1103618880458315     
    12790979          10   1.1294197973617612     
    12792797           1   1.0304082617786388     
    12792797           2  0.86168861366710348     
    12792797           3   1.1727238067297796     
    12792797           4   1.1359310598114833     
    12792797           5  0.72690671672548834     
    12792797           6   1.1704105952027246     
    12792797           7   1.0182027379598513     
    12792797           8   1.0390835083005026     
    12792797           9  0.89059558789960414     
    12792797          10  0.95404911192482367     
    12796286           1   1.0163331948173393     
    12796286           2  0.99033357901097052     
    12796286           3   1.1480750580812964     
    12796286           4  0.97300419102172997     
    12796286           5   1.0406827057129633     
    12796286           6  0.66529219481445068     
    12796286           7   1.1703961189790582     
    12796286           8  0.80843072359043355     
    12796286           9   1.0048856844913903     
    12796286          10   1.1825665494803674     
    12799052           1   1.0576849041424552     
    12799052           2  0.91427452861540559     
    12799052           3   1.1802793060463541     
    12799052           4  0.81276016993686062     
    12799052           5  0.91367191725799279     
    12799052           6   1.1745986776591080     
    12799052           7  0.97490878730418495     
    12799052           8  0.73964598918323876     
    12799052           9   1.1477645836125181     
    12799052          10   1.0844111362418822     
    12799468           1  0.86667803987938929     
    12799468           2   1.1580606896803540     
    12799468           3   1.0885964710125200     
    12799468           4   1.0038598102835317     
    12799468           5  0.99465176973794667     
    12799468           6   1.1369121629933123     
    12799468           7  0.43587942162365756     
    12799468           8   1.1467977820900717     
    12799468           9   1.1019803334234364     
    12799468          10   1.0665835192757804     
    12807470           1  0.83960776739971832     
    12807470           2   1.3014721011702168     
    12807470           3   1.1735036170970694     
    12807470           4  0.83202067679239367     
    12807470           5   1.1644928744682583     
    12807470           6  0.86668070088542981     
    12807470           7  0.81129773950878215     
    12807470           8   1.0283118863210383     
    12807470           9  0.98574794829681411     
    12807470          10  0.99686468806027972     
    12807837           1   1.3269855938523454     
    12807837           2  0.72765980731890556     
    12807837           3   1.1510731432789314     
    12807837           4   1.0053429662982840     
    12807837           5  0.65621754989180914     
    12807837           6   1.0489745781500912     
    12807837           7  0.75147327501193673     
    12807837           8   1.3195045859977101     
    12807837           9  0.77952817218987858     
    12807837          10   1.2332403280101063     
    12810559           1   1.0510187695838520     
    12810559           2   1.2245571006103730     
    12810559           3  0.99490765400933667     
    12810559           4  0.74136720807129242     
    12810559           5  0.77628109385314736     
    12810559           6  0.75466580585927789     
    12810559           7  0.78328924593705240     
    12810559           8   1.4351861124973699     
    12810559           9   1.1536450182479949     
    12810559          10   1.0850819913303014     
    12814467           1   1.3614154951785242     
    12814467           2  0.90894453843416612     
    12814467           3  0.83058173380573141     
    12814467           4  0.83091137639348789     
    12814467           5  0.90979305757385254     
    12814467           6   1.1510808729286377     
    12814467           7  0.72343468026003555     
    12814467           8   1.2199348748738497     
    12814467           9  0.97875553434853624     
    12814467          10   1.0851478362031777     
    12815973           1  0.94713169799531705     
    12815973           2   1.0871872906316591     
    12815973           3   1.0906754253116262     
    12815973           4  0.81133906748119955     
    12815973           5   1.1158804316270265     
    12815973           6   1.0050295645037450     
    12815973           7  0.89576888520842912     
    12815973           8   1.1607198455161247     
    12815973           9   1.0534373636145442     
    12815973          10  0.83283042811032781     
    12820656           1   1.1193831872346980     
    12820656           2   1.1999674156889806     
    12820656           3  0.87332906299337454     
    12820656           4  0.87692443356689942     
    12820656           5   1.1274903280381088     
    12820656           6  0.60329151622300370     
    12820656           7  0.68668653526522061     
    12820656           8   1.1563637194394369     
    12820656           9   1.0951042956169545     
    12820656          10   1.2614595059333233     
    12821300           1   1.2985224362655938     
    12821300           2   1.0017333488584625     
    12821300           3   1.1870633688737335     
    12821300           4  0.82511244672346185     
    12821300           5  0.86621073457220432     
    12821300           6   1.0544366952283564     
    12821300           7  0.47497403286243223     
    12821300           8   1.1872146713654324     
    12821300           9   1.0109205073113841     
    12821300          10   1.0938117579389401     
    12821787           1   1.0113734950438391     
    12821787           2   1.1753232343504894     
    12821787           3  0.70421170409980305     
    12821787           4  0.87509157629034340     
    12821787           5   1.2143540115437861     
    12821787           6  0.57375868114967743     
    12821787           7   1.0294833302637894     
    12821787           8   1.2721858727330366     
    12821787           9  0.99149088533415519     
    12821787          10   1.1527272091910801     
    12822003           1  0.62782266725934588     
    12822003           2   1.0965894583345532     
    12822003           3   1.1388283619492694     
    12822003           4   1.1100352645047904     
    12822003           5   1.1232806745688380     
    12822003           6  0.81828264500568448     
    12822003           7  0.91393617558709717     
    12822003           8  0.90439817063071137     
    12822003           9   1.1689620868893265     
    12822003          10   1.0978644952703838     
    12826407           1  0.71856804262573681     
    12826407           2   1.2206848246430777     
    12826407           3  0.78165558478712982     
    12826407           4   1.1866593878221872     
    12826407           5   1.0690225198568790     
    12826407           6  0.98114410674295560     
    12826407           7   1.1091311075240269     
    12826407           8  0.90509597169405043     
    12826407           9   1.1928082616565114     
    12826407          10  0.83523019264744447     
    12826508           1   1.2597976270210651     
    12826508           2   1.1468719153753468     
    12826508           3  0.52070701054454493     
    12826508           4   1.0954921447388639     
    12826508           5  0.92521505863581466     
    12826508           6  0.88554086903683449     
    12826508           7   1.2477549798144782     
    12826508           8  0.99912120318943509     
    12826508           9   1.0802999459560729     
    12826508          10  0.83919924568754500     
    12827828           1  0.88902032782672002     
    12827828           2   1.0513206367934966     
    12827828           3  0.76685171654779760     
    12827828           4   1.0890767917429676     
    12827828           5  0.99545953717363334     
    12827828           6  0.79007357125285393     
    12827828           7   1.0914424773386298     
    12827828           8   1.1903845493100167     
    12827828           9   1.0406133559890136     
    12827828          10   1.0957570360248701     
    12828026           1   1.3841582257524057     
    12828026           2  0.90197296074086408     
    12828026           3  0.84512210292971135     
    12828026           4  0.85039017793702754     
    12828026           5  0.86923005348171112     
    12828026           6   1.1627227089197221     
    12828026           7  0.71088511356759831     
    12828026           8   1.1841374375014144     
    12828026           9   1.0145564347356670     
    12828026          10   1.0768247844338785     
    12829570           1  0.84581875997330114     
    12829570           2   1.3110997319151396     
    12829570           3   1.1821846018781363     
    12829570           4  0.82970840032887228     
    12829570           5   1.1731072023438953     
    12829570           6  0.87309196529468847     
    12829570           7  0.81729930884949864     
    12829570           8  0.95867439812259325     
    12829570           9   1.0047766436918186     
    12829570          10   1.0042389876020581     
    12829739           1  0.91165500435172275     
    12829739           2  0.83509654679421708     
    12829739           3   1.1575304985072279     
    12829739           4  0.96682814534768668     
    12829739           5   1.1318854008383428     
    12829739           6  0.98602484973439886     
    12829739           7  0.83674624101357287     
    12829739           8   1.0849121657429144     
    12829739           9   1.0747107766843089     
    12829739          10   1.0146103709856076     
    12829811           1  0.86909304786806685     
    12829811           2   1.1612876386605553     
    12829811           3   1.0916298571755145     
    12829811           4   1.0066570767998084     
    12829811           5   1.0128701412085670     
    12829811           6   1.1228771309902874     
    12829811           7  0.43709400447551766     
    12829811           8   1.1238845228497691     
    12829811           9   1.1050510138677607     
    12829811          10   1.0695555661041523     
    12830825           1   1.1632571560329088     
    12830825           2  0.95458302377492632     
    12830825           3   1.0388396393865249     
    12830825           4  0.81707715762931676     
    12830825           5   1.0212388321403874     
    12830825           6  0.76297647256597179     
    12830825           7   1.0302738738344137     
    12830825           8   1.1311582165272149     
    12830825           9   1.0277627731390302     
    12830825          10   1.0528328549693051     
    12832928           1  0.85851445153895301     
    12832928           2   1.2016752851385426     
    12832928           3  0.88917342463207583     
    12832928           4   1.2805300790204430     
    12832928           5   1.2746260009766746     
    12832928           6  0.89192885084825257     
    12832928           7  0.49181851416658834     
    12832928           8   1.0299612034486467     
    12832928           9  0.86005263008233424     
    12832928          10   1.2217195601474902     
    12836755           1   1.2523705468417139     
    12836755           2  0.76244206044709528     
    12836755           3   1.0640113835626790     
    12836755           4  0.71341959268786148     
    12836755           5  0.51720483304352949     
    12836755           6   1.2605367244026968     
    12836755           7  0.88299153685527565     
    12836755           8   1.2669723764068406     
    12836755           9   1.1005561113524378     
    12836755          10   1.1794948343998719     
    12837481           1  0.67876408107904740     
    12837481           2   1.2449723790598808     
    12837481           3   1.0460101466952043     
    12837481           4   1.0383426612920941     
    12837481           5   1.2157085021648719     
    12837481           6  0.58486939442189201     
    12837481           7  0.95232510716024910     
    12837481           8  0.94870137381522901     
    12837481           9   1.1587584549607763     
    12837481          10   1.1315478993507553     
    12837771           1   1.1405981701443806     
    12837771           2   1.3249365955852173     
    12837771           3  0.65682151277837975     
    12837771           4  0.86470945840077829     
    12837771           5   1.0860688198455926     
    12837771           6  0.76448961654985792     
    12837771           7  0.90985860536110930     
    12837771           8   1.2039123757952008     
    12837771           9  0.97771383477892226     
    12837771          10   1.0708910107605618     
    12838251           1  0.72037155666577390     
    12838251           2   1.2237485876955780     
    12838251           3  0.80637599648919489     
    12838251           4   1.1896377513726435     
    12838251           5   1.0717056298886485     
    12838251           6  0.94222924861979118     
    12838251           7   1.1119148849897655     
    12838251           8  0.90088777239482021     
    12838251           9   1.1958020580952020     
    12838251          10  0.83732651378858269     
    12839144           1  0.88153272211674749     
    12839144           2   1.1261647416115366     
    12839144           3   1.2026779516303705     
    12839144           4  0.68853504724540793     
    12839144           5  0.65795770346758087     
    12839144           6   1.2424475489290445     
    12839144           7  0.81634265062052136     
    12839144           8   1.2242559591879287     
    12839144           9   1.1613932208772106     
    12839144          10  0.99869245431365083     
    12841765           1   1.0776808792779113     
    12841765           2  0.88229297378412119     
    12841765           3   1.2301714948719189     
    12841765           4  0.82542088084829712     
    12841765           5  0.77257896894505451     
    12841765           6   1.1178142702951419     
    12841765           7  0.97154920603815897     
    12841765           8   1.2791406314998253     
    12841765           9  0.98598821088035793     
    12841765          10  0.85736248355921396     
    12842758           1   1.2381313177163444     
    12842758           2   1.1677810993036548     
    12842758           3   1.0581056723348230     
    12842758           4  0.95682766560437771     
    12842758           5  0.67689254491863082     
    12842758           6   1.1134124057324055     
    12842758           7  0.32454169787801812     
    12842758           8   1.2130050539497574     
    12842758           9  0.97585461235359561     
    12842758          10   1.2754479302083936     
    12848885           1   1.1281939352022246     
    12848885           2  0.91299468095234793     
    12848885           3  0.95694480281352501     
    12848885           4  0.85263042363953512     
    12848885           5  0.86463784880898564     
    12848885           6   1.1660735705338006     
    12848885           7   1.0741122270234484     
    12848885           8   1.2782435998966859     
    12848885           9  0.97448147689061826     
    12848885          10  0.79168743423882959     
    12849174           1   1.0154878682156967     
    12849174           2   1.1405139646357259     
    12849174           3   1.0046072409660043     
    12849174           4  0.79626291922265591     
    12849174           5   1.1541670386175018     
    12849174           6  0.72122646959790904     
    12849174           7  0.97476540929716993     
    12849174           8  0.99815387558073898     
    12849174           9   1.0168199961067825     
    12849174          10   1.1779952177598148     
    12851365           1  0.89641809930016547     
    12851365           2   1.1734966291161144     
    12851365           3  0.96823288877319935     
    12851365           4   1.0667396404817868     
    12851365           5  0.91087029080105442     
    12851365           6   1.1152208859113648     
    12851365           7  0.97285058372692246     
    12851365           8   1.1312279891709658     
    12851365           9  0.92330471192120500     
    12851365          10  0.84163828079722214     
    12851609           1   1.1893724907217311     
    12851609           2   1.0686600220482783     
    12851609           3  0.70752185803677570     
    12851609           4   1.1307016759958335     
    12851609           5   1.0944173057273705     
    12851609           6  0.84417942480252783     
    12851609           7   1.2440935192901514     
    12851609           8  0.97933001456973745     
    12851609           9   1.0753518691503019     
    12851609          10  0.66637181965729297     
    12852373           1  0.94678201834795961     
    12852373           2   1.1100052554235784     
    12852373           3   1.2440477997230559     
    12852373           4  0.76808135610665373     
    12852373           5  0.47590314780618992     
    12852373           6   1.0784547259115633     
    12852373           7  0.83466668727837090     
    12852373           8   1.3116541884344599     
    12852373           9  0.98932875551798460     
    12852373          10   1.2410760654501836     
    12854998           1   1.1139205893026525     
    12854998           2   1.0774643707576492     
    12854998           3  0.66651455932503600     
    12854998           4  0.82130598519016440     
    12854998           5   1.0382071445925869     
    12854998           6  0.81680524580970748     
    12854998           7   1.1100242879549422     
    12854998           8   1.2241465435134566     
    12854998           9   1.1458217965375366     
    12854998          10  0.98578947701626884     
    12856553           1  0.98744366344904400     
    12856553           2  0.98133934731920114     
    12856553           3   1.0133260780251301     
    12856553           4  0.42730469212275324     
    12856553           5   1.0372080064336164     
    12856553           6  0.98722271535618478     
    12856553           7   1.2441401668819008     
    12856553           8   1.1552508154714920     
    12856553           9   1.2113664069180177     
    12856553          10  0.95539810802266045     
    12857890           1  0.97735389768271164     
    12857890           2  0.97764681348371507     
    12857890           3  0.96633461265418152     
    12857890           4  0.79044772431322785     
    12857890           5   1.0285040909005034     
    12857890           6  0.98316804610030295     
    12857890           7   1.0687371963229235     
    12857890           8   1.0992826691497799     
    12857890           9   1.0936460040656184     
    12857890          10   1.0148789453270355     
    12858044           1  0.83708377390361288     
    12858044           2   1.0515619941055507     
    12858044           3   1.1234800848960769     
    12858044           4   1.1284261794292954     
    12858044           5   1.1659488631518269     
    12858044           6  0.95051706309582518     
    12858044           7   1.0412118082990911     
    12858044           8   1.0304738064034296     
    12858044           9  0.66542375006404708     
    12858044          10   1.0058726766512440     
    12858312           1   1.0320353265039208     
    12858312           2  0.88684330183800397     
    12858312           3   1.1413858983982554     
    12858312           4   1.1812679790033269     
    12858312           5  0.74097301216298606     
    12858312           6   1.2051841334969695     
    12858312           7   1.0194149296992800     
    12858312           8   1.0365367851059586     
    12858312           9  0.81841380579384737     
    12858312          10  0.93794482799745149     
    12858952           1   1.0043224864488698     
    12858952           2   1.1313126602530299     
    12858952           3   1.1659589466907703     
    12858952           4  0.75928146270920083     
    12858952           5   1.0121760854796820     
    12858952           6   1.2839130133068484     
    12858952           7  0.77311772639474807     
    12858952           8   1.2310102500303077     
    12858952           9  0.89942034069305377     
    12858952          10  0.73948702799348798     
    12859252           1  0.65882847357009011     
    12859252           2   1.2769688933970569     
    12859252           3  0.90531794880643668     
    12859252           4  0.78354135013207560     
    12859252           5   1.0376301413088569     
    12859252           6  0.94958418950600587     
    12859252           7   1.1636652930547513     
    12859252           8   1.2682360726519224     
    12859252           9   1.1354686464047565     
    12859252          10  0.82075899116804785     
    12859476           1   1.0042536494501122     
    12859476           2   1.1634319410762206     
    12859476           3   1.2161905436394598     
    12859476           4   1.0313026586140235     
    12859476           5  0.84876083672018043     
    12859476           6  0.97066362940074935     
    12859476           7   1.0916372266860987     
    12859476           8  0.99210776367902553     
    12859476           9  0.96544442470266334     
    12859476          10  0.71620732603146653     
    12861353           1  0.97732650333958349     
    12861353           2  0.94577881623295712     
    12861353           3  0.70123927238291262     
    12861353           4   1.1310461866802100     
    12861353           5   1.0788229119497768     
    12861353           6   1.2117228676974106     
    12861353           7  0.92433203290508248     
    12861353           8  0.98249049114138376     
    12861353           9   1.2805910473963946     
    12861353          10  0.76664987027428810     
    12865286           1  0.61751131555520511     
    12865286           2   1.0972634609991672     
    12865286           3   1.1481431845478149     
    12865286           4   1.0732576276819146     
    12865286           5   1.2277709748683601     
    12865286           6  0.77983332500683511     
    12865286           7  0.92488620982247538     
    12865286           8  0.95033593775572378     
    12865286           9   1.1011647813525494     
    12865286          10   1.0798331824099550     
    12865576           1   1.1177411067968304     
    12865576           2   1.0650260177281063     
    12865576           3   1.0177285502517608     
    12865576           4  0.47755846228540511     
    12865576           5   1.0856049769510785     
    12865576           6   1.0468288665468120     
    12865576           7  0.95327715384776679     
    12865576           8   1.0863130661543645     
    12865576           9   1.1343382092170060     
    12865576          10   1.0155835902208681     
    12866373           1   1.1682476756471147     
    12866373           2  0.95867830509671326     
    12866373           3   1.0432963921943506     
    12866373           4  0.81633985683691623     
    12866373           5   1.0409049274132838     
    12866373           6  0.76624973766627291     
    12866373           7   1.0421333674365170     
    12866373           8   1.0667943277847116     
    12866373           9   1.0400057694908642     
    12866373          10   1.0573496404332545     
    12867061           1   1.1418691121378999     
    12867061           2   1.0125009269897312     
    12867061           3  0.71951044364745820     
    12867061           4   1.1207366298486086     
    12867061           5  0.82673449436967439     
    12867061           6  0.78660865750419751     
    12867061           7   1.3326880316253558     
    12867061           8  0.95181869825041576     
    12867061           9   1.1694836449385673     
    12867061          10  0.93804936068809053     
    12869712           1   1.1420364341012141     
    12869712           2   1.0126492921930286     
    12869712           3  0.71961587595907461     
    12869712           4   1.1209008551974433     
    12869712           5  0.82685563858600097     
    12869712           6  0.79533181018311405     
    12869712           7   1.3328833149337198     
    12869712           8  0.94188494924289878     
    12869712           9   1.1696550133532611     
    12869712          10  0.93818681625024525     
    12870001           1  0.85656609102880743     
    12870001           2   1.0108592905109939     
    12870001           3  0.83072375553926980     
    12870001           4   1.0257946243879776     
    12870001           5  0.85596471296827825     
    12870001           6  0.76190846444857263     
    12870001           7   1.1435528638169952     
    12870001           8   1.2355018377198563     
    12870001           9   1.1795823526147968     
    12870001          10   1.0995460069644514     
    12871827           1  0.82504384554458865     
    12871827           2   1.0686899028330550     
    12871827           3  0.91418945961323395     
    12871827           4   1.0570955088316645     
    12871827           5  0.83821637560576223     
    12871827           6  0.71401228158363039     
    12871827           7   1.1243799727944876     
    12871827           8   1.0783775931346271     
    12871827           9   1.2367402080076120     
    12871827          10   1.1432548520513395     
    12872198           1  0.95217067994649618     
    12872198           2   1.2119942308466729     
    12872198           3  0.80164485797345086     
    12872198           4  0.81432185312347993     
    12872198           5   1.0094479760167245     
    12872198           6  0.86934983878109240     
    12872198           7   1.3257972740132715     
    12872198           8  0.97694792224093097     
    12872198           9   1.0370304992484103     
    12872198          10   1.0012948678094711     
    12872882           1   1.1070938124333640     
    12872882           2  0.80089846727853997     
    12872882           3   1.0358195063617690     
    12872882           4  0.98727809221801344     
    12872882           5  0.60402481018851939     
    12872882           6   1.0217437634601811     
    12872882           7   1.0539450859721411     
    12872882           8   1.1759572636058571     
    12872882           9   1.0741221633252584     
    12872882          10   1.1391170351563569     
    12873995           1  0.51019290521689442     
    12873995           2  0.74662802979579634     
    12873995           3   1.2143971471576234     
    12873995           4   1.1195898877928629     
    12873995           5   1.0283218742455531     
    12873995           6  0.96355425802965566     
    12873995           7   1.0361043232129128     
    12873995           8   1.2675242997093925     
    12873995           9  0.97743555155095108     
    12873995          10   1.1362517232883564     
    12874920           1   1.0207295034093076     
    12874920           2   1.1464009459803119     
    12874920           3   1.0097927137173983     
    12874920           4  0.80037298283976088     
    12874920           5   1.0755456277785742     
    12874920           6  0.75791116740016917     
    12874920           7  0.97979684771687670     
    12874920           8   1.0033060380502683     
    12874920           9   1.0220685073337314     
    12874920          10   1.1840756657735998     
    12875449           1   1.1101740169845105     
    12875449           2  0.96498214544603023     
    12875449           3   1.0501566432905178     
    12875449           4  0.82170774312465800     
    12875449           5   1.0477494533051770     
    12875449           6  0.77128825370264753     
    12875449           7   1.0489859710013312     
    12875449           8   1.0738090908101807     
    12875449           9   1.0468443829218603     
    12875449          10   1.0643022994130846     
    12875571           1   1.0714096463568950     
    12875571           2   1.0239785588898018     
    12875571           3  0.98595770029930196     
    12875571           4  0.93561674442934628     
    12875571           5  0.87696713758066602     
    12875571           6  0.91522857238410882     
    12875571           7  0.97188993718353167     
    12875571           8   1.1241469991097832     
    12875571           9  0.93332528388942371     
    12875571          10   1.1614794198771414     
    12876841           1   1.0080161084257191     
    12876841           2   1.0546200662542626     
    12876841           3   1.0437004459533203     
    12876841           4  0.74579341600072635     
    12876841           5  0.93069075672703172     
    12876841           6   1.0067122920328149     
    12876841           7   1.0886950688961163     
    12876841           8   1.3042282504557252     
    12876841           9  0.94821831840461057     
    12876841          10  0.86932527684967276     
    12877472           1  0.93668152886560319     
    12877472           2  0.84651316904272844     
    12877472           3  0.64343802395910343     
    12877472           4   1.1059130588024724     
    12877472           5   1.0015679438173890     
    12877472           6   1.0758913386838251     
    12877472           7   1.5146626772947280     
    12877472           8  0.54294394965609694     
    12877472           9   1.0137342186552265     
    12877472          10   1.3186540912228275     
    12878080           1   1.2246542708155390     
    12878080           2   1.3421556558077588     
    12878080           3  0.74789837030616269     
    12878080           4   1.0631091680998419     
    12878080           5   1.0567830845141648     
    12878080           6  0.98346549236074576     
    12878080           7  0.95371590482353452     
    12878080           8   1.0031846058353524     
    12878080           9  0.52914769038579967     
    12878080          10   1.0958857570510998     
    12879204           1   1.2567120489176415     
    12879204           2  0.76508516299893448     
    12879204           3   1.0676999145986392     
    12879204           4  0.71589275260883911     
    12879204           5  0.48433151531279511     
    12879204           6   1.2649065355736626     
    12879204           7  0.88605253952732921     
    12879204           8   1.2713644975855003     
    12879204           9   1.1043713293437591     
    12879204          10   1.1835837035328987     
    12880620           1  0.94347607759656271     
    12880620           2  0.69706527244162619     
    12880620           3   1.2026236209629346     
    12880620           4   1.0093909867368978     
    12880620           5   1.1697169788788742     
    12880620           6  0.94116680487315063     
    12880620           7   1.0765378277951225     
    12880620           8  0.91558428391776903     
    12880620           9   1.0251380950781679     
    12880620          10   1.0193000517188948     
    12881160           1   1.1129663126901934     
    12881160           2  0.80514677614086627     
    12881160           3  0.99751519664965793     
    12881160           4   1.0075487001482903     
    12881160           5  0.60722881676242191     
    12881160           6   1.0271635304627129     
    12881160           7   1.0352564538772924     
    12881160           8   1.1821950451334828     
    12881160           9   1.0798197678183494     
    12881160          10   1.1451594003167320     
    12881577           1  0.60837173386814580     
    12881577           2   1.1609676476621056     
    12881577           3  0.96160178412308550     
    12881577           4  0.73861121617446834     
    12881577           5   1.0938680128010365     
    12881577           6  0.91458711648324265     
    12881577           7   1.0589892859123220     
    12881577           8   1.3263066830684469     
    12881577           9   1.1215654285012724     
    12881577          10   1.0151310914058753     
    12882096           1   1.0842186937873501     
    12882096           2  0.91424519446874175     
    12882096           3   1.1786460906433227     
    12882096           4  0.80446544764594852     
    12882096           5  0.91240762071315085     
    12882096           6   1.1729733228444421     
    12882096           7  0.96533418900254608     
    12882096           8  0.73862250159336418     
    12882096           9   1.1461763605644595     
    12882096          10   1.0829105787366748     
    12882704           1   1.1166184614756884     
    12882704           2  0.61841769593621831     
    12882704           3   1.2055356418941900     
    12882704           4  0.94592395309168198     
    12882704           5  0.96541678667418973     
    12882704           6   1.1053367212340472     
    12882704           7   1.1025376467984158     
    12882704           8   1.1133126716187962     
    12882704           9  0.89537219658557010     
    12882704          10  0.93152822469120067     
    12883051           1  0.98182174614899531     
    12883051           2   1.0527597930644772     
    12883051           3   1.0321786831010893     
    12883051           4   1.2471312872859301     
    12883051           5  0.87587660775129339     
    12883051           6  0.81035592196263551     
    12883051           7  0.90594276001488494     
    12883051           8  0.95538332724404973     
    12883051           9  0.81287247433053678     
    12883051          10   1.3256773990961050     
    12884237           1  0.74003580745942055     
    12884237           2   1.1624953463374688     
    12884237           3   1.1247417372308610     
    12884237           4  0.91793996105992148     
    12884237           5  0.64837578785787120     
    12884237           6  0.86806699028427126     
    12884237           7  0.95401203779042554     
    12884237           8   1.4276375205764313     
    12884237           9   1.0928176427075640     
    12884237          10   1.0638771686957651     
    12884735           1   1.1980475034993046     
    12884735           2   1.0434784757248130     
    12884735           3  0.70447039526132005     
    12884735           4  0.93782455285918709     
    12884735           5  0.97972566812299711     
    12884735           6  0.42446952333344862     
    12884735           7   1.4683702477187635     
    12884735           8   1.0763804691333758     
    12884735           9   1.1330837418535666     
    12884735          10   1.0341494224932228     
    12886120           1   1.0436280255326438     
    12886120           2   1.0362722145582579     
    12886120           3   1.0080650361779344     
    12886120           4  0.91315045510716686     
    12886120           5  0.98629872612308500     
    12886120           6  0.85923495820241613     
    12886120           7  0.93445719006109418     
    12886120           8   1.2251279033903504     
    12886120           9  0.99129683648432387     
    12886120          10   1.0024686543627264     
    12886233           1  0.79445189765067870     
    12886233           2   1.0322951178852866     
    12886233           3   1.0976488248392455     
    12886233           4   1.1489160379158418     
    12886233           5   1.0916437995019030     
    12886233           6  0.60025864711897403     
    12886233           7  0.94903041910434160     
    12886233           8   1.2069361924414514     
    12886233           9  0.99166839149429875     
    12886233          10   1.0871506720479784     
    12886261           1  0.79563249330827879     
    12886261           2  0.93938971777143043     
    12886261           3  0.95918279832424347     
    12886261           4   1.0402744349326685     
    12886261           5  0.73617268757034315     
    12886261           6  0.96690909146516435     
    12886261           7   1.0649628648068603     
    12886261           8   1.2537026731621967     
    12886261           9   1.1123406829583609     
    12886261          10   1.1314325557004530     
    12886822           1   1.3634258025947141     
    12886822           2  0.91424703768308113     
    12886822           3  0.84764314546290775     
    12886822           4  0.71295061396312132     
    12886822           5  0.91608545649495221     
    12886822           6  0.93131051582407798     
    12886822           7   1.0683313271026376     
    12886822           8   1.0398023915764429     
    12886822           9   1.0594397968266438     
    12886822          10   1.1467639124714226     
    12887393           1  0.94782612782912756     
    12887393           2   1.0879844081720731     
    12887393           3   1.0914751003261394     
    12887393           4  0.81193393518015566     
    12887393           5   1.1093666620124374     
    12887393           6   1.0057664446175985     
    12887393           7  0.89642565621440906     
    12887393           8   1.1615708765724482     
    12887393           9   1.0542097359624374     
    12887393          10  0.83344105311317496     
    12887767           1  0.96560821432928157     
    12887767           2  0.61070889812803475     
    12887767           3   1.2157172017699076     
    12887767           4  0.95096848874152962     
    12887767           5   1.1656692546161529     
    12887767           6  0.96552449027457032     
    12887767           7   1.1859046780407154     
    12887767           8  0.84232018830879674     
    12887767           9   1.0139662457087593     
    12887767          10   1.0836123400822539     
    12888327           1  0.82597940204001108     
    12888327           2   1.3004524445277275     
    12888327           3   1.1889014943659524     
    12888327           4  0.81413058179434472     
    12888327           5   1.1853067012461540     
    12888327           6  0.86600168768738994     
    12888327           7  0.81066211687162903     
    12888327           8   1.0275062408949891     
    12888327           9  0.98497565018731359     
    12888327          10  0.99608368038448702     
    12888600           1  0.91556395714601513     
    12888600           2   1.0782983715584307     
    12888600           3   1.3754496474515718     
    12888600           4  0.63408633241425050     
    12888600           5  0.92571562838512844     
    12888600           6  0.73365779869814018     
    12888600           7  0.97966091128120636     
    12888600           8   1.0453886225123019     
    12888600           9  0.98421951429717203     
    12888600          10   1.3279592162557825     
    12889292           1  0.86067846665468273     
    12889292           2  0.91236532183652708     
    12889292           3   1.3193531952502715     
    12889292           4  0.39201095160846672     
    12889292           5  0.98492869662718807     
    12889292           6  0.95414216279077446     
    12889292           7   1.0925492643475216     
    12889292           8   1.1290701306956579     
    12889292           9   1.0121356682921698     
    12889292          10   1.3427661418967409     
    12889916           1   1.0896028272590290     
    12889916           2   1.0985480760223414     
    12889916           3   1.1126506156844689     
    12889916           4   1.0882925099507998     
    12889916           5  0.71403126695221508     
    12889916           6  0.94816692259649937     
    12889916           7   1.0450445188189190     
    12889916           8   1.0392096826187998     
    12889916           9  0.93799026065565105     
    12889916          10  0.92646331944127847     
    12891771           1  0.80901678566085322     
    12891771           2   1.1252390228116493     
    12891771           3   1.0920700143688065     
    12891771           4   1.0414539453363785     
    12891771           5  0.99133561732682585     
    12891771           6  0.99138327916470259     
    12891771           7  0.69359898172029921     
    12891771           8   1.1660984905728682     
    12891771           9   1.0522849937664349     
    12891771          10   1.0375188692711823     
    12893358           1  0.96503923056711838     
    12893358           2  0.71954461491394051     
    12893358           3   1.1727294865714470     
    12893358           4   1.0133703107282734     
    12893358           5   1.0906960790859883     
    12893358           6   1.1241949710531125     
    12893358           7  0.66054428222195571     
    12893358           8   1.0702556037303690     
    12893358           9   1.0936726835342419     
    12893358          10   1.0899527375935538     
    12894263           1  0.79962736671210100     
    12894263           2   1.0581821007952557     
    12894263           3  0.92454675269911735     
    12894263           4   1.0935902120640233     
    12894263           5  0.83719519425988942     
    12894263           6  0.83272641882412957     
    12894263           7   1.0870422007296854     
    12894263           8   1.0586088144129717     
    12894263           9   1.1020281733023383     
    12894263          10   1.2064527662004896     
    12894308           1  0.95117613969190795     
    12894308           2   1.0894756437270037     
    12894308           3   1.0929711203653072     
    12894308           4  0.81304680476109903     
    12894308           5   1.1182291791351624     
    12894308           6   1.0084055374703536     
    12894308           7  0.89765433357490976     
    12894308           8   1.1631629727253947     
    12894308           9   1.0556546785818470     
    12894308          10  0.81022358996701360     
    12895680           1  0.88858040357528101     
    12895680           2   1.0960610633126320     
    12895680           3   1.1709582985436544     
    12895680           4  0.69403975009338603     
    12895680           5  0.66321794644085730     
    12895680           6   1.2406595607620869     
    12895680           7  0.82286915022540663     
    12895680           8   1.2462586899516479     
    12895680           9   1.1706783322105583     
    12895680          10   1.0066768048844872     
    12896595           1   1.0239196598770768     
    12896595           2   1.1410964758128679     
    12896595           3   1.1408760743913779     
    12896595           4   1.0290836734992252     
    12896595           5  0.79265356273828891     
    12896595           6  0.85438710193075018     
    12896595           7  0.85292574407849020     
    12896595           8   1.1541354479850761     
    12896595           9  0.86768476434347930     
    12896595          10   1.1432374953433684     
    12896971           1  0.79618687759406437     
    12896971           2   1.0536291500656467     
    12896971           3  0.92056878349221472     
    12896971           4   1.0888849138453440     
    12896971           5  0.83359306522400223     
    12896971           6  0.82914351721078650     
    12896971           7   1.0894121342031027     
    12896971           8   1.0540540276987287     
    12896971           9   1.1332656668613266     
    12896971          10   1.2012618638047836     
    12897176           1  0.80283383595284685     
    12897176           2   1.1179780643900554     
    12897176           3   1.0062086379029753     
    12897176           4   1.0514919123572937     
    12897176           5   1.0980637234620139     
    12897176           6  0.74924814195625977     
    12897176           7  0.90744963571257364     
    12897176           8   1.0183758494294435     
    12897176           9  0.84222744807064476     
    12897176          10   1.4061227507658924     
    12897495           1   1.0454469194177123     
    12897495           2   1.1377490796776608     
    12897495           3   1.1375293248017364     
    12897495           4   1.0260648659010136     
    12897495           5  0.75376957736923123     
    12897495           6  0.85188076513662714     
    12897495           7  0.85042369416433805     
    12897495           8   1.1921125360072500     
    12897495           9  0.86513941897759117     
    12897495          10   1.1398838185468378     
    12898120           1   1.1544343482739476     
    12898120           2   1.0899622676144296     
    12898120           3  0.92913406783246755     
    12898120           4  0.79730017330978054     
    12898120           5  0.97332290779882047     
    12898120           6   1.2811190227455933     
    12898120           7  0.76231442893056400     
    12898120           8   1.0885986087269812     
    12898120           9  0.96636067139104664     
    12898120          10  0.95745350337636836     
    12900629           1   1.1971268945015037     
    12900629           2   1.1785214705996441     
    12900629           3  0.85669988179637468     
    12900629           4   1.0240924644158180     
    12900629           5   1.1532533657781390     
    12900629           6  0.65772374160299385     
    12900629           7  0.81531253354707234     
    12900629           8   1.1805636344349746     
    12900629           9  0.92277734042198978     
    12900629          10   1.0139286729014920     
    12900791           1   1.2274608130416789     
    12900791           2  0.84858445847528219     
    12900791           3   1.0616828023182436     
    12900791           4   1.1102875692542560     
    12900791           5  0.86860936432589853     
    12900791           6  0.84043884526048263     
    12900791           7   1.1656949274911070     
    12900791           8  0.75981161707116063     
    12900791           9   1.1419436292679406     
    12900791          10  0.97548597349395083     
    12901716           1   1.0844450288469991     
    12901716           2   1.2046883323227391     
    12901716           3  0.87676491770603182     
    12901716           4  0.88037443320092967     
    12901716           5   1.1319261050220868     
    12901716           6  0.60566498813291159     
    12901716           7  0.68938810019450680     
    12901716           8   1.1609130902360114     
    12901716           9   1.0994126593419062     
    12901716          10   1.2664223449958774     
    12901983           1   1.2031132965228910     
    12901983           2   1.0933092254868031     
    12901983           3  0.67794095041916913     
    12901983           4   1.0270570855686618     
    12901983           5  0.94247829538936334     
    12901983           6   1.3707037709485570     
    12901983           7   1.0873253712402171     
    12901983           8  0.96621500830142704     
    12901983           9  0.69741715167087448     
    12901983          10  0.93443984445203598     
    12903151           1  0.93040286431984387     
    12903151           2  0.84083891150887502     
    12903151           3  0.63912499825727476     
    12903151           4   1.0985000193658938     
    12903151           5  0.99485433951835756     
    12903151           6   1.0686795376659650     
    12903151           7   1.5045097506514187     
    12903151           8  0.56996984766485692     
    12903151           9   1.0433047024468656     
    12903151          10   1.3098150286006487     
    12904322           1   1.1169624269690051     
    12904322           2   1.1237671051315679     
    12904322           3  0.78090866301462192     
    12904322           4  0.84357367397275917     
    12904322           5  0.97232028330722675     
    12904322           6   1.0430180925152872     
    12904322           7  0.74036153777720881     
    12904322           8   1.1293496408535970     
    12904322           9   1.0646406001335209     
    12904322          10   1.1850979763252054     
    12904619           1  0.79392361877309481     
    12904619           2  0.96518895672813965     
    12904619           3   1.1538980693782679     
    12904619           4  0.63407356906572310     
    12904619           5   1.1122007477421882     
    12904619           6  0.90225919636739149     
    12904619           7   1.1067519394322693     
    12904619           8   1.1942686870212447     
    12904619           9  0.95891765402284779     
    12904619          10   1.1785175614688319     
    12905558           1  0.94562679416293283     
    12905558           2  0.96203601412751727     
    12905558           3   1.0829409302451143     
    12905558           4   1.0198920135989504     
    12905558           5   1.1045721217495932     
    12905558           6  0.98499398710001407     
    12905558           7   1.0687430159947866     
    12905558           8  0.75764251890109779     
    12905558           9  0.97220864802886731     
    12905558          10   1.1013439560911249     
    12907579           1   1.1997207778921448     
    12907579           2   1.0735495349614799     
    12907579           3  0.71075903093542381     
    12907579           4   1.0852149015988721     
    12907579           5   1.0994246676931798     
    12907579           6  0.84804185636492480     
    12907579           7   1.2497857050202217     
    12907579           8  0.98381080982148350     
    12907579           9   1.0802719997268797     
    12907579          10  0.66942071598539088     
    12907851           1   1.0636716947819924     
    12907851           2   1.2047945906197666     
    12907851           3  0.73157065761288853     
    12907851           4  0.98849252909680896     
    12907851           5  0.90037956582645784     
    12907851           6  0.69001099689283896     
    12907851           7  0.98468604966983264     
    12907851           8   1.1052271308549766     
    12907851           9   1.1308189540534590     
    12907851          10   1.2003478305909787     
    12908785           1  0.84717907881740129     
    12908785           2  0.85221722777575504     
    12908785           3   1.1348003202655685     
    12908785           4   1.3230312790119203     
    12908785           5   1.0277653627822458     
    12908785           6  0.89768760729549502     
    12908785           7   1.1009335980280950     
    12908785           8  0.95869531669242802     
    12908785           9  0.66395105039157376     
    12908785          10   1.1937391589395168     
    12909040           1  0.59145585167210379     
    12909040           2   1.1979213445004311     
    12909040           3  0.80588311648696631     
    12909040           4   1.1230497169101650     
    12909040           5  0.95018169801942376     
    12909040           6   1.0393415193878732     
    12909040           7   1.0893342955546408     
    12909040           8   1.0484506267993126     
    12909040           9   1.0649626766329625     
    12909040          10   1.0894191540361213     
    12909108           1  0.85737143491070578     
    12909108           2  0.90885969087407881     
    12909108           3   1.3142837726177188     
    12909108           4  0.39050470658064040     
    12909108           5   1.0195677960464484     
    12909108           6  0.95047601039720953     
    12909108           7   1.0883513028101552     
    12909108           8   1.1247318430446380     
    12909108           9   1.0082466842941580     
    12909108          10   1.3376067584242466     
    12909135           1  0.76893932912954333     
    12909135           2   1.4446243376132306     
    12909135           3  0.73003846254298699     
    12909135           4   1.1102599757051552     
    12909135           5  0.96369465814700794     
    12909135           6   1.1141009742456893     
    12909135           7  0.80053330311813642     
    12909135           8   1.0242415244566121     
    12909135           9  0.79132967180443936     
    12909135          10   1.2522377632371968     
    12910056           1   1.1634346945080352     
    12910056           2  0.95472871401507975     
    12910056           3   1.0389981890283828     
    12910056           4  0.81720186146790808     
    12910056           5   1.0213946955142406     
    12910056           6  0.76309291945718083     
    12910056           7   1.0289048975160806     
    12910056           8   1.1313308560023709     
    12910056           9   1.0279196322089172     
    12910056          10   1.0529935402818045     
    12910104           1  0.97859213333230588     
    12910104           2   1.1590229268761170     
    12910104           3   1.0349815828554021     
    12910104           4   1.0213729964660767     
    12910104           5   1.1986312931194887     
    12910104           6  0.83077486886489749     
    12910104           7   1.0971874925864802     
    12910104           8   1.0625205814512337     
    12910104           9  0.88291835721194190     
    12910104          10  0.73399776723605259     
    12912041           1  0.94825691971961779     
    12912041           2   1.0884789027278352     
    12912041           3   1.1130215005876005     
    12912041           4  0.81230296336435492     
    12912041           5   1.1172061320613447     
    12912041           6  0.97323593808590436     
    12912041           7  0.89683308632398939     
    12912041           8   1.1620988165597144     
    12912041           9   1.0546888797545257     
    12912041          10  0.83387686081511303     
    12912139           1   1.3080133995795677     
    12912139           2   1.0764060667613817     
    12912139           3  0.48153306955556707     
    12912139           4   1.0718098233404092     
    12912139           5  0.94076252615016898     
    12912139           6   1.0805903926014166     
    12912139           7  0.85295396968945925     
    12912139           8  0.99680522443978570     
    12912139           9  0.95653622815713324     
    12912139          10   1.2345892997251116     
    12912970           1   1.0091453864574380     
    12912970           2   1.1367453852118428     
    12912970           3   1.1715580480649397     
    12912970           4  0.71490621261372889     
    12912970           5   1.0170366995923792     
    12912970           6   1.2900785469540867     
    12912970           7  0.77683034812687468     
    12912970           8   1.2369217370531775     
    12912970           9  0.90373948561648654     
    12912970          10  0.74303815030904663     
    12913305           1   1.0603354103714975     
    12913305           2  0.88080016573932252     
    12913305           3  0.86816276072801390     
    12913305           4  0.73989232558005547     
    12913305           5   1.0555058753330679     
    12913305           6   1.0416157602501004     
    12913305           7   1.1788213038650688     
    12913305           8   1.0299445691739963     
    12913305           9   1.0328716509053237     
    12913305          10   1.1120501780535523     
    12914324           1   1.2284340479758169     
    12914324           2   1.3462980896474592     
    12914324           3  0.75020668641272370     
    12914324           4   1.0355263174494154     
    12914324           5   1.0600447434667397     
    12914324           6  0.98650086364432532     
    12914324           7  0.95665945687765441     
    12914324           8   1.0062808382586907     
    12914324           9  0.53078085364027650     
    12914324          10   1.0992681026268982     
    12915036           1   1.0176147014571804     
    12915036           2   1.0249299493960622     
    12915036           3   1.2784426194950318     
    12915036           4  0.76688403822551221     
    12915036           5   1.0191555512295660     
    12915036           6  0.95310911102221174     
    12915036           7  0.78960901725754318     
    12915036           8   1.1000665982790085     
    12915036           9  0.80191016554422256     
    12915036          10   1.2482782480936625     
    12916301           1  0.62484056453499348     
    12916301           2   1.0913807543776368     
    12916301           3   1.1334190268968034     
    12916301           4   1.1047626941453015     
    12916301           5   1.1654443145011690     
    12916301           6  0.81439587405551472     
    12916301           7  0.90959505873797164     
    12916301           8  0.90010235847039144     
    12916301           9   1.1634096192806072     
    12916301          10   1.0926497349996096     
    12916986           1   1.1373536243103328     
    12916986           2   1.2541445997613896     
    12916986           3  0.64382996507261936     
    12916986           4  0.94344295649703647     
    12916986           5  0.87868904101194134     
    12916986           6  0.69254681514971528     
    12916986           7   1.3443794274184837     
    12916986           8  0.92138574480337576     
    12916986           9   1.0969839138396824     
    12916986          10   1.0872439121354220     
    12917028           1   1.1380840030695791     
    12917028           2   1.3003425969203670     
    12917028           3  0.65537371190978833     
    12917028           4  0.86280341987951226     
    12917028           5   1.0836748492612993     
    12917028           6  0.76280448792764199     
    12917028           7  0.90785304669180666     
    12917028           8   1.2012586481850756     
    12917028           9   1.0192747402456350     
    12917028          10   1.0685304959092936     
    12917052           1   1.0708456945228035     
    12917052           2  0.95167579998886775     
    12917052           3   1.1644666885009751     
    12917052           4  0.66550918804758852     
    12917052           5  0.98706159571202412     
    12917052           6   1.1270671742466511     
    12917052           7  0.90339958415126798     
    12917052           8  0.77562177444885738     
    12917052           9   1.1317194238956496     
    12917052          10   1.2226330764853151     
    12917075           1   1.1320231341885496     
    12917075           2   1.0555955169716305     
    12917075           3  0.96108618204761487     
    12917075           4  0.96230182290837329     
    12917075           5  0.86332182394804735     
    12917075           6   1.1776218117584991     
    12917075           7  0.61959425223092301     
    12917075           8   1.2447560612224324     
    12917075           9  0.97632567862130137     
    12917075          10   1.0073737161026288     
    12917191           1   1.2826780740238060     
    12917191           2   1.2109565482683788     
    12917191           3  0.62115295229244538     
    12917191           4  0.50520600075630395     
    12917191           5   1.2306093840640111     
    12917191           6  0.84310509058045202     
    12917191           7   1.2100519366905373     
    12917191           8  0.93760726667076866     
    12917191           9   1.0126002523878594     
    12917191          10   1.1460324942654383     
    12917764           1   1.0274939188444696     
    12917764           2   1.1215293503217165     
    12917764           3   1.1110683541737878     
    12917764           4  0.98546543999212832     
    12917764           5  0.71219325632071695     
    12917764           6   1.0164888188393935     
    12917764           7   1.0551214360044878     
    12917764           8   1.1064066288741745     
    12917764           9   1.0441959753955106     
    12917764          10  0.82003682123361521     
    12917935           1  0.79570418010889021     
    12917935           2   1.0660957764207377     
    12917935           3  0.92001067804081071     
    12917935           4   1.0882247647969880     
    12917935           5  0.83308768980578607     
    12917935           6  0.82864083938241595     
    12917935           7   1.0817088797647427     
    12917935           8   1.0534149952771628     
    12917935           9   1.1325786114691538     
    12917935          10   1.2005335849333125     
    12918918           1   1.0707542504549465     
    12918918           2   1.0805947304679320     
    12918918           3   1.0242165414507154     
    12918918           4  0.82509049001395518     
    12918918           5   1.0566826919166052     
    12918918           6  0.69305093090958014     
    12918918           7  0.98462023634106388     
    12918918           8   1.0438187294427956     
    12918918           9   1.0323903206477620     
    12918918          10   1.1887810783546455     
    12919253           1  0.74335199941394459     
    12919253           2   1.0501171059306513     
    12919253           3   1.0999591346149142     
    12919253           4  0.96875647398714293     
    12919253           5   1.0776970563506145     
    12919253           6  0.95827580408521518     
    12919253           7  0.99018083790644273     
    12919253           8   1.1048341369344694     
    12919253           9  0.98781550285040898     
    12919253          10   1.0190119479261954     
    12920729           1   1.1233793978693942     
    12920729           2  0.98786571602269757     
    12920729           3  0.65614260735373187     
    12920729           4  0.94903787024211717     
    12920729           5  0.80188314948300388     
    12920729           6   1.1789962261742226     
    12920729           7   1.0332989225539864     
    12920729           8   1.0828125003650722     
    12920729           9   1.0062738491788028     
    12920729          10   1.1803097607569719     
    12920975           1   1.1285340146530221     
    12920975           2  0.91326989137494585     
    12920975           3  0.95723326143117049     
    12920975           4  0.84987306754613001     
    12920975           5  0.86489848269079161     
    12920975           6   1.1664250683100987     
    12920975           7   1.0744360042437149     
    12920975           8   1.2786289098756485     
    12920975           9  0.97477522171155095     
    12920975          10  0.79192607816292682     
    12921797           1   1.0310806313739145     
    12921797           2   1.1229071520786744     
    12921797           3   1.1572960210454581     
    12921797           4  0.79085983791291969     
    12921797           5   1.0046557467976378     
    12921797           6   1.2743737040533849     
    12921797           7  0.71715600439869465     
    12921797           8   1.2406111801112796     
    12921797           9  0.89744850164028034     
    12921797          10  0.76361122058775543     
    12922605           1  0.89169183532784435     
    12922605           2   1.1207188991246624     
    12922605           3  0.99428618477417985     
    12922605           4  0.94462428560614553     
    12922605           5   1.0366565582896743     
    12922605           6  0.82845271299722179     
    12922605           7   1.0818933295797333     
    12922605           8   1.1236529072478203     
    12922605           9  0.93066156356867680     
    12922605          10   1.0473617234840427     
    12923496           1  0.85490662162824171     
    12923496           2  0.91244131895865677     
    12923496           3  0.94326383224107846     
    12923496           4   1.0526354546136096     
    12923496           5   1.0577433674907886     
    12923496           6   1.1122527183113411     
    12923496           7   1.2197049738687025     
    12923496           8  0.63684704832820471     
    12923496           9   1.0596631855027634     
    12923496          10   1.1505414790566137     
    12923909           1  0.72811859393729750     
    12923909           2  0.79433945834013053     
    12923909           3   1.1287453829290810     
    12923909           4  0.99946089906937419     
    12923909           5   1.1194228142678257     
    12923909           6   1.2331876183622053     
    12923909           7  0.59606672901562818     
    12923909           8   1.3093918524381092     
    12923909           9   1.0514063216673633     
    12923909          10   1.0398603299729845     
    12923952           1  0.93964816720867372     
    12923952           2  0.62241469475716327     
    12923952           3  0.87419494690568966     
    12923952           4   1.1892006905551458     
    12923952           5   1.1003389827439187     
    12923952           6  0.95709313960773146     
    12923952           7  0.96118689903079668     
    12923952           8   1.0202498035870173     
    12923952           9   1.2854183659015448     
    12923952          10   1.0502543097023167     
    12924130           1   1.3102415176892073     
    12924130           2  0.78567402947104259     
    12924130           3   1.0423707953979875     
    12924130           4   1.1191228680499736     
    12924130           5  0.85328538058386749     
    12924130           6  0.80523681842046535     
    12924130           7   1.1441512965133041     
    12924130           8  0.81957720278787261     
    12924130           9   1.1777698471511133     
    12924130          10  0.94257024393516642     
    12924808           1  0.80698559148636750     
    12924808           2   1.1224138911350896     
    12924808           3   1.0893281599467075     
    12924808           4   1.0388391724116925     
    12924808           5   1.0139536234526618     
    12924808           6  0.98889421839734537     
    12924808           7  0.69185756641709428     
    12924808           8   1.1631707732462204     
    12924808           9   1.0496430273856123     
    12924808          10   1.0349139761212074     
    12926684           1  0.85868424593727799     
    12926684           2   1.2019129488513156     
    12926684           3  0.88934928266960944     
    12926684           4   1.2807833383964669     
    12926684           5   1.2748780926619541     
    12926684           6  0.89210525384567085     
    12926684           7  0.48993801471587006     
    12926684           8   1.0301649060683571     
    12926684           9  0.86022272869697114     
    12926684          10   1.2219611881565065     
    12926965           1   1.0972583618172747     
    12926965           2   1.1062664597760246     
    12926965           3   1.1204680836888914     
    12926965           4   1.0499168198546511     
    12926965           5  0.71904804086567076     
    12926965           6  0.93059088560922354     
    12926965           7   1.0523869873116347     
    12926965           8   1.0465111556321958     
    12926965           9  0.94458056739504437     
    12926965          10  0.93297263804939146     
    12927242           1   1.0557317321526483     
    12927242           2  0.91258618514629519     
    12927242           3   1.1780997453173603     
    12927242           4  0.81125928778175560     
    12927242           5  0.91198468660009813     
    12927242           6   1.1724296070526516     
    12927242           7  0.97310847368665909     
    12927242           8  0.75674660582131781     
    12927242           9   1.1456450661391908     
    12927242          10   1.0824086103020234     
    12928010           1   1.0379656828712236     
    12928010           2  0.86096258912839241     
    12928010           3   1.1717357163136919     
    12928010           4   1.1349739694999410     
    12928010           5  0.72629425405007864     
    12928010           6   1.1694244538066252     
    12928010           7   1.0173448408478125     
    12928010           8   1.0382080178822346     
    12928010           9  0.88984520749463258     
    12928010          10  0.95324526810536647     
    12928316           1  0.87505531582398899     
    12928316           2  0.69526238292101050     
    12928316           3   1.2432006686429180     
    12928316           4  0.99843310763096504     
    12928316           5   1.0522497511617894     
    12928316           6   1.0412775343607632     
    12928316           7  0.98616937854438091     
    12928316           8   1.0592563093826448     
    12928316           9   1.0493866206684648     
    12928316          10  0.99970893086307233     
    12928900           1   1.1853573076652750     
    12928900           2  0.97176092409427139     
    12928900           3  0.50756525103756744     
    12928900           4  0.99709863786475572     
    12928900           5   1.1051169325683794     
    12928900           6   1.2040545683343560     
    12928900           7  0.79920664971560473     
    12928900           8   1.1481204761491914     
    12928900           9  0.85791727492811931     
    12928900          10   1.2238019776424809     
    12928902           1   1.0243235058503788     
    12928902           2   1.1504374392770551     
    12928902           3   1.0133482075734634     
    12928902           4  0.80319110697988394     
    12928902           5   1.0793326385378486     
    12928902           6  0.72750177424443851     
    12928902           7  0.98324672572146721     
    12928902           8   1.0068386922332326     
    12928902           9   1.0235350973119457     
    12928902          10   1.1882448122702864     
    12929394           1  0.94854309939542747     
    12929394           2  0.70080892319712929     
    12929394           3   1.2090824175852850     
    12929394           4  0.95595578053616048     
    12929394           5   1.1759990474667501     
    12929394           6  0.96025513436793930     
    12929394           7   1.0823194695031311     
    12929394           8  0.89096717260117841     
    12929394           9   1.0234738074206229     
    12929394          10   1.0525951479263771     
    12929734           1   1.0459601878866744     
    12929734           2  0.96894705958855998     
    12929734           3   1.1527220497465740     
    12929734           4  0.75042141280575037     
    12929734           5   1.1389183164341392     
    12929734           6   1.1309263362681192     
    12929734           7  0.89007628458100596     
    12929734           8  0.80117760906499447     
    12929734           9   1.0442792483829275     
    12929734          10   1.0765714952412546     
    12929754           1   1.2357851652495204     
    12929754           2   1.1845173952561849     
    12929754           3   1.0561006529981927     
    12929754           4  0.95501455938869484     
    12929754           5  0.67560989170462060     
    12929754           6   1.1113025848879416     
    12929754           7  0.32392671924516342     
    12929754           8   1.2107065135939223     
    12929754           9  0.97400545170861830     
    12929754          10   1.2730310659671407     
    12930327           1  0.93902689429980302     
    12930327           2  0.62200316903782471     
    12930327           3  0.87361695010163309     
    12930327           4   1.1884144194825943     
    12930327           5   1.1062232258905649     
    12930327           6  0.95646033250007678     
    12930327           7  0.96055138522725969     
    12930327           8   1.0195752388026980     
    12930327           9   1.2845684780018303     
    12930327          10   1.0495599066557157     
    12930937           1   1.3772671053338945     
    12930937           2  0.89748243056081356     
    12930937           3  0.84091460838806076     
    12930937           4  0.84615645594639477     
    12930937           5  0.86490253596349143     
    12930937           6   1.1569340194105093     
    12930937           7  0.70734592647888350     
    12930937           8   1.2280277741558090     
    12930937           9   1.0095054005164119     
    12930937          10   1.0714637432457315     
    12931131           1   1.1797136771610635     
    12931131           2  0.90039174929110566     
    12931131           3   1.2176067378609252     
    12931131           4  0.86014410513637074     
    12931131           5   1.0707483256592174     
    12931131           6  0.62733618249624223     
    12931131           7   1.1417292566437363     
    12931131           8   1.0446930030088704     
    12931131           9  0.99225054225896869     
    12931131          10  0.96538642048350010     
    12931167           1   1.0741493801799875     
    12931167           2  0.95502967806424233     
    12931167           3   1.1509540972363521     
    12931167           4  0.64903777068469082     
    12931167           5  0.99054017974761854     
    12931167           6   1.1327006943025806     
    12931167           7  0.90658332808867070     
    12931167           8  0.77835520621641685     
    12931167           9   1.1357078083468710     
    12931167          10   1.2269418571325692     
    12931579           1   1.0054052204230501     
    12931579           2   1.1638924524774856     
    12931579           3   1.2175851412377694     
    12931579           4   1.0324852465056622     
    12931579           5  0.84973410512011971     
    12931579           6  0.97177668292135799     
    12931579           7   1.0822956546696196     
    12931579           8  0.99324540704562392     
    12931579           9  0.96655149339599711     
    12931579          10  0.71702859620331494     
    12931730           1   1.0668778381103587     
    12931730           2   1.0686206160521670     
    12931730           3   1.1398952876493227     
    12931730           4  0.92047338233081100     
    12931730           5  0.82159572365617184     
    12931730           6   1.0400048423783890     
    12931730           7  0.63005799386153816     
    12931730           8   1.2119437583727117     
    12931730           9   1.0953251512404616     
    12931730          10   1.0052054063480687     
    12931819           1  0.86258964509827085     
    12931819           2   1.0179678670198995     
    12931819           3  0.83656558083528221     
    12931819           4   1.0330082293262079     
    12931819           5  0.86521635104679151     
    12931819           6  0.76726636605085963     
    12931819           7   1.1131093743847722     
    12931819           8   1.2441901481729218     
    12931819           9   1.1878774254116033     
    12931819          10   1.0722090126533916     
    12932063           1  0.79277304630939038     
    12932063           2   1.0454971768791264     
    12932063           3   1.1211093927630915     
    12932063           4  0.95491691309872118     
    12932063           5   1.0270211437577395     
    12932063           6  0.94473790916641942     
    12932063           7  0.98568496290336127     
    12932063           8   1.0806618837190121     
    12932063           9   1.0126995513914592     
    12932063          10   1.0348980200116780     
    12933069           1   1.3635051274623127     
    12933069           2  0.91033967449542863     
    12933069           3  0.83185659104911669     
    12933069           4  0.83218673960422551     
    12933069           5  0.91118949602442534     
    12933069           6   1.1528476632743048     
    12933069           7  0.72454507783405853     
    12933069           8   1.2218073490066061     
    12933069           9  0.98025782308386677     
    12933069          10   1.0714644581656532     
    12934002           1   1.1606486273684575     
    12934002           2   1.1296965987944121     
    12934002           3  0.54421979103778850     
    12934002           4   1.0452929416323571     
    12934002           5  0.83840699174899425     
    12934002           6  0.86483314363945130     
    12934002           7   1.3188975582278697     
    12934002           8  0.96048645036378899     
    12934002           9   1.1161751932286812     
    12934002          10   1.0213427039581982     
    12934699           1  0.93526519835712185     
    12934699           2  0.84523317964377187     
    12934699           3  0.64246509893008752     
    12934699           4   1.1193615642888137     
    12934699           5   1.0000535003364084     
    12934699           6   1.0742645128312494     
    12934699           7   1.5123723973075605     
    12934699           8  0.54212297896691874     
    12934699           9   1.0122013788829811     
    12934699          10   1.3166601904550879     
    12935122           1   1.1420904990139626     
    12935122           2   1.0126972318156120     
    12935122           3  0.71964994314676178     
    12935122           4   1.1209539195350831     
    12935122           5  0.82689478258931026     
    12935122           6  0.79536946182332424     
    12935122           7   1.3329464146895367     
    12935122           8  0.94192953882522679     
    12935122           9   1.1692369778011631     
    12935122          10  0.93823123076001724     
    12936495           1   1.2392104625164284     
    12936495           2  0.75443021296798307     
    12936495           3   1.1165415488146762     
    12936495           4  0.74729332921709679     
    12936495           5  0.51176997254360568     
    12936495           6   1.2472908287449835     
    12936495           7  0.87371293866975197     
    12936495           8   1.2536588540205393     
    12936495           9   1.0889913142828875     
    12936495          10   1.1671005382220470     
    12936693           1   1.2617299766632653     
    12936693           2   1.1486310531033366     
    12936693           3  0.52150570073409230     
    12936693           4   1.0971724732364851     
    12936693           5  0.92663420640142879     
    12936693           6  0.88689916226166232     
    12936693           7   1.2496688577557307     
    12936693           8  0.98531514057314518     
    12936693           9   1.0819569717904309     
    12936693          10  0.84048645748042117     
    12936824           1  0.79434781088340989     
    12936824           2  0.94550090038522294     
    12936824           3  0.95763403643529654     
    12936824           4   1.0385947369630173     
    12936824           5  0.74350270898569770     
    12936824           6  0.96534785417697089     
    12936824           7   1.0632433032164752     
    12936824           8   1.2516783594196474     
    12936824           9   1.1105446219152513     
    12936824          10   1.1296056676190112     
    12937288           1   1.1421326754519090     
    12937288           2   1.0127346298694377     
    12937288           3  0.71883380222097348     
    12937288           4   1.1209953154169932     
    12937288           5  0.82692531911554534     
    12937288           6  0.79539883414607793     
    12937288           7   1.3329956392753235     
    12937288           8  0.94196432348789438     
    12937288           9   1.1697535821685552     
    12937288          10  0.93826587884729018     
    12938457           1   1.2045364728721746     
    12938457           2   1.1786491366064116     
    12938457           3  0.86200239813233748     
    12938457           4   1.0304310517525115     
    12938457           5   1.1603913903553342     
    12938457           6  0.66179470152549025     
    12938457           7  0.76563096087648475     
    12938457           8   1.1878706950407363     
    12938457           9  0.92848884106067786     
    12938457          10   1.0202043517778423     
    12939444           1   1.2393731820836247     
    12939444           2   1.1689524013418613     
    12939444           3   1.0491368175916951     
    12939444           4  0.95778737817003157     
    12939444           5  0.67757147834029929     
    12939444           6   1.1145291751517570     
    12939444           7  0.32486721809103941     
    12939444           8   1.2142217162958884     
    12939444           9  0.97683340923352846     
    12939444          10   1.2767272237002734     
    12940023           1   1.0851414389713261     
    12940023           2  0.89971143520168106     
    12940023           3   1.1773145401828622     
    12940023           4  0.76545245578349330     
    12940023           5  0.99484666962240353     
    12940023           6   1.0874661838455799     
    12940023           7  0.90684690667151291     
    12940023           8   1.1976949017051433     
    12940023           9  0.67948621372688978     
    12940023          10   1.2060392542891087     
    12940065           1   1.2031946322073310     
    12940065           2   1.0927070945051784     
    12940065           3  0.67798678217198216     
    12940065           4   1.0271265190885599     
    12940065           5  0.94254201101568624     
    12940065           6   1.3707964364769798     
    12940065           7   1.0873988791579954     
    12940065           8  0.96628032863264068     
    12940065           9  0.69746430009948490     
    12940065          10  0.93450301664416136     
    12941869           1  0.88943493826779796     
    12941869           2   1.1594898429072786     
    12941869           3   1.0899398990152400     
    12941869           4   1.0050986654661924     
    12941869           5   1.0201742806565821     
    12941869           6   1.1211387987542925     
    12941869           7  0.43641733685341572     
    12941869           8   1.1221446310649197     
    12941869           9   1.1033402783413091     
    12941869          10   1.0528213286729717     
    12942879           1  0.70187645215340699     
    12942879           2  0.84599712742640287     
    12942879           3   1.3055679808525227     
    12942879           4  0.71532504552269338     
    12942879           5   1.1124389994575108     
    12942879           6   1.0414798666034470     
    12942879           7  0.99332806990091016     
    12942879           8   1.1945234568043734     
    12942879           9  0.96033228779098967     
    12942879          10   1.1291307134877422     
    12943023           1  0.94665555972184523     
    12943023           2  0.69941435857800105     
    12943023           3   1.2066764214494450     
    12943023           4  0.97909294173940864     
    12943023           5   1.1736588851065965     
    12943023           6  0.94433850482830628     
    12943023           7   1.0801657234693665     
    12943023           8  0.91866977165193819     
    12943023           9   1.0285927754104456     
    12943023          10   1.0227350580446468     
    12943331           1   1.2043511631728387     
    12943331           2   1.0944341162449900     
    12943331           3  0.67863847449739445     
    12943331           4   1.0281138104153511     
    12943331           5  0.96679668487704273     
    12943331           6   1.3384765206812643     
    12943331           7   1.0884441052934357     
    12943331           8  0.96720913357534100     
    12943331           9  0.69813471454350673     
    12943331          10  0.93540127669883488     
    12943854           1   1.3128569132049182     
    12943854           2  0.78724232684656248     
    12943854           3   1.0444514895808432     
    12943854           4   1.1292966053202314     
    12943854           5  0.85498863813438120     
    12943854           6  0.80684416541378645     
    12943854           7   1.1464351564962125     
    12943854           8  0.79331216677544525     
    12943854           9   1.1801208136982664     
    12943854          10  0.94445172452935355     
    12944254           1   1.1268117768398684     
    12944254           2   1.0143897868659730     
    12944254           3  0.72085271837661147     
    12944254           4   1.1228274076400417     
    12944254           5  0.82827679973759405     
    12944254           6  0.79669878963939655     
    12944254           7   1.3351742130039437     
    12944254           8  0.94350381744270129     
    12944254           9   1.1716653621834225     
    12944254          10  0.93979932827044710     
    12944899           1   1.1126996442719088     
    12944899           2   1.0602223214841437     
    12944899           3   1.0046621088345131     
    12944899           4  0.47540448129961982     
    12944899           5   1.0807084613135252     
    12944899           6   1.0725307761559357     
    12944899           7  0.94897748998306397     
    12944899           8   1.0814133567493445     
    12944899           9   1.1523784606716798     
    12944899          10   1.0110028992362659     
    12944902           1  0.95176771381905323     
    12944902           2   1.0915395888112063     
    12944902           3  0.79210766829003065     
    12944902           4   1.0443026926488193     
    12944902           5  0.83826027692140670     
    12944902           6  0.86016769121828074     
    12944902           7   1.2631188131530817     
    12944902           8   1.0127082183152596     
    12944902           9   1.0383548957755575     
    12944902          10   1.1076724410473047     
    12945079           1   1.0598576431764370     
    12945079           2   1.0756491226188400     
    12945079           3  0.95194881180010471     
    12945079           4   1.0652730656694356     
    12945079           5   1.0551902448928532     
    12945079           6  0.74905635396576142     
    12945079           7  0.90460762656078986     
    12945079           8   1.1146976002582971     
    12945079           9  0.83364589168286751     
    12945079          10   1.1900736393746132     
    12945248           1  0.94037720893244037     
    12945248           2  0.69477574567893408     
    12945248           3   1.1986735762906531     
    12945248           4  0.94772607521618801     
    12945248           5   1.1835374920344801     
    12945248           6  0.95198841644150300     
    12945248           7   1.0730019147820498     
    12945248           8  0.91257702648520811     
    12945248           9   1.0146628477410256     
    12945248          10   1.0826796963975167     
    12945427           1   1.0561752861888698     
    12945427           2   1.0176207937602100     
    12945427           3   1.1436403860807045     
    12945427           4   1.2099314030697608     
    12945427           5  0.95558699604817932     
    12945427           6   1.1332125369398467     
    12945427           7  0.54015952363182795     
    12945427           8  0.94449683994641587     
    12945427           9   1.0782149636230640     
    12945427          10  0.92096127071112088     
    12946001           1   1.3168661871970033     
    12946001           2  0.78964645036889625     
    12946001           3   1.0476410924622026     
    12946001           4   1.1022067678413157     
    12946001           5  0.85759964903429142     
    12946001           6  0.80930815009903456     
    12946001           7   1.1499362026576954     
    12946001           8  0.79573482670575935     
    12946001           9   1.1837247309555772     
    12946001          10  0.94733594267822396     
    12946172           1   1.2449399473258911     
    12946172           2   1.0079018835346243     
    12946172           3   1.1943731400439190     
    12946172           4  0.83019337444254626     
    12946172           5  0.87154473983334602     
    12946172           6   1.0609297697833220     
    12946172           7  0.47789885691398953     
    12946172           8   1.1945253742353239     
    12946172           9   1.0171456152318694     
    12946172          10   1.1005472986551683     
    12946692           1  0.81071507648682128     
    12946692           2   1.2182141204349775     
    12946692           3  0.95606425604638978     
    12946692           4   1.1714675910771568     
    12946692           5   1.1603810644908088     
    12946692           6  0.66618983487837757     
    12946692           7   1.0440230765241780     
    12946692           8   1.0461856195618442     
    12946692           9  0.72930792685670554     
    12946692          10   1.1974514336427413     
    12946888           1  0.97979872492794662     
    12946888           2  0.88708986395599165     
    12946888           3  0.70301311036015890     
    12946888           4   1.1339072538779085     
    12946888           5   1.0815518764092786     
    12946888           6   1.2147880126846777     
    12946888           7  0.97484613974204892     
    12946888           8  0.97258544904449573     
    12946888           9   1.2838303996726501     
    12946888          10  0.76858916932484234     
    12947830           1   1.0593338744356966     
    12947830           2  0.87996820916254626     
    12947830           3  0.86734274076594486     
    12947830           4  0.73919346298861177     
    12947830           5   1.0639543645618452     
    12947830           6   1.0406319058913918     
    12947830           7   1.1777078525116946     
    12947830           8   1.0289717387961546     
    12947830           9   1.0318960557631325     
    12947830          10   1.1109997951229811     
    12948199           1  0.91609539699375275     
    12948199           2   1.0789242707301097     
    12948199           3   1.3762480283243741     
    12948199           4  0.63445438834450052     
    12948199           5  0.92625296077873953     
    12948199           6  0.72827914278873185     
    12948199           7  0.98022955625839481     
    12948199           8   1.0459954191932310     
    12948199           9  0.98479080531920937     
    12948199          10   1.3287300312689561     
    12949393           1  0.99269568331251690     
    12949393           2   1.1043758306698939     
    12949393           3   1.2377385742087537     
    12949393           4  0.76418600860466335     
    12949393           5  0.47348959080046721     
    12949393           6   1.0729853106091483     
    12949393           7  0.83043365028374172     
    12949393           8   1.3050020951037582     
    12949393           9  0.98431134523219299     
    12949393          10   1.2347819111748646     
    12952097           1   1.3895192193832011     
    12952097           2  0.90546639899648906     
    12952097           3  0.82740345508529312     
    12952097           4  0.82773183627278102     
    12952097           5  0.91126409090560501     
    12952097           6   1.1466761819812825     
    12952097           7  0.72066640718549746     
    12952097           8   1.2152667093034772     
    12952097           9  0.97501025828391863     
    12952097          10   1.0809954426024522     
    12952159           1  0.89573401250572959     
    12952159           2   1.1726010943785627     
    12952159           3  0.97512533395701939     
    12952159           4   1.0659255755920611     
    12952159           5  0.91017517505331635     
    12952159           6   1.1143698233530266     
    12952159           7  0.97210816873350991     
    12952159           8   1.1303647110538770     
    12952159           9  0.92260010704859163     
    12952159          10  0.84099599832430616     
    12952290           1  0.79114162716727487     
    12952290           2  0.93408742869672767     
    12952290           3  0.95376878923304020     
    12952290           4   1.0344027124018729     
    12952290           5  0.74050174864339979     
    12952290           6  0.96145147210344817     
    12952290           7   1.0589517909615711     
    12952290           8   1.2466262767943466     
    12952290           9   1.1540218535073512     
    12952290          10   1.1250463004909690     
    12952506           1   1.0764024054249071     
    12952506           2  0.88124629241548791     
    12952506           3   1.2405753135298609     
    12952506           4  0.82444166795310736     
    12952506           5  0.77166244344091905     
    12952506           6   1.1164881854173578     
    12952506           7  0.97039663825978362     
    12952506           8   1.2776231620122125     
    12952506           9  0.98481851382882846     
    12952506          10  0.85634537771753683     
    12952988           1  0.78041466895585343     
    12952988           2   1.4483875563135375     
    12952988           3  0.72297938562184794     
    12952988           4   1.0865909188942158     
    12952988           5  0.96620506425363384     
    12952988           6   1.1170031859218670     
    12952988           7  0.80261867702336209     
    12952988           8   1.0269096539890510     
    12952988           9  0.79339107042656287     
    12952988          10   1.2554998186000674     
    12953426           1   1.0533441688234155     
    12953426           2   1.2272664567446017     
    12953426           3  0.99710890632663374     
    12953426           4  0.74300749727618354     
    12953426           5  0.77799863070175035     
    12953426           6  0.75633551846751657     
    12953426           7  0.78502228845691280     
    12953426           8   1.4281275540717913     
    12953426           9   1.1561974800363055     
    12953426          10   1.0755914990948880     
    12953442           1  0.85351851867071493     
    12953442           2   1.0072627591236936     
    12953442           3  0.82776812750179807     
    12953442           4   1.0577239063488255     
    12953442           5  0.85291928025028263     
    12953442           6  0.75919767400289750     
    12953442           7   1.1394842226061339     
    12953442           8   1.2311060516988557     
    12953442           9   1.1753855222597627     
    12953442          10   1.0956339375370345     
    12953526           1  0.77369441207266210     
    12953526           2  0.89162432103664635     
    12953526           3   1.0286027746011515     
    12953526           4  0.80182713359561908     
    12953526           5   1.0831833419963395     
    12953526           6   1.3664776125520168     
    12953526           7  0.95003210172311592     
    12953526           8   1.1146723928758902     
    12953526           9   1.0673992709952391     
    12953526          10  0.92248663855131985     
    12953561           1   1.1843563636301366     
    12953561           2  0.97094034594938405     
    12953561           3  0.50713665081113424     
    12953561           4  0.99625666394890666     
    12953561           5   1.1041837454233459     
    12953561           6   1.2030378358855307     
    12953561           7  0.79853178052325013     
    12953561           8   1.1555952147380244     
    12953561           9  0.85719282908092342     
    12953561          10   1.2227685700093645     
    12954323           1   1.0459266388316302     
    12954323           2   1.0068839476278952     
    12954323           3   1.0081516631685197     
    12954323           4  0.92284405973423134     
    12954323           5  0.79294403894489318     
    12954323           6  0.99826252450673292     
    12954323           7  0.96517552372037752     
    12954323           8   1.1555157438642132     
    12954323           9  0.95628475608131669     
    12954323          10   1.1480111035201910     
    12954722           1   1.0274637656500476     
    12954722           2   1.1450461671469816     
    12954722           3   1.1102118792610831     
    12954722           4   1.0326456535363666     
    12954722           5  0.79539718431110251     
    12954722           6  0.85734440256571220     
    12954722           7  0.85587798649745783     
    12954722           8   1.1581302712747130     
    12954722           9  0.87068809234169131     
    12954722          10   1.1471945974148430     
    12954836           1   1.0124990203740549     
    12954836           2   1.0593102382231903     
    12954836           3   1.0483420555075116     
    12954836           4  0.74911015487784738     
    12954836           5  0.93482978256070937     
    12954836           6  0.95564693616204188     
    12954836           7   1.1046066286199601     
    12954836           8   1.3100284954701191     
    12954836           9  0.95243529390100967     
    12954836          10  0.87319139430355552     
    12955093           1   1.2141830357133232     
    12955093           2   1.0515838215827411     
    12955093           3  0.68417862523279072     
    12955093           4   1.0174284098396282     
    12955093           5  0.95114995495189658     
    12955093           6   1.3494033424855465     
    12955093           7   1.1100961747012725     
    12955093           8  0.97510506726319723     
    12955093           9  0.70383402529220596     
    12955093          10  0.94303754293739672     
    12955912           1  0.74225041213241250     
    12955912           2   1.0485609176794266     
    12955912           3   1.1131482722376735     
    12955912           4  0.96732085558363101     
    12955912           5   1.0760999968531539     
    12955912           6  0.95685571718316553     
    12955912           7  0.98871347033587798     
    12955912           8   1.1031968624878963     
    12955912           9  0.98635164051426394     
    12955912          10   1.0175018549924981     
    12956509           1  0.80767571911423652     
    12956509           2   1.1233737705237037     
    12956509           3   1.0902597446824525     
    12956509           4   1.0397275793688394     
    12956509           5   1.0148207484872409     
    12956509           6  0.98973991282901286     
    12956509           7  0.69244923747810438     
    12956509           8   1.1641655075946595     
    12956509           9   1.0419887536398913     
    12956509          10   1.0357990262818595     
    12956541           1  0.94711103369168881     
    12956541           2  0.96354600928529932     
    12956541           3   1.0846406956767827     
    12956541           4   1.0057969907757951     
    12956541           5   1.1063058391268739     
    12956541           6  0.98654001669674818     
    12956541           7   1.0704204966247908     
    12956541           8  0.75883170154922142     
    12956541           9  0.97373460997760852     
    12956541          10   1.1030726065951897     
    12957208           1   1.0245298827235414     
    12957208           2   1.1471412855571519     
    12957208           3   1.1078632288935379     
    12957208           4  0.98262264442274139     
    12957208           5  0.71013877551250926     
    12957208           6   1.0135565293919309     
    12957208           7   1.0520777021283789     
    12957208           8   1.1032149513836591     
    12957208           9   1.0411837584552091     
    12957208          10  0.81767124153134207     
    12957939           1  0.59700535995052129     
    12957939           2   1.2091611934247488     
    12957939           3  0.81344455156912465     
    12957939           4   1.1335870607938172     
    12957939           5  0.95909705693294578     
    12957939           6   1.0490934465175819     
    12957939           7   1.0995552945929528     
    12957939           8   1.0138227644755406     
    12957939           9   1.0749550017971690     
    12957939          10   1.0502782699455986     
    12958127           1   1.1315765250701284     
    12958127           2   1.2477742698485788     
    12958127           3  0.64055968085974113     
    12958127           4  0.93865081140631301     
    12958127           5  0.92502003032301872     
    12958127           6  0.68902907748739983     
    12958127           7   1.3375507567195219     
    12958127           8  0.91670563760323687     
    12958127           9   1.0914118694027530     
    12958127          10   1.0817213412793059     
    12959326           1  0.94498226080374581     
    12959326           2   1.1193525097528387     
    12959326           3  0.98990750995521570     
    12959326           4   1.2163413815095514     
    12959326           5  0.93576596966354730     
    12959326           6  0.75490661851976704     
    12959326           7  0.87195037273877540     
    12959326           8  0.91953585266818949     
    12959326           9  0.88560627025730765     
    12959326          10   1.3616512541310628     
    12959888           1   1.0308419831509747     
    12959888           2   1.1251838268277508     
    12959888           3   1.0821039834650816     
    12959888           4  0.98867655550767575     
    12959888           5  0.71451392097584476     
    12959888           6   1.0198010232913139     
    12959888           7   1.0585595239134538     
    12959888           8   1.1100118283548490     
    12959888           9   1.0475984629529549     
    12959888          10  0.82270889156010429     
    12960402           1   1.1179029437566366     
    12960402           2   1.1247133516679284     
    12960402           3  0.78156621217602495     
    12960402           4  0.84428398900468771     
    12960402           5  0.97313900695210942     
    12960402           6   1.0438963458943880     
    12960402           7  0.74098494500952339     
    12960402           8   1.1303005880570860     
    12960402           9   1.0571167521363227     
    12960402          10   1.1860958653452924     
    12960485           1  0.79321503753033307     
    12960485           2  0.93653546895672113     
    12960485           3  0.95626841006406393     
    12960485           4   1.0371136572312445     
    12960485           5  0.74244244288419892     
    12960485           6  0.96397122757754028     
    12960485           7   1.0836046011656055     
    12960485           8   1.2498934134894804     
    12960485           9   1.1089609386245409     
    12960485          10   1.1279948024762718     
    12960808           1  0.77794970947970055     
    12960808           2   1.4438127875731528     
    12960808           3  0.72962834710459279     
    12960808           4   1.0831588939864658     
    12960808           5  0.96315328111349197     
    12960808           6   1.1134751030992889     
    12960808           7  0.80008358562597326     
    12960808           8   1.0236661338664221     
    12960808           9  0.81353786749165857     
    12960808          10   1.2515342906592524     
    12960830           1  0.89961374991040566     
    12960830           2  0.62318719816409573     
    12960830           3  0.87527994470618531     
    12960830           4   1.1906766543984137     
    12960830           5   1.1017046568195956     
    12960830           6  0.98707028319368662     
    12960830           7  0.96237986597141467     
    12960830           8   1.0215160758261401     
    12960830           9   1.2870137492936093     
    12960830          10   1.0515578217164523     
    12961928           1   1.0210054735711873     
    12961928           2   1.0283450964907792     
    12961928           3   1.2827024907187223     
    12961928           4  0.76943935607594083     
    12961928           5   1.0225514575760410     
    12961928           6  0.95628494544228482     
    12961928           7  0.79224005652304463     
    12961928           8   1.1037321065894268     
    12961928           9  0.79860579503973139     
    12961928          10   1.2250932219728432     
    12962033           1   1.0535551245087200     
    12962033           2   1.2275122442508097     
    12962033           3  0.99730859964519314     
    12962033           4  0.74315630111486564     
    12962033           5  0.77815444229606434     
    12962033           6  0.75648699153998522     
    12962033           7  0.78517950669549275     
    12962033           8   1.4386495533700541     
    12962033           9   1.1564290343933405     
    12962033          10   1.0635682021854749     
    12962422           1   1.1051303217743798     
    12962422           2   1.0847222541511119     
    12962422           3   1.1851392385804094     
    12962422           4  0.83528144268183302     
    12962422           5  0.88911089128764353     
    12962422           6   1.0660462360288088     
    12962422           7  0.81799606176159456     
    12962422           8  0.98630864426844533     
    12962422           9  0.95991142425037057     
    12962422          10   1.0703534852154026     
    12962469           1   1.0033792004961954     
    12962469           2   1.1396423634102546     
    12962469           3   1.1648638475461746     
    12962469           4  0.75856832569637533     
    12962469           5   1.0112254232213451     
    12962469           6   1.2827071286171703     
    12962469           7  0.77239159400110802     
    12962469           8   1.2298540529998523     
    12962469           9  0.89857558157994744     
    12962469          10  0.73879248243157625     
    12962771           1  0.87750658014337901     
    12962771           2  0.93322990577413589     
    12962771           3   1.1466696329860884     
    12962771           4  0.63010150204907278     
    12962771           5   1.1052335185096092     
    12962771           6  0.89660711722515429     
    12962771           7   1.0998188435129583     
    12962771           8   1.1867873544248950     
    12962771           9  0.95291064573382545     
    12962771          10   1.1711348996408821     
    12962793           1  0.97132568015199805     
    12962793           2   1.0514399322699821     
    12962793           3   1.1141843769975095     
    12962793           4  0.97770640422633504     
    12962793           5  0.93344743269652430     
    12962793           6   1.1727306718759998     
    12962793           7  0.48857380939132128     
    12962793           8   1.2515953027703908     
    12962793           9   1.1588566029730272     
    12962793          10  0.88013978664691206     
    12963541           1   1.3610565379370827     
    12963541           2  0.91265832402473268     
    12963541           3  0.84617017132452266     
    12963541           4  0.71171169895279596     
    12963541           5  0.93187083890440392     
    12963541           6  0.92969215046365761     
    12963541           7   1.0664748566946931     
    12963541           8   1.0379954967292173     
    12963541           9   1.0575987774893738     
    12963541          10   1.1447711474795212     
    12963646           1   1.1163145456629415     
    12963646           2   1.1231152768496089     
    12963646           3  0.78625609171223265     
    12963646           4  0.84308436869224290     
    12963646           5  0.97175630002555946     
    12963646           6   1.0424131017763771     
    12963646           7  0.73993209951816563     
    12963646           8   1.1286945744855150     
    12963646           9   1.0640230675058797     
    12963646          10   1.1844105737714792     
    12963852           1  0.94999696728362004     
    12963852           2  0.70188307954262852     
    12963852           3   1.2109356239416709     
    12963852           4  0.95742101012113079     
    12963852           5   1.1778015456903381     
    12963852           6  0.96172695373515560     
    12963852           7   1.0839783814940349     
    12963852           8  0.89233279168849688     
    12963852           9   1.0250425244393471     
    12963852          10   1.0388811220635765     
    12963880           1  0.89702588681959838     
    12963880           2   1.1742922808391554     
    12963880           3  0.96210918898075537     
    12963880           4   1.0674629090553189     
    12963880           5  0.91148787716505497     
    12963880           6   1.1159770256372328     
    12963880           7  0.97351019383912774     
    12963880           8   1.1319949819994106     
    12963880           9  0.92393072904533202     
    12963880          10  0.84220892661901547     
    12964116           1   1.1806448898393958     
    12964116           2  0.90207394485194192     
    12964116           3   1.2185678616093991     
    12964116           4  0.86082306403241671     
    12964116           5   1.0715935260120319     
    12964116           6  0.62084067786517982     
    12964116           7   1.1779441642974422     
    12964116           8   1.0455176364671410     
    12964116           9  0.99303378000802733     
    12964116          10  0.92896045501702307     
    12964339           1  0.98232513771196595     
    12964339           2   1.1634442148824102     
    12964339           3   1.0389296942800366     
    12964339           4   1.0233755025212947     
    12964339           5   1.2032036739045007     
    12964339           6  0.83394399941311026     
    12964339           7   1.1013728989224034     
    12964339           8   1.0665737450205444     
    12964339           9  0.85003340810022909     
    12964339          10  0.73679772524350418     
    12964371           1   1.0374718886321650     
    12964371           2  0.86055300105282084     
    12964371           3   1.1711782832925786     
    12964371           4   1.1391913524589397     
    12964371           5  0.72594873210804378     
    12964371           6   1.1688681203287143     
    12964371           7   1.0168608566180479     
    12964371           8   1.0377141083564818     
    12964371           9  0.88942187901242376     
    12964371          10  0.95279177813978477     
    12964546           1  0.74637626721416306     
    12964546           2   1.1724553440622172     
    12964546           3   1.1343782705546657     
    12964546           4  0.92580466344554146     
    12964546           5  0.65393092525450014     
    12964546           6  0.88654200313274989     
    12964546           7  0.96218579758715228     
    12964546           8   1.4398691966012047     
    12964546           9   1.0054653040128738     
    12964546          10   1.0729922281349324     
    12964704           1   1.3274036406038208     
    12964704           2  0.72788904554126310     
    12964704           3   1.1514357714720989     
    12964704           4   1.0056596844021779     
    12964704           5  0.65642428131094743     
    12964704           6   1.0493050417337257     
    12964704           7  0.79106882076578389     
    12964704           8   1.3130984390383125     
    12964704           9  0.77977375075650135     
    12964704          10   1.1979415243753684     
    12965218           1   1.1667664644642319     
    12965218           2  0.95746280511678861     
    12965218           3   1.0419736056693756     
    12965218           4  0.81954211195471183     
    12965218           5   1.0243197003950448     
    12965218           6  0.73664085502725973     
    12965218           7   1.0318514096336149     
    12965218           8   1.1345706890366960     
    12965218           9   1.0308633227866051     
    12965218          10   1.0560090359156731     
    12965756           1  0.87157543792163550     
    12965756           2   1.0144634832350641     
    12965756           3   1.1392186525142072     
    12965756           4   1.0391885279279169     
    12965756           5  0.99851924388422753     
    12965756           6   1.0008041446509655     
    12965756           7   1.0926620343225157     
    12965756           8  0.62080698675612078     
    12965756           9   1.0545347672116163     
    12965756          10   1.1682267215757305     
    12965828           1   1.1532450857477758     
    12965828           2   1.0526137494713939     
    12965828           3   1.1754024041819671     
    12965828           4  0.76609496501385366     
    12965828           5  0.65282341276124911     
    12965828           6  0.89273071966622553     
    12965828           7  0.76816281560531119     
    12965828           8   1.3863923044683968     
    12965828           9  0.91236718327564825     
    12965828          10   1.2401673598081768     
    12965900           1  0.83488619912182405     
    12965900           2   1.3126655385368005     
    12965900           3   1.1835964490722033     
    12965900           4  0.83069929589208391     
    12965900           5   1.1745082086751719     
    12965900           6  0.87413467253297039     
    12965900           7  0.81827538461133720     
    12965900           8  0.95981931386321695     
    12965900           9   1.0059766179452529     
    12965900          10   1.0054383197491408     
    12966100           1   1.3265184421998466     
    12966100           2  0.72740364215553022     
    12966100           3   1.1506679197983445     
    12966100           4   1.0049890456301094     
    12966100           5  0.65598653524157413     
    12966100           6   1.0486052974209845     
    12966100           7  0.75120872656178261     
    12966100           8   1.3190400679572098     
    12966100           9  0.77925374730124763     
    12966100          10   1.2363265757333712     
    12966468           1  0.93402145167534156     
    12966468           2  0.84410916052667095     
    12966468           3  0.64161072753215931     
    12966468           4   1.1027723818365289     
    12966468           5  0.99872359602174865     
    12966468           6   1.0728359202507329     
    12966468           7   1.5103611943310447     
    12966468           8  0.56980099584661181     
    12966468           9   1.0108553199165078     
    12966468          10   1.3149092520626542     
    12966490           1   1.1942670296731026     
    12966490           2   1.1757060530204684     
    12966490           3  0.85465327681932668     
    12966490           4   1.0216459685318267     
    12966490           5   1.1504983121959560     
    12966490           6  0.65615247877024463     
    12966490           7  0.81336480047921178     
    12966490           8   1.1777433382480647     
    12966490           9  0.92057288033305551     
    12966490          10   1.0353958619287447     
    12967105           1  0.85142573469748029     
    12967105           2   1.1917531040774394     
    12967105           3  0.88183155797056467     
    12967105           4   1.2941554461704310     
    12967105           5   1.2641014689976200     
    12967105           6  0.88456423275117857     
    12967105           7  0.49792795861606037     
    12967105           8   1.0214568581625982     
    12967105           9  0.90115176418547960     
    12967105          10   1.2116318743711476     
    12967864           1   1.1225427334138358     
    12967864           2  0.81207459074288424     
    12967864           3   1.0060982284022129     
    12967864           4   1.0162180642989955     
    12967864           5  0.61245366369492305     
    12967864           6   1.0360016686952318     
    12967864           7   1.0441642269573521     
    12967864           8   1.1063230181511852     
    12967864           9   1.0891109820127298     
    12967864          10   1.1550128236306501     
    12968076           1   1.0330162351209717     
    12968076           2  0.86386955593745807     
    12968076           3   1.1756919821019289     
    12968076           4   1.1388061123829782     
    12968076           5  0.72874652470248424     
    12968076           6   1.1733729158139781     
    12968076           7  0.99546972164532233     
    12968076           8   1.0417134387762421     
    12968076           9  0.89284969400317149     
    12968076          10  0.95646381951546489     
    12968373           1  0.59290451858038851     
    12968373           2   1.2008554417886725     
    12968373           3  0.80785698520345550     
    12968373           4   1.1258004293372157     
    12968373           5  0.97217558806023807     
    12968373           6   1.0418872033324771     
    12968373           7   1.0920024279969325     
    12968373           8   1.0068587962879045     
    12968373           9   1.0675711150884026     
    12968373          10   1.0920874943243135     
    12968380           1  0.71794066610751717     
    12968380           2   1.2196190536239138     
    12968380           3  0.80365488433792776     
    12968380           4   1.2193682789133717     
    12968380           5   1.0680891640901027     
    12968380           6  0.93904970028395107     
    12968380           7   1.1081627332418298     
    12968380           8  0.89784773068342938     
    12968380           9   1.1917668294612149     
    12968380          10  0.83450095925674117     
    12968539           1   1.0252532256741784     
    12968539           2   1.0326233840801109     
    12968539           3   1.2404341175920910     
    12968539           4  0.77264050213000046     
    12968539           5   1.0268056415317282     
    12968539           6  0.96026343673660985     
    12968539           7  0.79553606173876490     
    12968539           8   1.1083240314108533     
    12968539           9  0.80792954617089308     
    12968539          10   1.2301900529347709     
    12968586           1  0.86982772410282494     
    12968586           2   1.1622693177016374     
    12968586           3   1.0925526519386144     
    12968586           4  0.99905467411932147     
    12968586           5   1.0137263574945763     
    12968586           6   1.1238263402202031     
    12968586           7  0.43746349607164897     
    12968586           8   1.1248345836649782     
    12968586           9   1.1059851540269479     
    12968586          10   1.0704597006592469     
    12968662           1   1.1125283314817629     
    12968662           2   1.0635245127886279     
    12968662           3   1.0490683767015712     
    12968662           4   1.1190695412626470     
    12968662           5   1.1363719751598385     
    12968662           6  0.71434761919450052     
    12968662           7  0.86535315084090991     
    12968662           8   1.1445072023865119     
    12968662           9   1.0039027153827944     
    12968662          10  0.79132657480083624     
    12968965           1  0.97639622086405997     
    12968965           2  0.97668884964654012     
    12968965           3  0.96538773326914618     
    12968965           4  0.78967319068346942     
    12968965           5   1.0274962936961549     
    12968965           6  0.98220467218956109     
    12968965           7   1.0676899760267995     
    12968965           8   1.0982055183532400     
    12968965           9   1.1023730463180050     
    12968965          10   1.0138844989530231     
    12969467           1  0.94088530192914166     
    12969467           2  0.95721224399138150     
    12969467           3   1.0775109275822170     
    12969467           4  0.99918549323285166     
    12969467           5   1.0990336575592103     
    12969467           6  0.98005510278646202     
    12969467           7   1.1291181199896694     
    12969467           8  0.75384360357685576     
    12969467           9  0.96733387102095258     
    12969467          10   1.0958216783312593     
    12969538           1  0.99135269694677330     
    12969538           2  0.98522421541173766     
    12969538           3   1.0173375732929077     
    12969538           4  0.42899628063263379     
    12969538           5   1.0081828842206866     
    12969538           6  0.98467462622955648     
    12969538           7   1.2490653952956661     
    12969538           8   1.1598241539849861     
    12969538           9   1.2161618925117239     
    12969538          10  0.95918028147332901     
    12969567           1   1.0662390261313688     
    12969567           2  0.85824643228774689     
    12969567           3   1.1680391352758139     
    12969567           4   1.1313933640820761     
    12969567           5  0.72400294763169315     
    12969567           6   1.1657351643184017     
    12969567           7   1.0141353307208258     
    12969567           8   1.0349326887966366     
    12969567           9  0.88703793203577774     
    12969567          10  0.95023797871965854     
    12969657           1  0.82335502567020646     
    12969657           2   1.0665023527322905     
    12969657           3  0.91231816351584105     
    12969657           4   1.0549316918247553     
    12969657           5  0.83650059227885154     
    12969657           6  0.71255073728122365     
    12969657           7   1.1425478842095664     
    12969657           8   1.0761702128587678     
    12969657           9   1.2342086680730862     
    12969657          10   1.1409146715554124     
    12969727           1  0.94534615101534547     
    12969727           2   1.0851377087334293     
    12969727           3   1.0886192675292223     
    12969727           4  0.80980951881891705     
    12969727           5   1.1064640161378454     
    12969727           6   1.0031348675914993     
    12969727           7  0.89408016817876812     
    12969727           8   1.1846965307961388     
    12969727           9   1.0514514075883947     
    12969727          10  0.83126036361044009     
    12969797           1   1.0252411573594069     
    12969797           2   1.0326112290107803     
    12969797           3   1.2880238354966722     
    12969797           4  0.77263140733414759     
    12969797           5   1.0267935549433800     
    12969797           6  0.91732882947049788     
    12969797           7  0.79096339283780204     
    12969797           8   1.1083109852648427     
    12969797           9  0.80792003598567019     
    12969797          10   1.2301755722968015     
    12969916           1   1.0742075675748699     
    12969916           2  0.95466354438813161     
    12969916           3   1.1681224805540449     
    12969916           4  0.66759852493024441     
    12969916           5  0.99016043226366446     
    12969916           6   1.1306055521664102     
    12969916           7  0.90623576749004453     
    12969916           8  0.77805680496301333     
    12969916           9   1.1352724073489664     
    12969916          10   1.1950769183206111     
    12970644           1  0.94827258958178662     
    12970644           2   1.0801851298078153     
    12970644           3  0.78386797259959218     
    12970644           4   1.0334396032727153     
    12970644           5  0.82954049062502400     
    12970644           6  0.94883704524401957     
    12970644           7   1.2499795455283700     
    12970644           8   1.0021737823084256     
    12970644           9   1.0275536768221578     
    12970644          10   1.0961501642100944     
    12970725           1   1.0331283679435179     
    12970725           2  0.88778256859994875     
    12970725           3   1.1425947543874659     
    12970725           4   1.1825190745997283     
    12970725           5  0.74175778588837860     
    12970725           6   1.2064605589898056     
    12970725           7   1.0204946047197851     
    12970725           8   1.0376345940963014     
    12970725           9  0.81928059802614561     
    12970725          10  0.92834709274892291     
    12970801           1   1.3356969583274918     
    12970801           2  0.73243673166897882     
    12970801           3   1.1586296817486104     
    12970801           4   1.0119428186572867     
    12970801           5  0.66052547175515008     
    12970801           6   1.0558608623100418     
    12970801           7  0.72666904334255356     
    12970801           8   1.3281668393247286     
    12970801           9  0.78464560078748413     
    12970801          10   1.2054259920776753     
    12970906           1   1.0610712172902201     
    12970906           2  0.85328128467684461     
    12970906           3   1.1297447686962194     
    12970906           4  0.78052959900079211     
    12970906           5  0.99024327804617507     
    12970906           6   1.0276286650156454     
    12970906           7   1.0706976701209532     
    12970906           8   1.1539285825736638     
    12970906           9  0.96685867111625512     
    12970906          10  0.96601626346323177     
    12970910           1   1.1865457726894959     
    12970910           2  0.97003498092870144     
    12970910           3  0.50666376513255895     
    12970910           4   1.0097949014788341     
    12970910           5   1.1031541359898900     
    12970910           6   1.2019160487647131     
    12970910           7  0.79778717994608261     
    12970910           8   1.1460813010394211     
    12970910           9  0.85639352930244839     
    12970910          10   1.2216283847278535     
    12971021           1  0.91538177229531037     
    12971021           2  0.99783606990319373     
    12971021           3  0.92669217152073668     
    12971021           4   1.0477755678093756     
    12971021           5   1.0345399659322532     
    12971021           6   1.1758034041176266     
    12971021           7   1.1219246009399346     
    12971021           8  0.70747129548278898     
    12971021           9  0.94025260379966202     
    12971021          10   1.1323225481991168     
    12971301           1  0.71686917915058235     
    12971301           2  0.76865187208118213     
    12971301           3   1.2825122946076852     
    12971301           4  0.95476747465714751     
    12971301           5   1.1971914389349454     
    12971301           6   1.2285236770018284     
    12971301           7  0.62327075550294075     
    12971301           8   1.2041132735521813     
    12971301           9   1.1118525844349503     
    12971301          10  0.91224745007655628     
    12971405           1   1.1078943765727289     
    12971405           2   1.0556436806068827     
    12971405           3   1.0003234084448573     
    12971405           4  0.47335141530845631     
    12971405           5   1.0760413496737276     
    12971405           6   1.0678989803954448     
    12971405           7  0.94487926733750160     
    12971405           8   1.0767432009715474     
    12971405           9   1.1905875049689127     
    12971405          10   1.0066368157199401     
    12971428           1  0.79592546884858739     
    12971428           2   1.0636112194011409     
    12971428           3  0.92026653694986382     
    12971428           4   1.0885274047638616     
    12971428           5  0.83331937505960640     
    12971428           6  0.82887128794809206     
    12971428           7   1.0820097076360877     
    12971428           8   1.0537079544980772     
    12971428           9   1.1328935864307101     
    12971428          10   1.2008674584639727     
    12971476           1  0.87973502647318369     
    12971476           2   1.1238681717858936     
    12971476           3   1.2002253496338564     
    12971476           4  0.68713092868710657     
    12971476           5  0.65661594079956243     
    12971476           6   1.2399138454260106     
    12971476           7  0.81467789605173813     
    12971476           8   1.2421521942741507     
    12971476           9   1.1590248101747445     
    12971476          10  0.99665583669375279     
    12971495           1  0.94528611043245070     
    12971495           2   1.0850687897448836     
    12971495           3   1.0885501274208051     
    12971495           4  0.80975808640393188     
    12971495           5   1.1063937426783199     
    12971495           6   1.0030711567464214     
    12971495           7  0.89402338358785982     
    12971495           8   1.1584580585699262     
    12971495           9   1.0513846280755894     
    12971495          10  0.85800591633981305     
    12971501           1  0.94432409255957006     
    12971501           2  0.69769180849830004     
    12971501           3   1.2037045628645466     
    12971501           4  0.97668158629017687     
    12971501           5   1.1707683436396004     
    12971501           6  0.94201274421615067     
    12971501           7   1.1021339044989871     
    12971501           8  0.91640722918484419     
    12971501           9   1.0260595094779796     
    12971501          10   1.0202162187698431     
    12971524           1  0.85892195874102506     
    12971524           2   1.2016217171127934     
    12971524           3  0.88913378724792114     
    12971524           4   1.2804729958224328     
    12971524           5   1.2745691809694020     
    12971524           6  0.89188909063329302     
    12971524           7  0.49179658998527526     
    12971524           8   1.0299152900567767     
    12971524           9  0.86001429083877678     
    12971524          10   1.2216650985923050     
    12971821           1   1.3035754988219483     
    12971821           2   1.0727539762700138     
    12971821           3  0.47989929732136344     
    12971821           4   1.1021018845393995     
    12971821           5  0.93757065462279499     
    12971821           6   1.0769241052961462     
    12971821           7  0.85006001992601188     
    12971821           8  0.99342320812239771     
    12971821           9  0.95329083873452225     
    12971821          10   1.2304005163454002     
    12971893           1   1.0616688862288204     
    12971893           2   1.0816942182614708     
    12971893           3   1.0252586653418601     
    12971893           4  0.82593000634395097     
    12971893           5   1.0577578495947320     
    12971893           6  0.69375609910756475     
    12971893           7  0.98562207162732285     
    12971893           8   1.0448807982455859     
    12971893           9   1.0334407612280416     
    12971893          10   1.1899906440206514     
    12971913           1  0.94809718030618251     
    12971913           2   1.1115471485489969     
    12971913           3   1.2457758895142641     
    12971913           4  0.75525742412805164     
    12971913           5  0.47656421836273188     
    12971913           6   1.0799527926277641     
    12971913           7  0.83582611136293450     
    12971913           8   1.3134761893359796     
    12971913           9  0.99070301856715359     
    12971913          10   1.2428000272459399     
    12971945           1  0.84579537045886810     
    12971945           2  0.90271688610947243     
    12971945           3  0.93321090543351004     
    12971945           4   1.0414168890134208     
    12971945           5   1.0464703638081263     
    12971945           6   1.2069747566775337     
    12971945           7   1.2067058484808486     
    12971945           8  0.63005978844859223     
    12971945           9   1.0483697211713425     
    12971945          10   1.1382794703982857     
    12972161           1   1.1783319324795622     
    12972161           2  0.96600149186364381     
    12972161           3  0.50455701352411009     
    12972161           4  0.99118903408295556     
    12972161           5   1.0985671260035816     
    12972161           6   1.2561863739687422     
    12972161           7  0.79446991208479900     
    12972161           8   1.1413157962006328     
    12972161           9  0.85283257118883427     
    12972161          10   1.2165487486031374     
    12972169           1   1.1140495096568925     
    12972169           2   1.0615085242968487     
    12972169           3   1.0143672675875584     
    12972169           4  0.47598121560206702     
    12972169           5   1.0820195167728268     
    12972169           6   1.0433714733935591     
    12972169           7  0.98315603723282385     
    12972169           8   1.0827252673486241     
    12972169           9   1.1305917963281860     
    12972169          10   1.0122293917806127     
    12972183           1  0.92260452774546331     
    12972183           2   1.1855816454834847     
    12972183           3  0.98027731068195345     
    12972183           4   1.1759181147982394     
    12972183           5   1.0902610356498632     
    12972183           6  0.69110658161992911     
    12972183           7  0.83652357467023886     
    12972183           8  0.97255444175199590     
    12972183           9  0.85027631394709668     
    12972183          10   1.2948964536517362     
    12972234           1  0.70544191262358424     
    12972234           2  0.87480093604985931     
    12972234           3   1.2065862885393288     
    12972234           4  0.71895882346938733     
    12972234           5   1.1054071343733440     
    12972234           6   1.0467704776268929     
    12972234           7  0.99837407473022610     
    12972234           8   1.2457295314263261     
    12972234           9  0.92881670467582345     
    12972234          10   1.1691141164852275     
    12972340           1   1.1620971366243606     
    12972340           2  0.94072292240645816     
    12972340           3  0.77296607273086537     
    12972340           4   1.0686788110967267     
    12972340           5  0.67366959826931805     
    12972340           6   1.0436561764027861     
    12972340           7   1.1271750730355961     
    12972340           8   1.1409416474599108     
    12972340           9  0.99150944290851406     
    12972340          10   1.0785831190654660     
    12972345           1  0.98414587711299317     
    12972345           2  0.98444082848995318     
    12972345           3  0.97305001515830802     
    12972345           4  0.74142159800498741     
    12972345           5   1.0206772071363905     
    12972345           6  0.99000043011335692     
    12972345           7   1.0761642307584669     
    12972345           8   1.1069219749269736     
    12972345           9   1.1012461386547729     
    12972345          10   1.0219316996437986     
    12972373           1  0.94261418613644055     
    12972373           2  0.62437935964982616     
    12972373           3  0.84538915398961212     
    12972373           4   1.1929544271984873     
    12972373           5   1.1038122255635936     
    12972373           6  0.96011422395267854     
    12972373           7  0.96422090541226579     
    12972373           8   1.0234702432516620     
    12972373           9   1.2894758156326380     
    12972373          10   1.0535694592127973     
    12972390           1  0.87506102866868007     
    12972390           2  0.93062905716064037     
    12972390           3   1.1434739422922551     
    12972390           4  0.62834545178983214     
    12972390           5   1.1300226309540529     
    12972390           6  0.89410833384577804     
    12972390           7   1.0967537227998860     
    12972390           8   1.1834798583554140     
    12972390           9  0.95025494822948320     
    12972390          10   1.1678710259039806     
    12972504           1  0.73627626275950686     
    12972504           2   1.1225700455465175     
    12972504           3  0.92043083534591463     
    12972504           4   1.0593500949116543     
    12972504           5   1.1324648882456485     
    12972504           6  0.83658939324012571     
    12972504           7  0.86621055458781238     
    12972504           8   1.0143912144904512     
    12972504           9  0.90598581238358178     
    12972504          10   1.4057308984887871     
    12972588           1  0.86848453320336783     
    12972588           2   1.0108658486180093     
    12972588           3   1.1351785933810685     
    12972588           4   1.0355032098425410     
    12972588           5  0.99497815299533965     
    12972588           6  0.99725495072216452     
    12972588           7   1.0887870808871447     
    12972588           8  0.61860539276779802     
    12972588           9   1.0862584476781705     
    12972588          10   1.1640837899043937     
    12972612           1   1.0142856550190331     
    12972612           2   1.0084847627571185     
    12972612           3   1.1457621065956505     
    12972612           4  0.97104394332422783     
    12972612           5   1.0385861105528109     
    12972612           6  0.66395187428440061     
    12972612           7   1.1680381987166748     
    12972612           8  0.80680203125885785     
    12972612           9   1.0028612072409802     
    12972612          10   1.1801841102502468     
    12972623           1  0.80448540462545393     
    12972623           2   1.1202779394888884     
    12972623           3   1.0082785838744164     
    12972623           4   1.0536550138911098     
    12972623           5   1.0797508940551341     
    12972623           6  0.75078947554715825     
    12972623           7  0.90931641725963297     
    12972623           8   1.0204708254687396     
    12972623           9  0.84396005624702086     
    12972623          10   1.4090153895424442     
    12972646           1  0.65901854362785151     
    12972646           2   1.2773372951299271     
    12972646           3  0.90557913034567650     
    12972646           4  0.78376739948430085     
    12972646           5   1.0379294945226378     
    12972646           6  0.94985814172420724     
    12972646           7   1.1611160367376288     
    12972646           8   1.2686019549919461     
    12972646           9   1.1357962257366561     
    12972646          10  0.82099577769916743     
    12972784           1   1.3608565847188780     
    12972784           2  0.90857138372014368     
    12972784           3  0.83024074986639829     
    12972784           4  0.83057025712391153     
    12972784           5  0.91352491736130459     
    12972784           6   1.1506083124634037     
    12972784           7  0.72313768407400703     
    12972784           8   1.2194340473424539     
    12972784           9  0.97835371968760332     
    12972784          10   1.0847023436418954     
    12973040           1  0.83540552366257781     
    12973040           2   1.0127503978371062     
    12973040           3   1.2717468332444946     
    12973040           4  0.73506880747159364     
    12973040           5  0.94304344889822300     
    12973040           6  0.80218542623237399     
    12973040           7  0.95489469900946411     
    12973040           8   1.1056606499201873     
    12973040           9  0.96542892784699641     
    12973040          10   1.3738152858769830     
    12973196           1   1.3735630755907289     
    12973196           2  0.89506873636606255     
    12973196           3  0.81790220579016659     
    12973196           4  0.87585092990432323     
    12973196           5  0.90667066010186592     
    12973196           6   1.1335086562732046     
    12973196           7  0.71239084204105818     
    12973196           8   1.2013115440280675     
    12973196           9   1.0151512071546840     
    12973196          10   1.0685821427498396     
    12973208           1   1.2306856571882749     
    12973208           2   1.3487657330560407     
    12973208           3  0.75158174784899523     
    12973208           4   1.0190952428127842     
    12973208           5   1.0619877102169208     
    12973208           6  0.98830903107206747     
    12973208           7  0.95841292768859465     
    12973208           8   1.0081252606023050     
    12973208           9  0.53175372724453873     
    12973208          10   1.1012829622694769     
    12973217           1   1.0033582294952155     
    12973217           2   1.1713108662631944     
    12973217           3   1.2151061549670088     
    12973217           4   1.0303831210245245     
    12973217           5  0.84800405839973303     
    12973217           6  0.96979815922423196     
    12973217           7   1.0906638931494788     
    12973217           8  0.99122317332728271     
    12973217           9  0.96458360811146071     
    12973217          10  0.71556873603786986     
    12973506           1   1.1391390768218879     
    12973506           2   1.2561133943188914     
    12973506           3  0.64484066904681236     
    12973506           4  0.94492400211045147     
    12973506           5  0.88006843394797907     
    12973506           6  0.69363399632542766     
    12973506           7   1.3464898753687617     
    12973506           8  0.90713385842704519     
    12973506           9   1.0987059927448146     
    12973506          10   1.0889507008879282     
    12973528           1   1.1294736060875170     
    12973528           2   1.0199319350206337     
    12973528           3   1.0764856780612688     
    12973528           4  0.76408138618826160     
    12973528           5   1.0241636377882695     
    12973528           6  0.66860550510622441     
    12973528           7   1.0204733393449090     
    12973528           8   1.1793560745418714     
    12973528           9  0.97266190096156768     
    12973528          10   1.1447669368994755     
    12973599           1  0.72643971446209010     
    12973599           2  0.79250788828539098     
    12973599           3   1.1261427472157319     
    12973599           4  0.99715636461071366     
    12973599           5   1.1398994493781840     
    12973599           6   1.2303441620917746     
    12973599           7  0.59469233176011116     
    12973599           8   1.3063726861589255     
    12973599           9   1.0489820126217646     
    12973599          10   1.0374626434153131     
    12973615           1  0.80269815893318952     
    12973615           2   1.1164506200361246     
    12973615           3   1.0835406699799452     
    12973615           4   1.0333199253119880     
    12973615           5   1.0085665907491452     
    12973615           6  0.98364032376981292     
    12973615           7  0.68818179737770457     
    12973615           8   1.1569909649686827     
    12973615           9   1.0971953656823481     
    12973615          10   1.0294155831910581     
    12973650           1  0.62745121673349868     
    12973650           2   1.0959406625006676     
    12973650           3   1.1381545755188713     
    12973650           4   1.1093785134758589     
    12973650           5   1.1703136682764832     
    12973650           6  0.81779850906311680     
    12973650           7  0.91339544634822711     
    12973650           8  0.90386308454099995     
    12973650           9   1.1264893784798482     
    12973650          10   1.0972149450624291     
    12973659           1   1.0465961218966646     
    12973659           2   1.0392193908671696     
    12973659           3   1.0109319907780172     
    12973659           4  0.88730729601718983     
    12973659           5  0.98910377695654661     
    12973659           6  0.86167863745679274     
    12973659           7  0.93711480265897151     
    12973659           8   1.2286121885825358     
    12973659           9  0.99411610203110023     
    12973659          10   1.0053196927550119     
    12973707           1   1.0910470155366232     
    12973707           2  0.90460786121255543     
    12973707           3   1.1837217428836257     
    12973707           4  0.76961821512359307     
    12973707           5   1.0002608423442152     
    12973707           6   1.0933844121799061     
    12973707           7  0.91178216547558932     
    12973707           8   1.1497908360762765     
    12973707           9  0.68318412601381884     
    12973707          10   1.2126027831537975     
    12973747           1   1.0631467196122808     
    12973747           2   1.0243377428374574     
    12973747           3   1.1511891451892942     
    12973747           4   1.1519113198392241     
    12973747           5  0.96189448232469099     
    12973747           6   1.1406924655645334     
    12973747           7  0.54372492248774029     
    12973747           8  0.95073112408884086     
    12973747           9   1.0853318730350869     
    12973747          10  0.92704020502085094     
    12973960           1  0.94918540702022258     
    12973960           2   1.0895446886104814     
    12973960           3   1.0930403867725782     
    12973960           4  0.81309833112813612     
    12973960           5   1.1109576067803577     
    12973960           6   1.0072088161234372     
    12973960           7  0.89771122189473773     
    12973960           8   1.1488956691301724     
    12973960           9   1.0557215800813851     
    12973960          10  0.83463629245849214     
    12974036           1   1.2224304856139421     
    12974036           2  0.84510682592614883     
    12974036           3   1.0573318592467300     
    12974036           4   1.1057374362048309     
    12974036           5  0.86504966656371074     
    12974036           6  0.83699459471518578     
    12974036           7   1.1609177263749251     
    12974036           8  0.75669778958546285     
    12974036           9   1.1782453371878161     
    12974036          10  0.97148827858124764     
    12974072           1   1.1103737453643747     
    12974072           2   1.0357937468916527     
    12974072           3   1.0470366907690236     
    12974072           4   1.1169022870635699     
    12974072           5   1.1341712120758034     
    12974072           6  0.71296417266127321     
    12974072           7  0.86367725834210352     
    12974072           8   1.1422906841552609     
    12974072           9   1.0019584998580617     
    12974072          10  0.83483170281887831     
    12974197           1  0.77648832405597124     
    12974197           2  0.89484409338640492     
    12974197           3   1.0323171941099141     
    12974197           4  0.80472263652563758     
    12974197           5   1.0870948590915932     
    12974197           6   1.3714121424091026     
    12974197           7  0.95346279222845642     
    12974197           8   1.0914443664451843     
    12974197           9   1.0623957329708666     
    12974197          10  0.92581785877686951     
    12974249           1  0.61678053499304974     
    12974249           2   1.1077992141891200     
    12974249           3   1.1467844390467963     
    12974249           4   1.0719875038918918     
    12974249           5   1.2263179955615668     
    12974249           6  0.77891044793352415     
    12974249           7  0.92379167301429377     
    12974249           8  0.94921128301121083     
    12974249           9   1.0998616314382534     
    12974249          10   1.0785552769202942     
    12974289           1  0.78156411613437049     
    12974289           2   1.4268181555200301     
    12974289           3  0.73301824946084460     
    12974289           4   1.0881913230326929     
    12974289           5  0.96762815601389152     
    12974289           6   1.1186483832913248     
    12974289           7  0.80380082775736095     
    12974289           8   1.0284221555492139     
    12974289           9  0.79455963012135000     
    12974289          10   1.2573490031189201     
    12974352           1  0.97166058715172632     
    12974352           2   1.0819841053586468     
    12974352           3   1.0854555461247377     
    12974352           4  0.80745606818226079     
    12974352           5   1.1032484347169025     
    12974352           6   1.0002195790725048     
    12974352           7  0.89148181203189192     
    12974352           8   1.1812535917594218     
    12974352           9   1.0483957026021025     
    12974352          10  0.82884457299980452     
    12974370           1  0.80385868241009351     
    12974370           2   1.1194052038643274     
    12974370           3   1.0074930996578564     
    12974370           4   1.0528341798514431     
    12974370           5   1.0994654415591161     
    12974370           6  0.75020458433511283     
    12974370           7  0.89584266598749140     
    12974370           8   1.0196758430703374     
    12974370           9  0.84330258189995899     
    12974370          10   1.4079177173642621     
    12974380           1   1.1951549160664170     
    12974380           2   1.0860771794291761     
    12974380           3  0.67345649161877830     
    12974380           4   1.0202632856322007     
    12974380           5  0.93624396910574981     
    12974380           6   1.3616368093133902     
    12974380           7   1.0801329073140720     
    12974380           8   1.0259718891651848     
    12974380           9  0.69280386126347215     
    12974380          10  0.92825869109155845     
    12974429           1   1.2031038172575197     
    12974429           2   1.0933794008274607     
    12974429           3  0.67793560895864857     
    12974429           4   1.0270489934407685     
    12974429           5  0.94247086965323801     
    12974429           6   1.3706929712467932     
    12974429           7   1.0873168042617216     
    12974429           8  0.96620739554500912     
    12974429           9  0.69741165675840500     
    12974429          10  0.93443248205043605     
    12974671           1  0.84845269641865850     
    12974671           2   1.0988316376920038     
    12974671           3   1.1067235930503128     
    12974671           4   1.1596619530030337     
    12974671           5   1.0468362299786316     
    12974671           6  0.88944650599847175     
    12974671           7   1.1056506735822325     
    12974671           8   1.1361575934451749     
    12974671           9  0.56397627327168975     
    12974671          10   1.0442628435597894     
    12974695           1  0.79011488531062146     
    12974695           2   1.0419916341101829     
    12974695           3   1.1173503229043600     
    12974695           4  0.98524499653212694     
    12974695           5   1.0235775509641185     
    12974695           6  0.94157021132919427     
    12974695           7  0.98237996995782639     
    12974695           8   1.0770384339996621     
    12974695           9   1.0093039787701255     
    12974695          10   1.0314280161217821     
    12974711           1  0.87685681495748324     
    12974711           2  0.95843244866285060     
    12974711           3   1.1458205612821286     
    12974711           4  0.59711558792737052     
    12974711           5   1.1184455798303059     
    12974711           6  0.89594320871052624     
    12974711           7   1.0990044633003448     
    12974711           8   1.1859085768482747     
    12974711           9  0.95220504628092317     
    12974711          10   1.1702677121997920     
    12974765           1   1.0165590471184749     
    12974765           2  0.99055365360742376     
    12974765           3   1.1483301864142745     
    12974765           4  0.97322041463488895     
    12974765           5   1.0386917420823001     
    12974765           6  0.66544003783866024     
    12974765           7   1.1706562075583347     
    12974765           8  0.80861037524420487     
    12974765           9   1.0051089928959351     
    12974765          10   1.1828293426055041     
    12974830           1   1.1159917804774966     
    12974830           2   1.1963318620658798     
    12974830           3  0.87068312894748900     
    12974830           4  0.87426760658980252     
    12974830           5   1.1240743589930189     
    12974830           6  0.60146371771038221     
    12974830           7  0.68460607400554163     
    12974830           8   1.1831573752510971     
    12974830           9   1.0917864468674388     
    12974830          10   1.2576376490918544     
    12974934           1  0.86011491140403007     
    12974934           2   1.0150473596912015     
    12974934           3  0.83416550909537701     
    12974934           4   1.0300445718257167     
    12974934           5  0.84286759756971430     
    12974934           6  0.76506511086617979     
    12974934           7   1.1099159100418847     
    12974934           8   1.2406206185602924     
    12974934           9   1.1980568987914446     
    12974934          10   1.1041015121541602     
    12974980           1  0.98865524135820748     
    12974980           2  0.98254343532808253     
    12974980           3   1.0145694132515939     
    12974980           4  0.42782898828730559     
    12974980           5   1.0384806444121855     
    12974980           6  0.97616417879102746     
    12974980           7   1.2456667073802539     
    12974980           8   1.1566682901278986     
    12974980           9   1.2128527345262159     
    12974980          10  0.95657036653723104     
    12974986           1   1.0077228513303456     
    12974986           2   1.0543132509020403     
    12974986           3   1.0433968073917321     
    12974986           4  0.74557644604449558     
    12974986           5  0.93041999551029386     
    12974986           6   1.0064194142502370     
    12974986           7   1.0993959687783914     
    12974986           8   1.3038488178402783     
    12974986           9  0.94794245798183463     
    12974986          10  0.86096398997035184     
    12975009           1   1.1623819934010637     
    12975009           2  0.94095351526397586     
    12975009           3  0.77315554452030499     
    12975009           4   1.0689407688899832     
    12975009           5  0.67383473020560636     
    12975009           6   1.0234795719193739     
    12975009           7   1.1274513696100956     
    12975009           8   1.1412213185389102     
    12975009           9   1.0097336830179375     
    12975009          10   1.0788475046327481     
    12975157           1   1.0052169004489060     
    12975157           2   1.0516914415256593     
    12975157           3   1.0408021444387954     
    12975157           4  0.74372238671689450     
    12975157           5  0.92810627720492844     
    12975157           6   1.0039167046858872     
    12975157           7   1.0966620501286612     
    12975157           8   1.3006064768632752     
    12975157           9  0.96236441193347311     
    12975157          10  0.86691120605351923     
    12975211           1  0.97968046571053291     
    12975211           2  0.97997407879072973     
    12975211           3  0.94483018410064845     
    12975211           4  0.79232936657956710     
    12975211           5   1.0309524207634588     
    12975211           6  0.98550845457205083     
    12975211           7   1.0712813001495964     
    12975211           8   1.1018994857580175     
    12975211           9   1.0962494027248415     
    12975211          10   1.0172948408505558     
    12975232           1   1.3598338081271988     
    12975232           2  0.91183842087749467     
    12975232           3  0.84540999901435465     
    12975232           4  0.73741768063495616     
    12975232           5  0.91367199630867812     
    12975232           6  0.92885694466970159     
    12975232           7   1.0655167696774202     
    12975232           8   1.0370629946611551     
    12975232           9   1.0566486644587330     
    12975232          10   1.1437427215703084     
    12975279           1   1.0483457901587669     
    12975279           2   1.3159869612868631     
    12975279           3   1.0880790337099500     
    12975279           4  0.61708548554360021     
    12975279           5  0.72254830875185683     
    12975279           6  0.90124320188265949     
    12975279           7  0.75171102722973326     
    12975279           8   1.3199672455013995     
    12975279           9   1.1051211435290624     
    12975279          10   1.1299118024061099     
    12975308           1  0.62103485547091852     
    12975308           2   1.1035244824662933     
    12975308           3   1.1546945273941742     
    12975308           4   1.0223213415381183     
    12975308           5   1.2347766765103023     
    12975308           6  0.78428307965755684     
    12975308           7  0.93016364101395455     
    12975308           8  0.95575858593344754     
    12975308           9   1.1074480638821740     
    12975308          10   1.0859947461330623     
    12975348           1   1.0195461377551300     
    12975348           2   1.1362224501682758     
    12975348           3   1.1360029901590181     
    12975348           4   1.0246880940531549     
    12975348           5  0.78926785971145974     
    12975348           6  0.85073771317748748     
    12975348           7  0.89199612545407825     
    12975348           8   1.1492057282899864     
    12975348           9  0.86397857658243182     
    12975348          10   1.1383543246489769     
    12975471           1  0.97645838424426867     
    12975471           2  0.97675103165729438     
    12975471           3  0.96544919578142319     
    12975471           4  0.78972346612876931     
    12975471           5   1.0275617104208443     
    12975471           6  0.98226720537145540     
    12975471           7   1.0677579517281659     
    12975471           8   1.1074380691542780     
    12975471           9   1.0926439364462410     
    12975471          10   1.0139490490672589     
    12975583           1   1.1116840478196373     
    12975583           2  0.61568486567301584     
    12975583           3   1.2002082971121977     
    12975583           4  0.94174385018925200     
    12975583           5  0.97492499390223852     
    12975583           6   1.1004521623628067     
    12975583           7   1.0976654572293103     
    12975583           8   1.1388091028440810     
    12975583           9  0.89141548536637583     
    12975583          10  0.92741173750108330     
    12975609           1  0.85261345678771916     
    12975609           2  0.90137433669617817     
    12975609           3  0.94073366180993589     
    12975609           4   1.0498119104354047     
    12975609           5   1.0549061220662461     
    12975609           6   1.1447123190931494     
    12975609           7   1.2164332895804708     
    12975609           8  0.63513879713085719     
    12975609           9   1.0568207904407589     
    12975609          10   1.1474553159592797     
    12975627           1  0.51264618686796115     
    12975627           2  0.70603051563906694     
    12975627           3   1.2202366212227576     
    12975627           4   1.1249734776083160     
    12975627           5   1.0332665984071028     
    12975627           6  0.96428987392004395     
    12975627           7   1.0410864695711584     
    12975627           8   1.2736192376729778     
    12975627           9  0.98213558692815972     
    12975627          10   1.1417154321624563     
    12975632           1  0.80791363272883521     
    12975632           2   1.1122045811678478     
    12975632           3   1.0905808978762037     
    12975632           4   1.0400338475167503     
    12975632           5   1.0151196799355049     
    12975632           6  0.99003145632177991     
    12975632           7  0.69265320931620200     
    12975632           8   1.1645084308958660     
    12975632           9   1.0508501270284798     
    12975632          10   1.0361041372125321     
    12975692           1   1.3149866567007356     
    12975692           2  0.78851940754619532     
    12975692           3   1.0299236145323885     
    12975692           4   1.1311285735079586     
    12975692           5  0.85637561829402342     
    12975692           6  0.80815304461923876     
    12975692           7   1.1482949271942726     
    12975692           8  0.79459909409429386     
    12975692           9   1.1820352299625012     
    12975692          10  0.94598383354839322     
    12975706           1  0.87047250558038713     
    12975706           2   1.1631308787984234     
    12975706           3   1.0933625338194872     
    12975706           4   1.0082548813981305     
    12975706           5  0.99900652646540766     
    12975706           6   1.1418897602197584     
    12975706           7  0.39400605478502460     
    12975706           8   1.1518186602592322     
    12975706           9   1.1068049930847466     
    12975706          10   1.0712532055894024     
    12975720           1  0.67976670962013674     
    12975720           2   1.2468113756640160     
    12975720           3   1.0475552485304080     
    12975720           4   1.0398764371895857     
    12975720           5   1.2175042719704541     
    12975720           6  0.58573332750851737     
    12975720           7  0.95373182321881977     
    12975720           8  0.95010273711784465     
    12975720           9   1.1604701016603562     
    12975720          10   1.1184479675198618     
    12975733           1  0.87702743074130529     
    12975733           2   1.0208092880682105     
    12975733           3   1.1463448422200027     
    12975733           4   1.0456889960985856     
    12975733           5   1.0047653122233497     
    12975733           6   1.0070645058005914     
    12975733           7   1.0994969969732045     
    12975733           8  0.62469033991975076     
    12975733           9  0.99857792160101866     
    12975733          10   1.1755343663539786     
    12975737           1   1.0517489199665007     
    12975737           2  0.90914339824464596     
    12975737           3   1.1736552923571562     
    12975737           4  0.80819876276474745     
    12975737           5  0.90854416888830725     
    12975737           6   1.2057321533950047     
    12975737           7  0.96943736276955128     
    12975737           8  0.75389173321334435     
    12975737           9   1.1413230504306024     
    12975737          10   1.0783251579701401     
    12975748           1  0.82864722189369289     
    12975748           2   1.0733574025558767     
    12975748           3  0.91818217914585021     
    12975748           4   1.0617123700758739     
    12975748           5  0.84187728293765796     
    12975748           6  0.71713072793326660     
    12975748           7   1.1292906987192410     
    12975748           8   1.0830874038137679     
    12975748           9   1.1984666989740675     
    12975748          10   1.1482480139507063     
    12975774           1  0.86799139276997195     
    12975774           2   1.1598156001364601     
    12975774           3   1.0902461162741921     
    12975774           4   1.0053810466861053     
    12975774           5  0.99615905239286462     
    12975774           6   1.1386350252407667     
    12975774           7  0.43653994776138522     
    12975774           8   1.1333817519280245     
    12975774           9   1.1036502604201655     
    12975774          10   1.0681998063900628     
    12975820           1  0.86462176773949417     
    12975820           2   1.1553130858148761     
    12975820           3   1.0860136772968252     
    12975820           4   1.0014780619695514     
    12975820           5  0.99229186833408267     
    12975820           6   1.1342147359227057     
    12975820           7  0.45857116386584951     
    12975820           8   1.1440769004928715     
    12975820           9   1.0993657852820686     
    12975820          10   1.0640529532816734     
    12975822           1   1.1232657461539934     
    12975822           2   1.0702901031394456     
    12975822           3   1.0227588593004657     
    12975822           4  0.47991888211790917     
    12975822           5   1.0909707776230997     
    12975822           6   1.0520030092182868     
    12975822           7  0.90856207556597313     
    12975822           8   1.0916823666864670     
    12975822           9   1.1399448827810958     
    12975822          10   1.0206032974132628     
    12975860           1  0.96865652963261339     
    12975860           2  0.72224171569561613     
    12975860           3   1.1771252801739107     
    12975860           4   1.0094163765555193     
    12975860           5   1.0650533374297682     
    12975860           6   1.1284088405927319     
    12975860           7  0.66302022945717376     
    12975860           8   1.0742672899629999     
    12975860           9   1.0977721450388078     
    12975860          10   1.0940382554608574     
    12975967           1   1.3622873948235059     
    12975967           2  0.90952665933933829     
    12975967           3  0.83111366834107214     
    12975967           4  0.82503916093535623     
    12975967           5  0.91037572190132254     
    12975967           6   1.1518180666861688     
    12975967           7  0.72389799395311449     
    12975967           8   1.2207161652206029     
    12975967           9  0.97938236473642626     
    12975967          10   1.0858428040630919     
    12976009           1  0.91642174700508650     
    12976009           2   1.0699396489123425     
    12976009           3   1.3767383032030771     
    12976009           4  0.63468040650538904     
    12976009           5  0.92658292932267072     
    12976009           6  0.73434516107718528     
    12976009           7  0.98057875343572398     
    12976009           8   1.0463680448150048     
    12976009           9  0.98514162739683564     
    12976009          10   1.3292033783266828     
    12976035           1  0.77773491977356157     
    12976035           2  0.89628070071219124     
    12976035           3   1.0339745045336564     
    12976035           4  0.80601456038522723     
    12976035           5   1.0888401110856982     
    12976035           6   1.3736138451917641     
    12976035           7  0.95499350762603641     
    12976035           8   1.1204936090009099     
    12976035           9   1.0729736100457654     
    12976035          10  0.87508063164519045     
    12976053           1   1.0613880635464716     
    12976053           2  0.88167458442034952     
    12976053           3  0.86902463356328452     
    12976053           4  0.74062685731222500     
    12976053           5   1.0565537339634650     
    12976053           6   1.0426498294006783     
    12976053           7   1.1799915844914661     
    12976053           8   1.0210395026859826     
    12976053           9   1.0338970392984976     
    12976053          10   1.1131541713175785     
    12976079           1  0.85027388787410718     
    12976079           2  0.90749680503156149     
    12976079           3  0.93815229130301125     
    12976079           4   1.0469312295228046     
    12976079           5   1.0708555973985037     
    12976079           6   1.1415712317276403     
    12976079           7   1.2130954000748237     
    12976079           8  0.63339597806816650     
    12976079           9   1.0539208771812505     
    12976079          10   1.1443067018181292     
    12976145           1   1.0013015008532724     
    12976145           2  0.87743756489691249     
    12976145           3  0.73854987372603897     
    12976145           4   1.1569927850677502     
    12976145           5   1.1493395796281838     
    12976145           6   1.1472408047056208     
    12976145           7  0.91117289278950975     
    12976145           8  0.95632027033512013     
    12976145           9   1.2623600693240729     
    12976145          10  0.79928465867351794     
    12976173           1   1.1375477607964302     
    12976173           2   1.2016494626784280     
    12976173           3  0.64393986131279635     
    12976173           4  0.94360399409914431     
    12976173           5  0.93625089394184757     
    12976173           6  0.69266502693739274     
    12976173           7   1.3536449856084016     
    12976173           8  0.92154301742906841     
    12976173           9   1.0817255018720582     
    12976173          10   1.0874294953244332     
    12976181           1  0.85052669477311393     
    12976181           2  0.85558475190467687     
    12976181           3   1.1392844674236544     
    12976181           4   1.3282592180985533     
    12976181           5   1.0318265628439629     
    12976181           6  0.90123480697566516     
    12976181           7   1.0912546703002088     
    12976181           8  0.93699798218250407     
    12976181           9  0.66657464342600714     
    12976181          10   1.1984562020716527     
    12976247           1   1.0089806980695204     
    12976247           2   1.0556292521051145     
    12976247           3   1.0446991826133623     
    12976247           4  0.74650707979982278     
    12976247           5  0.93158135228201999     
    12976247           6   1.0076756340300959     
    12976247           7   1.1007682425464858     
    12976247           8   1.2848757215208324     
    12976247           9  0.94912568641425898     
    12976247          10  0.87015715061848931     
    12976269           1  0.61180837714765335     
    12976269           2   1.2812528512815808     
    12976269           3  0.73754314975329016     
    12976269           4   1.1305977136068155     
    12976269           5  0.94063681560436241     
    12976269           6   1.1295561694997502     
    12976269           7   1.1281948780473539     
    12976269           8  0.97085181558139877     
    12976269           9  0.99108264312737437     
    12976269          10   1.0784755863504194     
    12976273           1  0.77839045744850910     
    12976273           2   1.4446307807489434     
    12976273           3  0.73004171857070799     
    12976273           4   1.0837725584388129     
    12976273           5  0.96369895629934166     
    12976273           6   1.1141059432217670     
    12976273           7  0.80053687355827108     
    12976273           8   1.0412461622039926     
    12976273           9  0.79133320119567008     
    12976273          10   1.2522433483139834     
    12976296           1  0.84299037055046455     
    12976296           2   1.1103484514231587     
    12976296           3   1.0995985229824390     
    12976296           4   1.1521960665594091     
    12976296           5   1.0858854899542429     
    12976296           6  0.88372026259256620     
    12976296           7   1.0985325109539716     
    12976296           8   1.1288430277195705     
    12976296           9  0.56034540239398145     
    12976296          10   1.0375398948701953     
    12976330           1   1.2030822208203127     
    12976330           2  0.59788579418686061     
    12976330           3  0.98105872404468819     
    12976330           4  0.80146752007990929     
    12976330           5  0.65941659950210574     
    12976330           6   1.4264654165120982     
    12976330           7  0.72594502368980585     
    12976330           8   1.4108152806753296     
    12976330           9  0.92406074027735152     
    12976330          10   1.2698026802115387     
    12976336           1  0.97207280048480660     
    12976336           2   1.0522486745571238     
    12976336           3   1.1073496215069580     
    12976336           4  0.97845843245851383     
    12976336           5  0.93416541799314112     
    12976336           6   1.1736327080805089     
    12976336           7  0.48894960860525416     
    12976336           8   1.2525579997506673     
    12976336           9   1.1597479675776932     
    12976336          10  0.88081676898533301     
    12976362           1   1.1377952121689940     
    12976362           2   1.1963512173032573     
    12976362           3  0.64407993789509199     
    12976362           4  0.94380925678045202     
    12976362           5  0.93983889257834474     
    12976362           6  0.69281570273101623     
    12976362           7   1.3539394447258091     
    12976362           8  0.92174348117432670     
    12976362           9   1.0819608101987943     
    12976362          10   1.0876660444439146     
    12976369           1  0.87416907246927256     
    12976369           2   1.1680702549032893     
    12976369           3   1.0980056302000789     
    12976369           4   1.0125365578281613     
    12976369           5   1.0187859102590886     
    12976369           6   1.1294354068331558     
    12976369           7  0.43964689559022607     
    12976369           8   1.1304486824652373     
    12976369           9   1.1115051744961766     
    12976369          10   1.0173964149553136     
    12976370           1  0.92292372512171317     
    12976370           2   1.1173742228873005     
    12976370           3  0.99131883464030701     
    12976370           4  0.94180514656622272     
    12976370           5   1.0335627579089322     
    12976370           6  0.82598027668415175     
    12976370           7   1.0746154919492656     
    12976370           8   1.1202994747494035     
    12976370           9  0.92788409491072399     
    12976370          10   1.0442359745819805     
    12976385           1   1.1908443606738406     
    12976385           2   1.0576073274146196     
    12976385           3  0.70839742912272963     
    12976385           4   1.1321009397543960     
    12976385           5   1.0957716669219792     
    12976385           6  0.84522411209708759     
    12976385           7   1.2456331075040559     
    12976385           8  0.98054195316163262     
    12976385           9   1.0766826365225879     
    12976385          10  0.66719646682707145     
    12976388           1   1.2032659963319985     
    12976388           2   1.0934479889021105     
    12976388           3  0.67802699506185937     
    12976388           4   1.0271874402255026     
    12976388           5  0.94259791525908787     
    12976388           6   1.3708777414339399     
    12976388           7   1.0861941696165767     
    12976388           8  0.96633764084796336     
    12976388           9  0.69750566824386573     
    12976388          10  0.93455844407709421     
    12976423           1  0.86333744828228287     
    12976423           2   1.1535969700164477     
    12976423           3   1.0844004996640246     
    12976423           4  0.99999045454518543     
    12976423           5  0.99081790619099908     
    12976423           6   1.1325299598641410     
    12976423           7  0.43419933390223542     
    12976423           8   1.1423774750577584     
    12976423           9   1.1362775561074085     
    12976423          10   1.0624723963695157     
    12976444           1   1.1128767940616053     
    12976444           2   1.0607254584051544     
    12976444           3   1.0493969625565396     
    12976444           4   1.1194200526593792     
    12976444           5   1.1367279059697961     
    12976444           6  0.71457136488011141     
    12976444           7  0.86562419399808976     
    12976444           8   1.1448656812864251     
    12976444           9   1.0042171545932075     
    12976444          10  0.79157443158969276     
    12976461           1   1.0746888928803757     
    12976461           2  0.95509130503330675     
    12976461           3   1.1686458867622977     
    12976461           4  0.66789765898372411     
    12976461           5  0.99060409816860218     
    12976461           6   1.1266314003161368     
    12976461           7  0.90664182887037181     
    12976461           8  0.77840543258457739     
    12976461           9   1.1357810942683233     
    12976461          10   1.1956124021322847     
    12976510           1   1.3176977317885410     
    12976510           2  0.79014507827916936     
    12976510           3   1.0483026329382050     
    12976510           4   1.0965881925367360     
    12976510           5  0.85814118647886428     
    12976510           6  0.80981919353051246     
    12976510           7   1.1506623381141527     
    12976510           8  0.79623729916490416     
    12976510           9   1.1844722024203815     
    12976510          10  0.94793414474853466     
    12976530           1   1.2533303904961632     
    12976530           2  0.76302641239904034     
    12976530           3   1.0648268647134853     
    12976530           4  0.71396637276882724     
    12976530           5  0.51760122992327029     
    12976530           6   1.2615028267908195     
    12976530           7  0.88366828051211144     
    12976530           8   1.2602791966847704     
    12976530           9   1.1013996011666234     
    12976530          10   1.1803988245448889     
    12976532           1   1.0190985201264446     
    12976532           2  0.76151540610178470     
    12976532           3   1.1046725096304266     
    12976532           4  0.95221553012326576     
    12976532           5   1.1555598378288323     
    12976532           6   1.0351967136895290     
    12976532           7   1.0341138126820983     
    12976532           8  0.93112666286000156     
    12976532           9  0.94685004638640546     
    12976532          10   1.0596509605712110     
    12976570           1  0.87324900914161829     
    12976570           2   1.0164114234997810     
    12976570           3   1.1414061436562957     
    12976570           4   1.0366255493725718     
    12976570           5  0.98579328411202582     
    12976570           6   1.0027258566915451     
    12976570           7   1.0947601289385949     
    12976570           8  0.62199904043385734     
    12976570           9   1.0565596510714521     
    12976570          10   1.1704699130822582     
    12976571           1  0.98604171214951974     
    12976571           2  0.97994606279657537     
    12976571           3   1.0118873794294381     
    12976571           4  0.42669801410091868     
    12976571           5   1.0357354007890396     
    12976571           6  0.98582107775401595     
    12976571           7   1.2423737634015666     
    12976571           8   1.1678084003466682     
    12976571           9   1.2096465349179819     
    12976571          10  0.95404165431427679     
    12976572           1   1.0167420440072874     
    12976572           2  0.99073196910943606     
    12976572           3   1.1485369042159004     
    12976572           4  0.97339560987663298     
    12976572           5   1.0411013501923461     
    12976572           6  0.66555982768949185     
    12976572           7   1.1708669444008815     
    12976572           8  0.80875593804584500     
    12976572           9   1.0012671416551024     
    12976572          10   1.1830422708070742     
    12976596           1  0.61503583376221294     
    12976596           2   1.0928647469166943     
    12976596           3   1.1435405036292625     
    12976596           4   1.0689551482785569     
    12976596           5   1.2228490817504691     
    12976596           6  0.77670712610327763     
    12976596           7  0.92117852234318354     
    12976596           8  0.94652622730689540     
    12976596           9   1.1368384670125340     
    12976596          10   1.0755043428969151     
    12976603           1   1.0715358721691226     
    12976603           2   1.2492956636127197     
    12976603           3  0.93370736661987674     
    12976603           4  0.99300115680556522     
    12976603           5   1.0970265629677354     
    12976603           6  0.50988275256483973     
    12976603           7  0.71281249450309037     
    12976603           8   1.2275191176146483     
    12976603           9   1.0110220733334860     
    12976603          10   1.1941969398089163     
    12976612           1  0.73332972172476585     
    12976612           2   1.1180775759792156     
    12976612           3  0.95676682018556203     
    12976612           4   1.0551106284468315     
    12976612           5   1.1279328200093146     
    12976612           6  0.83324140403947933     
    12976612           7  0.86274402297065445     
    12976612           8   1.0103316712320900     
    12976612           9  0.90236010216025309     
    12976612          10   1.4001052332518331     
    12976615           1   1.1999949227122695     
    12976615           2   1.0397729351731686     
    12976615           3  0.71384082276602923     
    12976615           4   1.0899203028285929     
    12976615           5   1.1041916812825869     
    12976615           6  0.85171889506750353     
    12976615           7   1.2552046715167426     
    12976615           8  0.98807653137352480     
    12976615           9   1.0849559689466708     
    12976615          10  0.67232326833290978     
    12976631           1  0.96879051645195235     
    12976631           2  0.61272157800586358     
    12976631           3   1.2197237743884379     
    12976631           4  0.95410254352213986     
    12976631           5   1.1695108869554902     
    12976631           6  0.93575006399569982     
    12976631           7   1.1898129991570965     
    12976631           8  0.84509617683441784     
    12976631           9   1.0173079187477327     
    12976631          10   1.0871835419411686     
    12976678           1   1.1987111330486948     
    12976678           2   1.1668474146631473     
    12976678           3  0.85783361037798911     
    12976678           4   1.0254477148620884     
    12976678           5   1.1547795435335091     
    12976678           6  0.65859415167366897     
    12976678           7  0.81639149146672629     
    12976678           8   1.1821259537059507     
    12976678           9  0.92399851374946707     
    12976678          10   1.0152704729187589     
    12976684           1   1.1254613793678616     
    12976684           2   1.0363243753580496     
    12976684           3   1.0881691168438965     
    12976684           4  0.76136714148423945     
    12976684           5   1.0205255034479128     
    12976684           6  0.66623041917412507     
    12976684           7   1.0168483140439650     
    12976684           8   1.1751666504342502     
    12976684           9  0.96920671613281617     
    12976684          10   1.1407003837128840     
    12976688           1   1.1078909226881113     
    12976688           2  0.81702316762978910     
    12976688           3   1.2651264350552791     
    12976688           4  0.83795461447101893     
    12976688           5  0.78475117688768170     
    12976688           6   1.1185059990660606     
    12976688           7  0.96720158326173111     
    12976688           8   1.2944429016523837     
    12976688           9  0.88232562969922368     
    12976688          10  0.92477756958872048     
    12976707           1  0.85486033775098169     
    12976707           2   1.0088462799957880     
    12976707           3  0.82906946431315209     
    12976707           4   1.0237518718657241     
    12976707           5  0.87417401208339207     
    12976707           6  0.76039121099405471     
    12976707           7   1.1412756092463876     
    12976707           8   1.2330414772975575     
    12976707           9   1.1772333494432827     
    12976707          10   1.0973563870096770     
    12976724           1   1.0435559817993236     
    12976724           2   1.0046017832556147     
    12976724           3   1.0058666254410249     
    12976724           4  0.92075237693478074     
    12976724           5  0.81381239734648847     
    12976724           6  0.99599990112001668     
    12976724           7  0.96298789405519014     
    12976724           8   1.1528966963876208     
    12976724           9  0.95411727788760314     
    12976724          10   1.1454090657723368     
    12976758           1  0.85799856368633720     
    12976758           2   1.2069622652652372     
    12976758           3  0.88863911356973524     
    12976758           4   1.2797605987729159     
    12976758           5   1.2738600685344734     
    12976758           6  0.89139288402937678     
    12976758           7  0.49152297668705580     
    12976758           8   1.0293422919410160     
    12976758           9  0.85953581792655231     
    12976758          10   1.2209854195873011     
    12976762           1   1.3629808410167632     
    12976762           2  0.91394866808808728     
    12976762           3  0.84736651241780425     
    12976762           4  0.71271793857324217     
    12976762           5  0.91905004242368760     
    12976762           6  0.93100657746828719     
    12976762           7   1.0679826712445943     
    12976762           8   1.0394630462948498     
    12976762           9   1.0590940427688558     
    12976762          10   1.1463896597038283     
    12976763           1   1.2399194816123196     
    12976763           2   1.1884801954150936     
    12976763           3   1.0596338352480148     
    12976763           4  0.95820955835018085     
    12976763           5  0.67787014300775006     
    12976763           6   1.1150204450710224     
    12976763           7  0.32501041532226649     
    12976763           8   1.2147569293866125     
    12976763           9  0.97726398465567899     
    12976763          10   1.2438350119310602     
    12976793           1   1.0175258427129710     
    12976793           2  0.93554844592305419     
    12976793           3   1.1494223025765371     
    12976793           4  0.97414599314605343     
    12976793           5   1.0419039273018262     
    12976793           6  0.71028536163386491     
    12976793           7   1.1717695568195949     
    12976793           8  0.80937940184493795     
    12976793           9   1.0060648989488836     
    12976793          10   1.1839542690922766     
    12976795           1   1.3297112258578681     
    12976795           2  0.70493652474768231     
    12976795           3   1.1534374506343039     
    12976795           4   1.0074079434752514     
    12976795           5  0.65756542251744798     
    12976795           6   1.0511291747760314     
    12976795           7  0.79244403075458991     
    12976795           8   1.3222148519928278     
    12976795           9  0.78112932516785405     
    12976795          10   1.2000240500761434     
    12976800           1   1.0628255923121193     
    12976800           2   1.2038362313028701     
    12976800           3  0.73098872641801926     
    12976800           4  0.99566077355213889     
    12976800           5  0.89966335482055593     
    12976800           6  0.68946212451842614     
    12976800           7  0.98390277668930448     
    12976800           8   1.1043479729251617     
    12976800           9   1.1299194389919058     
    12976800          10   1.1993930084694986     
    12976813           1  0.86512981301166780     
    12976813           2   1.1559919391274212     
    12976813           3   1.1045157325350647     
    12976813           4   1.0020665229747601     
    12976813           5  0.99287493160074247     
    12976813           6   1.1348811920029425     
    12976813           7  0.43510077003611003     
    12976813           8   1.1447491515071133     
    12976813           9   1.1000117643800298     
    12976813          10   1.0646781828241478     
    12976816           1   1.0249257092900133     
    12976816           2   1.0322935133042974     
    12976816           3   1.2876275339735390     
    12976816           4  0.77239368269341602     
    12976816           5   1.0264776292294659     
    12976816           6  0.91704658406298722     
    12976816           7  0.82021941146004229     
    12976816           8   1.1079699781192751     
    12976816           9  0.78124888823415728     
    12976816          10   1.2297970696328082     
    12976879           1   1.1517701740222075     
    12976879           2   1.0527551997138207     
    12976879           3   1.1755603547646039     
    12976879           4  0.76619791286018146     
    12976879           5  0.65291113917565635     
    12976879           6  0.89313676956934840     
    12976879           7  0.76826604132941478     
    12976879           8   1.3865786078751918     
    12976879           9  0.91248978718360718     
    12976879          10   1.2403340135059673     
    12976885           1  0.86789029776879723     
    12976885           2  0.89523090246442005     
    12976885           3   1.0242564453958403     
    12976885           4   1.0683630542115088     
    12976885           5   1.0554658340417093     
    12976885           6  0.88297299853549627     
    12976885           7  0.79087786535542370     
    12976885           8   1.2059161360419208     
    12976885           9   1.3024166277125087     
    12976885          10  0.90660983847237386     
    12976894           1   1.1067243114971550     
    12976894           2  0.81616284072295353     
    12976894           3   1.2637942545789476     
    12976894           4  0.83707224671194080     
    12976894           5  0.78392483244679401     
    12976894           6   1.1437957051504475     
    12976894           7  0.96618311820543645     
    12976894           8   1.2930798508824961     
    12976894           9  0.86545906270653117     
    12976894          10  0.92380377709729911     
    12976904           1   1.0824225220426025     
    12976904           2  0.89745712939021483     
    12976904           3   1.1743646754751149     
    12976904           4  0.81036168150220034     
    12976904           5  0.99235399414768877     
    12976904           6   1.0279120609794927     
    12976904           7  0.90457472231124458     
    12976904           8   1.1946939722163767     
    12976904           9  0.67778370149854139     
    12976904          10   1.2380755404365225     
    12976911           1   1.0035732216428888     
    12976911           2   1.1715618460541886     
    12976911           3   1.2153665188871201     
    12976911           4   1.0306039038651922     
    12976911           5  0.84818576240971832     
    12976911           6  0.97000596036935849     
    12976911           7   1.0887548667941378     
    12976911           8  0.99143556526526921     
    12976911           9  0.96479029192131260     
    12976911          10  0.71572206279081441     
    12976915           1  0.74981118676771297     
    12976915           2   1.1778511343142508     
    12976915           3   1.1395988252183262     
    12976915           4  0.93006533555011728     
    12976915           5  0.65694039945738658     
    12976915           6  0.87953357610282557     
    12976915           7  0.96661390034906902     
    12976915           8   1.4464956597876886     
    12976915           9  0.97515970611449121     
    12976915          10   1.0779302763381322     
    12976922           1  0.82545871713808561     
    12976922           2   1.3059365075134768     
    12976922           3   1.1881520288750889     
    12976922           4  0.81361736620919922     
    12976922           5   1.1845595018584143     
    12976922           6  0.86545577334290735     
    12976922           7  0.81015108775422551     
    12976922           8   1.0268585165268671     
    12976922           9  0.98435473645925919     
    12976922          10  0.99545576432247673     
    12976924           1  0.73568800308752902     
    12976924           2   1.1216731502910731     
    12976924           3  0.92768510205075327     
    12976924           4   1.0585037102448354     
    12976924           5   1.1315600873476963     
    12976924           6  0.83592098679143334     
    12976924           7  0.86551848183947222     
    12976924           8   1.0135807504387420     
    12976924           9  0.90526196055816521     
    12976924          10   1.4046077673502999     
    12976929           1  0.79674117343229067     
    12976929           2  0.94069871748870415     
    12976929           3  0.96051937885952854     
    12976929           4   1.0417240132231829     
    12976929           5  0.74574287571656428     
    12976929           6  0.96825643826214647     
    12976929           7   1.0664468453769760     
    12976929           8   1.2329707161677894     
    12976929           9   1.1138906825080248     
    12976929          10   1.1330091589647935     
    12976968           1   1.1815205266517088     
    12976968           2  0.90177078931164945     
    12976968           3   1.2041556241716034     
    12976968           4  0.86146150186435255     
    12976968           5   1.0723882838154055     
    12976968           6  0.62829701060542764     
    12976968           7   1.1434779291951862     
    12976968           8   1.0462930548323857     
    12976968           9  0.99377027320859002     
    12976968          10  0.96686500634369310     
    12976969           1   1.1214510598926553     
    12976969           2   1.0685610014086544     
    12976969           3   1.0211065464288329     
    12976969           4  0.44595202744299911     
    12976969           5   1.0892082653338637     
    12976969           6   1.0503034511090403     
    12976969           7  0.95644122601670745     
    12976969           8   1.0899187047931402     
    12976969           9   1.1381032506254385     
    12976969          10   1.0189544669486699     
    12976989           1   1.0165236169152598     
    12976989           2   1.2292773344615060     
    12976989           3  0.99874267059195698     
    12976989           4  0.74422491604580321     
    12976989           5  0.77927338248989109     
    12976989           6  0.75757477521753325     
    12976989           7  0.78630854851759979     
    12976989           8   1.4407182465787529     
    12976989           9   1.1580919111406260     
    12976989          10   1.0892645980410698     
    12976990           1   1.0276532725462146     
    12976990           2   1.1678393774319453     
    12976990           3   1.0780394287474924     
    12976990           4  0.90064857473828164     
    12976990           5   1.1139369807557471     
    12976990           6  0.58400313655604696     
    12976990           7   1.0151792588949111     
    12976990           8   1.0758405560904185     
    12976990           9  0.99656539326413185     
    12976990          10   1.0402940209748095     
    12977012           1  0.74584150426823481     
    12977012           2   1.0588446870318373     
    12977012           3   1.1262516719364650     
    12977012           4  0.96710801554686721     
    12977012           5   1.0356519091998100     
    12977012           6  0.97686431846742161     
    12977012           7  0.95584290967695096     
    12977012           8   1.0944583298343855     
    12977012           9   1.0138946989342019     
    12977012          10   1.0252419551038270     
    12977014           1   1.2704711645651829     
    12977014           2   1.1994321936837034     
    12977014           3  0.61524160321574040     
    12977014           4  0.55137531201950085     
    12977014           5   1.2188979986163151     
    12977014           6  0.83508148145105110     
    12977014           7   1.1985361910560337     
    12977014           8  0.92868430521708689     
    12977014           9   1.0029636024372592     
    12977014          10   1.1793161477381247     
    12977023           1   1.0966987791839184     
    12977023           2  0.80876943041513993     
    12977023           3   1.2523458658474991     
    12977023           4  0.82948942344625198     
    12977023           5  0.77682345800584396     
    12977023           6   1.1334343525691399     
    12977023           7  0.95743071259597756     
    12977023           8   1.3561605093516664     
    12977023           9  0.87341219349102661     
    12977023          10  0.91543527509353451     
    12977025           1  0.82092806173071864     
    12977025           2  0.93932878634422201     
    12977025           3  0.99250054221871042     
    12977025           4   1.0539745461845371     
    12977025           5  0.76421795324564423     
    12977025           6  0.87579956124722580     
    12977025           7   1.0535147631010118     
    12977025           8   1.2628728119741246     
    12977025           9   1.1089149497207242     
    12977025          10   1.1279480242330799     
    12977030           1   1.0393957425482541     
    12977030           2  0.86214878237395165     
    12977030           3   1.1733500779710073     
    12977030           4   1.1365376825735478     
    12977030           5  0.72729490767814731     
    12977030           6   1.1710356311165495     
    12977030           7   1.0187464901109240     
    12977030           8   1.0396384114369002     
    12977030           9  0.87729367016034843     
    12977030          10  0.95455860403037185     
    12977045           1   1.2271675601064249     
    12977045           2  0.84838172297398162     
    12977045           3   1.0638182576636208     
    12977045           4   1.1100223102046793     
    12977045           5  0.86840184466989701     
    12977045           6  0.84023805582944289     
    12977045           7   1.1654164310572777     
    12977045           8  0.75963009030910122     
    12977045           9   1.1416708072620407     
    12977045          10  0.97525291992353391     
    12977047           1   1.0492009450202926     
    12977047           2   1.0109010430817673     
    12977047           3   1.1360884784276941     
    12977047           4   1.2019417497367109     
    12977047           5  0.94927687895507395     
    12977047           6   1.1257294884795421     
    12977047           7  0.53659263766836407     
    12977047           8   1.0042938919293636     
    12977047           9   1.0710950857886687     
    12977047          10  0.91487980091252052     
    12977048           1  0.88392933510278426     
    12977048           2   1.1109626353998905     
    12977048           3  0.98563056359733459     
    12977048           4  0.93640098923950454     
    12977048           5   1.0276320876730123     
    12977048           6  0.82124073222504368     
    12977048           7   1.1595286765612329     
    12977048           8   1.1138711019202052     
    12977048           9  0.92255981775197260     
    12977048          10   1.0382440605290206     
    12977052           1   1.2078774046296039     
    12977052           2   1.0976385296008371     
    12977052           3  0.65134629224207274     
    12977052           4   1.0311240433535651     
    12977052           5  0.96962738629928835     
    12977052           6   1.3423954701874024     
    12977052           7   1.0916309803883588     
    12977052           8  0.97004104261355706     
    12977052           9  0.70017879574515940     
    12977052          10  0.93814005494015507     
    12977055           1   1.0672966531667198     
    12977055           2   1.0651145012689653     
    12977055           3   1.1403427665378036     
    12977055           4  0.92083472464923666     
    12977055           5  0.82191825042260891     
    12977055           6   1.0404131081339585     
    12977055           7  0.63030533030886493     
    12977055           8   1.2124195207096333     
    12977055           9   1.0957551336138540     
    12977055          10   1.0056000111883565     
    12977073           1   1.0699076154523433     
    12977073           2   1.0225430225883687     
    12977073           3   1.0311848224888369     
    12977073           4  0.93430508434701698     
    12977073           5  0.84314754602866238     
    12977073           6  0.91394549489351118     
    12977073           7  0.97052742497689215     
    12977073           8   1.1225710346412314     
    12977073           9  0.93201683625208132     
    12977073          10   1.1598511183310538     
    12977085           1   1.0325830581369884     
    12977085           2  0.86350730760478578     
    12977085           3   1.1751989765812163     
    12977085           4   1.1172224124079706     
    12977085           5  0.72844093780953290     
    12977085           6   1.1728808827524644     
    12977085           7   1.0203517731420366     
    12977085           8   1.0412766147746029     
    12977085           9  0.89247529336506981     
    12977085          10  0.95606274342533137     
    12977095           1   1.1435568979359432     
    12977095           2   1.0139974949123709     
    12977095           3  0.72057394514287754     
    12977095           4   1.1223931799269828     
    12977095           5  0.82795648270749445     
    12977095           6  0.79639068467948215     
    12977095           7   1.3346578650406655     
    12977095           8  0.94313893900980705     
    12977095           9   1.1712122475130562     
    12977095          10  0.92612226313131962     
    12977098           1   1.2845934497906699     
    12977098           2   1.2127648249312848     
    12977098           3  0.62208049704153801     
    12977098           4  0.50596040620746074     
    12977098           5   1.2175143771280645     
    12977098           6  0.84436406825545940     
    12977098           7   1.2118588625304039     
    12977098           8  0.93900736095302539     
    12977098           9   1.0141123309243387     
    12977098          10   1.1477438222377554     
    12977112           1  0.74776992318461499     
    12977112           2   1.1746445875605929     
    12977112           3   1.1364964154086150     
    12977112           4  0.92753335345533905     
    12977112           5  0.65515196453224367     
    12977112           6  0.87713916016092675     
    12977112           7  0.95636834261232795     
    12977112           8   1.4425577632004658     
    12977112           9   1.0073427387406018     
    12977112          10   1.0749957511442723     
    12977126           1  0.50995065863476985     
    12977126           2  0.74627352057685770     
    12977126           3   1.2138205347523299     
    12977126           4   1.1190582911733769     
    12977126           5   1.0278336129294652     
    12977126           6  0.96309674926520106     
    12977126           7   1.0356123666834189     
    12977126           8   1.2669224618041124     
    12977126           9  0.97697145175812927     
    12977126          10   1.1404603524223380     
    12977128           1   1.2361661672918458     
    12977128           2   1.1848825910519052     
    12977128           3   1.0564262569275880     
    12977128           4  0.95530899770031197     
    12977128           5  0.67273511073572645     
    12977128           6   1.1116452079962214     
    12977128           7  0.32402658833654491     
    12977128           8   1.2110797836956417     
    12977128           9  0.97430574505795797     
    12977128          10   1.2734235512062553     
    12977139           1  0.72961885992969444     
    12977139           2  0.79597617038908741     
    12977139           3   1.1310711281115058     
    12977139           4   1.0015202575448883     
    12977139           5   1.0817289667682739     
    12977139           6   1.2551242546133883     
    12977139           7  0.59729490619746028     
    12977139           8   1.3120898141208508     
    12977139           9   1.0535727120901912     
    12977139          10   1.0420029302346605     
    12977157           1   1.1184989095078313     
    12977157           2   1.1990194789406352     
    12977157           3  0.87263916033319766     
    12977157           4  0.87623169067635787     
    12977157           5   1.1265996459234302     
    12977157           6  0.60281493478361148     
    12977157           7  0.69404376177541871     
    12977157           8   1.1554502282481112     
    12977157           9   1.0942391974555266     
    12977157          10   1.2604629923558799     
    12977163           1  0.97759351917201331     
    12977163           2   1.0867299801698764     
    12977163           3  0.84082558708375943     
    12977163           4   1.0515624696659831     
    12977163           5  0.85161929587709628     
    12977163           6  0.87509776523648963     
    12977163           7   1.2662997890061209     
    12977163           8  0.85608019206599650     
    12977163           9   1.1111674225694774     
    12977163          10   1.0830239791531877     
    12977175           1  0.94045170094072528     
    12977175           2  0.69483078236007823     
    12977175           3   1.1987685292532813     
    12977175           4  0.94780114936513193     
    12977175           5   1.1659673716457266     
    12977175           6   1.0080848634284760     
    12977175           7   1.0730869126603124     
    12977175           8  0.91264931630122215     
    12977175           9   1.0147432242883754     
    12977175          10   1.0436161497566714     
    12977176           1  0.93465271816677764     
    12977176           2  0.61910575317765371     
    12977176           3  0.86954746664409011     
    12977176           4   1.1828785460998408     
    12977176           5   1.0944892535485353     
    12977176           6   1.0051679211995421     
    12977176           7  0.95607694368643625     
    12977176           8   1.0148258522808986     
    12977176           9   1.2785846996757557     
    12977176          10   1.0446708455204676     
    12977179           1   1.0592716983781398     
    12977179           2  0.87991656071124924     
    12977179           3  0.86729183334811111     
    12977179           4  0.73915007710583247     
    12977179           5   1.0638919173113557     
    12977179           6   1.0411577629415014     
    12977179           7   1.1776387286660497     
    12977179           8   1.0289113447998899     
    12977179           9   1.0318354901283462     
    12977179          10   1.1109345866095235     
    12977183           1   1.0526666194477454     
    12977183           2  0.98095308756719513     
    12977183           3   1.1670051966366874     
    12977183           4  0.75971973348153465     
    12977183           5   1.0933543290970167     
    12977183           6   1.1449394168597211     
    12977183           7  0.90110504066220687     
    12977183           8  0.75312679795976045     
    12977183           9   1.0572187023495017     
    12977183          10   1.0899110759386312     
    12977187           1   1.0805393461744670     
    12977187           2  0.88463318906224264     
    12977187           3   1.2334344315749752     
    12977187           4  0.82761024720804144     
    12977187           5  0.74810393364933281     
    12977187           6   1.1207791879712141     
    12977187           7  0.97412616671105856     
    12977187           8   1.2825334551283112     
    12977187           9  0.98860346991982806     
    12977187          10  0.85963657260053095     
    12977190           1  0.85245235649501017     
    12977190           2  0.88063787475579103     
    12977190           3  0.99391966911266794     
    12977190           4   1.0803230813416056     
    12977190           5   1.1101292107834881     
    12977190           6  0.89285763557530995     
    12977190           7  0.74321155111469861     
    12977190           8   1.1805794425294445     
    12977190           9   1.3434566828121430     
    12977190          10  0.92243249547984063     
    12977191           1   1.3198336604924099     
    12977191           2  0.72373800554897061     
    12977191           3   1.1448693092273172     
    12977191           4  0.99992456090476978     
    12977191           5  0.65268079394796974     
    12977191           6   1.0433210154332446     
    12977191           7  0.78655747617038252     
    12977191           8   1.3626385111269743     
    12977191           9  0.77532682021927468     
    12977191          10   1.1911098469286880     
    12977198           1  0.85649191936798941     
    12977198           2   1.0107717583132851     
    12977198           3  0.83065182161464368     
    12977198           4   1.0257057989117582     
    12977198           5  0.87584245567025154     
    12977198           6  0.76184248936878451     
    12977198           7   1.1434538414344484     
    12977198           8   1.2353948533035839     
    12977198           9   1.1794802103713886     
    12977198          10   1.0803648516438646     
    12977203           1   1.1520026967825341     
    12977203           2   1.0199642466321823     
    12977203           3   1.1313261020115846     
    12977203           4   1.1370635452054660     
    12977203           5  0.84546477143890664     
    12977203           6  0.85218382677276350     
    12977203           7  0.51772853979741329     
    12977203           8   1.0700256188445698     
    12977203           9  0.99761002563882673     
    12977203          10   1.2766306268757530     
    12977204           1   1.0115644804567943     
    12977204           2   1.0583324913982930     
    12977204           3   1.0473744323512415     
    12977204           4  0.74841872374747453     
    12977204           5  0.93396693160474076     
    12977204           6   1.0102560744292763     
    12977204           7   1.0573259023583961     
    12977204           8   1.3088193348713135     
    12977204           9  0.95155619300031991     
    12977204          10  0.87238543578215011     
    12977215           1   1.1132614829706757     
    12977215           2  0.63282829404420227     
    12977215           3   1.2019113446283924     
    12977215           4  0.94308014700440945     
    12977215           5  0.97630837343172217     
    12977215           6   1.1020136599181165     
    12977215           7   1.0992230005616179     
    12977215           8   1.1099656315716135     
    12977215           9  0.89268036824704211     
    12977215          10  0.92872769762220675     
    12977221           1   1.0829743197131285     
    12977221           2  0.89791463534866445     
    12977221           3   1.1749633434435645     
    12977221           4  0.81077478791769952     
    12977221           5  0.99285987665766706     
    12977221           6   1.0233382673603775     
    12977221           7  0.90503585667829956     
    12977221           8   1.1953030036596772     
    12977221           9  0.67812922227253791     
    12977221          10   1.2387066869483845     
    12977224           1  0.58551746257328463     
    12977224           2   1.2043161886275850     
    12977224           3  0.81018514928594643     
    12977224           4   1.1290448750394160     
    12977224           5  0.95525403760098693     
    12977224           6   1.0448898194009570     
    12977224           7   1.0951494711956926     
    12977224           8   1.0097604639451661     
    12977224           9   1.0706477496551354     
    12977224          10   1.0952347826758317     
    12977231           1   1.0499732950715113     
    12977231           2   1.2233390032037006     
    12977231           3  0.99391799461932273     
    12977231           4  0.74062975166922396     
    12977231           5  0.77550890774047043     
    12977231           6  0.75391512101121050     
    12977231           7  0.78251008864118221     
    12977231           8   1.4337584971735489     
    12977231           9   1.1624447075858015     
    12977231          10   1.0840026332840269     
    12977239           1  0.94345506781932065     
    12977239           2  0.69704974985822965     
    12977239           3   1.2025968403640594     
    12977239           4   1.0093685091348843     
    12977239           5   1.1696909310608679     
    12977239           6  0.94114584651989985     
    12977239           7   1.0765138549350874     
    12977239           8  0.91556389524834947     
    12977239           9   1.0251152668120027     
    12977239          10   1.0195000382472992     
    12977240           1   1.0047301209180202     
    12977240           2   1.1592394021129719     
    12977240           3   1.2167675692682949     
    12977240           4   1.0317919635738575     
    12977240           5  0.84916353410843126     
    12977240           6  0.97112416397246715     
    12977240           7   1.0921551575814528     
    12977240           8  0.99257847249122844     
    12977240           9  0.96590248300543735     
    12977240          10  0.71654713296783923     
    12977244           1   1.1089429968344546     
    12977244           2   1.0569760057350044     
    12977244           3   1.0810355568716536     
    12977244           4   1.1154631263197645     
    12977244           5   1.1327097998250819     
    12977244           6  0.71204549780410964     
    12977244           7  0.86256438533618340     
    12977244           8   1.1408188097310683     
    12977244           9   1.0006674474924075     
    12977244          10  0.78877637405027168     
    12977246           1   1.0079524621607432     
    12977246           2   1.0545534774094767     
    12977246           3   1.0436345465747456     
    12977246           4  0.74574632650981909     
    12977246           5  0.93063199279457254     
    12977246           6  0.99625999047521185     
    12977246           7   1.0996464674358286     
    12977246           8   1.3041459013185204     
    12977246           9  0.94815844777968328     
    12977246          10  0.86927038754139863     
    12977247           1  0.72118775908246779     
    12977247           2   1.2251351312722369     
    12977247           3  0.78450530238865290     
    12977247           4   1.1909856463563859     
    12977247           5   1.0729199042683144     
    12977247           6  0.98472110879479602     
    12977247           7   1.1131747176523532     
    12977247           8  0.87193826310979772     
    12977247           9   1.1971569374219515     
    12977247          10  0.83827522965304480     
    12977251           1   1.3251353629464679     
    12977251           2  0.72664522308324875     
    12977251           3   1.1494681890771019     
    12977251           4   1.0142191033110353     
    12977251           5  0.65530257839745831     
    12977251           6   1.0475119811234432     
    12977251           7  0.78971703621684652     
    12977251           8   1.3176647859450414     
    12977251           9  0.77844126731097862     
    12977251          10   1.1958944725883780     
    12977252           1  0.79485749123182503     
    12977252           2   1.0328221381805380     
    12977252           3   1.0982092103314625     
    12977252           4   1.1495025969908881     
    12977252           5   1.0922011192330101     
    12977252           6  0.59545977286561824     
    12977252           7  0.94951493005766630     
    12977252           8   1.2075523726959829     
    12977252           9  0.99217467052189645     
    12977252          10   1.0877056978911106     
    12977253           1   1.1762980537261254     
    12977253           2  0.96433410947678488     
    12977253           3  0.50368611478885739     
    12977253           4  0.98947817633439328     
    12977253           5   1.1139315871528865     
    12977253           6   1.2540181133064043     
    12977253           7  0.79309860453563163     
    12977253           8   1.1393458097436167     
    12977253           9  0.85136052583474642     
    12977253          10   1.2144489051005536     
    12977256           1  0.79607077104478186     
    12977256           2  0.93990718482143376     
    12977256           3  0.95971116848166904     
    12977256           4   1.0268017565669367     
    12977256           5  0.74511538485627105     
    12977256           6  0.96744171768590792     
    12977256           7   1.0655495043895484     
    12977256           8   1.2543932809169862     
    12977256           9   1.1129534208252121     
    12977256          10   1.1320558104112508     
    12977259           1   1.1064680916214944     
    12977259           2  0.80044580569418033     
    12977259           3  0.99169105427148652     
    12977259           4   1.0016659756521480     
    12977259           5  0.60368342006387410     
    12977259           6   1.0795527845915287     
    12977259           7   1.0292119534971946     
    12977259           8   1.1752926217070010     
    12977259           9   1.0735150778330129     
    12977259          10   1.1384732150680792     
    12977261           1  0.50926549225026352     
    12977261           2  0.74527083233381219     
    12977261           3   1.2121896533853713     
    12977261           4   1.1175547317398666     
    12977261           5   1.0264526223796533     
    12977261           6  0.96180273874388822     
    12977261           7   1.0523986169931157     
    12977261           8   1.2652202330337290     
    12977261           9  0.97565879927688925     
    12977261          10   1.1341862798634106     
    12977262           1   1.1331724774243310     
    12977262           2   1.0388775319186059     
    12977262           3  0.96206197297359375     
    12977262           4  0.96327884807467667     
    12977262           5  0.86419835470849726     
    12977262           6   1.1788174513375642     
    12977262           7  0.62022332635602129     
    12977262           8   1.2460198622137340     
    12977262           9  0.98495367222500474     
    12977262          10   1.0083965027679707     
    12977263           1   1.0091251931012177     
    12977263           2   1.1727104691119821     
    12977263           3  0.70264622848658698     
    12977263           4  0.87314623156795690     
    12977263           5   1.2338846646999415     
    12977263           6  0.57248320501376315     
    12977263           7   1.0271947698232886     
    12977263           8   1.2693577800619733     
    12977263           9  0.98928678279981752     
    12977263          10   1.1501646753334724     
    12977268           1   1.1948162269653320     
    12977268           2   1.2920180622062913     
    12977268           3  0.65117813973641914     
    12977268           4  0.85727992396603481     
    12977268           5   1.0767373783803089     
    12977268           6  0.75792116529032683     
    12977268           7  0.90204115202622870     
    12977268           8   1.1935684292065669     
    12977268           9   1.0127495460556957     
    12977268          10   1.0616899761667953     
    12977273           1   1.2014603759520537     
    12977273           2   1.0918071613717142     
    12977273           3  0.67700954807659719     
    12977273           4   1.0256460432428334     
    12977273           5  0.94118345327722053     
    12977273           6   1.3825592971820975     
    12977273           7   1.0858315281595110     
    12977273           8  0.96488755504520507     
    12977273           9  0.69645899157092117     
    12977273          10  0.93315604612184655     
    12977275           1  0.83269170298924167     
    12977275           2   1.3092152006934834     
    12977275           3   1.1804853689839718     
    12977275           4  0.82851580502339828     
    12977275           5   1.1977059901507439     
    12977275           6  0.87183701189341545     
    12977275           7  0.81612454996009276     
    12977275           8  0.95729643137400311     
    12977275           9   1.0033324111061996     
    12977275          10   1.0027955278254506     
    12977278           1   1.0303385496482187     
    12977278           2  0.88538523625580079     
    12977278           3   1.1395093374646412     
    12977278           4   1.1793258476482456     
    12977278           5  0.73975477299476189     
    12977278           6   1.2032026814167345     
    12977278           7   1.0341799755330994     
    12977278           8   1.0348326073691270     
    12977278           9  0.81706824564837999     
    12977278          10  0.93640274602099161     
    12977280           1   1.0169756564483476     
    12977280           2   1.0242863105339008     
    12977280           3   1.2776397789170633     
    12977280           4  0.81775194775470827     
    12977280           5   1.0185155385928530     
    12977280           6  0.90993331845213621     
    12977280           7  0.81385720627408364     
    12977280           8   1.0993757748583100     
    12977280           9  0.80140657937542059     
    12977280          10   1.2202578887931752     
    12977282           1   1.0071616684451103     
    12977282           2   1.0537261226541279     
    12977282           3   1.0428157583165381     
    12977282           4  0.74516124781752036     
    12977282           5  0.92990186120692675     
    12977282           6   1.0058589572258676     
    12977282           7   1.0962486934353370     
    12977282           8   1.3031227276850930     
    12977282           9  0.94741456573159433     
    12977282          10  0.86858839748188732     
    12977285           1   1.4126838552470178     
    12977285           2  0.76417534613271554     
    12977285           3  0.85380790950270802     
    12977285           4  0.71813578219180219     
    12977285           5  0.96739846022261611     
    12977285           6  0.93808377837987289     
    12977285           7   1.0761011186513179     
    12977285           8   1.0473646970423691     
    12977285           9   1.0671449217919893     
    12977285          10   1.1551041308375887     
    12977288           1  0.99986841563551276     
    12977288           2  0.87618175652881436     
    12977288           3  0.73749284454380648     
    12977288           4   1.1553368709840077     
    12977288           5   1.1481814999207403     
    12977288           6   1.1455988478754020     
    12977288           7  0.90986880166174522     
    12977288           8  0.95495156326567765     
    12977288           9   1.2743786950825728     
    12977288          10  0.79814070450172148     
    12977289           1   1.1144881010610301     
    12977289           2  0.61723783672324628     
    12977289           3   1.2032356392535775     
    12977289           4  0.94411925523429530     
    12977289           5  0.97738409331508713     
    12977289           6   1.1032278848883958     
    12977289           7   1.1004341507167681     
    12977289           8   1.1111886182141804     
    12977289           9  0.89366394479697742     
    12977289          10  0.93502047579643965     
    12977290           1  0.84238104579736228     
    12977290           2  0.87023356584491085     
    12977290           3  0.98217699080358922     
    12977290           4   1.0675595886688098     
    12977290           5   1.1593065019626303     
    12977290           6  0.88230895612345273     
    12977290           7  0.79028308335618513     
    12977290           8   1.1666314696270557     
    12977290           9   1.3275843943982020     
    12977290          10  0.91153440341780223     
    12977292           1   1.1660379205381461     
    12977292           2  0.95686495307667097     
    12977292           3   1.0413229840028533     
    12977292           4  0.81903037936209722     
    12977292           5   1.0236801020531132     
    12977292           6  0.76480036669139306     
    12977292           7   1.0312071083959575     
    12977292           8   1.1338622485651983     
    12977292           9   1.0302196385230318     
    12977292          10   1.0329742987915373     
    12977294           1   1.0510050557925292     
    12977294           2   1.0435972492423093     
    12977294           3   1.0151906844873708     
    12977294           4  0.91960518646196709     
    12977294           5  0.99327051623401363     
    12977294           6  0.86530858034740943     
    12977294           7  0.94106253104370141     
    12977294           8   1.1631014960885000     
    12977294           9  0.99830395643545911     
    12977294          10   1.0095547438667392     
    12977295           1   1.2116071953313183     
    12977295           2  0.96886703310105982     
    12977295           3  0.50605372853030683     
    12977295           4  0.99412929149990803     
    12977295           5   1.1018259091712552     
    12977295           6   1.2004689099854307     
    12977295           7  0.79682662303622109     
    12977295           8   1.1447013887762898     
    12977295           9  0.85536240879461101     
    12977295          10   1.2201575117735997     
    12977296           1   1.1607550558525228     
    12977296           2   1.1298001890573293     
    12977296           3  0.54426969458826258     
    12977296           4   1.0453887922977168     
    12977296           5  0.83848387150662074     
    12977296           6  0.86491244660701327     
    12977296           7   1.3190184977305319     
    12977296           8  0.96057452449274328     
    12977296           9   1.1153605694186923     
    12977296          10   1.0214363584485671     
    12977297           1   1.0637235912200533     
    12977297           2   1.0654612166020210     
    12977297           3   1.1365251631253097     
    12977297           4  0.91775198331012431     
    12977297           5  0.84873187000063133     
    12977297           6   1.0369300460682651     
    12977297           7  0.62819521407845658     
    12977297           8   1.2083606210213511     
    12977297           9   1.0920867992672940     
    12977297          10   1.0022334953064940     
    12977298           1  0.97934557089333707     
    12977298           2   1.1344538022892448     
    12977298           3   1.1691962857470943     
    12977298           4  0.76138964288222311     
    12977298           5   1.0149864392941972     
    12977298           6   1.2874778572961654     
    12977298           7  0.77526432359518793     
    12977298           8   1.2344282070454062     
    12977298           9  0.90191762295607181     
    12977298          10  0.74154024800107310     
    12977299           1  0.71927588299249878     
    12977299           2  0.77123242299261341     
    12977299           3   1.2618619838089808     
    12977299           4  0.95797286082274735     
    12977299           5   1.2012107011928210     
    12977299           6   1.2326481291882496     
    12977299           7  0.62536322671728495     
    12977299           8   1.1995393626424133     
    12977299           9   1.1155853434437488     
    12977299          10  0.91531008619864362     
    12977301           1  0.89070885976828684     
    12977301           2   1.1305071644903444     
    12977301           3  0.99319011213998398     
    12977301           4  0.94358295882829757     
    12977301           5   1.0355137777683308     
    12977301           6  0.82753945043625421     
    12977301           7   1.0807006813363700     
    12977301           8   1.1224142244411708     
    12977301           9  0.92963562889599782     
    12977301          10   1.0462071418949646     
    12977302           1   1.0147845690641937     
    12977302           2   1.1792872640288015     
    12977302           3  0.70658680910349936     
    12977302           4  0.87804301031144727     
    12977302           5   1.2184496808890766     
    12977302           6  0.57569380535533776     
    12977302           7   1.0329554835874226     
    12977302           8   1.2764765924333326     
    12977302           9  0.96110775629849332     
    12977302          10   1.1566150289283941     
    12977303           1   1.0176515895845191     
    12977303           2   1.1429440817390042     
    12977303           3   1.0067477787533943     
    12977303           4  0.79795953337970160     
    12977303           5   1.1566262466128026     
    12977303           6  0.70145599159163829     
    12977303           7  0.97684236246588774     
    12977303           8   1.0002806630467100     
    12977303           9   1.0189865558685332     
    12977303          10   1.1805051969578093     
    12977304           1   1.0109066041485992     
    12977304           2   1.1639405861213032     
    12977304           3   1.2167222544100325     
    12977304           4   1.0317535375771705     
    12977304           5  0.84913190955978157     
    12977304           6  0.97108799736599516     
    12977304           7   1.0815286457496669     
    12977304           8  0.99254150688339082     
    12977304           9  0.96586651086481001     
    12977304          10  0.71652044731924958     
    12977306           1   1.2314239671233298     
    12977306           2   1.3495748813019481     
    12977306           3  0.75203263493636952     
    12977306           4   1.0380467132080622     
    12977306           5   1.0626248152914617     
    12977306           6  0.98890193501328361     
    12977306           7  0.95898789643245264     
    12977306           8   1.0087300526475647     
    12977306           9  0.53207273564244617     
    12977306          10   1.0776043684030803     
    12977307           1   1.1829808628919531     
    12977307           2  0.90385874944875422     
    12977307           3   1.2209788674181139     
    12977307           4  0.84274068276036684     
    12977307           5   1.0737137347399921     
    12977307           6  0.62206904645077699     
    12977307           7   1.1802747938109366     
    12977307           8   1.0475862525648172     
    12977307           9  0.99499855381117619     
    12977307          10  0.93079845610311296     
    12977308           1   1.1312545208916540     
    12977308           2   1.0548787959736368     
    12977308           3  0.96043363034908980     
    12977308           4  0.96164844582236142     
    12977308           5  0.86273565162228283     
    12977308           6   1.1768222381845186     
    12977308           7  0.61833949130317944     
    12977308           8   1.2439109052965929     
    12977308           9  0.98328658414471359     
    12977308          10   1.0066897364119713     
    12977309           1   1.0166404635488862     
    12977309           2  0.99063298726033477     
    12977309           3   1.1484221564232735     
    12977309           4  0.97329836006500203     
    12977309           5   1.0409973360493114     
    12977309           6  0.66549333307289893     
    12977309           7   1.1707499656631182     
    12977309           8  0.80867513702123350     
    12977309           9   1.0051894922890672     
    12977309          10   1.1799007686068750     
