    11174371           1   1.0494913593426014     
    11174371           2   1.2507790351768577     
    11174371           3  0.96810515662432561     
    11174371           4   1.4419195742184359     
    11174371           5   1.0473185885307186     
    11174371           6   1.1806708590242372     
    11174371           7  0.50636409855511266     
    11174371           8   1.2117031102927174     
    11174371           9  0.15308951148659211     
    11174371          10   1.1905587067484009     
    11510209           1   1.0166470348685819     
    11510209           2   1.1702107352860813     
    11510209           3   1.1496838140460259     
    11510209           4   1.1360568615871909     
    11510209           5  0.95819349955876099     
    11510209           6  0.77454377767152993     
    11510209           7   1.1984914376524194     
    11510209           8  0.72732037997388310     
    11510209           9   1.0994141515154594     
    11510209          10  0.76943830784006728     
    11630695           1   1.2456989082116379     
    11630695           2  0.74010576901401204     
    11630695           3   1.2930468417317067     
    11630695           4  0.93245558491385272     
    11630695           5  0.75062372161263180     
    11630695           6  0.66649167869078407     
    11630695           7   1.5057506816371231     
    11630695           8  0.38878779417710674     
    11630695           9   1.1642182127497240     
    11630695          10   1.3128208072614200     
    11734179           1  0.23030598001925728     
    11734179           2  0.79473242999280636     
    11734179           3   1.4405289324812898     
    11734179           4  0.62434462771805288     
    11734179           5   1.3007623157178119     
    11734179           6  0.94088814703194357     
    11734179           7  0.76801425439296223     
    11734179           8   1.2697259541056816     
    11734179           9   1.2784324336244393     
    11734179          10   1.3522649249157561     
    11786932           1   1.4926212148107452     
    11786932           2   1.3552278975017666     
    11786932           3   1.0842465810641690     
    11786932           4   1.3502614369000516     
    11786932           5   1.1217619814880164     
    11786932           6  0.95806304313824642     
    11786932           7  0.67435652327620033     
    11786932           8   1.0679933962848915     
    11786932           9  0.13808734070745710     
    11786932          10  0.75738058482845738     
    11810694           1   1.3183039117453128     
    11810694           2   1.1627431922065188     
    11810694           3   1.2865632483557070     
    11810694           4  0.39283021684052050     
    11810694           5   1.1996244973332395     
    11810694           6   1.1540710786919366     
    11810694           7   1.1059558545185741     
    11810694           8   1.2561184317748417     
    11810694           9  0.89797895788197446     
    11810694          10  0.22581061065137487     
    11892115           1   1.1493579307450765     
    11892115           2   1.1163529363019871     
    11892115           3  0.83191780425809536     
    11892115           4  0.78421260060517983     
    11892115           5   1.1343575105705410     
    11892115           6   1.2925272401029249     
    11892115           7  0.45565112574987787     
    11892115           8   1.3784653592410350     
    11892115           9  0.81867315284541864     
    11892115          10   1.0384843395798626     
    11961039           1   1.2884277832149977     
    11961039           2  0.96252058249313788     
    11961039           3  0.77378637932416205     
    11961039           4   1.2121686994741838     
    11961039           5   1.3239426605432125     
    11961039           6   1.1065512931637231     
    11961039           7  0.44430453355015548     
    11961039           8   1.3174745377176571     
    11961039           9  0.78349223219119812     
    11961039          10  0.78733129832757065     
    11982209           1   1.2326878311312079     
    11982209           2   1.4410760139696703     
    11982209           3   1.1637505197826745     
    11982209           4  0.99070102927238390     
    11982209           5   1.2206114437264359     
    11982209           6   1.1355224892431004     
    11982209           7  0.44548955793440526     
    11982209           8  0.97177314895084232     
    11982209           9  0.40580643768628200     
    11982209          10  0.99258152830299717     
    11985543           1   1.1007472117340098     
    11985543           2   1.4905104422721127     
    11985543           3  0.89392167916470300     
    11985543           4   1.1977821818846437     
    11985543           5   1.1759818828176700     
    11985543           6   1.3565266222844528     
    11985543           7  0.52752079003698926     
    11985543           8   6.5803427727421829E-002
    11985543           9  0.72257397385416966     
    11985543          10   1.4686317882238276     
    12004444           1   7.5964991695095685E-002
    12004444           2  0.59581084551621288     
    12004444           3   1.3971356110317246     
    12004444           4   1.0151609787460358     
    12004444           5   1.4545240612614792     
    12004444           6  0.85055116138754305     
    12004444           7  0.67231598095018963     
    12004444           8   1.1260341550687438     
    12004444           9   1.2672043815450529     
    12004444          10   1.5452978327979239     
    12105107           1   1.2738854526197090     
    12105107           2  0.56424586890653838     
    12105107           3   1.4084637303769321     
    12105107           4  0.59703082078787351     
    12105107           5   1.1341727365488128     
    12105107           6  0.58367444121781853     
    12105107           7   1.4050283838738162     
    12105107           8  0.27911481831318963     
    12105107           9   1.3182962402351137     
    12105107          10   1.4360875071201973     
    12120426           1   1.1083563177465356     
    12120426           2  0.86927042589619430     
    12120426           3   1.2781188567467914     
    12120426           4   1.1081989361569387     
    12120426           5   1.1455141091957959     
    12120426           6   1.3068491402226250     
    12120426           7  0.50425701902919018     
    12120426           8   1.2689554506766507     
    12120426           9  0.37880502038938801     
    12120426          10   1.0316747239398882     
    12132454           1   8.4470010174538916E-003
    12132454           2  0.86723260119301859     
    12132454           3   1.4311551589173164     
    12132454           4  0.78347116490660507     
    12132454           5   1.3218845101101437     
    12132454           6  0.86266612252152275     
    12132454           7  0.78101225653086304     
    12132454           8   1.2285546474315607     
    12132454           9   1.2876338401764889     
    12132454          10   1.4279426971950266     
    12155244           1  0.95703184277773157     
    12155244           2   1.0900534751485340     
    12155244           3   1.1780623482847570     
    12155244           4   1.3084033770513404     
    12155244           5   1.1952936116331740     
    12155244           6   1.2627153211408813     
    12155244           7  0.42016799077570410     
    12155244           8   1.0983510644853576     
    12155244           9  0.23623661817687339     
    12155244          10   1.2536843505256476     
    12168652           1  0.89056931392111949     
    12168652           2   9.1968912830661970E-002
    12168652           3  0.93097446670721529     
    12168652           4   1.0097486081262421     
    12168652           5   1.2893071835369958     
    12168652           6   1.6190746183470281     
    12168652           7   1.4549310483541642     
    12168652           8   9.2183217846518353E-002
    12168652           9   1.1853598303238613     
    12168652          10   1.4358828000061938     
    12222117           1   1.0762997763325939     
    12222117           2  0.90060492050116181     
    12222117           3   1.1937812206705496     
    12222117           4  0.88899943074341337     
    12222117           5   1.1327642147045602     
    12222117           6  0.56295119085355105     
    12222117           7   1.1292307320217025     
    12222117           8   1.3590533252340222     
    12222117           9   1.1466827961794219     
    12222117          10  0.60963239275902281     
    12266097           1   1.2994700743060286     
    12266097           2   8.2249230778060983E-002
    12266097           3   1.3028883863920750     
    12266097           4   1.0139440130944894     
    12266097           5  0.87014396490488266     
    12266097           6   1.2697910570538866     
    12266097           7   1.3832401208223759     
    12266097           8  0.43615104997314391     
    12266097           9   1.1240005326502545     
    12266097          10   1.2181215700248031     
    12266204           1   1.2829536070223417     
    12266204           2   1.1361208423200868     
    12266204           3  0.96271756847062095     
    12266204           4   1.3704520603843373     
    12266204           5   1.0731441456118864     
    12266204           6  0.83356147044790574     
    12266204           7  0.90625437924551289     
    12266204           8   1.1211729036298184     
    12266204           9  0.45536241685848833     
    12266204          10  0.85826060600900267     
    12268539           1   1.3596064180348506     
    12268539           2   1.3921812381965615     
    12268539           3   1.2827978481617683     
    12268539           4  0.11429439158200062     
    12268539           5   1.3899037075410956     
    12268539           6  0.42420458707543146     
    12268539           7  0.36140841399779233     
    12268539           8   1.4683915918541410     
    12268539           9   1.2127669133539005     
    12268539          10  0.99444489020245608     
    12277973           1   1.4481120167951211     
    12277973           2  0.72780352712090268     
    12277973           3  0.11824155521558888     
    12277973           4  0.60403163545616112     
    12277973           5   1.3457469604839467     
    12277973           6   1.2634176138642357     
    12277973           7   1.3065929811011940     
    12277973           8  0.67214567992155805     
    12277973           9   1.3554574948656315     
    12277973          10   1.1584505351756620     
    12290745           1   1.1022613624282693     
    12290745           2  0.99571804160754396     
    12290745           3   1.1614677554626816     
    12290745           4   1.1662170617433554     
    12290745           5   1.1018805654210044     
    12290745           6  0.85262046312545059     
    12290745           7   1.0663719733537760     
    12290745           8  0.94184806746655547     
    12290745           9   1.1362097522636756     
    12290745          10  0.47540495712768760     
    12291163           1   1.1032852599912899     
    12291163           2   1.1886284562919309     
    12291163           3   1.4211573083610469     
    12291163           4   1.3837766626060033     
    12291163           5  0.94264750330415248     
    12291163           6   1.1470600143690364     
    12291163           7  0.42245269439936584     
    12291163           8   1.1023121620281762     
    12291163           9  0.33957777707518760     
    12291163          10  0.94910216157381155     
    12311068           1   1.3324077390458642     
    12311068           2   1.0533240397614847     
    12311068           3  0.95706216906753172     
    12311068           4  0.80423988293498627     
    12311068           5  0.55613525615676462     
    12311068           6  0.98841131886962796     
    12311068           7   1.2995273109618175     
    12311068           8  0.57898651664425216     
    12311068           9   1.2193323930275861     
    12311068          10   1.2105733735300837     
    12311688           1   1.0908169685064868     
    12311688           2   3.0242406151196850E-002
    12311688           3   1.1454588671954122     
    12311688           4  0.99229308652492276     
    12311688           5   1.1026992862655134     
    12311688           6   1.4970307096350486     
    12311688           7   1.3991165050411358     
    12311688           8   7.6057533541219968E-002
    12311688           9   1.2690574961547538     
    12311688          10   1.3972271409843102     
    12320064           1  0.43784430370879435     
    12320064           2   1.1753895499247435     
    12320064           3   1.2749168218397628     
    12320064           4   1.0794889083316925     
    12320064           5   1.3256634701609482     
    12320064           6   1.0243109856048986     
    12320064           7  0.32674147057436770     
    12320064           8   1.1561442776932542     
    12320064           9  0.90946997709044575     
    12320064          10   1.2900302350710919     
    12331139           1   1.2222082512650514     
    12331139           2   1.2368983308876236     
    12331139           3   1.0656518529495984     
    12331139           4   1.2938741175159600     
    12331139           5   1.1897278512372020     
    12331139           6   1.0655746805566531     
    12331139           7  0.43273570666960809     
    12331139           8   1.1236962658046392     
    12331139           9  0.59152918182038527     
    12331139          10  0.77810376129327785     
    12346002           1   1.3083399710373658     
    12346002           2   1.3233883709017313     
    12346002           3   1.1942095404822251     
    12346002           4  0.27106654731037239     
    12346002           5   1.4318415554203929     
    12346002           6  0.64958535278866114     
    12346002           7  0.50877895747714430     
    12346002           8   1.2408568590095053     
    12346002           9   1.0852541642690825     
    12346002          10  0.98667868130352088     
    12346238           1   1.1994500437173219     
    12346238           2   1.2955923656324662     
    12346238           3   1.2275202721624801     
    12346238           4  0.62123003740441707     
    12346238           5   1.1689288408637244     
    12346238           6   1.1568867157924072     
    12346238           7  0.89543416906942486     
    12346238           8   1.1705179625343296     
    12346238           9  0.77502452840108138     
    12346238          10  0.48941506442234639     
    12348448           1   1.1356295259035474     
    12348448           2   1.4141285699778572     
    12348448           3   1.0976351959671808     
    12348448           4  0.94248070096712389     
    12348448           5   1.2962100478600611     
    12348448           6   1.2469874584198239     
    12348448           7  0.32872529833088521     
    12348448           8  0.79548667211579538     
    12348448           9  0.59299146148357984     
    12348448          10   1.1497250689741443     
    12367049           1   1.0833906190677445     
    12367049           2  0.33271892030246003     
    12367049           3  0.92284975330896990     
    12367049           4   1.1029788577117161     
    12367049           5   1.2115661579992920     
    12367049           6   1.3830232981068131     
    12367049           7   1.4306503505775323     
    12367049           8  0.95718694108075719     
    12367049           9   1.0993883186857394     
    12367049          10  0.47624678315897406     
    12383894           1  0.70816072797363439     
    12383894           2   1.0566575650505556     
    12383894           3   1.1716710020086234     
    12383894           4  0.86138435887148190     
    12383894           5   1.4042506763958420     
    12383894           6   1.3425292713467387     
    12383894           7  0.75854040679693779     
    12383894           8  0.13322868864316498     
    12383894           9   1.2435154987430863     
    12383894          10   1.3200618041699335     
    12392663           1  0.95677289926104336     
    12392663           2   1.2578277222602892     
    12392663           3  0.94223671466063030     
    12392663           4  0.91834844069927379     
    12392663           5   1.1015845848755974     
    12392663           6   1.4888063748382585     
    12392663           7  0.71024449542624635     
    12392663           8   2.0443097670331423E-002
    12392663           9  0.92777861817550733     
    12392663          10   1.6759570521328231     
    12396576           1   1.4172785737161828     
    12396576           2  0.56782473650774834     
    12396576           3   9.0930277147142802E-002
    12396576           4  0.69161530106628399     
    12396576           5   1.3401897235655507     
    12396576           6   1.4393197910690159     
    12396576           7   1.5258803259579137     
    12396576           8  0.70237270157140130     
    12396576           9   1.4152805048238115     
    12396576          10  0.80930806457494875     
    12418275           1   1.2361427965493992     
    12418275           2  0.94891212953888637     
    12418275           3  0.99670766436700931     
    12418275           4   1.4497814155506188     
    12418275           5   1.2419572115199136     
    12418275           6  0.72733189830656031     
    12418275           7  0.64805769176375516     
    12418275           8   1.3303511296086492     
    12418275           9  0.49110914828044244     
    12418275          10  0.92964891451476583     
    12420941           1   1.2409640903746428     
    12420941           2   1.0999269685794355     
    12420941           3  0.83029741717587491     
    12420941           4   1.0244169627751427     
    12420941           5   1.0755409640009654     
    12420941           6  0.92204139533922014     
    12420941           7   1.2125193779372190     
    12420941           8  0.56374126708556482     
    12420941           9   1.1268692366492750     
    12420941          10  0.90368232008266025     
    12443816           1   1.6246168491952448     
    12443816           2  0.75869685230062300     
    12443816           3  0.21740846504895300     
    12443816           4  0.98600024849927648     
    12443816           5   1.4305179091580280     
    12443816           6   1.1555198296772022     
    12443816           7   1.2244081802882185     
    12443816           8  0.70280868895576143     
    12443816           9   1.3759942519823198     
    12443816          10  0.52402872489437036     
    12447350           1   1.3768163533672260     
    12447350           2  0.77734201784682933     
    12447350           3  0.71241519158369992     
    12447350           4   1.1562009538825446     
    12447350           5   1.4009740932317361     
    12447350           6   1.1869179836251138     
    12447350           7  0.44943870861865698     
    12447350           8   1.3382062920575126     
    12447350           9  0.91926239734871285     
    12447350          10  0.68242600843796719     
    12450961           1   1.3705830808910722     
    12450961           2  0.93610821362746510     
    12450961           3  0.18659723890110297     
    12450961           4   1.1382977606628872     
    12450961           5   1.4654990118324349     
    12450961           6   1.1002143838315313     
    12450961           7   1.4585337709212687     
    12450961           8   1.0720266866671317     
    12450961           9   1.1669720285248140     
    12450961          10  0.10516782414029045     
    12451569           1  0.94619999185402537     
    12451569           2  0.93268561493431845     
    12451569           3  0.41268274961870938     
    12451569           4   1.4437051170736406     
    12451569           5   1.3569270260421920     
    12451569           6   1.2266536606359262     
    12451569           7   1.1806088126941479     
    12451569           8   1.0667171340010519     
    12451569           9   1.2611406113024548     
    12451569          10  0.17267928184353312     
    12451855           1   1.4830675310950494     
    12451855           2   1.1526295031779048     
    12451855           3   1.0974278840627700     
    12451855           4   1.4034749003064926     
    12451855           5   2.7779412788576326E-003
    12451855           6  0.78147321812144310     
    12451855           7   1.4652985130320737     
    12451855           8  0.60600216845821309     
    12451855           9  0.65472610006473819     
    12451855          10   1.3531222404024561     
    12456874           1   1.2867038399421931     
    12456874           2  0.49334484866388811     
    12456874           3   2.5120036572429189E-002
    12456874           4  0.88867874489608201     
    12456874           5   1.3045780108703817     
    12456874           6   1.4414039271906287     
    12456874           7   1.4855793193668387     
    12456874           8  0.76661533955921590     
    12456874           9   1.3584997714705438     
    12456874          10  0.94947616146780045     
    12461848           1   1.3231607524509976     
    12461848           2  0.42203621035034322     
    12461848           3   1.3693127751118830     
    12461848           4  0.79764625717038251     
    12461848           5   1.1549516647635991     
    12461848           6   1.1199764832598555     
    12461848           7  0.92376796201869249     
    12461848           8  0.51990541182236882     
    12461848           9   1.2270055286880934     
    12461848          10   1.1422369543637854     
    12468116           1   1.0249403105074104     
    12468116           2   1.4141964491206174     
    12468116           3   1.1311655419604956     
    12468116           4  0.90298974734218285     
    12468116           5   1.3494846686292099     
    12468116           6   1.1764069381712079     
    12468116           7  0.47945138432806500     
    12468116           8  0.81744353361423872     
    12468116           9  0.56393926347057055     
    12468116          10   1.1399821628560025     
    12470911           1   1.3252254332266855     
    12470911           2  0.77679720053623602     
    12470911           3   1.3232301441454568     
    12470911           4   1.2634457371238368     
    12470911           5  0.94839723233383955     
    12470911           6  0.57075924974070891     
    12470911           7  0.93843222595559816     
    12470911           8   1.2003784874146497     
    12470911           9  0.80242766684439726     
    12470911          10  0.85090662267858985     
    12478435           1   1.2716661416858961     
    12478435           2  0.41176094653896794     
    12478435           3   1.3312226574348072     
    12478435           4  0.64719707213068889     
    12478435           5   1.2173806599430517     
    12478435           6  0.69719979319824799     
    12478435           7   1.3383231564905154     
    12478435           8  0.33235399525987647     
    12478435           9   1.3020294895913000     
    12478435          10   1.4508660877266490     
    12478569           1   1.2819746318930940     
    12478569           2   1.1755324218480738     
    12478569           3  0.65556534719400616     
    12478569           4  0.83720929232138419     
    12478569           5   1.1047819379812134     
    12478569           6   1.2300969087518761     
    12478569           7  0.65104874522125600     
    12478569           8   1.1547459408959155     
    12478569           9   1.0061708347096512     
    12478569          10  0.90287393918352732     
    12481665           1  0.70597606665601542     
    12481665           2  0.61990017150481380     
    12481665           3  0.96915808083498678     
    12481665           4  0.98319501110037377     
    12481665           5   1.4578621046336713     
    12481665           6   1.2163846074366613     
    12481665           7   1.4566056955678479     
    12481665           8  0.86827346362660351     
    12481665           9   1.2649372662005733     
    12481665          10  0.45770753243845341     
    12481885           1  0.86653757803481435     
    12481885           2  0.43109640448281611     
    12481885           3  0.14104894411794888     
    12481885           4   1.3517765682451515     
    12481885           5   1.2863483930271680     
    12481885           6   1.1082073363363913     
    12481885           7   1.5063256576255246     
    12481885           8   1.4291991479195909     
    12481885           9   1.5005363237426026     
    12481885          10  0.37892364646799187     
    12495040           1   1.3164388797577538     
    12495040           2  0.48235933946343751     
    12495040           3  0.28410245886873275     
    12495040           4   1.4484989220443962     
    12495040           5   1.3515365005952442     
    12495040           6  0.94056346478874664     
    12495040           7   1.4352281226572419     
    12495040           8  0.85715625000207663     
    12495040           9   1.4708784922435809     
    12495040          10  0.41323756957878743     
    12496692           1  0.87388708556317729     
    12496692           2  0.47655583519934919     
    12496692           3   2.1858706403505627E-002
    12496692           4   1.3632416129435165     
    12496692           5   1.2972585109935360     
    12496692           6   1.1176065572909659     
    12496692           7   1.5128702993010739     
    12496692           8   1.4413208494630902     
    12496692           9   1.5132630689957498     
    12496692          10  0.38213747384603475     
    12515596           1   1.3235343295516706     
    12515596           2   1.2821996255447521     
    12515596           3   1.2032209226043635     
    12515596           4   1.4575870360022871     
    12515596           5  0.51704807823108112     
    12515596           6  0.89103476619168842     
    12515596           7  0.92404694274017640     
    12515596           8  0.92250432961642193     
    12515596           9  0.37758936985581498     
    12515596          10   1.1012345996617448     
    12527391           1   1.3363461678060513     
    12527391           2  0.43697312026233531     
    12527391           3   1.2903624053386191     
    12527391           4   1.7170501186436273     
    12527391           5  0.41866427930302319     
    12527391           6   1.2808470997163794     
    12527391           7   1.2480015457258031     
    12527391           8  0.56481062071164700     
    12527391           9  0.64636949993863468     
    12527391          10   1.0605751425538787     
    12527409           1   1.4496657852855079     
    12527409           2  0.85069953418065303     
    12527409           3   6.5264607268897434E-002
    12527409           4  0.54269257825699779     
    12527409           5   1.3694655801166713     
    12527409           6   1.3223578933844069     
    12527409           7   1.2991389642369375     
    12527409           8  0.62076532942572615     
    12527409           9   1.4028206789557118     
    12527409          10   1.0771290488884886     
    12528845           1   1.3328395352755418     
    12528845           2  0.37511017531341800     
    12528845           3  0.84523007190137922     
    12528845           4  0.67198781180128841     
    12528845           5   1.3194087263759962     
    12528845           6  0.79329458203279724     
    12528845           7   1.3994518887346756     
    12528845           8  0.67896746132746721     
    12528845           9   1.2403225871255330     
    12528845          10   1.3433871601119052     
    12531602           1   1.2260667352791659     
    12531602           2  0.94088086800437198     
    12531602           3   1.2357866065916361     
    12531602           4   1.3709616188995994     
    12531602           5  0.59301246625339676     
    12531602           6   1.0570822413653509     
    12531602           7   1.0936842974191567     
    12531602           8   1.0535911479746860     
    12531602           9  0.38629309821008323     
    12531602          10   1.0426409200025524     
    12532785           1  0.72795006013962538     
    12532785           2  0.12090488438006548     
    12532785           3   1.4519728783148811     
    12532785           4  0.86602100484865441     
    12532785           5   1.4002912867536021     
    12532785           6  0.98197191624590907     
    12532785           7   1.0029806140815789     
    12532785           8  0.95676501388330393     
    12532785           9   1.1765289963943426     
    12532785          10   1.3146133449580351     
    12533932           1   1.6025640407919601     
    12533932           2  0.67656385797823004     
    12533932           3  0.30320581542520919     
    12533932           4  0.99664784054140521     
    12533932           5   1.4049602487377215     
    12533932           6   1.1450719747819031     
    12533932           7   1.2416510180849127     
    12533932           8  0.68388811302989949     
    12533932           9   1.3983987158939777     
    12533932          10  0.54704837473478118     
    12534575           1   1.4424627021468646     
    12534575           2   1.1976513019058586     
    12534575           3   1.0434471193183223     
    12534575           4   1.1684440606677782     
    12534575           5  0.12108482094093471     
    12534575           6  0.84068169040340956     
    12534575           7   1.3300075479988804     
    12534575           8  0.55500462543774154     
    12534575           9  0.97185553226667276     
    12534575          10   1.3293605989135386     
    12543087           1   1.3127205952637533     
    12543087           2   1.0639092872857390     
    12543087           3   1.2373325630338801     
    12543087           4  0.39128141982084547     
    12543087           5   1.3382397894991127     
    12543087           6   1.1708252622123010     
    12543087           7  0.81194352760867605     
    12543087           8   1.1832438178839262     
    12543087           9   1.0534205746469680     
    12543087          10  0.43708316274479858     
    12552571           1   1.2989044918099741     
    12552571           2  0.99777539299088158     
    12552571           3   1.1700848904782464     
    12552571           4   1.3982699947653063     
    12552571           5  0.93558120018661151     
    12552571           6  0.75473333448668978     
    12552571           7  0.96871825285600421     
    12552571           8   1.1401719188440096     
    12552571           9  0.33823199289778444     
    12552571          10  0.99752853068449210     
    12552572           1   1.3227554411359252     
    12552572           2  0.48467380496647378     
    12552572           3  0.23748345960773298     
    12552572           4   1.4554491363596953     
    12552572           5   1.3580214680267895     
    12552572           6  0.94507649379963166     
    12552572           7   1.4421146607775004     
    12552572           8  0.86126907297249644     
    12552572           9   1.4779360886264821     
    12552572          10  0.41522037372727261     
    12553018           1   1.0423578496337964     
    12553018           2   1.4866195456468636     
    12553018           3   1.5639661381508234     
    12553018           4   9.3195945923440476E-003
    12553018           5   1.4501860241121498     
    12553018           6  0.25448604449315487     
    12553018           7  0.82130856169391542     
    12553018           8   1.4947271113875729     
    12553018           9   1.0755186795493616     
    12553018          10  0.80151045074001903     
    12558439           1   1.2850119520444689     
    12558439           2  0.96853312215395571     
    12558439           3  0.75756445970966246     
    12558439           4   1.1499830250153356     
    12558439           5   1.2011908007966545     
    12558439           6  0.91481115385315248     
    12558439           7   1.0301966801246909     
    12558439           8   1.1889497385119461     
    12558439           9  0.82564114292133273     
    12558439          10  0.67811792486880129     
    12559037           1   1.1947450208763948     
    12559037           2  0.47013530894834926     
    12559037           3  0.99458780058684149     
    12559037           4  0.63678657904662916     
    12559037           5   1.3014380872097089     
    12559037           6  0.95275952756291504     
    12559037           7   1.2656245959332830     
    12559037           8  0.74928899036845265     
    12559037           9   1.2035579009987942     
    12559037          10   1.2310761884686319     
    12566752           1   1.0829454661848279     
    12566752           2  0.78257436838397398     
    12566752           3   1.3892322609964172     
    12566752           4  0.42207305804416667     
    12566752           5   1.2027067452477473     
    12566752           6  0.92933794344318832     
    12566752           7   1.1990169956396646     
    12566752           8  0.91582490853334486     
    12566752           9   1.2129259067096183     
    12566752          10  0.86336234681705037     
    12568137           1  0.97077195601951938     
    12568137           2  0.70743129510498814     
    12568137           3   1.1917737083733995E-002
    12568137           4   1.3121852041039448     
    12568137           5   1.5094334660900766     
    12568137           6   1.1232661838878588     
    12568137           7   1.4042574764766762     
    12568137           8   1.2722773826662430     
    12568137           9   1.2750975560089151     
    12568137          10  0.41336174255804620     
    12570160           1   1.3621660301883749     
    12570160           2   1.1344269027505389     
    12570160           3  0.45504556657003170     
    12570160           4  0.95836805825650806     
    12570160           5   1.1369394053371207     
    12570160           6   1.2421241097671696     
    12570160           7  0.54462768143687057     
    12570160           8   1.2078361937545328     
    12570160           9   1.0898678772589927     
    12570160          10  0.86859817467985911     
    12573862           1   1.2511140848307116     
    12573862           2  0.63319322736959560     
    12573862           3   1.0639843494718935     
    12573862           4  0.94235802602122354     
    12573862           5   1.1287389507801904     
    12573862           6   1.1839409554780056     
    12573862           7   1.3764652893048088     
    12573862           8  0.92001581959871281     
    12573862           9  0.87978806950949762     
    12573862          10  0.62040122763536121     
    12579403           1  0.17314185264321366     
    12579403           2   1.0830488694996747     
    12579403           3   1.6231890460378322     
    12579403           4  0.38036440440314717     
    12579403           5   1.4331617729722113     
    12579403           6  0.39837954963521649     
    12579403           7  0.78792271279591009     
    12579403           8   1.5722582477847635     
    12579403           9   1.3029100076755249     
    12579403          10   1.2456235365525072     
    12586879           1  0.20586554421586903     
    12586879           2   1.3205525172278074     
    12586879           3   1.6181787961351675     
    12586879           4  0.32299365522342105     
    12586879           5   1.4953964795711479     
    12586879           6  0.23218045773738957     
    12586879           7  0.95149310243193419     
    12586879           8   1.5676420588701716     
    12586879           9   1.1128730836336689     
    12586879          10   1.1728243049534228     
    12588558           1   1.3208563626738881     
    12588558           2  0.11578056023821931     
    12588558           3   1.4561007660705678     
    12588558           4  0.98301631952168633     
    12588558           5  0.86352364234288226     
    12588558           6   1.3849025016097218     
    12588558           7   1.2980535255880108     
    12588558           8  0.30106206823214626     
    12588558           9   1.0835828566718686     
    12588558          10   1.1931213970510066     
    12597098           1   1.5014257981411521     
    12597098           2  0.33578311380352732     
    12597098           3  0.22960167991842065     
    12597098           4  0.60576229238792256     
    12597098           5   1.4070130110937316     
    12597098           6   1.2575609293057395     
    12597098           7   1.4814973429787985     
    12597098           8  0.84680042746610218     
    12597098           9   1.4105465742971348     
    12597098          10  0.92400883060746974     
    12599723           1  0.30983476816440403     
    12599723           2   1.4926103358839955     
    12599723           3   1.3940110974317101     
    12599723           4   1.5197737533409269E-002
    12599723           5   1.6040774298628140     
    12599723           6   8.9757357555573250E-002
    12599723           7   1.0962583984173113     
    12599723           8   1.3819691814664581     
    12599723           9   1.4313098263557249     
    12599723          10   1.1849738673285999     
    12600309           1   1.1618011501504073     
    12600309           2  0.85598184545987321     
    12600309           3   1.2594869497200116     
    12600309           4   1.2682636508045360     
    12600309           5  0.37414438589012439     
    12600309           6   1.0761863240142509     
    12600309           7   1.2567825019362360     
    12600309           8  0.62932395044964040     
    12600309           9  0.98119615327028697     
    12600309          10   1.1368330883046338     
    12608858           1   1.2270735253736107     
    12608858           2  0.94195019807853575     
    12608858           3   1.0759692880840117     
    12608858           4   1.4248167077198035     
    12608858           5   1.2328452814326760     
    12608858           6  0.66815364809074496     
    12608858           7  0.64330305422465595     
    12608858           8   1.3205906754061763     
    12608858           9  0.50586737062914133     
    12608858          10  0.95943025096064527     
    12609402           1   1.3172423213047149     
    12609402           2   1.2848955452866675     
    12609402           3  0.99683029695713254     
    12609402           4   1.3277253964031126     
    12609402           5   1.2104680679262774     
    12609402           6   1.2860013507297154     
    12609402           7  0.37480224219186303     
    12609402           8   1.1356414300771343     
    12609402           9   1.7215201984130193E-003
    12609402          10   1.0646718289249721     
    12609424           1   1.2160578619823452     
    12609424           2   8.3613597740564663E-002
    12609424           3  0.94206260671413689     
    12609424           4  0.93904804079164117     
    12609424           5   1.1589945173083613     
    12609424           6   1.5169480467215517     
    12609424           7   1.3890026116042418     
    12609424           8  0.15624962978482823     
    12609424           9   1.2924929215345644     
    12609424          10   1.3055301658177649     
    12612957           1  0.87250352823192956     
    12612957           2  0.61437421596992903     
    12612957           3   1.3363402625334748     
    12612957           4  0.52012225267224310     
    12612957           5   1.2681744883358470     
    12612957           6   1.2094768266943077     
    12612957           7   1.1414413536779797     
    12612957           8  0.35205113502948132     
    12612957           9   1.2175450146829789     
    12612957          10   1.4679709221718293     
    12614661           1   1.2509188031039833     
    12614661           2  0.99931102496905910     
    12614661           3  0.52459188449022154     
    12614661           4  0.85881691097320612     
    12614661           5  0.68764156152627665     
    12614661           6   1.2684572765590731     
    12614661           7   1.1416190070893806     
    12614661           8  0.66546691874768038     
    12614661           9   1.3356404134649951     
    12614661          10   1.2675361990761242     
    12618360           1   1.3783273559281832     
    12618360           2   1.2496595295761301     
    12618360           3   1.2483690800936607     
    12618360           4   1.3945518474573715     
    12618360           5   7.7893822017634272E-003
    12618360           6  0.83570214080871419     
    12618360           7   1.3100328285299192     
    12618360           8  0.67781564645974512     
    12618360           9  0.67489367270500011     
    12618360          10   1.2228585162395142     
    12619748           1   1.4913217651662292     
    12619748           2  0.65672923471363720     
    12619748           3  0.30954413043374057     
    12619748           4   1.3165452888238494     
    12619748           5   1.3656845659222798     
    12619748           6   1.0294905854362784     
    12619748           7   1.2259840715692489     
    12619748           8  0.66946140253553499     
    12619748           9   1.4805196377034322     
    12619748          10  0.45471931769576884     
    12624378           1   1.1439799346799027     
    12624378           2   1.3648349572496856     
    12624378           3   1.0509079615244110     
    12624378           4   1.4403844774331835     
    12624378           5   1.1036955481969082     
    12624378           6   1.2168860708214471     
    12624378           7  0.26570050856427219     
    12624378           8   1.1081403363740057     
    12624378           9   9.4093055124739311E-002
    12624378          10   1.2113771500314461     
    12624889           1   1.1453841172047527     
    12624889           2  0.85838380143157322     
    12624889           3   1.2269353284104032     
    12624889           4   1.1407869301720730     
    12624889           5   1.1288651504318870     
    12624889           6  0.52945680099357784     
    12624889           7   1.2397299457730289     
    12624889           8   1.1279731533077302     
    12624889           9   1.1282054987461885     
    12624889          10  0.47427927352878491     
    12626553           1   1.3458400617361872     
    12626553           2  0.44535087015728053     
    12626553           3  0.23094976853508864     
    12626553           4  0.57379259903460078     
    12626553           5   1.1392182749457949     
    12626553           6  0.90161024731487516     
    12626553           7   1.6643973448201201     
    12626553           8  0.72165466822115354     
    12626553           9   1.5823362119329913     
    12626553          10   1.3948499533019081     
    12630512           1   1.0306438816710739     
    12630512           2  0.34435387730931782     
    12630512           3   1.3536340442628454     
    12630512           4  0.63533625012213968     
    12630512           5   1.1348459069749175     
    12630512           6   1.0939828284510462     
    12630512           7   1.5447222371321943     
    12630512           8  0.41731659922099990     
    12630512           9   1.1502472217136672     
    12630512          10   1.2949171531417982     
    12637057           1   1.2743649991858512     
    12637057           2  0.44713859566644276     
    12637057           3   1.3189749707267908     
    12637057           4   1.2134312274890429     
    12637057           5  0.63834781391438811     
    12637057           6   1.1253571990933311     
    12637057           7   1.4373258203428549     
    12637057           8  0.47735897325573423     
    12637057           9  0.93401691430300715     
    12637057          10   1.1336834860225573     
    12646282           1  0.63634155759385647     
    12646282           2  0.82887376153108705     
    12646282           3   1.2711683970400733     
    12646282           4   1.0900907289929729     
    12646282           5   1.3212968704825017     
    12646282           6   1.0793936572794549     
    12646282           7  0.60164538173749205     
    12646282           8   1.1379035783188969     
    12646282           9  0.69540988793444070     
    12646282          10   1.3378761790892242     
    12648054           1  0.60751434320038000     
    12648054           2   1.2045346388974427     
    12648054           3   1.5354136671720613     
    12648054           4  0.25132616222991716     
    12648054           5   1.7583576438334927     
    12648054           6   2.0603752625565901E-002
    12648054           7   1.2070312762513626     
    12648054           8   1.6326594108603663     
    12648054           9  0.87944732369224221     
    12648054          10  0.90311178123716906     
    12650788           1  0.72032853477375502     
    12650788           2  0.56546936649210744     
    12650788           3  0.57054955689409703     
    12650788           4   1.3162560432136989     
    12650788           5   1.3457758023968143     
    12650788           6   1.3215177049322000     
    12650788           7   1.3363499117411799     
    12650788           8  0.86859679169599735     
    12650788           9   1.4769696320869186     
    12650788          10  0.47818665577323222     
    12653110           1   1.5599952392486338     
    12653110           2   1.0212136136358050     
    12653110           3   1.1229948691390688     
    12653110           4  0.98878653811130279     
    12653110           5  0.29586828936053861     
    12653110           6   1.0235135800676451     
    12653110           7   1.1407215545115790     
    12653110           8  0.54701563630252847     
    12653110           9   1.1672856291049662     
    12653110          10   1.1326050505179321     
    12658729           1   1.3566769856122318     
    12658729           2  0.52951521453189088     
    12658729           3   1.4012109748059212     
    12658729           4   1.3971674316222094     
    12658729           5  0.36485281334508157     
    12658729           6   1.2568625367387318     
    12658729           7   1.3776756045784013     
    12658729           8  0.52837894346097092     
    12658729           9  0.74918388918224399     
    12658729          10   1.0384756061223166     
    12667522           1   1.1488594025642991     
    12667522           2  0.68465853458293924     
    12667522           3   1.1710399217990526     
    12667522           4   1.7031336529630565     
    12667522           5  0.44095043581505028     
    12667522           6   1.2584211334772690     
    12667522           7   1.3207100989612965     
    12667522           8  0.65490778012779405     
    12667522           9  0.49637976739225592     
    12667522          10   1.1209392723169891     
    12667897           1  0.78730395334403047     
    12667897           2  0.51144249188018365     
    12667897           3   1.3018597407608350     
    12667897           4  0.53794140181136629     
    12667897           5   1.2343438090371484     
    12667897           6   1.2743957132388222     
    12667897           7   1.2559829324697209     
    12667897           8  0.35097115685457786     
    12667897           9   1.2316418679913712     
    12667897          10   1.5141169326119446     
    12668321           1   1.2196226000964430     
    12668321           2  0.22913697679214215     
    12668321           3   1.2935020178578132     
    12668321           4  0.96180926086290552     
    12668321           5  0.81109789666245358     
    12668321           6   1.5229442958912223     
    12668321           7   1.3695390930874789     
    12668321           8  0.35477190242193429     
    12668321           9   1.1489796486717578     
    12668321          10   1.0885963076558491     
    12668400           1   1.4132036696739572     
    12668400           2  0.83625757081119334     
    12668400           3   1.2705979488443471     
    12668400           4  0.41777801676376852     
    12668400           5   1.3099518231243594     
    12668400           6   1.1249244403181877     
    12668400           7   1.3098406196501156     
    12668400           8   1.1006033639311021     
    12668400           9  0.97357126517949921     
    12668400          10  0.24327128170346973     
    12670499           1   1.3794849719456264     
    12670499           2  0.98882391119397184     
    12670499           3   1.1781646993150732     
    12670499           4   1.2495976383083902     
    12670499           5  0.12609551812717998     
    12670499           6  0.84534695685473704     
    12670499           7   1.5102354358092616     
    12670499           8  0.64957478339308117     
    12670499           9  0.99841931933353478     
    12670499          10   1.0742567657191435     
    12675888           1   1.1336535788480462     
    12675888           2  0.86919141008726131     
    12675888           3   1.1994807885607253     
    12675888           4  0.88951816922700988     
    12675888           5   1.4261871997727587     
    12675888           6   1.2057289922473715     
    12675888           7  0.29770754249447035     
    12675888           8  0.66836254626655955     
    12675888           9   1.1884233358884884     
    12675888          10   1.1217464366073093     
    12676584           1   1.2216487072954931     
    12676584           2  0.90132663744431973     
    12676584           3   1.1907451845596575     
    12676584           4  0.90853075696807784     
    12676584           5   1.1247932079503964     
    12676584           6   1.1652972382331628     
    12676584           7   1.1982059664464531     
    12676584           8  0.68685567222407484     
    12676584           9  0.70627748185221184     
    12676584          10  0.89631914702615467     
    12677947           1  0.82843393077745953     
    12677947           2  0.13940275209371200     
    12677947           3   1.0270657973803516     
    12677947           4   1.2442733515734357     
    12677947           5   1.3085332529623663     
    12677947           6   1.4409006868668137     
    12677947           7   1.3062570851650668     
    12677947           8  0.76806526420808130     
    12677947           9   1.1330217875799542     
    12677947          10  0.80404609139275851     
    12679266           1   1.1599522321528786     
    12679266           2   1.4814254875770874     
    12679266           3   1.1354349112963076     
    12679266           4  0.45616570895780256     
    12679266           5   1.2607769908238242     
    12679266           6   1.0596379291699032     
    12679266           7  0.88402891427500374     
    12679266           8   1.2036627999299720     
    12679266           9  0.97139297979171968     
    12679266          10  0.38752204602550056     
    12683417           1  0.68672194384637664     
    12683417           2   1.0574119610828367     
    12683417           3   1.2488030367577008     
    12683417           4  0.45692973722866292     
    12683417           5   1.2146846093350301     
    12683417           6   1.0285009551424877     
    12683417           7   1.0145210837682914     
    12683417           8   1.0255286983891689     
    12683417           9   1.2151181193732499     
    12683417          10   1.0517798550761941     
    12695123           1   1.2846069714923176     
    12695123           2  0.32427560223036422     
    12695123           3  0.25941319154669590     
    12695123           4  0.66907667622564149     
    12695123           5   1.2289817409774511     
    12695123           6  0.94250593381519687     
    12695123           7   1.6310201394756227     
    12695123           8  0.69997255603669839     
    12695123           9   1.5704295609171119     
    12695123          10   1.3897176272828982     
    12697868           1   1.3229272632593598     
    12697868           2  0.37232049658965805     
    12697868           3  0.90037312218318688     
    12697868           4  0.66699026648105886     
    12697868           5   1.3283313929810838     
    12697868           6  0.78739488332341967     
    12697868           7   1.3890442234249654     
    12697868           8  0.61525038119949482     
    12697868           9   1.2310983597928247     
    12697868          10   1.3862696107649479     
    12701893           1   1.0755065408422155     
    12701893           2  0.99443272157052243     
    12701893           3  0.71645647022958214     
    12701893           4   1.1951181894119973     
    12701893           5  0.96848700166680401     
    12701893           6   1.1335115361889927     
    12701893           7   1.3522513555323115     
    12701893           8   5.1720228573198981E-002
    12701893           9   1.1556959975590337     
    12701893          10   1.3568199584253404     
    12703201           1   1.1914041451414321     
    12703201           2  0.39720733189509760     
    12703201           3   1.0588314211306191     
    12703201           4   1.2037371050895078     
    12703201           5  0.76313899991269940     
    12703201           6   1.2038842509564398     
    12703201           7   1.5185631093379020     
    12703201           8  0.39111850359168671     
    12703201           9  0.92030922018642491     
    12703201          10   1.3518059127581905     
    12704044           1   1.0623698748273391     
    12704044           2  0.13195280114943378     
    12704044           3  0.75660602478074956     
    12704044           4   1.0709092605564676     
    12704044           5   1.2715587615653310     
    12704044           6   1.4664735032659748     
    12704044           7   1.5321292051581203     
    12704044           8   8.2120097255061378E-002
    12704044           9   1.2091141897792936     
    12704044          10   1.4167662816622297     
    12705265           1   1.2779353460883318     
    12705265           2   1.3267782941707666     
    12705265           3  0.80064455695290271     
    12705265           4  0.53625362779622243     
    12705265           5   1.4031217656795141     
    12705265           6   1.0280262960741247     
    12705265           7  0.63566500963561323     
    12705265           8   1.1639245556250197     
    12705265           9  0.91294012590922591     
    12705265          10  0.91471042206827879     
    12706775           1   1.4558835232657195     
    12706775           2  0.88922707276778057     
    12706775           3  0.75130505096673628     
    12706775           4  0.72410147780498502     
    12706775           5   1.4225608349455903     
    12706775           6   1.4092304736029466     
    12706775           7  0.28927707993025215     
    12706775           8   1.2177147506687118     
    12706775           9   1.0174966178065192     
    12706775          10  0.82320311824075820     
    12707088           1   1.2457968936435413     
    12707088           2  0.93741122888582229     
    12707088           3  0.73812244414330264     
    12707088           4   1.1867299596729257     
    12707088           5   1.3629154053729675     
    12707088           6   1.1988922946679836     
    12707088           7  0.36829736039761662     
    12707088           8   1.2890146424383548     
    12707088           9  0.94016986505073941     
    12707088          10  0.73264990572674471     
    12710140           1   1.3328126862415823     
    12710140           2   1.3787677150827202     
    12710140           3   1.0423286591509049     
    12710140           4  0.48586099591885767     
    12710140           5   1.1609290322353321     
    12710140           6   1.1043394395672730     
    12710140           7   1.1471822165614163     
    12710140           8   1.1892586576675561     
    12710140           9  0.86102628924515545     
    12710140          10  0.29749430832920265     
    12710219           1   1.2676857363471521     
    12710219           2  0.93406369110274212     
    12710219           3   1.1619696320696606     
    12710219           4   1.0435123864892597     
    12710219           5   1.2225856042551313     
    12710219           6  0.95779113019862017     
    12710219           7  0.71633051967958861     
    12710219           8   1.1330650682778352     
    12710219           9  0.69444113068329272     
    12710219          10  0.86855510089671761     
    12712282           1   1.1898548296669358     
    12712282           2   1.3012361002124659     
    12712282           3   1.1164426806654384     
    12712282           4   1.1469312062300332     
    12712282           5   1.3692181503908278     
    12712282           6  0.98915846704149779     
    12712282           7   3.4136861921163081E-002
    12712282           8  0.56281629697739211     
    12712282           9  0.88527555722659357     
    12712282          10   1.4049298496676532     
    12714379           1   1.2928851761982632     
    12714379           2  0.29022684193152293     
    12714379           3   1.0739546877327024     
    12714379           4  0.72514389007981628     
    12714379           5   1.2798569809271922     
    12714379           6  0.75718886265078178     
    12714379           7   1.3419053288439911     
    12714379           8  0.64577919955229890     
    12714379           9   1.2031415966866295     
    12714379          10   1.3899174353968018     
    12714992           1   1.1994124320525523     
    12714992           2   1.1109323038741286     
    12714992           3  0.73476143980472097     
    12714992           4   1.2807334060180147     
    12714992           5   1.4516998085334081     
    12714992           6  0.90392298907649982     
    12714992           7  0.45827223362328240     
    12714992           8   1.2882008744520670     
    12714992           9  0.74077531994381207     
    12714992          10  0.83128919262151391     
    12716587           1   1.3515710361186641     
    12716587           2  0.40403234395205723     
    12716587           3  0.23703569095496907     
    12716587           4  0.60734597834692228     
    12716587           5   1.2615993384466495     
    12716587           6  0.91413939407426947     
    12716587           7   1.6401296095191600     
    12716587           8  0.65350676522210116     
    12716587           9   1.5561274912717080     
    12716587          10   1.3745123520934988     
    12717647           1   3.5513113888330232E-003
    12717647           2  0.60422288573813010     
    12717647           3   1.4544360626476498     
    12717647           4  0.83230656991978902     
    12717647           5   1.4795718517091567     
    12717647           6  0.80976105106682994     
    12717647           7  0.78869716740319307     
    12717647           8   1.2828716087859997     
    12717647           9   1.2781288840552838     
    12717647          10   1.4664526072851358     
    12720853           1  0.86587842628450939     
    12720853           2   1.2546070270600731     
    12720853           3  0.98472439072806972     
    12720853           4   1.1841471209606744     
    12720853           5  0.85933298241589295     
    12720853           6   1.6917000337930910     
    12720853           7  0.81012119636273583     
    12720853           8   5.0434757358575527E-002
    12720853           9  0.69397820926929099     
    12720853          10   1.6050758557670857     
    12724686           1  0.63664221366727514     
    12724686           2  0.79164571266641170     
    12724686           3   1.2875961767842841     
    12724686           4   1.1318714097746030     
    12724686           5   1.3219211514589038     
    12724686           6   1.0799036448086332     
    12724686           7  0.56322381030446977     
    12724686           8   1.1384412103778183     
    12724686           9  0.69573845237256027     
    12724686          10   1.3530162177850404     
    12725600           1   1.2857397764401086     
    12725600           2  0.84682978876186532     
    12725600           3   1.4085903402749544     
    12725600           4   1.0455095326321271     
    12725600           5   1.0846776675110044     
    12725600           6  0.34273527989431596     
    12725600           7   1.1281498234230878     
    12725600           8   1.2491473808772189     
    12725600           9  0.81471295535348387     
    12725600          10  0.79390745483183300     
    12726510           1   1.2095420319453913     
    12726510           2  0.51592560473435189     
    12726510           3   1.0622775966083324     
    12726510           4   1.4192650108170222     
    12726510           5   1.0227469394939093     
    12726510           6  0.99909589009907085     
    12726510           7   1.1985306757982788     
    12726510           8   1.1477293248793408     
    12726510           9  0.61180257810085592     
    12726510          10  0.81308434752344716     
    12727713           1   1.2085568825710042     
    12727713           2   1.1199572475927282     
    12727713           3  0.36897319123729694     
    12727713           4   1.0430109667296596     
    12727713           5   1.1496938082568735     
    12727713           6  0.99883594713344248     
    12727713           7   1.2686023554885348     
    12727713           8  0.86937760164932987     
    12727713           9   1.4766550052548135     
    12727713          10  0.49633699408631599     
    12728452           1   1.3053833141658595     
    12728452           2   1.1812099343465039     
    12728452           3   1.0476745737247903     
    12728452           4   1.2859145308996092     
    12728452           5   1.1571731586249114     
    12728452           6   1.1901819813480388     
    12728452           7  0.10064732573614485     
    12728452           8  0.66769040818928505     
    12728452           9  0.68580117601871271     
    12728452          10   1.3783235969461445     
    12728555           1   1.5728482940729656     
    12728555           2  0.76947943803749019     
    12728555           3  0.34384910200541369     
    12728555           4  0.97816737171538226     
    12728555           5   1.3912978826297968     
    12728555           6   1.0989203663495903     
    12728555           7   1.2186275468053753     
    12728555           8  0.67120703106771795     
    12728555           9   1.3718017239690785     
    12728555          10  0.58380124334719108     
    12730172           1  0.42902399588650925     
    12730172           2   1.0779862220114382     
    12730172           3   1.2316883529772178     
    12730172           4   1.1366852092933339     
    12730172           5   1.3276881729068877     
    12730172           6   1.1726691673833978     
    12730172           7  0.34043207643261814     
    12730172           8   1.1934785872457945     
    12730172           9  0.79473174285645432     
    12730172          10   1.2956164730063482     
    12730518           1  0.69903292977795084     
    12730518           2  0.61380357426196308     
    12730518           3  0.95962660019486701     
    12730518           4   1.0739843564098721     
    12730518           5   1.4435243152667308     
    12730518           6   1.2310752292342173     
    12730518           7   1.4422802627389417     
    12730518           8  0.85973416351391541     
    12730518           9   1.2237325004448651     
    12730518          10  0.45320606815667652     
    12731014           1  0.17605435420000978     
    12731014           2  0.95399299516653624     
    12731014           3   1.6199375460108401     
    12731014           4  0.38676269518646705     
    12731014           5   1.4572696696546132     
    12731014           6  0.40508088175564416     
    12731014           7  0.77532979242251698     
    12731014           8   1.5987059525104077     
    12731014           9   1.3248268773854726     
    12731014          10   1.3020392357074932     
    12732957           1   1.4017321288275755     
    12732957           2  0.44032089979339661     
    12732957           3   1.0014472178076694     
    12732957           4  0.75675604448890654     
    12732957           5   1.3869516236394441     
    12732957           6   1.2663007898977658     
    12732957           7   1.2822208775770394     
    12732957           8   1.0490397764151893     
    12732957           9   1.0533894154547936     
    12732957          10  0.36184122609822184     
    12742147           1  0.90533692356621409     
    12742147           2   1.0467161734655677     
    12742147           3  0.99316365848073740     
    12742147           4  0.89800316771503985     
    12742147           5   1.2252691322604010     
    12742147           6  0.85043347626768451     
    12742147           7   1.2367123356454952     
    12742147           8   1.2193319973258072     
    12742147           9  0.99921090027507464     
    12742147          10  0.62582223499797895     
    12742330           1  0.61022095492509743     
    12742330           2  0.18388905441433714     
    12742330           3   1.2242790214714969     
    12742330           4  0.78480419642423715     
    12742330           5   1.3630819615211152     
    12742330           6   1.0432811556188530     
    12742330           7   1.1684066982694061     
    12742330           8   1.1771633992709090     
    12742330           9   1.2775482454598519     
    12742330          10   1.1673253126246963     
    12743367           1   1.3440003517292411     
    12743367           2  0.81710235638494189     
    12743367           3   1.0915494168092139     
    12743367           4   1.4880442610313529     
    12743367           5   1.0026863245397364     
    12743367           6  0.62712092882501791     
    12743367           7  0.92307445774329788     
    12743367           8   1.3181902254269868     
    12743367           9  0.43604326466146520     
    12743367          10  0.95218841284874589     
    12745239           1   1.2874084364443432     
    12745239           2   1.3366134479612508     
    12745239           3  0.80657958195575541     
    12745239           4  0.54022877339760356     
    12745239           5   1.4135228390260286     
    12745239           6  0.96151877061189983     
    12745239           7  0.64037707280130074     
    12745239           8   1.1725525057922686     
    12745239           9  0.91970757649179136     
    12745239          10  0.92149099551775837     
    12745618           1   1.1144992808245384     
    12745618           2   1.3559212629475383     
    12745618           3  0.94632095752381884     
    12745618           4  0.63234110792602316     
    12745618           5   1.2886163633401650     
    12745618           6   1.2022516347874761     
    12745618           7  0.65138596784600056     
    12745618           8   1.2275616840598573     
    12745618           9  0.79765839175780395     
    12745618          10  0.78344334898678070     
    12746433           1   1.4388909908928753     
    12746433           2  0.57566301013788124     
    12746433           3   8.8592012930824929E-003
    12746433           4  0.79436407197269743     
    12746433           5   1.3553870306171480     
    12746433           6   1.4612683199977283     
    12746433           7   1.4837291121298155     
    12746433           8  0.71308334951415497     
    12746433           9   1.3471055182093223     
    12746433          10  0.82164939523529523     
    12750562           1   1.1574260037360116     
    12750562           2   1.1293035937665996     
    12750562           3   1.1056363180498050     
    12750562           4   1.4954147554424218     
    12750562           5  0.86213831974333266     
    12750562           6   1.0001138843789112     
    12750562           7  0.78234526897137935     
    12750562           8  0.96684355862734184     
    12750562           9  0.58394768688941934     
    12750562          10  0.91683061039477753     
    12751012           1  0.89563775993302452     
    12751012           2   1.2821029394156354     
    12751012           3  0.93430940514868133     
    12751012           4  0.93143553710003268     
    12751012           5   1.1172829222570813     
    12751012           6   1.5100228888389100     
    12751012           7  0.74649720536714526     
    12751012           8   2.0734425861337044E-002
    12751012           9  0.92613517615366880     
    12751012          10   1.6358417399244842     
    12752550           1   1.0652943709258449     
    12752550           2   1.3705732413054712     
    12752550           3   1.2293446006614215     
    12752550           4   1.2418905778136990     
    12752550           5   1.2430216740164124     
    12752550           6   1.2377080324395302     
    12752550           7  0.22435346408165471     
    12752550           8  0.83459138632253704     
    12752550           9  0.36010473946825911     
    12752550          10   1.1931179129651712     
    12752791           1  0.66994690452017513     
    12752791           2  0.12750847338760954     
    12752791           3  0.85364663587781542     
    12752791           4   1.3023806662335964     
    12752791           5   1.3372704712296437     
    12752791           6   1.4305130571662290     
    12752791           7   1.4281362378765021     
    12752791           8  0.74509760883045628     
    12752791           9   1.3617739536486457     
    12752791          10  0.74372599122932648     
    12753047           1   1.1448974065713144     
    12753047           2   1.4256692833324236     
    12753047           3   1.1065930046371089     
    12753047           4  0.95017229269576187     
    12753047           5   1.3067884273138444     
    12753047           6   1.2571641319698024     
    12753047           7  0.33140802783722029     
    12753047           8  0.72036857313908076     
    12753047           9  0.59783086903390925     
    12753047          10   1.1591079834695337     
    12754701           1   1.3113818975166387     
    12754701           2  0.80856400027246000     
    12754701           3  0.40652751487342242     
    12754701           4   1.2162142961790712     
    12754701           5   1.3899690779607579     
    12754701           6  0.83525889121737096     
    12754701           7   1.4575204536531918     
    12754701           8   1.1743519241929352     
    12754701           9   1.3918818678331939     
    12754701          10   8.3300763009586543E-003
    12755134           1   1.2917094022349249     
    12755134           2  0.78466083992398294     
    12755134           3  0.14900924168402890     
    12755134           4   1.4664944585396016     
    12755134           5   1.2449756403970842     
    12755134           6   1.1520661271292545     
    12755134           7   1.3313740021631917     
    12755134           8   1.0657168630322609     
    12755134           9   1.3277795510640229     
    12755134          10  0.18621387383164820     
    12759580           1   1.1077024346848250     
    12759580           2  0.59338521692866919     
    12759580           3   1.0314024453876565     
    12759580           4   1.1129161082154333     
    12759580           5   1.2083802805509583     
    12759580           6   1.0830490563426129     
    12759580           7   1.2880504272407693     
    12759580           8  0.97959187377809620     
    12759580           9  0.99843307844665097     
    12759580          10  0.59708907842432712     
    12763220           1   1.1938541126032987     
    12763220           2   1.2553062894397256     
    12763220           3   1.2580321192042074     
    12763220           4  0.67336987202045706     
    12763220           5   1.1420232303864664     
    12763220           6   1.0330097820514104     
    12763220           7   1.3006900085852502     
    12763220           8  0.83760647992429638     
    12763220           9  0.80657261308173889     
    12763220          10  0.49953549270314784     
    12764417           1   1.2445165147605468     
    12764417           2  0.51690470693588975     
    12764417           3  0.45118367299453127     
    12764417           4  0.98579874291227620     
    12764417           5   1.0863162754469051     
    12764417           6   1.2878577269031790     
    12764417           7   1.2587657357560924     
    12764417           8   1.4329896840205212     
    12764417           9   1.2124061966835988     
    12764417          10  0.52326074358646035     
    12768935           1   1.0096926162484008     
    12768935           2   1.2602014904642069     
    12768935           3   1.3233207510789680     
    12768935           4  0.98457890983230167     
    12768935           5   1.1724110729935509     
    12768935           6  0.88950586204298043     
    12768935           7  0.17843866543521975     
    12768935           8  0.75187190508631052     
    12768935           9  0.93967470521902385     
    12768935          10   1.4903040215990357     
    12773000           1   1.3006809603523952     
    12773000           2  0.98034309288098820     
    12773000           3  0.74293008836788543     
    12773000           4   1.1680080643987447     
    12773000           5   1.2158377218678105     
    12773000           6  0.93922934584634477     
    12773000           7   1.0150443341633086     
    12773000           8   1.2034473961413636     
    12773000           9  0.74809232669981152     
    12773000          10  0.68638666928134762     
    12774233           1   1.5131594518123950     
    12774233           2  0.85113379143698309     
    12774233           3  0.13790376225778583     
    12774233           4  0.61621104668917226     
    12774233           5  0.93998809122927351     
    12774233           6   1.3001775240855400     
    12774233           7   1.3334571030685407     
    12774233           8  0.61642765057393745     
    12774233           9   1.4615178045235513     
    12774233          10   1.2300237743228200     
    12777611           1   1.0943581601008348     
    12777611           2   5.3341857571103886E-002
    12777611           3  0.92607285935314820     
    12777611           4   1.2299260146338424     
    12777611           5   1.1902807222135972     
    12777611           6   1.3114769587862225     
    12777611           7   1.3620543875263285     
    12777611           8  0.52186371660761144     
    12777611           9   1.0835622219428227     
    12777611          10   1.2270631012644897     
    12778777           1  0.49886649558020313     
    12778777           2   1.5556208912871676     
    12778777           3   1.6185301832469476     
    12778777           4   7.8873636982113138E-002
    12778777           5   1.5563926408763218     
    12778777           6   4.7065829025619106E-003
    12778777           7   1.2022218541200933     
    12778777           8   1.6084781508912640     
    12778777           9   1.1400514171244136     
    12778777          10  0.73625814698891545     
    12780189           1   1.2851460482412802     
    12780189           2   1.4269888424722037     
    12780189           3   1.3491649855836236     
    12780189           4   1.2945993084744907     
    12780189           5   1.3753214978853798     
    12780189           6   1.2054889785060654     
    12780189           7   9.4134061147506651E-002
    12780189           8  0.83555846440254500     
    12780189           9  0.17312474125765207     
    12780189          10  0.96047307202925447     
    12782433           1   1.5693909530300787     
    12782433           2  0.78226107818207535     
    12782433           3  0.38586611824833417     
    12782433           4   1.1766503409858762     
    12782433           5   1.3101899848398877     
    12782433           6  0.88263790304528933     
    12782433           7   1.4199003757309725     
    12782433           8   1.0945189960514299     
    12782433           9   1.3677453209805632     
    12782433          10   1.0838928905493501E-002
    12785086           1   1.3778039852522082     
    12785086           2   1.1710817766571904     
    12785086           3   1.1535208632024880     
    12785086           4   1.4381333338872377     
    12785086           5  0.57325777183612003     
    12785086           6  0.95628455982747007     
    12785086           7  0.93847786213574269     
    12785086           8  0.88337195413300151     
    12785086           9  0.37695915096584420     
    12785086          10   1.1311087421026980     
    12788346           1   1.3400179658565130     
    12788346           2  0.94383683837327637     
    12788346           3   1.2685535531502647     
    12788346           4   1.3625947443734405     
    12788346           5  0.11027334647615231     
    12788346           6   1.1953787811211973     
    12788346           7   1.3202930904968877     
    12788346           8  0.50946526496750355     
    12788346           9  0.69639035475717159     
    12788346          10   1.2531960604275922     
    12789405           1   1.2343346579463954     
    12789405           2   1.2973296469511495     
    12789405           3   1.2694704093687730     
    12789405           4   1.3552285735045877     
    12789405           5  0.56224699724705540     
    12789405           6  0.82814881410753172     
    12789405           7   1.1734728138149366     
    12789405           8  0.71811488090762587     
    12789405           9  0.74236119403317058     
    12789405          10  0.81929201211877389     
    12789475           1  0.85367431940978156     
    12789475           2   1.2039461756242869     
    12789475           3  0.95215460590805534     
    12789475           4   1.1737166705269049     
    12789475           5  0.92319230742372249     
    12789475           6   1.5318374218108923     
    12789475           7  0.83161480966610613     
    12789475           8   5.0066681547456188E-003
    12789475           9  0.95527336744880909     
    12789475          10   1.5695836540266959     
    12790105           1   1.4131808129782908     
    12790105           2  0.54304593782055055     
    12790105           3   1.2220616340553441     
    12790105           4  0.41109970556278852     
    12790105           5   1.2568762835738030     
    12790105           6   1.2572814853649918     
    12790105           7   1.2388448982292155     
    12790105           8   1.2243077848555897     
    12790105           9   1.0699380124404849     
    12790105          10  0.36336344511894120     
    12790408           1   1.4231901584425624     
    12790408           2   1.0290652894659162     
    12790408           3   1.1851619007070813     
    12790408           4  0.98976265413692210     
    12790408           5  0.40520328099761010     
    12790408           6  0.94052904623274602     
    12790408           7   1.1496852173997143     
    12790408           8  0.58462200255567476     
    12790408           9   1.1334523543098260     
    12790408          10   1.1593280957519483     
    12793353           1   1.3012846548102626     
    12793353           2   1.0798141836889015     
    12793353           3  0.93470660505082426     
    12793353           4  0.78545402265460373     
    12793353           5  0.52401509995565032     
    12793353           6   1.0155801564033897     
    12793353           7   1.2691722651449173     
    12793353           8  0.56546224355521968     
    12793353           9   1.3209711993335194     
    12793353          10   1.2035395694027113     
    12793531           1   1.0256909826340264     
    12793531           2  0.51271143646298356     
    12793531           3   1.2665677187999076     
    12793531           4  0.83222310268805288     
    12793531           5  0.93395746254253542     
    12793531           6   1.4520969871315712     
    12793531           7   1.2103254580574470     
    12793531           8  0.84997375041133483     
    12793531           9   1.2646559514709961     
    12793531          10  0.65179714980114711     
    12794954           1   1.0983937303028795     
    12794954           2  0.68585410996972074     
    12794954           3   1.1739588694058198     
    12794954           4   1.0699405445814782     
    12794954           5  0.88889665231208126     
    12794954           6   1.4173605939337408     
    12794954           7   1.1953788285902012     
    12794954           8  0.69868290831934443     
    12794954           9  0.64514187470534157     
    12794954          10   1.1263918878793928     
    12795645           1   1.0810774165232477     
    12795645           2  0.67193832580416235     
    12795645           3  0.35772639446770349     
    12795645           4   1.3535886722390722     
    12795645           5   1.3801065894145066     
    12795645           6  0.99830054209708552     
    12795645           7   1.5308741417034122     
    12795645           8   1.2626621497727204     
    12795645           9   1.2776894325739150     
    12795645          10   8.6036335404174241E-002
    12796626           1   1.1394263371203726     
    12796626           2   1.5355943029926282     
    12796626           3  0.70523658030659653     
    12796626           4   1.1664787922180628     
    12796626           5   1.2428769765709924     
    12796626           6   1.3847078308882022     
    12796626           7  0.53732452694324218     
    12796626           8   3.6721478148759340E-002
    12796626           9  0.73911598378595067     
    12796626          10   1.5125171910251931     
    12797062           1   1.4039473750184657     
    12797062           2  0.59375389034766779     
    12797062           3   9.6345502563795121E-002
    12797062           4  0.85011531662149531     
    12797062           5   1.3820836454185839     
    12797062           6   1.3175370500280448     
    12797062           7   1.4949706685608553     
    12797062           8  0.58673859215259760     
    12797062           9   1.3586797032656086     
    12797062          10  0.91582825602288676     
    12798710           1   7.6337720552242028E-002
    12798710           2  0.80670196336108158     
    12798710           3   1.4393066482896282     
    12798710           4  0.85076056991638893     
    12798710           5   1.4915525427590337     
    12798710           6  0.91135731332905168     
    12798710           7  0.62027526370162678     
    12798710           8   1.3233455214914120     
    12798710           9  0.98006867786003526     
    12798710          10   1.5002937787395019     
    12800084           1  0.87804538938263443     
    12800084           2  0.46769485819397461     
    12800084           3  0.33344808622136235     
    12800084           4   1.3272833038004719     
    12800084           5   1.3331208571858608     
    12800084           6  0.88392178229716245     
    12800084           7   1.4098785161193998     
    12800084           8   1.3990467136968876     
    12800084           9   1.6042024103173724     
    12800084          10  0.36335808278487280     
    12801303           1   1.3201437975439483     
    12801303           2  0.45510942502916019     
    12801303           3  0.24877775115372022     
    12801303           4  0.61271755346612433     
    12801303           5   1.0585645672874540     
    12801303           6   1.1276138721643147     
    12801303           7   1.6594938591783213     
    12801303           8  0.63768984231166115     
    12801303           9   1.4831042531371013     
    12801303          10   1.3967850787281955     
    12801427           1   1.1882366817177461     
    12801427           2   1.3646100992657892     
    12801427           3   1.2306752446040266     
    12801427           4  0.44999661640610106     
    12801427           5   1.3317238435410057     
    12801427           6   1.0813928531240513     
    12801427           7  0.67784485216969959     
    12801427           8   1.2897854376210991     
    12801427           9  0.90395807244608672     
    12801427          10  0.48177629910439534     
    12803243           1   1.0685757914796634     
    12803243           2   1.3285711496586168     
    12803243           3   1.0512649944989880     
    12803243           4  0.97712650644319887     
    12803243           5   1.1629661363935768     
    12803243           6   1.3545826950584356     
    12803243           7   1.0622955226440181     
    12803243           8  0.16242240106272268     
    12803243           9  0.77456432820874377     
    12803243          10   1.0576304745520355     
    12804211           1   1.2359544490446870     
    12804211           2  0.42773783076254812     
    12804211           3   1.2724562955281791     
    12804211           4   1.4912532323979202     
    12804211           5  0.42513745494661809     
    12804211           6   1.2890241003219864     
    12804211           7   1.3691777893484838     
    12804211           8  0.63331155547396900     
    12804211           9  0.75735871748243044     
    12804211          10   1.0985885746931765     
    12806614           1   1.5832972543821859     
    12806614           2  0.78919265776600300     
    12806614           3  0.38928526024833671     
    12806614           4   1.1870765857633276     
    12806614           5   1.3217995182850235     
    12806614           6  0.89045891707677804     
    12806614           7   1.4324820479247375     
    12806614           8   1.0369372218620674     
    12806614           9   1.3585355645334700     
    12806614          10   1.0934972158070455E-002
    12808509           1   1.3370574226590646     
    12808509           2   1.2265056424298160     
    12808509           3   1.3931228390717145     
    12808509           4   1.2382740249099407     
    12808509           5   1.2033427234341212     
    12808509           6   1.1572439198311120     
    12808509           7  0.15696939635600937     
    12808509           8  0.77693989850786682     
    12808509           9  0.41324166260530182     
    12808509          10   1.0973024701950540     
    12810277           1  0.97533786576797976     
    12810277           2  0.49091528265919820     
    12810277           3  0.24900225369984183     
    12810277           4   1.1902227552963280     
    12810277           5   1.3918160709367358     
    12810277           6   1.0542297684109356     
    12810277           7   1.4024463968237333     
    12810277           8   1.4146304062217561     
    12810277           9   1.4343331632791583     
    12810277          10  0.39706603690433179     
    12816774           1   1.3380675566909139     
    12816774           2  0.42257261417320424     
    12816774           3  0.30275481694836259     
    12816774           4  0.62228552333310572     
    12816774           5   1.2080269858405541     
    12816774           6  0.92049846952261927     
    12816774           7   1.6255910580331532     
    12816774           8  0.70925193859780944     
    12816774           9   1.5669524619363504     
    12816774          10   1.2839985749239264     
    12821574           1  0.27666390739795793     
    12821574           2   1.4545144580596625     
    12821574           3   1.5628170376968522     
    12821574           4  0.32263569329068831     
    12821574           5   1.5325528733008629     
    12821574           6  0.34946971981789571     
    12821574           7  0.92789992872684535     
    12821574           8   1.5341956591810770     
    12821574           9  0.96531182023525508     
    12821574          10   1.0739389022929038     
    12821847           1   1.1441417113642371     
    12821847           2   1.5419491691120617     
    12821847           3  0.82752889165743659     
    12821847           4   1.1827887702087534     
    12821847           5   1.1809264600282918     
    12821847           6   1.3357745122852964     
    12821847           7  0.53954817769836527     
    12821847           8   9.8440359921976115E-003
    12821847           9  0.73904854217773419     
    12821847          10   1.4984497294756276     
    12823164           1  0.77939119855110983     
    12823164           2  0.75572244656489507     
    12823164           3  0.62350254972898989     
    12823164           4   1.2304036844417494     
    12823164           5   1.3348406034810725     
    12823164           6   1.1532274461696628     
    12823164           7   1.3751064732985756     
    12823164           8  0.95619821133521987     
    12823164           9   1.3019674739240854     
    12823164          10  0.48963991250464001     
    12823599           1   1.4288701983801109     
    12823599           2  0.82568379983268636     
    12823599           3   1.2435038849922802     
    12823599           4  0.52249592602403516     
    12823599           5   1.2063247496780631     
    12823599           6   1.1167777911417052     
    12823599           7   1.3762515841426270     
    12823599           8   1.0926149410330923     
    12823599           9  0.90185251213441298     
    12823599          10  0.28562461264098898     
    12825108           1   1.0310508243697312     
    12825108           2  0.43683611159623315     
    12825108           3   1.2604106648469477     
    12825108           4  0.82817748991260243     
    12825108           5   1.0379925169031288     
    12825108           6   1.4450380361082729     
    12825108           7   1.1102445161503363     
    12825108           8  0.89161106418241387     
    12825108           9   1.3731026095996808     
    12825108          10  0.58553616633065197     
    12826192           1   1.2653151879249098     
    12826192           2  0.54890744509359646     
    12826192           3   1.3815557179456377     
    12826192           4  0.63069402396432395     
    12826192           5   1.1837280426945662     
    12826192           6   1.2354693164002237     
    12826192           7  0.78755857333290569     
    12826192           8  0.52251878138669638     
    12826192           9   1.2439993504578897     
    12826192          10   1.2002535607992508     
    12834075           1  0.76483921690396373     
    12834075           2  0.51802831112602254     
    12834075           3  0.17460005102784346     
    12834075           4   1.3962610207550439     
    12834075           5   1.2938118365603508     
    12834075           6   1.1051409853406717     
    12834075           7   1.5885038172007182     
    12834075           8   1.4374914171026452     
    12834075           9   1.4498416966074905     
    12834075          10  0.27148164737524899     
    12835999           1   1.4747874230891886     
    12835999           2  0.55407851738131808     
    12835999           3   7.0733192068887854E-002
    12835999           4  0.83088827481479244     
    12835999           5   1.2948976491681974     
    12835999           6   1.4430535201107235     
    12835999           7   1.5128055681086130     
    12835999           8  0.62825096060393237     
    12835999           9   1.4484521159937209     
    12835999          10  0.74205277866062536     
    12837539           1   1.2372112665933674     
    12837539           2   1.4472751176836565     
    12837539           3  0.94529332675542699     
    12837539           4   1.0654155909552088     
    12837539           5   1.2347348016464375     
    12837539           6   1.1427600465914294     
    12837539           7  0.22275157920980757     
    12837539           8   1.1280085891656235     
    12837539           9  0.48447617895255890     
    12837539          10   1.0920735024464823     
    12838196           1   1.1170463772831671     
    12838196           2  0.71176759481199436     
    12838196           3  0.94172834730689470     
    12838196           4  0.96526443731787004     
    12838196           5   1.3681401727097064     
    12838196           6   1.0958947329813697     
    12838196           7   1.2762616125702062     
    12838196           8  0.85796775293291161     
    12838196           9   1.1348364493124388     
    12838196          10  0.53109252277344077     
    12838600           1   1.4467108056080982     
    12838600           2   1.2011784271711461     
    12838600           3   1.0465201078348318     
    12838600           4   1.1718851695789432     
    12838600           5  0.12144142000320265     
    12838600           6  0.84315752759038376     
    12838600           7   1.3339244670704875     
    12838600           8  0.52718878140773862     
    12838600           9  0.97471768103786560     
    12838600          10   1.3332756126973040     
    12839157           1   1.2112983548047747     
    12839157           2   1.2581307891036395     
    12839157           3   1.2800491645993144     
    12839157           4   1.3665219689667707     
    12839157           5  0.56693231587999693     
    12839157           6  0.83504994668553556     
    12839157           7   1.1832516015483312     
    12839157           8  0.72409907833079279     
    12839157           9  0.74854744091720338     
    12839157          10  0.82611933916364122     
    12839969           1   1.2101859046317647     
    12839969           2  0.44423201309964117     
    12839969           3   1.2906985667869395     
    12839969           4   1.2217610083441208     
    12839969           5  0.62482274388263970     
    12839969           6   1.2179155958942500     
    12839969           7   1.4778721056600237     
    12839969           8  0.45158376276394196     
    12839969           9  0.97896028685316183     
    12839969          10   1.0819680120835184     
    12839986           1   1.3526591289983940     
    12839986           2   1.3199690133048461     
    12839986           3  0.81588654001978789     
    12839986           4   1.4487756721511076     
    12839986           5  0.97248652985351192     
    12839986           6  0.96687216872480286     
    12839986           7  0.70758968412740697     
    12839986           8   1.2991200020900993     
    12839986           9   8.3776121569976006E-002
    12839986          10   1.0328651391600703     
    12840870           1  0.60880581980132098     
    12840870           2   1.1858369112875742     
    12840870           3   1.5386777066899950     
    12840870           4  0.25186044073931718     
    12840870           5   1.7620956259544309     
    12840870           6   2.0647552849717508E-002
    12840870           7   1.2095972282611054     
    12840870           8   1.6361301789994762     
    12840870           9  0.88131688554377863     
    12840870          10  0.90503164987328644     
    12841854           1   1.2208123033440648     
    12841854           2  0.99919201032159366     
    12841854           3   1.2250963720793968     
    12841854           4   1.1687623149897868     
    12841854           5   1.1494022309977205     
    12841854           6   1.2150696307103728     
    12841854           7  0.50584433013293661     
    12841854           8   1.2493074810303262     
    12841854           9  0.31294619158942233     
    12841854          10  0.95356713480438060     
    12842832           1  0.16582032418057302     
    12842832           2  0.77387823707952708     
    12842832           3   1.4713960755545703     
    12842832           4  0.83030720641043876     
    12842832           5   1.4955883864362647     
    12842832           6  0.81213055060021688     
    12842832           7  0.69926479269128083     
    12842832           8   1.3923976492488492     
    12842832           9  0.97063842668109679     
    12842832          10   1.3885783511171843     
    12843432           1  0.78176543213569927     
    12843432           2   3.0344130411744854E-003
    12843432           3  0.99728581057186516     
    12843432           4   1.1597948058299443     
    12843432           5   1.4837594827562082     
    12843432           6   1.5316016625052811     
    12843432           7   1.3449475870301510     
    12843432           8  0.57538942240584334     
    12843432           9   1.1362979564883153     
    12843432          10  0.98612342723551694     
    12844479           1   1.3571358841972718     
    12844479           2   1.3769462734304545     
    12844479           3   1.1133111799284878     
    12844479           4   1.3182202662578681     
    12844479           5   1.1801100216771470     
    12844479           6  0.95417173689035018     
    12844479           7  0.67608580993645695     
    12844479           8   1.1121199264006281     
    12844479           9  0.15085267514959996     
    12844479          10  0.76104622613173512     
    12844571           1  0.34931120204420063     
    12844571           2  0.19536797136793940     
    12844571           3   1.3916427749138505     
    12844571           4  0.92671821922896569     
    12844571           5   1.4444767145358341     
    12844571           6   1.0869015311414141     
    12844571           7  0.89591080092327313     
    12844571           8   1.1495814716105626     
    12844571           9   1.3202640940201162     
    12844571          10   1.2398252202138436     
    12845682           1   1.0900301986259973     
    12845682           2   1.3361431957027663     
    12845682           3   1.2014179291492109     
    12845682           4  0.73152082268590035     
    12845682           5   1.3048502050721655     
    12845682           6   1.2541401056157355     
    12845682           7   1.2310830087453386     
    12845682           8  0.26908250582993304     
    12845682           9  0.70128821878131964     
    12845682          10  0.88044380979163339     
    12847301           1   1.2392450694000861     
    12847301           2   1.4035821739205470     
    12847301           3   1.2197713172528208     
    12847301           4   1.3528548190577359     
    12847301           5   1.4249698979433365     
    12847301           6   1.1950588118012802     
    12847301           7   1.0421564876710932E-002
    12847301           8  0.73644996789955874     
    12847301           9  0.31205423757428624     
    12847301          10   1.1055921402736366     
    12848127           1   1.4104211335191090     
    12848127           2  0.32842964413414943     
    12848127           3   1.0952220426739072     
    12848127           4  0.58732009397840890     
    12848127           5   1.2712854480963467     
    12848127           6   1.2875064469636774     
    12848127           7   1.2924094820892786     
    12848127           8   1.1065927465070822     
    12848127           9   1.2135119685182292     
    12848127          10  0.40730099351981186     
    12849020           1  0.90740069021691161     
    12849020           2  0.15999612259140811     
    12849020           3   1.3244392300153338     
    12849020           4  0.85248744105137064     
    12849020           5   1.1453496118487678     
    12849020           6   1.5926428388531462     
    12849020           7   1.4739689749532654     
    12849020           8   9.6253550901348975E-002
    12849020           9   1.0340570362492960     
    12849020          10   1.4134045033191489     
    12849907           1  0.44995016341289040     
    12849907           2   1.5002601771049640     
    12849907           3   1.5450292271237174     
    12849907           4  0.25374772209367474     
    12849907           5   1.5302861727009360     
    12849907           6   2.6158044452055915E-002
    12849907           7   1.1333178618389290     
    12849907           8   1.6608455778088040     
    12849907           9   1.0948404882002665     
    12849907          10  0.80556456526376186     
    12849950           1   1.0338802494495489     
    12849950           2  0.84468174858538436     
    12849950           3  0.20599876553015145     
    12849950           4   1.4797952087003328     
    12849950           5   1.3229399365201011     
    12849950           6   1.1352819336860984     
    12849950           7   1.3330621655116481     
    12849950           8   1.1926326811285306     
    12849950           9   1.3087397920792980     
    12849950          10  0.14298751880890545     
    12850510           1   1.3433924605771173     
    12850510           2  0.81673278111497505     
    12850510           3   1.0955787076361720     
    12850510           4   1.4873712188412331     
    12850510           5   1.0022328096695512     
    12850510           6  0.62683728212548107     
    12850510           7  0.92265695130820535     
    12850510           8   1.3175940081910149     
    12850510           9  0.43584604236000535     
    12850510          10  0.95175773817624243     
    12851181           1   1.2112941329980595     
    12851181           2   1.0837680406916963     
    12851181           3   1.0004800240316312     
    12851181           4  0.44177364319968437     
    12851181           5   1.2465653748720875     
    12851181           6   1.0186453915948390     
    12851181           7  0.77045064980659972     
    12851181           8   1.1216605740934973     
    12851181           9   1.0499663517063285     
    12851181          10   1.0553958170055753     
    12851902           1   1.3336217182949277     
    12851902           2  0.56051655427825098     
    12851902           3   1.2632110612904728     
    12851902           4   1.7117541659058237     
    12851902           5  0.35013730112218089     
    12851902           6   1.2651700631916643     
    12851902           7   1.2229472724540316     
    12851902           8  0.56268475484002189     
    12851902           9  0.65664489505541868     
    12851902          10   1.0733122135672100     
    12851987           1   1.0618589366194122     
    12851987           2  0.43484562890948569     
    12851987           3   1.2399521578714729     
    12851987           4  0.88115243376035002     
    12851987           5   1.1744297990898100     
    12851987           6   1.2369124570927150     
    12851987           7  0.72673434139228399     
    12851987           8   1.0959112316386592     
    12851987           9   1.0811414224852893     
    12851987          10   1.0670615911405203     
    12852344           1   1.1433740566252881     
    12852344           2   1.4888962187747914     
    12852344           3  0.89295356157334105     
    12852344           4   1.1964849832285085     
    12852344           5   1.1747082938954920     
    12852344           6   1.3220685533142780     
    12852344           7  0.52694948477776204     
    12852344           8   6.5732162584804008E-002
    12852344           9  0.72179142590678991     
    12852344          10   1.4670412593189446     
    12853846           1   1.2462326678053470     
    12853846           2  0.74042289103440295     
    12853846           3   1.2936008890639634     
    12853846           4  0.93285512537332871     
    12853846           5  0.75094535038667620     
    12853846           6  0.66677725839650870     
    12853846           7   1.5063958687419363     
    12853846           8  0.38466956248547002     
    12853846           9   1.1647170593298486     
    12853846          10   1.3133833273825164     
    12854676           1   1.4303922999378658     
    12854676           2   1.0414260392323929     
    12854676           3   7.7029638485640164E-002
    12854676           4  0.75302352427031372     
    12854676           5   1.1584086647477723     
    12854676           6   1.2020033495383753     
    12854676           7   1.4552863224664498     
    12854676           8  0.79032034498805981     
    12854676           9   1.3163959283045215     
    12854676          10  0.77571388802860897     
    12855049           1  0.88008335256961567     
    12855049           2  0.46878038852676285     
    12855049           3  0.33422202676328161     
    12855049           4   1.3303639583367277     
    12855049           5   1.3362150608154157     
    12855049           6  0.88597338472486731     
    12855049           7   1.4131508760095728     
    12855049           8   1.4022939327289083     
    12855049           9   1.6079258003564592     
    12855049          10  0.34099121916839181     
    12859603           1   1.4854186710153292     
    12859603           2  0.95180155209014816     
    12859603           3  0.31892297746613879     
    12859603           4   1.4379336435024199     
    12859603           5   1.2100862430892232     
    12859603           6  0.92011260756965518     
    12859603           7   1.2766132201930274     
    12859603           8  0.64705287505161557     
    12859603           9   1.3017174238921840     
    12859603          10  0.45034078613025691     
    12860714           1  0.65372609828116868     
    12860714           2  0.90229807099748116     
    12860714           3   1.1441668767534412     
    12860714           4  0.52734115852904184     
    12860714           5   1.5308059004649968     
    12860714           6  0.28998670294186890     
    12860714           7   1.1665686581475889     
    12860714           8   1.5677564919515310     
    12860714           9   1.3853645752053596     
    12860714          10  0.83198546672752294     
    12861024           1   1.2516672747770889     
    12861024           2  0.93577712729939844     
    12861024           3   1.1641011364263423     
    12861024           4   1.0454265941730623     
    12861024           5   1.2248283018867763     
    12861024           6  0.95954809174947664     
    12861024           7  0.71764454853316662     
    12861024           8   1.1351435504195209     
    12861024           9  0.69571500588162627     
    12861024          10  0.87014836885354174     
    12861419           1   1.2964575962633282     
    12861419           2  0.29102877872577515     
    12861419           3   1.0769221726618039     
    12861419           4  0.72714756266472280     
    12861419           5   1.2833934022917890     
    12861419           6  0.75928107991475524     
    12861419           7   1.3456131983519981     
    12861419           8  0.64756357655077756     
    12861419           9   1.1788346635976898     
    12861419          10   1.3937579689773600     
    12862436           1   1.2808208383423563     
    12862436           2  0.53402982297735690     
    12862436           3   1.2051069757257185     
    12862436           4   1.6507791330657267     
    12862436           5  0.62304342992523276     
    12862436           6   1.0812133456723698     
    12862436           7   1.2297268951141813     
    12862436           8  0.74161176516866745     
    12862436           9  0.61415829640883890     
    12862436          10   1.0395094975995518     
    12862447           1  0.77493779022220100     
    12862447           2   9.3068763848128983E-002
    12862447           3  0.84580084988897641     
    12862447           4   1.0728473364113664     
    12862447           5   1.2390688950106925     
    12862447           6   1.6110841348462794     
    12862447           7   1.6077362091001763     
    12862447           8  0.18611325344964325     
    12862447           9   1.0526769319372604     
    12862447          10   1.5166658352852749     
    12863004           1   1.2802829419854058     
    12863004           2  0.57547100664060524     
    12863004           3   1.2972234426358404     
    12863004           4  0.75760676872434374     
    12863004           5   1.1633661329342020     
    12863004           6  0.48568436369128726     
    12863004           7   1.3827376335405817     
    12863004           8  0.32242896319060810     
    12863004           9   1.3513258294246429     
    12863004          10   1.3838729172324833     
    12865386           1   1.2891159131340231     
    12865386           2   1.4313968651368796     
    12865386           3   1.3533326074022614     
    12865386           4   1.2985983748466865     
    12865386           5   1.3795699181627183     
    12865386           6   1.2092127796887471     
    12865386           7   9.4424844833199184E-002
    12865386           8  0.83813953619450610     
    12865386           9  0.14276915081839198     
    12865386          10  0.96344000978258748     
    12870794           1   1.3079341147355499     
    12870794           2   1.0892904284957736     
    12870794           3   1.1258561437225216     
    12870794           4   1.3977952910765585     
    12870794           5   1.1863526196634058     
    12870794           6   1.2348615623052484     
    12870794           7  0.61695268727594565     
    12870794           8   1.0530358811139213     
    12870794           9   1.8612846740529945E-002
    12870794          10  0.96930842487054603     
    12871010           1  0.87650927700616565     
    12871010           2   1.0032783601094102     
    12871010           3   1.1507894511771111     
    12871010           4  0.78842214844354930     
    12871010           5   1.3111772681080800     
    12871010           6   1.3885920328889805     
    12871010           7  0.58118292588673037     
    12871010           8  0.25943380188318188     
    12871010           9   1.2309731242265403     
    12871010          10   1.4096416102702516     
    12871637           1  0.65454440726461516     
    12871637           2  0.90342753273869814     
    12871637           3   1.1455991004879240     
    12871637           4  0.52800126374512546     
    12871637           5   1.5493895571103067     
    12871637           6  0.29034969705319663     
    12871637           7   1.1680289235634551     
    12871637           8   1.5405338832927857     
    12871637           9   1.3870987208670054     
    12871637          10  0.83302691387688732     
    12874444           1   1.0797733735041901     
    12874444           2   1.3235705283461272     
    12874444           3   1.1901129821734113     
    12874444           4  0.72463745270155711     
    12874444           5   1.2925719944496983     
    12874444           6   1.2867223122919467     
    12874444           7   1.2394330257117252     
    12874444           8  0.26655052808370705     
    12874444           9  0.69468932764133950     
    12874444          10  0.90193847509629610     
    12874649           1  0.87535475463153678     
    12874649           2   1.0019568597612523     
    12874649           3   1.1492736518527629     
    12874649           4  0.80161202801709941     
    12874649           5   1.3083936551667286     
    12874649           6   1.3867630042486019     
    12874649           7  0.58041740211043857     
    12874649           8  0.25909208031004327     
    12874649           9   1.2293517083992707     
    12874649          10   1.4077848555022658     
    12874849           1   1.2096688040350956     
    12874849           2   1.2897334413209625     
    12874849           3   1.2875765639786581     
    12874849           4   1.2966530288204374     
    12874849           5   1.1063922210938475     
    12874849           6   1.1336511957808444     
    12874849           7   9.8212003178467285E-003
    12874849           8  0.62534426933082476     
    12874849           9  0.64914233652261089     
    12874849          10   1.3920169387988746     
    12874987           1   3.5460296555557265E-003
    12874987           2  0.63930148479367765     
    12874987           3   1.4522729340141141     
    12874987           4  0.81648086607272452     
    12874987           5   1.4773713395519021     
    12874987           6  0.80203995945684126     
    12874987           7  0.78752416745509457     
    12874987           8   1.2809636415804400     
    12874987           9   1.2762279705277300     
    12874987          10   1.4642716068919202     
    12875264           1   1.5050138395187054     
    12875264           2  0.33658555352962127     
    12875264           3  0.23015037192099780     
    12875264           4  0.60720991648812139     
    12875264           5   1.4103754289426924     
    12875264           6   1.2605661931387773     
    12875264           7   1.4850377602101559     
    12875264           8  0.84882407390673209     
    12875264           9   1.4139174365001224     
    12875264          10  0.90231942584407299     
    12876475           1   1.4936924432017944     
    12876475           2   1.1608871090563531     
    12876475           3   1.0458849533195005     
    12876475           4   1.4796214652956172     
    12876475           5   2.7978428553581767E-003
    12876475           6  0.78866300464927697     
    12876475           7   1.4923801212214740     
    12876475           8  0.53986437862787817     
    12876475           9  0.65941665334119159     
    12876475          10   1.3367920284315569     
    12877728           1   1.3775650831729471     
    12877728           2   1.2131834856128094     
    12877728           3  0.35759702467948873     
    12877728           4   1.0597940165625575     
    12877728           5   1.0332785202547741     
    12877728           6   1.0946880361553863     
    12877728           7   1.2508689222773246     
    12877728           8  0.76803191624016398     
    12877728           9   1.0930199764403068     
    12877728          10  0.75197301860424115     
    12878028           1  0.97801560545251676     
    12878028           2   1.4972978509648271     
    12878028           3   1.5752000197307028     
    12878028           4   9.3865367207373544E-003
    12878028           5   1.4606026294760832     
    12878028           6  0.25631400356325867     
    12878028           7  0.82720797530495405     
    12878028           8   1.5054636528982586     
    12878028           9   1.0832440702648483     
    12878028          10  0.80726765562381220     
    12878032           1   1.1839795766976535     
    12878032           2   1.5321409025646064     
    12878032           3  0.99931181667946667     
    12878032           4  0.30158861404441378     
    12878032           5   1.4019158227381954     
    12878032           6  0.94587726289303731     
    12878032           7  0.81915257899157934     
    12878032           8   1.3053801678438883     
    12878032           9   1.0536342024796863     
    12878032          10  0.45701905506747198     
    12878079           1   1.2243356066299544     
    12878079           2  0.96660350103684678     
    12878079           3  0.33347192652794422     
    12878079           4   1.5066911800326108     
    12878079           5   1.2635256815510632     
    12878079           6  0.93307739500915687     
    12878079           7   1.3086214621112584     
    12878079           8  0.97690105075007183     
    12878079           9   1.2843869778947024     
    12878079          10  0.20238521845639224     
    12878231           1   1.3351825330708966     
    12878231           2  0.56117255928183718     
    12878231           3   1.2646894703944804     
    12878231           4   1.7137575309967792     
    12878231           5  0.35054708709500387     
    12878231           6   1.2666507650291146     
    12878231           7   1.2243785585128080     
    12878231           8  0.56334329741436573     
    12878231           9  0.65741340462654163     
    12878231          10   1.0628647935781750     
    12879206           1  0.99684677404046818     
    12879206           2  0.90031246490817562     
    12879206           3   1.4226743616142030     
    12879206           4  0.40339633154322763     
    12879206           5   1.3092963957570218     
    12879206           6  0.86992180913326056     
    12879206           7   1.1108170059622886     
    12879206           8   1.0280574352935845     
    12879206           9   1.1873184743688687     
    12879206          10  0.77135894737890121     
    12879420           1  0.60431831184363849     
    12879420           2   1.1981977836128130     
    12879420           3   1.5273361126570515     
    12879420           4  0.25000397732309698     
    12879420           5   1.7491072183432019     
    12879420           6   2.0495359728846859E-002
    12879420           7   1.2006812865751604     
    12879420           8   1.6766785903163604     
    12879420           9  0.87482069840416110     
    12879420          10  0.89836066119567126     
    12880031           1   1.2487970812688474     
    12880031           2   1.1970131551074505     
    12880031           3  0.60689887917965102     
    12880031           4   1.1966418193168902     
    12880031           5   1.2518734932483104     
    12880031           6   1.2130629446385557     
    12880031           7  0.36810203478222764     
    12880031           8   1.3340116152927519     
    12880031           9  0.86022729208181359     
    12880031          10  0.72337168508350225     
    12880501           1   1.1736858779363082     
    12880501           2   1.1461413285224202     
    12880501           3   1.0891366513572962     
    12880501           4   1.0185259764087449     
    12880501           5   1.3387025890526867     
    12880501           6   1.1708272652785003     
    12880501           7  0.33051262297601197     
    12880501           8  0.43646866897229586     
    12880501           9   1.1383258188543823     
    12880501          10   1.1576732006413539     
    12881130           1   1.4015655602721246     
    12881130           2  0.44026857623263554     
    12881130           3   1.0013282153156811     
    12881130           4  0.75666611877587842     
    12881130           5   1.3867868114590862     
    12881130           6   1.2661503147185202     
    12881130           7   1.2832568157889823     
    12881130           8   1.0489151184747922     
    12881130           9   1.0532642406445349     
    12881130          10  0.36179822831776559     
    12881618           1   1.3101650096979458     
    12881618           2   1.3252344009805515     
    12881618           3   1.1958753755315703     
    12881618           4  0.27144466533732459     
    12881618           5   1.4338388697670572     
    12881618           6  0.65049147689128706     
    12881618           7  0.49553939763630034     
    12881618           8   1.2425877636597260     
    12881618           9   1.0867680145298646     
    12881618          10  0.98805502596837225     
    12881826           1   1.4965443563271947     
    12881826           2  0.65902909271643439     
    12881826           3  0.31062815031281199     
    12881826           4   1.3211558148344156     
    12881826           5   1.3704671770993238     
    12881826           6  0.99807596769774043     
    12881826           7   1.2302774532694407     
    12881826           8  0.67180584843926661     
    12881826           9   1.4857043999419448     
    12881826          10  0.45631173936142699     
    12882118           1  0.89989138511781241     
    12882118           2   1.0404202486901613     
    12882118           3  0.98718984834770063     
    12882118           4  0.89260174129655678     
    12882118           5   1.2178992238918336     
    12882118           6  0.84531817822529232     
    12882118           7   1.2292735972067248     
    12882118           8   1.2721471029141895     
    12882118           9  0.99320071640443741     
    12882118          10  0.62205795790528962     
    12884416           1   1.2886463540096011     
    12884416           2  0.56329140313768322     
    12884416           3   1.4060812044402797     
    12884416           4  0.59602089672321390     
    12884416           5   1.1322541951599279     
    12884416           6  0.58268711050793198     
    12884416           7   1.4026516690929420     
    12884416           8  0.27864267389115527     
    12884416           9   1.3160662396203937     
    12884416          10   1.4336582534168729     
    12885053           1   1.0418393423547394     
    12885053           2   1.2366000046461345     
    12885053           3   1.0979064728186840     
    12885053           4   1.0728726901626078     
    12885053           5   1.1371557255860572     
    12885053           6   1.3737485253132922     
    12885053           7   1.1409472868531572     
    12885053           8  0.17948041550339511     
    12885053           9  0.60134877241372742     
    12885053          10   1.1181007643482050     
    12886748           1   1.4044447103349229     
    12886748           2  0.53968889744093629     
    12886748           3   1.2145070056782934     
    12886748           4  0.44843711899533595     
    12886748           5   1.2491064354959944     
    12886748           6   1.2708849718293154     
    12886748           7   1.2233230641707147     
    12886748           8   1.2167392710622049     
    12886748           9   1.0633237927929495     
    12886748          10  0.36954473219933359     
    12887728           1   1.3277508948242185     
    12887728           2   1.3599757103612784     
    12887728           3   1.1470942003426905     
    12887728           4   1.3143634970658888     
    12887728           5   1.1386438973816304     
    12887728           6   1.1413022892245765     
    12887728           7  0.45127722688457106     
    12887728           8  0.93266432670437471     
    12887728           9  0.31113334192322606     
    12887728          10  0.87579461528754443     
    12890788           1  0.73059957838505751     
    12890788           2  0.12087033541848693     
    12890788           3   1.4515579723708969     
    12890788           4  0.86577353654680578     
    12890788           5   1.3998911489914854     
    12890788           6  0.98169131459627723     
    12890788           7   1.0026940091286225     
    12890788           8  0.95649161518751225     
    12890788           9   1.1761927994300851     
    12890788          10   1.3142376899447701     
    12890934           1   1.4169215082789570     
    12890934           2   1.0392757787370079     
    12890934           3   7.6870593308767568E-002
    12890934           4  0.75146873624376564     
    12890934           5   1.1560168670631721     
    12890934           6   1.1995215407296216     
    12890934           7   1.4522815534566602     
    12890934           8  0.78868854920755549     
    12890934           9   1.3448426223798566     
    12890934          10  0.77411225059463562     
    12891649           1   1.6908219782677485     
    12891649           2  0.75339661031892158     
    12891649           3  0.21588965358936213     
    12891649           4  0.97911206925454020     
    12891649           5   1.4205243378723376     
    12891649           6   1.1474473898174982     
    12891649           7   1.2081596282515883     
    12891649           8  0.69789888063507022     
    12891649           9   1.3663815819431318     
    12891649          10  0.52036787004980323     
    12891671           1   1.2474058303643574     
    12891671           2  0.63131646677523601     
    12891671           3   1.0608307404094601     
    12891671           4  0.96920453163720610     
    12891671           5   1.1253934115473354     
    12891671           6   1.1804317996070244     
    12891671           7   1.3723854986456405     
    12891671           8  0.91728892777205329     
    12891671           9  0.87718041120098678     
    12891671          10  0.61856238204069924     
    12892236           1   1.2032338111120997     
    12892236           2  0.51323485686263115     
    12892236           3   1.0567374157062386     
    12892236           4   1.4118630050390186     
    12892236           5   1.0174129259743261     
    12892236           6   1.0179165365200824     
    12892236           7   1.2204023685818535     
    12892236           8   1.1417434807772231     
    12892236           9  0.60861179541856247     
    12892236          10  0.80884380400796363     
    12893858           1   1.0511053428594210     
    12893858           2   1.1695225382493912     
    12893858           3   1.3615420043665842     
    12893858           4  0.99637334571339176     
    12893858           5   1.1864555818578100     
    12893858           6  0.89608574436612387     
    12893858           7  0.11894888834653118     
    12893858           8  0.76087870473108843     
    12893858           9  0.95093122610232772     
    12893858          10   1.5081566234073298     
    12894513           1   1.4021981049198187     
    12894513           2  0.37561010509299747     
    12894513           3   1.0022094072046084     
    12894513           4  0.49444274132371274     
    12894513           5   1.3138105835961473     
    12894513           6   1.2042002001038594     
    12894513           7   1.3224747232200638     
    12894513           8   1.1593442669979128     
    12894513           9   1.1884418545575648     
    12894513          10  0.53726801298331617     
    12895028           1  0.40829951917766499     
    12895028           2   1.2208426057296087     
    12895028           3   1.3408712427529124     
    12895028           4  0.73199063114130780     
    12895028           5   1.2519172903584923     
    12895028           6  0.62402322925083109     
    12895028           7  0.80734719849171410     
    12895028           8   1.3783429600929844     
    12895028           9   1.1299450913603970     
    12895028          10   1.1064202316440872     
    12895455           1   1.3436756241273005     
    12895455           2   1.3900052041930711     
    12895455           3   1.0508240400830817     
    12895455           4  0.48982095058783887     
    12895455           5   1.1703910519903071     
    12895455           6   1.0318363720935457     
    12895455           7   1.1565321944620981     
    12895455           8   1.1989515748056163     
    12895455           9  0.86804398587619214     
    12895455          10  0.29991900178094927     
    12895552           1  0.65542239395702817     
    12895552           2  0.90463936396435785     
    12895552           3   1.1471357735599197     
    12895552           4  0.52870950917202142     
    12895552           5   1.5347780524662193     
    12895552           6  0.29073916363075741     
    12895552           7   1.1695956833430217     
    12895552           8   1.5718245237542849     
    12895552           9   1.3889593344548199     
    12895552          10  0.80819620169756912     
    12895781           1  0.99544456417142158     
    12895781           2  0.81316928223574869     
    12895781           3   1.4323807717359822     
    12895781           4  0.43421251477644007     
    12895781           5   1.3074546800837132     
    12895781           6  0.84672189458332214     
    12895781           7   1.1028255591124489     
    12895781           8   1.0215950885155425     
    12895781           9   1.1878463826220633     
    12895781          10  0.85834926216331930     
    12896241           1   1.4744343941524469     
    12896241           2   1.1459198907453063     
    12896241           3   1.0910396077307078     
    12896241           4   1.4535164370943532     
    12896241           5   2.7617705064713082E-003
    12896241           6  0.77692415668791748     
    12896241           7   1.4567688119499813     
    12896241           8  0.60247454776790588     
    12896241           9  0.65091485077012157     
    12896241          10   1.3452455325947881     
    12896853           1   1.6242142330910769     
    12896853           2  0.75850883038575179     
    12896853           3  0.21735458640719543     
    12896853           4  0.98575589575914824     
    12896853           5   1.4301633950781003     
    12896853           6   1.1552334662233554     
    12896853           7   1.2241047447725133     
    12896853           8  0.70511273925981532     
    12896853           9   1.3756532500744763     
    12896853          10  0.52389885894856691     
    12897801           1   1.3254423344180948     
    12897801           2  0.77692433983952380     
    12897801           3   1.3234467187655763     
    12897801           4   1.2636525267603711     
    12897801           5  0.94691574595783201     
    12897801           6  0.57085266657242117     
    12897801           7  0.93858582025190662     
    12897801           8   1.2005749547609097     
    12897801           9  0.80255900111598188     
    12897801          10  0.85104589155738553     
    12898956           1  0.88493852516895455     
    12898956           2  0.16039137362911904     
    12898956           3   1.3277110966804122     
    12898956           4  0.85459340799765449     
    12898956           5   1.1481790593084487     
    12898956           6   1.5965772700416265     
    12898956           7   1.4776102367380386     
    12898956           8   9.6491333637961127E-002
    12898956           9   1.0366115488837901     
    12898956          10   1.4168961479139923     
    12899303           1   1.1941038236131725     
    12899303           2   1.5452422880210985     
    12899303           3   1.0304064104385597     
    12899303           4  0.30416750784933161     
    12899303           5   1.3458964920956074     
    12899303           6  0.91391288277003946     
    12899303           7  0.82615717867760319     
    12899303           8   1.3165425150650585     
    12899303           9   1.0626438619657843     
    12899303          10  0.46092703950374564     
    12899311           1  0.30818284286474179     
    12899311           2   1.4846522852398025     
    12899311           3   1.3865787417490341     
    12899311           4   1.5116708773216211E-002
    12899311           5   1.5955250775728944     
    12899311           6   8.9278804258745681E-002
    12899311           7   1.0904135508747275     
    12899311           8   1.3746010288613038     
    12899311           9   1.4236786075360295     
    12899311          10   1.2319723522695065     
    12899602           1   1.1436814175368724     
    12899602           2   1.4182575420243830     
    12899602           3   1.0133589905385814     
    12899602           4  0.90256614661447565     
    12899602           5   1.2181271599619639     
    12899602           6   1.2610091176136411     
    12899602           7  0.57167371498440189     
    12899602           8  0.79084075848745261     
    12899602           9  0.53081671493359062     
    12899602          10   1.1496684373046371     
    12899696           1  0.77397072962609936     
    12899696           2   9.3473179248454427E-002
    12899696           3  0.85002917220505758     
    12899696           4   1.0457469097127969     
    12899696           5   1.2304614991130831     
    12899696           6   1.6388293446475042     
    12899696           7   1.5799313186873898     
    12899696           8  0.18426250001363240     
    12899696           9   1.1202596725214296     
    12899696          10   1.4830356742245512     
    12900244           1  0.88155164813879094     
    12900244           2   9.6663170430998493E-002
    12900244           3  0.97724513022265735     
    12900244           4  0.99391979812694042     
    12900244           5   1.4654937897401068     
    12900244           6   1.3682082190009759     
    12900244           7   1.3498405585993754     
    12900244           8  0.44569393683086911     
    12900244           9   1.3527534493572999     
    12900244          10   1.0686302995519854     
    12900707           1   1.2900623978868819     
    12900707           2  0.96374172215391718     
    12900707           3  0.77476807390186764     
    12900707           4   1.2137065650548335     
    12900707           5   1.3256223325635232     
    12900707           6   1.1079551630604778     
    12900707           7  0.44486821800246795     
    12900707           8   1.3191460036990978     
    12900707           9  0.77179934647648474     
    12900707          10  0.78833017720044651     
    12901298           1  0.87122737218315993     
    12901298           2  0.61347560943534352     
    12901298           3   1.3343856816589399     
    12901298           4  0.51936150255792279     
    12901298           5   1.2663196092530489     
    12901298           6   1.2223341722023469     
    12901298           7   1.1397718391824181     
    12901298           8  0.35153621197082680     
    12901298           9   1.2157641881477721     
    12901298          10   1.4658238134082193     
    12902387           1   1.1981431099710131     
    12902387           2  0.64520389880255413     
    12902387           3   1.0342100373952055     
    12902387           4  0.68262934335297742     
    12902387           5   1.0969841348160181     
    12902387           6   1.0185617416343977     
    12902387           7   1.2044752517136248     
    12902387           8  0.81932243076809919     
    12902387           9   1.2567686401569065     
    12902387          10   1.0437014113892045     
    12902738           1   1.3226370015231794     
    12902738           2  0.11593664334413369     
    12902738           3   1.4580637271205488     
    12902738           4  0.98434151815606652     
    12902738           5  0.85120681122648278     
    12902738           6   1.3867694806897597     
    12902738           7   1.2998034240640590     
    12902738           8  0.30146792827105084     
    12902738           9   1.0850436284753295     
    12902738          10   1.1947298371293882     
    12903559           1   1.2098387105416875     
    12903559           2  0.22729882548724861     
    12903559           3   1.2831254629460120     
    12903559           4  0.95409356620434504     
    12903559           5  0.80459121808957990     
    12903559           6   1.5909477723370973     
    12903559           7   1.3585525639540990     
    12903559           8  0.35192589980591826     
    12903559           9   1.1397624613366122     
    12903559          10   1.0798635192974033     
    12904303           1   1.2034231336457359     
    12904303           2  0.88259773102202055     
    12904303           3   1.0016156467422692     
    12904303           4  0.48916274465506976     
    12904303           5   1.1349217913368910     
    12904303           6   1.1219661749659187     
    12904303           7  0.84488726917869306     
    12904303           8   1.0483101860778481     
    12904303           9   1.2860500032287108     
    12904303          10  0.98706531914684370     
    12904434           1   1.3939502731797335     
    12904434           2   1.0851541228401134     
    12904434           3  0.83321371911681585     
    12904434           4   1.1285819935933072     
    12904434           5   1.1874905185539579     
    12904434           6   1.3345604816777124     
    12904434           7  0.57862324356202888     
    12904434           8  0.26654808142191183     
    12904434           9  0.83703412147042200     
    12904434          10   1.3548434445839961     
    12904659           1   1.1405395934566114     
    12904659           2  0.85475317599457701     
    12904659           3   1.2217458751548234     
    12904659           4   1.1359618507146461     
    12904659           5   1.1663865572736187     
    12904659           6  0.52721740723256783     
    12904659           7   1.2344863763246969     
    12904659           8   1.1232022710802021     
    12904659           9   1.1234336337889563     
    12904659          10  0.47227325897930023     
    12906104           1   1.3122270711180168     
    12906104           2  0.54595939573611318     
    12906104           3   1.3741357157521485     
    12906104           4  0.62730671863856080     
    12906104           5   1.1773705251806517     
    12906104           6   1.2288339089978282     
    12906104           7  0.78332878638640391     
    12906104           8  0.51971245917061248     
    12906104           9   1.2373181303020915     
    12906104          10   1.1938072887175741     
    12906511           1   1.0231613962417798     
    12906511           2   1.4117419313189910     
    12906511           3   1.1292022602954519     
    12906511           4  0.90142249378917350     
    12906511           5   1.3471424663529761     
    12906511           6   1.1743651343090262     
    12906511           7  0.47861923547167423     
    12906511           8  0.81602475639532535     
    12906511           9  0.58031674700154745     
    12906511          10   1.1380035788240552     
    12906854           1   1.4146204858280562     
    12906854           2   1.0538276275790104     
    12906854           3   7.6745758616101778E-002
    12906854           4  0.75024838181824260     
    12906854           5   1.1541395430553212     
    12906854           6   1.1975735669149601     
    12906854           7   1.4499231077417722     
    12906854           8  0.78740775133139129     
    12906854           9   1.3426586530851967     
    12906854          10  0.77285512402994738     
    12907629           1   1.1984697082065470     
    12907629           2   1.1100591243520792     
    12907629           3  0.73418392608890626     
    12907629           4   1.2788928440907561     
    12907629           5   1.4505587898227685     
    12907629           6  0.91190631773201380     
    12907629           7  0.45791203712118389     
    12907629           8   1.2871883639508106     
    12907629           9  0.74019307939003687     
    12907629          10  0.83063580924489711     
    12908836           1  0.87653526261334969     
    12908836           2  0.61721316569269224     
    12908836           3   1.3425153309514217     
    12908836           4  0.52252567535282513     
    12908836           5   1.2740345708694096     
    12908836           6   1.2297811556905593     
    12908836           7   1.0857915330468890     
    12908836           8  0.35367792119044122     
    12908836           9   1.2231711444782032     
    12908836          10   1.4747542401142091     
    12908869           1  0.40726063270866369     
    12908869           2   1.2265904368284222     
    12908869           3   1.3374594998403209     
    12908869           4  0.73012813773533947     
    12908869           5   1.2653219380787275     
    12908869           6  0.62243545052770921     
    12908869           7  0.80529296614290213     
    12908869           8   1.3748358733009944     
    12908869           9   1.1270700336858424     
    12908869          10   1.1036050311510781     
    12910463           1   1.2092888076103145     
    12910463           2  0.67801585262481123     
    12910463           3   1.2115402581228027     
    12910463           4  0.99443481396852496     
    12910463           5   1.2013743354485427     
    12910463           6   1.0585830475620011     
    12910463           7  0.48831124866185571     
    12910463           8  0.88749070850574963     
    12910463           9   1.1871025060215767     
    12910463          10   1.0838584214738203     
    12911340           1   1.4121308230605567     
    12911340           2  0.83562271815546663     
    12911340           3   1.2696333626805383     
    12911340           4  0.41746085672515809     
    12911340           5   1.3089573611035519     
    12911340           6   1.1240704435433242     
    12911340           7   1.3088462420504521     
    12911340           8   1.0997678307259251     
    12911340           9  0.97283216956492813     
    12911340          10  0.25067819239009803     
    12911481           1   1.3147981716117485     
    12911481           2   1.0655930825881452     
    12911481           3   1.2234643334364537     
    12911481           4  0.39190068109103710     
    12911481           5   1.3403577537823277     
    12911481           6   1.1726782680089525     
    12911481           7  0.81322854947467993     
    12911481           8   1.1851164778991774     
    12911481           9   1.0550877699955246     
    12911481          10  0.43777491211195396     
    12911726           1   1.2483883946525247     
    12911726           2  0.99728957876732083     
    12911726           3  0.52353071910139948     
    12911726           4  0.85707966186927564     
    12911726           5  0.68625057274703471     
    12911726           6   1.2658913905839364     
    12911726           7   1.1595380935041686     
    12911726           8  0.66412078572035127     
    12911726           9   1.3329386267607299     
    12911726          10   1.2649721762932600     
    12911800           1   1.4432830976185498     
    12911800           2  0.41330874584988470     
    12911800           3  0.85188304892521916     
    12911800           4  0.75568801752720127     
    12911800           5   1.3849941873699685     
    12911800           6   1.2645136308851772     
    12911800           7   1.3055026807048125     
    12911800           8   1.0387682820483146     
    12911800           9   1.2050137567537156     
    12911800          10  0.33704455231715758     
    12911963           1  0.23647890208638850     
    12911963           2   1.4605674307976257     
    12911963           3   1.5693207124256843     
    12911963           4  0.32397834412854076     
    12911963           5   1.5389306034844130     
    12911963           6  0.35092404065677085     
    12911963           7  0.93176139118328183     
    12911963           8   1.5403014956564878     
    12911963           9  0.96932897255652684     
    12911963          10   1.0784081070242812     
    12913619           1   1.2869358026403144     
    12913619           2  0.32486347318215592     
    12913619           3  0.25988347509184384     
    12913619           4  0.67028962823241933     
    12913619           5   1.2312097305666581     
    12913619           6  0.92608583430443403     
    12913619           7   1.6339769742025962     
    12913619           8  0.70124151839438154     
    12913619           9   1.5732765525327264     
    12913619          10   1.3922370108524711     
    12915886           1   1.2862891569564583     
    12915886           2  0.85598498504908993     
    12915886           3  0.34264595863087755     
    12915886           4   1.1381980099807152     
    12915886           5   1.1667816701242584     
    12915886           6   1.1552916441786383     
    12915886           7   1.2256081633620697     
    12915886           8   1.2465495997069092     
    12915886           9   1.0316797305413137     
    12915886          10  0.55097108146967022     
    12915980           1   1.4465823227773844     
    12915980           2  0.72703472147008819     
    12915980           3  0.11811665230920912     
    12915980           4  0.60339357460964882     
    12915980           5   1.3443253984424994     
    12915980           6   1.2620830193415631     
    12915980           7   1.3052127788491399     
    12915980           8  0.67143566770309793     
    12915980           9   1.3540256752293431     
    12915980          10   1.1677901892680254     
    12916004           1  0.74693494122657000     
    12916004           2  0.56495646001648359     
    12916004           3  0.49899776780261318     
    12916004           4   1.3150621390198582     
    12916004           5   1.3445551224366088     
    12916004           6   1.2761782416462504     
    12916004           7   1.3351377814931997     
    12916004           8  0.86780893483660526     
    12916004           9   1.4756299533465889     
    12916004          10  0.57473865817522063     
    12916020           1  0.72204938402516661     
    12916020           2  0.56682026054815049     
    12916020           3  0.57191258741486184     
    12916020           4   1.3194005503618735     
    12916020           5   1.3489908316096300     
    12916020           6   1.3246747820761366     
    12916020           7   1.3395424227055914     
    12916020           8  0.84678206741843964     
    12916020           9   1.4804980805143193     
    12916020          10  0.47932903332583160     
    12916223           1   1.2810509180763237     
    12916223           2  0.84374155503798376     
    12916223           3   1.4034534683206377     
    12916223           4   1.0416967501342005     
    12916223           5   1.0807220459719389     
    12916223           6  0.34148538686530344     
    12916223           7   1.1240356668635032     
    12916223           8   1.2445919683032665     
    12916223           9  0.81174184586088505     
    12916223          10  0.82748039456595956     
    12917142           1  0.64759822052761662     
    12917142           2  0.92095387483526625     
    12917142           3   1.2664255104862032     
    12917142           4  0.52718464669413811     
    12917142           5   1.4934588570210225     
    12917142           6  0.29598243231283922     
    12917142           7   1.1906884881120376     
    12917142           8   1.4956318357887910     
    12917142           9   1.4140082026158403     
    12917142          10  0.74806793160624585     
    12917335           1   1.2171663432642554     
    12917335           2  0.25916968411224223     
    12917335           3   1.1623581315993134     
    12917335           4  0.87454216955982089     
    12917335           5   1.0730017335231630     
    12917335           6   1.2879885345412920     
    12917335           7   1.3372886889609330     
    12917335           8  0.40205587483710981     
    12917335           9   1.3759667724790865     
    12917335          10   1.0104620671227824     
    12917432           1  0.97701469205820723     
    12917432           2  0.49175927701349226     
    12917432           3  0.35137369487903269     
    12917432           4   1.1010922014421642     
    12917432           5   1.3386421337435919     
    12917432           6   1.0560422277172499     
    12917432           7   1.4048575192371724     
    12917432           8   1.4170624757018435     
    12917432           9   1.4644070950189889     
    12917432          10  0.39774868318825657     
    12918302           1   1.2490809557689346     
    12918302           2   1.2464568887528260     
    12918302           3   1.0840589480065106     
    12918302           4   1.1839758901495598     
    12918302           5   1.2287690822204698     
    12918302           6   1.2261581675210516     
    12918302           7  0.29763833300248299     
    12918302           8   1.0903303957613677     
    12918302           9  0.43200852844636473     
    12918302          10  0.96152281037043330     
    12918923           1   7.6132266486896721E-002
    12918923           2  0.59712282005754580     
    12918923           3   1.4002121014418227     
    12918923           4   1.0173963616187922     
    12918923           5   1.4577269209483952     
    12918923           6  0.79378728174564561     
    12918923           7  0.67379641967898396     
    12918923           8   1.1285136805007483     
    12918923           9   1.3134556898726890     
    12918923          10   1.5418564576484808     
    12919188           1   1.6286891133968706     
    12919188           2  0.76059860164727078     
    12919188           3  0.21795342105491086     
    12919188           4  0.98847175648391095     
    12919188           5   1.4341036450034581     
    12919188           6   1.1584162554030553     
    12919188           7   1.1999262343006594     
    12919188           8  0.70705539869844924     
    12919188           9   1.3794433188418482     
    12919188          10  0.52534225516956612     
    12919649           1  0.95608936520583898     
    12919649           2  0.11416793907421617     
    12919649           3   1.3299811440520000     
    12919649           4  0.85605454477993470     
    12919649           5   1.1113294109844887     
    12919649           6   1.5993070100012130     
    12919649           7   1.4801365734106211     
    12919649           8   6.1071040284892693E-002
    12919649           9   1.0725442932283069     
    12919649          10   1.4193186789784888     
    12919812           1  0.83202566510843523     
    12919812           2   9.2338261901034280E-002
    12919812           3  0.92085130402240012     
    12919812           4  0.96850738103784606     
    12919812           5   1.3249662908048703     
    12919812           6   1.5780029067075998     
    12919812           7   1.5406926040145792     
    12919812           8  0.11084599104842785     
    12919812           9   1.1901202601029208     
    12919812          10   1.4416493352518849     
    12920318           1   1.4137671565117436     
    12920318           2  0.43529438154231026     
    12920318           3  0.91206167606380617     
    12920318           4  0.72445416465939383     
    12920318           5   1.3048781886860974     
    12920318           6  0.61822367887520513     
    12920318           7   1.3381888504842046     
    12920318           8  0.67157333485674098     
    12920318           9   1.2266630184569505     
    12920318          10   1.3548955498635482     
    12920437           1  0.87104339549784571     
    12920437           2   1.2620907643526240     
    12920437           3  0.99059827672330836     
    12920437           4   1.1315605137334634     
    12920437           5  0.86445890802328784     
    12920437           6   1.7017910330921893     
    12920437           7  0.81495357341622054     
    12920437           8   5.0735600942537901E-002
    12920437           9  0.69811779281450392     
    12920437          10   1.6146501414040193     
    12920458           1   1.4113181128343550     
    12920458           2  0.89645036854215188     
    12920458           3  0.23182548144501086     
    12920458           4   1.2461966827019224     
    12920458           5   1.4235823337948041     
    12920458           6   1.1459802890488300     
    12920458           7   1.4510139112003939     
    12920458           8  0.90675646391615550     
    12920458           9   1.2302003737063938     
    12920458          10   5.6675982809980430E-002
    12921599           1   1.3200770227272354     
    12921599           2   1.3521155916469936     
    12921599           3   1.1404644520887559     
    12921599           4   1.3574587683280115     
    12921599           5   1.1320629885179434     
    12921599           6   1.1347060159133371     
    12921599           7  0.44866902399584180     
    12921599           8  0.92727389783669489     
    12921599           9  0.30933511495133476     
    12921599          10  0.87783712399385139     
    12921940           1  0.95987175104528566     
    12921940           2  0.10800672496336476     
    12921940           3   1.3352426834321713     
    12921940           4  0.85944118279287030     
    12921940           5   1.0827778087215474     
    12921940           6   1.6056340296373472     
    12921940           7   1.4859921427950900     
    12921940           8   6.1312643472189024E-002
    12921940           9   1.0767873864939796     
    12921940          10   1.4249336466461551     
    12923065           1   1.0115159560176428     
    12923065           2   1.2147752138125734     
    12923065           3   1.1438812905534146     
    12923065           4   1.1303231141448371     
    12923065           5  0.95335743922310201     
    12923065           6  0.77063460854947519     
    12923065           7   1.1924425791421844     
    12923065           8  0.72364955018582067     
    12923065           9   1.0938653420390285     
    12923065          10  0.76555490633192158     
    12923122           1   1.0091156374988335     
    12923122           2  0.62279632943506413     
    12923122           3   1.1136023956782353     
    12923122           4  0.95952004908319621     
    12923122           5   1.1426427811225381     
    12923122           6  0.91273650246563065     
    12923122           7   1.1686294341473462     
    12923122           8   1.0449751887351162     
    12923122           9   1.1005377642085439     
    12923122          10  0.92544391762549572     
    12923395           1   1.4079394022908220     
    12923395           2  0.59544218847444363     
    12923395           3   6.8185145877176570E-002
    12923395           4  0.85253256073547523     
    12923395           5   1.3860135046877864     
    12923395           6   1.3212833755169062     
    12923395           7   1.4992215142737790     
    12923395           8  0.58840694276409145     
    12923395           9   1.3625430150437741     
    12923395          10  0.91843235033574511     
    12924057           1   1.1445787783965242     
    12924057           2   1.3234873758735606     
    12924057           3   1.2349243083291737     
    12924057           4  0.68008973101477965     
    12924057           5   1.2168819754169382     
    12924057           6   1.0742280699613276     
    12924057           7  0.77583506133284041     
    12924057           8  0.86446061534485841     
    12924057           9  0.80821218523732252     
    12924057          10  0.87730189909267509     
    12924107           1   1.1096182114399009     
    12924107           2   1.3937789348256246     
    12924107           3  0.94217644318156379     
    12924107           4  0.62957170208103963     
    12924107           5   1.2829727294788771     
    12924107           6   1.1969862445372017     
    12924107           7  0.64853315299009207     
    12924107           8   1.2221854457285184     
    12924107           9  0.79416496110029144     
    12924107          10  0.78001217463688965     
    12924290           1   1.4787441333371583     
    12924290           2  0.55556505578921300     
    12924290           3   7.0922962297158679E-002
    12924290           4  0.83311746669723419     
    12924290           5   1.2983717327671771     
    12924290           6   1.4469250914043210     
    12924290           7   1.5168642773170105     
    12924290           8  0.62993649641417915     
    12924290           9   1.4255091503710726     
    12924290          10  0.74404363360547621     
    12924865           1   1.2517120837479760     
    12924865           2  0.46207516824653122     
    12924865           3  0.45379233523928947     
    12924865           4  0.99149845262140057     
    12924865           5   1.0925971593158101     
    12924865           6   1.2953038869259801     
    12924865           7   1.2660436911574218     
    12924865           8   1.4412749707221026     
    12924865           9   1.2194161096301555     
    12924865          10  0.52628614239333305     
    12925133           1   1.2287444824616089     
    12925133           2   1.4373707736709858     
    12925133           3  0.93882426625222959     
    12925133           4   1.0581244806470511     
    12925133           5   1.2262849650600836     
    12925133           6   1.1349396339504023     
    12925133           7  0.22122719159137699     
    12925133           8   1.1202891272749054     
    12925133           9  0.54959511883681256     
    12925133          10   1.0845999602545433     
    12925402           1   1.3587429969946854     
    12925402           2   1.3774610351890191     
    12925402           3   1.0685667712437932     
    12925402           4  0.11913156739000169     
    12925402           5   1.4369287184707313     
    12925402           6  0.52808290216069009     
    12925402           7  0.43301317612627804     
    12925402           8   1.2451948887586599     
    12925402           9   1.3939448627815627     
    12925402          10   1.0389330808845780     
    12925434           1   1.3191138591627907     
    12925434           2  0.11562781991123668     
    12925434           3   1.4673720706834701     
    12925434           4  0.98171950221691529     
    12925434           5  0.86238446247350420     
    12925434           6   1.3830755069873111     
    12925434           7   1.2963411040940109     
    12925434           8  0.30066490036001614     
    12925434           9   1.0821533697225887     
    12925434          10   1.1915474043881571     
    12926419           1   1.4319721079549645     
    12926419           2   1.0425762504059752     
    12926419           3   7.7114714475240445E-002
    12926419           4  0.75385520701969511     
    12926419           5   1.1596880783014700     
    12926419           6   1.2033309115843001     
    12926419           7   1.4568936248823723     
    12926419           8  0.79119322050419805     
    12926419           9   1.3068052535432175     
    12926419          10  0.77657063132856641     
    12926982           1   7.5988885914244630E-002
    12926982           2  0.80301563915169849     
    12926982           3   1.4327295588770650     
    12926982           4  0.89256914897083317     
    12926982           5   1.4847367092819079     
    12926982           6  0.90719275357822893     
    12926982           7  0.61744083931081695     
    12926982           8   1.3172983307632187     
    12926982           9  0.97559013304653219     
    12926982          10   1.4934380011054529     
    12927473           1   1.0628855426586312     
    12927473           2   1.4858062183064948     
    12927473           3   1.5631104946048375     
    12927473           4   9.3144958560161806E-003
    12927473           5   1.4493926294971760     
    12927473           6  0.25434681555705302     
    12927473           7  0.80523224466329957     
    12927473           8   1.4939093484100565     
    12927473           9   1.0749302648808501     
    12927473          10  0.80107194556558692     
    12928145           1   1.1472617743500804     
    12928145           2   1.5461540490502836     
    12928145           3  0.71008624612268723     
    12928145           4   1.1745002597394376     
    12928145           5   1.2514238077411255     
    12928145           6   1.3942299833406631     
    12928145           7  0.47225301044520013     
    12928145           8   3.6973998937197369E-002
    12928145           9  0.74419862643493906     
    12928145          10   1.5229182438383859     
    12929177           1   1.2199912420678665     
    12929177           2   1.0819946885157179     
    12929177           3   1.2168981609532368     
    12929177           4  0.89666069558476480     
    12929177           5   1.0819298358492013     
    12929177           6   1.2249215874390618     
    12929177           7   1.1992210171429267     
    12929177           8  0.57622230488846138     
    12929177           9  0.48217241082982337     
    12929177          10   1.0199880567289392     
    12929434           1   1.4817121851692820     
    12929434           2  0.55668015463865217     
    12929434           3   7.1065314867451337E-002
    12929434           4  0.83478965309355457     
    12929434           5   1.3009777512887997     
    12929434           6   1.4028749712719999     
    12929434           7   1.5199088417523829     
    12929434           8  0.63120086942513698     
    12929434           9   1.4552532224654962     
    12929434          10  0.74553703602724541     
    12930131           1   1.4924665570805125     
    12930131           2  0.65723336355781714     
    12930131           3  0.30978174757707710     
    12930131           4   1.3175559160651578     
    12930131           5   1.3667329142298330     
    12930131           6   1.0302808592226378     
    12930131           7   1.2269251807818649     
    12930131           8  0.66997530504701741     
    12930131           9   1.4816561375184079     
    12930131          10  0.44739201891967423     
    12931584           1  0.17321156212640754     
    12931584           2   1.0834849210713424     
    12931584           3   1.6238425660724043     
    12931584           4  0.38051754476552346     
    12931584           5   1.4337387852023680     
    12931584           6  0.39853994316281321     
    12931584           7  0.78823994219057814     
    12931584           8   1.5688651136980587     
    12931584           9   1.3034345786091071     
    12931584          10   1.2461250431013955     
    12932097           1   1.0408233376526583     
    12932097           2  0.24898706203232784     
    12932097           3   1.3670036071291247     
    12932097           4  0.64161133456851227     
    12932097           5   1.1460545447608441     
    12932097           6   1.1047878700807221     
    12932097           7   1.5599791384696051     
    12932097           8  0.42143834876776565     
    12932097           9   1.1616079750927970     
    12932097          10   1.3077067814456436     
    12932540           1  0.95977059569083945     
    12932540           2   1.0931728981364270     
    12932540           3   1.1814336276340658     
    12932540           4   1.3121476553503977     
    12932540           5   1.1987142019568753     
    12932540           6   1.2663288532195665     
    12932540           7  0.37834567029626354     
    12932540           8   1.1014942328137420     
    12932540           9  0.25132022636659429     
    12932540          10   1.2572720385352276     
    12932601           1  0.23004811502667130     
    12932601           2  0.79384259781323907     
    12932601           3   1.4389160261101086     
    12932601           4  0.62364557238833829     
    12932601           5   1.3105025268090431     
    12932601           6  0.93983466976210306     
    12932601           7  0.76715433755537776     
    12932601           8   1.2683042894415062     
    12932601           9   1.2770010206407614     
    12932601          10   1.3507508444528498     
    12933833           1   1.2442312609391681     
    12933833           2  0.74022984679039228     
    12933833           3   1.2932636193648432     
    12933833           4  0.93261190988846221     
    12933833           5  0.75074956271018201     
    12933833           6  0.66660341515998911     
    12933833           7   1.5060031187943277     
    12933833           8  0.38885297394870821     
    12933833           9   1.1644133924295850     
    12933833          10   1.3130408999743410     
    12934347           1   1.2353425721921985     
    12934347           2  0.94676495087421531     
    12934347           3   1.2948673835091347     
    12934347           4  0.34171695318595935     
    12934347           5   1.2916080655396325     
    12934347           6  0.99640135585497303     
    12934347           7   1.2700849860335823     
    12934347           8   1.1117255003155027     
    12934347           9   1.1283355875218899     
    12934347          10  0.38315264497291207     
    12934496           1   1.2240255071218189     
    12934496           2   1.2387374288757977     
    12934496           3   1.0672363309377344     
    12934496           4   1.2957979306759040     
    12934496           5   1.1914968131987846     
    12934496           6   1.0671590438000369     
    12934496           7  0.43337912524951361     
    12934496           8   1.1253670478650186     
    12934496           9  0.59240870449501892     
    12934496          10  0.76439206778037150     
    12934795           1   1.0756472076736370     
    12934795           2   1.4062065842729934     
    12934795           3   1.1247747326735866     
    12934795           4  0.89788807561578265     
    12934795           5   1.3418604095504993     
    12934795           6   1.1697605260354400     
    12934795           7  0.47674260100155508     
    12934795           8  0.81282517712055413     
    12934795           9  0.56075314424349976     
    12934795          10   1.1335415418124515     
    12935215           1   1.2016957140899545     
    12935215           2   1.1130471491987388     
    12935215           3  0.73616018101537439     
    12935215           4   1.2823353306309111     
    12935215           5   1.4544633617599261     
    12935215           6  0.91436096062033700     
    12935215           7  0.45914463141682671     
    12935215           8   1.2906531801299137     
    12935215           9  0.74218550958048624     
    12935215          10  0.80595398155753029     
    12935649           1  0.72755992005448955     
    12935649           2  0.12084008619614016     
    12935649           3   1.4511947029243164     
    12935649           4  0.86555686654156194     
    12935649           5   1.3995408097748321     
    12935649           6  0.98680506955821190     
    12935649           7   1.0024430731655272     
    12935649           8  0.95625224191663927     
    12935649           9   1.1758984433551272     
    12935649          10   1.3139087865131545     
    12935846           1   1.4056222521259278     
    12935846           2  0.82792334736559514     
    12935846           3   1.2468767088969774     
    12935846           4  0.52391312042983451     
    12935846           5   1.2095967305714459     
    12935846           6   1.1198068888997883     
    12935846           7   1.3799844669248167     
    12935846           8   1.0955785005653318     
    12935846           9  0.90429865625036565     
    12935846          10  0.28639932796991729     
    12936411           1   1.0794170047720375     
    12936411           2  0.33149858791735626     
    12936411           3  0.91946496401137234     
    12936411           4   1.0989333985027032     
    12936411           5   1.2438000039795163     
    12936411           6   1.3779507037424814     
    12936411           7   1.4254030717243107     
    12936411           8  0.95367621129798008     
    12936411           9   1.0953560287039210     
    12936411          10  0.47450002534832092     
    12936802           1  0.20698965223300111     
    12936802           2   1.3277632609067163     
    12936802           3   1.6270146980575468     
    12936802           4  0.27015333920339368     
    12936802           5   1.5035619410517458     
    12936802           6  0.23344825568268496     
    12936802           7  0.95668863444173979     
    12936802           8   1.5762020100416099     
    12936802           9   1.1189498147356514     
    12936802          10   1.1792283936459096     
    12936810           1  0.49824558355067577     
    12936810           2   1.5536846944622820     
    12936810           3   1.6165156866434780     
    12936810           4   7.8775467250434106E-002
    12936810           5   1.5701988332954868     
    12936810           6   1.4038318938064582E-003
    12936810           7   1.2007255138807760     
    12936810           8   1.6064761655064592     
    12936810           9   1.1386324570510398     
    12936810          10  0.73534176646556271     
    12937050           1   1.2937797657798606     
    12937050           2  0.96651878358980370     
    12937050           3  0.77700059999296633     
    12937050           4   1.2172039104730263     
    12937050           5   1.3294421678717681     
    12937050           6   1.0696089180918980     
    12937050           7  0.44615012408152110     
    12937050           8   1.3229471771991819     
    12937050           9  0.78674676986961534     
    12937050          10  0.79060178305035844     
    12937569           1   1.4316271587016782     
    12937569           2  0.82727693087907550     
    12937569           3   1.2459031868144645     
    12937569           4  0.52350406555823625     
    12937569           5   1.2086523155224327     
    12937569           6   1.1189325789325597     
    12937569           7   1.3596123315130646     
    12937569           8   1.0947231073610029     
    12937569           9  0.90359260832697064     
    12937569          10  0.28617571639051570     
    12937737           1  0.89555512299833540     
    12937737           2   1.2819846448755781     
    12937737           3  0.93422320013506244     
    12937737           4  0.93134959724679089     
    12937737           5   1.1171798350046158     
    12937737           6   1.5098835650314220     
    12937737           7  0.74642832903838252     
    12937737           8   2.0732512778311327E-002
    12937737           9  0.92604972534365515     
    12937737          10   1.6366134675478461     
    12937831           1   1.2103395605659111     
    12937831           2  0.44301872805732051     
    12937831           3   1.2908624453226438     
    12937831           4   1.2219161339560805     
    12937831           5  0.62490207691901023     
    12937831           6   1.2180702332585447     
    12937831           7   1.4780597494080421     
    12937831           8  0.45164109984301992     
    12937831           9  0.97908458433241108     
    12937831          10   1.0821053883370155     
    12938402           1   1.3811937115918391     
    12938402           2   1.2522583089262143     
    12938402           3   1.2301692767264776     
    12938402           4   1.3974519434099251     
    12938402           5   7.8055809224043373E-003
    12938402           6  0.83744005854946990     
    12938402           7   1.3127571595834107     
    12938402           8  0.67922522503974525     
    12938402           9  0.67629717477785911     
    12938402          10   1.2254015604726547     
    12938447           1   1.1967635338186000     
    12938447           2   1.1084788136991628     
    12938447           3  0.73313872169019867     
    12938447           4   1.2770721771180533     
    12938447           5   1.4484937344955791     
    12938447           6  0.92484437746750026     
    12938447           7  0.45726014097035173     
    12938447           8   1.2853558872482307     
    12938447           9  0.73913932019567163     
    12938447          10  0.82945329329664996     
    12938513           1   1.1917078112068402     
    12938513           2   1.3685964585741297     
    12938513           3   1.2342703474978942     
    12938513           4  0.45131116640210162     
    12938513           5   1.3356141340662588     
    12938513           6   1.0845518657008624     
    12938513           7  0.65061256071345086     
    12938513           8   1.2935532158222052     
    12938513           9  0.90659875470278684     
    12938513          10  0.48318368531347144     
    12938624           1   1.1502583245065880     
    12938624           2   1.1172274743310933     
    12938624           3  0.83256951908165666     
    12938624           4  0.78482694372179795     
    12938624           5   1.1352461531757034     
    12938624           6   1.2857059062592022     
    12938624           7  0.45600807759236001     
    12938624           8   1.3795452331225471     
    12938624           9  0.81931449196165129     
    12938624          10   1.0392978762473992     
    12938648           1  0.47566525281540062     
    12938648           2   1.5593760321797041     
    12938648           3   1.6224371819964221     
    12938648           4   7.9064031454978270E-002
    12938648           5   1.5601496447088956     
    12938648           6   4.7179442066048894E-003
    12938648           7   1.2053902066890048     
    12938648           8   1.6123608848613418     
    12938648           9   1.1428034074840288     
    12938648          10  0.73803541360361979     
    12938742           1   1.1855572078476184     
    12938742           2   1.3615329033164023     
    12938742           3   1.2279000717691311     
    12938742           4  0.44898187397821798     
    12938742           5   1.3287208061025084     
    12938742           6   1.0789543121011469     
    12938742           7  0.67631631194085928     
    12938742           8   1.3094269725797396     
    12938742           9  0.90191964687643611     
    12938742          10  0.48068989348793950     
    12938781           1   1.3273186184110963     
    12938781           2   1.4143058184071096     
    12938781           3   1.0380320131074288     
    12938781           4  0.48385819890520304     
    12938781           5   1.1561434964167412     
    12938781           6   1.0997871751331965     
    12938781           7   1.1424533473236176     
    12938781           8   1.1843563425855748     
    12938781           9  0.85747700067236721     
    12938781          10  0.29626798903766505     
    12938815           1  0.96040356611680222     
    12938815           2  0.10252608538284193     
    12938815           3   1.3359824720366471     
    12938815           4  0.85991735450392814     
    12938815           5   1.0833777196546015     
    12938815           6   1.6065236280398121     
    12938815           7   1.4868154538435014     
    12938815           8   6.1346613622719579E-002
    12938815           9   1.0773839784452823     
    12938815          10   1.4257231283538647     
    12939244           1   1.3921086411451191     
    12939244           2  0.99787264039749179     
    12939244           3   1.1889460863755621     
    12939244           4   1.2610327083086268     
    12939244           5  0.12724941841659820     
    12939244           6  0.85308272821807507     
    12939244           7   1.5240556027141021     
    12939244           8  0.65551904328184318     
    12939244           9   1.0075558561323903     
    12939244          10  0.99257727501019277     
    12940930           1   1.3254998867509054     
    12940930           2  0.55710297682294063     
    12940930           3   1.3164185990970700     
    12940930           4   1.7013294864112214     
    12940930           5  0.34800494519397301     
    12940930           6   1.2574651060911453     
    12940930           7   1.2154994545324755     
    12940930           8  0.55925797292090085     
    12940930           9  0.65264589057857125     
    12940930          10   1.0667756816007992     
    12941480           1   1.4808688171966002     
    12941480           2  0.55636330078663621     
    12941480           3   5.6656701322343447E-002
    12941480           4  0.83431450355750292     
    12941480           5   1.3002372545988279     
    12941480           6   1.4490040571416798     
    12941480           7   1.5190437328254534     
    12941480           8  0.63084159951905783     
    12941480           9   1.4275573453325938     
    12941480          10  0.74511268771930350     
    12942726           1   1.0953377110145806     
    12942726           2  0.68394588404744727     
    12942726           3   1.1985152294707822     
    12942726           4   1.0669636895145138     
    12942726           5  0.88642350881187115     
    12942726           6   1.4134171252175256     
    12942726           7   1.1920529713349994     
    12942726           8  0.69673898931714839     
    12942726           9  0.64334692089379242     
    12942726          10   1.1232579703773384     
    12942803           1   1.3637178217839188     
    12942803           2   1.3351255522370455     
    12942803           3   1.1187105985026566     
    12942803           4   1.3246134680138548     
    12942803           5   1.1858334061948661     
    12942803           6  0.95879934927042487     
    12942803           7  0.67936474070237030     
    12942803           8   1.1175135675456820     
    12942803           9  0.15158429156633091     
    12942803          10  0.76473720418284985     
    12942807           1   1.4177198300166656     
    12942807           2   1.0398613273653490     
    12942807           3   7.6913903728766400E-002
    12942807           4  0.75189212866447952     
    12942807           5   1.1510339912004677     
    12942807           6   1.2001973750049988     
    12942807           7   1.4530997977465685     
    12942807           8  0.78913291201060087     
    12942807           9   1.3456003334407514     
    12942807          10  0.77454840082135268     
    12942817           1   1.4612226877082697     
    12942817           2  0.89248813692051243     
    12942817           3  0.75406031342388125     
    12942817           4  0.72675697654599858     
    12942817           5   1.4277777950292301     
    12942817           6   1.3777255280104590     
    12942817           7  0.29033794632136556     
    12942817           8   1.2221804783138435     
    12942817           9   1.0212280851082589     
    12942817          10  0.82622205261817905     
    12943438           1   1.2878542405822702     
    12943438           2  0.96209211719913434     
    12943438           3  0.77344192891495178     
    12943438           4   1.2116291035136935     
    12943438           5   1.3233533084902682     
    12943438           6   1.1060587127100903     
    12943438           7  0.44855824400779082     
    12943438           8   1.3168880649445938     
    12943438           9  0.78314346122907930     
    12943438          10  0.78698081840812595     
    12943959           1   1.2468782370788678     
    12943959           2   1.4585834255085359     
    12943959           3  0.95267939163911231     
    12943959           4   1.0737402331167005     
    12943959           5   1.2443824222325335     
    12943959           6   1.1516890209232151     
    12943959           7  0.22449205232055522     
    12943959           8   1.1368223027433215     
    12943959           9  0.48826164150800266     
    12943959          10   1.0224712729291550     
    12944176           1   1.3485573748867525     
    12944176           2  0.40313145411432927     
    12944176           3  0.23650716137470978     
    12944176           4  0.60599175057761623     
    12944176           5   1.2587862913223189     
    12944176           6  0.91210109465909694     
    12944176           7   1.6364725357232368     
    12944176           8  0.65204961058463751     
    12944176           9   1.5749551892222629     
    12944176          10   1.3714475375350399     
    12944282           1  0.90537487432190078     
    12944282           2   1.0467600506882220     
    12944282           3  0.99320529083923159     
    12944282           4  0.89762162174132376     
    12944282           5   1.2253204942321472     
    12944282           6  0.85046912552957310     
    12944282           7   1.2367641773040901     
    12944282           8   1.2193831104192059     
    12944282           9  0.99925278612747803     
    12944282          10  0.62584846879682832     
    12944283           1   1.3081107087669586     
    12944283           2  0.41004166658461477     
    12944283           3   1.3256642273579717     
    12944283           4  0.64449474457392764     
    12944283           5   1.2122975694191687     
    12944283           6  0.69428868266506027     
    12944283           7   1.3327350787606060     
    12944283           8  0.33096627365440989     
    12944283           9   1.2965929536102969     
    12944283          10   1.4448080946069854     
    12944703           1   1.2296061330419308     
    12944703           2   1.4374733490559766     
    12944703           3   1.1608411637700347     
    12944703           4  0.98822429396937372     
    12944703           5   1.2425597620724227     
    12944703           6   1.1326837028147307     
    12944703           7  0.44437584180546486     
    12944703           8  0.96934373301868004     
    12944703           9  0.40479192866619490     
    12944703          10  0.99010009178519187     
    12944781           1   1.0088865495748338     
    12944781           2   1.2116174408137779     
    12944781           3   1.1409078042556491     
    12944781           4   1.1273848719341166     
    12944781           5  0.95087921416092680     
    12944781           6  0.79462607668098950     
    12944781           7   1.1893428591806523     
    12944781           8  0.72176844413082020     
    12944781           9   1.0910218707513917     
    12944781          10  0.76356486851684036     
    12944920           1   1.4903730705586025     
    12944920           2   1.3531866912145449     
    12944920           3   1.0826135192431672     
    12944920           4   1.3482277109566334     
    12944920           5   1.1200724150220365     
    12944920           6  0.97168175523754063     
    12944920           7  0.67334082637557002     
    12944920           8   1.0663848145554078     
    12944920           9  0.13787935742393898     
    12944920          10  0.75623983941255990     
    12945298           1  0.24251735559818705     
    12945298           2   1.3870879729054466     
    12945298           3   1.4937051804279065     
    12945298           4  0.23304299769950701     
    12945298           5   1.4856243180576769     
    12945298           6  0.22752497331045424     
    12945298           7  0.93887413628811156     
    12945298           8   1.5134215059412015     
    12945298           9   1.1412186015787285     
    12945298          10   1.3369829581927797     
    12945338           1   1.3204098035047573     
    12945338           2  0.11574141679140516     
    12945338           3   1.4688136691621405     
    12945338           4  0.98268397835023691     
    12945338           5  0.85340734418104713     
    12945338           6   1.3844342895255601     
    12945338           7   1.2976146756719606     
    12945338           8  0.30096028424499544     
    12945338           9   1.0832165156571800     
    12945338          10   1.1927180229107173     
    12945943           1   1.5694185467206316     
    12945943           2  0.76780151393302976     
    12945943           3  0.34309930588607429     
    12945943           4  0.97603438345076532     
    12945943           5   1.3882640234539061     
    12945943           6   1.0965240645377015     
    12945943           7   1.2159702119448632     
    12945943           8  0.66974339942164784     
    12945943           9   1.3688103780468812     
    12945943          10  0.60433417260450062     
    12945977           1   1.2398806279392587     
    12945977           2   1.0989666430056615     
    12945977           3  0.82957250009835093     
    12945977           4   1.0235225635689560     
    12945977           5   1.0746019293896898     
    12945977           6  0.92123637831780281     
    12945977           7   1.2201915621926029     
    12945977           8  0.56324907517533906     
    12945977           9   1.1258853882873687     
    12945977          10  0.90289333202496813     
    12945984           1   1.0943147237459872     
    12945984           2  0.68330711490369223     
    12945984           3   1.1695992433503180     
    12945984           4   1.0659672020755726     
    12945984           5  0.88559563631649574     
    12945984           6   1.4120970686634879     
    12945984           7   1.1909396571480579     
    12945984           8  0.73322437770140070     
    12945984           9  0.64274606902614928     
    12945984          10   1.1222089070688384     
    12946046           1   1.2928747117186330     
    12946046           2   1.3422886453850402     
    12946046           3  0.81000428067667474     
    12946046           4  0.54252255919462622     
    12946046           5   1.4195245900833324     
    12946046           6  0.96560133379291913     
    12946046           7  0.64309608353649805     
    12946046           8   1.1775311082223729     
    12946046           9  0.88115308472923048     
    12946046          10  0.92540360266067201     
    12946140           1   1.2431038535715724     
    12946140           2  0.99306796170393208     
    12946140           3  0.52131456617649030     
    12946140           4  0.85345156607617301     
    12946140           5  0.72567651717013448     
    12946140           6   1.2605327577368033     
    12946140           7   1.1546296637908680     
    12946140           8  0.66130950231697549     
    12946140           9   1.3272961768936227     
    12946140          10   1.2596174345634283     
    12946765           1  0.16590411192641269     
    12946765           2  0.77426927185382088     
    12946765           3   1.4721395607758017     
    12946765           4  0.83072675431280452     
    12946765           5   1.4963440958477783     
    12946765           6  0.80748799020215511     
    12946765           7  0.69961812586086769     
    12946765           8   1.3931012171674355     
    12946765           9  0.97112888287938770     
    12946765          10   1.3892799891735372     
    12947318           1   1.4407728870087790     
    12947318           2   1.1962482782456305     
    12947318           3   1.0422247426597151     
    12947318           4   1.1670752526848862     
    12947318           5  0.13265776517900182     
    12947318           6  0.83969684923930821     
    12947318           7   1.3284494717414967     
    12947318           8  0.55435444903014619     
    12947318           9  0.97071702366744717     
    12947318          10   1.3278032805435904     
    12947537           1   1.0254582221625979     
    12947537           2  0.51259508664839171     
    12947537           3   1.2662802960728723     
    12947537           4  0.83203424596122666     
    12947537           5  0.93374551919609261     
    12947537           6   1.4517674621722927     
    12947537           7   1.2123201024725032     
    12947537           8  0.84978086552280863     
    12947537           9   1.2643689625820975     
    12947537          10  0.65164923720911683     
    12947694           1   1.3327898406688734     
    12947694           2   1.0536261070741795     
    12947694           3  0.95446887789943724     
    12947694           4  0.80447051906501821     
    12947694           5  0.55629474200915263     
    12947694           6  0.98869477081761137     
    12947694           7   1.2998999832903486     
    12947694           8  0.57915255567361756     
    12947694           9   1.2196820674348341     
    12947694          10   1.2109205360669275     
    12947805           1   1.2069048260087465     
    12947805           2  0.51480071446039910     
    12947805           3   1.0476660844779946     
    12947805           4   1.4161705386834833     
    12947805           5   1.0205170092977831     
    12947805           6   1.0210221563377759     
    12947805           7   1.2241257640130594     
    12947805           8   1.1452268913058956     
    12947805           9  0.61046864397669243     
    12947805          10  0.79309737143816805     
    12947996           1   1.3394224518998668     
    12947996           2  0.43797903736051863     
    12947996           3   1.2933328342876671     
    12947996           4   1.7210027875669343     
    12947996           5  0.41962804924085528     
    12947996           6   1.2607755104643832     
    12947996           7   1.2508744594937053     
    12947996           8  0.56611082119141176     
    12947996           9  0.64785744988700256     
    12947996          10   1.0630165986076578     
    12948158           1   1.2423286014607313     
    12948158           2   1.4505207257419825     
    12948158           3   1.1713776595918706     
    12948158           4  0.99719401477995306     
    12948158           5   1.2286112460687324     
    12948158           6   1.1429646245072471     
    12948158           7  0.44840926545259158     
    12948158           8  0.91104095912699368     
    12948158           9  0.40846606479973163     
    12948158          10  0.99908683847016799     
    12948221           1   1.5083923968727622     
    12948221           2  0.33734114365596218     
    12948221           3  0.23066702911787862     
    12948221           4  0.60857302257720780     
    12948221           5   1.4135415355606618     
    12948221           6   1.2633959978025446     
    12948221           7   1.4883714739037219     
    12948221           8  0.80432968491516554     
    12948221           9   1.4170914944573860     
    12948221          10  0.92829622113670951     
    12948510           1   1.4927334638719483     
    12948510           2   1.3553298142222991     
    12948510           3   1.0843281192733472     
    12948510           4   1.3503629801296178     
    12948510           5   1.1218463409544812     
    12948510           6  0.95813509201179758     
    12948510           7  0.67365521023375174     
    12948510           8   1.0680737122116080     
    12948510           9  0.13809772524052191     
    12948510          10  0.75743754185062540     
    12948725           1   1.1929776869248057     
    12948725           2   1.3700548256286149     
    12948725           3   1.2355855775643190     
    12948725           4  0.44113614868872880     
    12948725           5   1.3370373553806385     
    12948725           6   1.0857075567739392     
    12948725           7  0.65130584902194710     
    12948725           8   1.2949316173088963     
    12948725           9  0.90756482015415696     
    12948725          10  0.48369856255395483     
    12948751           1  0.92634998012177894     
    12948751           2   1.0442977544470944     
    12948751           3  0.99086897159138321     
    12948751           4  0.89592834743949090     
    12948751           5   1.2224381698206062     
    12948751           6  0.84846856491435874     
    12948751           7   1.2338549338887199     
    12948751           8   1.2165147525302076     
    12948751           9  0.99690224134159289     
    12948751          10  0.62437628390476940     
    12949091           1   1.1338762826477349     
    12949091           2   1.5281145460730015     
    12949091           3  0.70180142938083312     
    12949091           4   1.1607969674022978     
    12949091           5   1.2368230223152137     
    12949091           6   1.3779630298951517     
    12949091           7  0.53470726218740372     
    12949091           8   8.5251810229800010E-002
    12949091           9  0.73551580899801627     
    12949091          10   1.5051498408705479     
    12949901           1   1.1054607925853654     
    12949901           2   1.4968930534698026     
    12949901           3  0.89774959902187412     
    12949901           4   1.2029112824596362     
    12949901           5   1.1381959839429894     
    12949901           6   1.3623354926981071     
    12949901           7  0.52977972094147308     
    12949901           8   6.6085208842634399E-002
    12949901           9  0.72566815461660061     
    12949901          10   1.4749207114215153     
    12950137           1   1.2573762223771250     
    12950137           2   1.2052365445757358     
    12950137           3  0.61106822838860941     
    12950137           4   1.2048626577364954     
    12950137           5   1.2604737690732486     
    12950137           6   1.2213965949420165     
    12950137           7  0.37063086780562982     
    12950137           8   1.2744769332293042     
    12950137           9  0.86613698824835417     
    12950137          10  0.72834119362347938     
    12950405           1   1.3832470961708483     
    12950405           2   1.3512728369851332     
    12950405           3   1.1397536166101758     
    12950405           4   1.3059525092827664     
    12950405           5   1.1313573895536337     
    12950405           6   1.1339987695871652     
    12950405           7  0.44838937489339759     
    12950405           8  0.92669594103695740     
    12950405           9  0.30914231071787063     
    12950405          10  0.87019015516205245     
    12950522           1   1.2739291710365304     
    12950522           2  0.44698567590894495     
    12950522           3   1.3185238861310435     
    12950522           4   1.2130162384658489     
    12950522           5  0.63812950130650969     
    12950522           6   1.1249723310643762     
    12950522           7   1.4368342601912099     
    12950522           8  0.48061568151277517     
    12950522           9  0.93369748394870911     
    12950522          10   1.1332957704340529     
    12950585           1   1.3886736046662604     
    12950585           2   1.1696054458949086     
    12950585           3   1.1520666707035312     
    12950585           4   1.4363203430924008     
    12950585           5  0.57253509123417723     
    12950585           6  0.95507901437256726     
    12950585           7  0.93729476479343199     
    12950585           8  0.88225832636044210     
    12950585           9  0.37648393531328483     
    12950585          10   1.1296828035689954     
    12950672           1   1.2295583492201627     
    12950672           2   1.4374174872897885     
    12950672           3   1.1607960522292087     
    12950672           4  0.98818589050645922     
    12950672           5   1.2175126207015901     
    12950672           6   1.1326396855032352     
    12950672           7  0.44435857288052033     
    12950672           8  0.99469352822743828     
    12950672           9  0.40477619801484832     
    12950672          10  0.99006161542674909     
    12950747           1  0.18703184990823363     
    12950747           2   1.3230918822466282     
    12950747           3   1.6212904835353243     
    12950747           4  0.32361475796539851     
    12950747           5   1.4982720619201650     
    12950747           6  0.23262693065288545     
    12950747           7  0.95332278225794909     
    12950747           8   1.5706565663239787     
    12950747           9   1.1150130901401114     
    12950747          10   1.1750795950493242     
    12950806           1   1.2350134046136390     
    12950806           2   1.3987893452808176     
    12950806           3   1.2156061497180122     
    12950806           4   1.3482352097162573     
    12950806           5   1.4201040363895818     
    12950806           6   1.1909780303509405     
    12950806           7   1.0385978235942776E-002
    12950806           8  0.76808232169000801     
    12950806           9  0.31098866228073763     
    12950806          10   1.1018168617240649     
    12950861           1   1.2825516469660454     
    12950861           2  0.32375677303721301     
    12950861           3  0.25899813985629050     
    12950861           4  0.66800617782954008     
    12950861           5   1.2270154148009418     
    12950861           6  0.95699759555604014     
    12950861           7   1.6284105664545345     
    12950861           8  0.69885262535434467     
    12950861           9   1.5679169306224263     
    12950861          10   1.3874941295226226     
    12950989           1   1.2835402670868601     
    12950989           2  0.84538112078478189     
    12950989           3   1.4061806710050899     
    12950989           4   1.0437209840952670     
    12950989           5   1.0828221142189098     
    12950989           6  0.34214896416571416     
    12950989           7   1.1262199025059991     
    12950989           8   1.2641174257784928     
    12950989           9  0.81331922950137225     
    12950989          10  0.79254932085751417     
    12951017           1   1.2821374002854544     
    12951017           2  0.84445714735029376     
    12951017           3   1.4046437623231296     
    12951017           4   1.0425802317900503     
    12951017           5   1.0816386256795800     
    12951017           6  0.36979293244918698     
    12951017           7   1.1249889816281571     
    12951017           8   1.2456475290246303     
    12951017           9  0.81243029864717953     
    12951017          10  0.79168309082233890     
    12951077           1   1.2286816286245985     
    12951077           2  0.94288753130400826     
    12951077           3   1.2384222299887717     
    12951077           4   1.3738855367508476     
    12951077           5  0.59427721335658901     
    12951077           6   1.0593367330981291     
    12951077           7   1.0960168521725278     
    12951077           8   1.0558381940794141     
    12951077           9  0.36578946861221495     
    12951077          10   1.0448646120128977     
    12951183           1  0.95514135651974286     
    12951183           2   1.2556828039712726     
    12951183           3  0.94062995983555242     
    12951183           4  0.91678242149705269     
    12951183           5   1.0997061011363836     
    12951183           6   1.4862675788126338     
    12951183           7  0.70903334672841389     
    12951183           8   2.0408236955067133E-002
    12951183           9  0.94324907825482096     
    12951183          10   1.6730991162890605     
    12951212           1   1.2177530182127194     
    12951212           2  0.51848476557719225     
    12951212           3  0.45256283757121990     
    12951212           4  0.98881210263104702     
    12951212           5   1.0896368941125429     
    12951212           6   1.2917944113691109     
    12951212           7   1.2626134927052346     
    12951212           8   1.4373700034541663     
    12951212           9   1.2161122431988149     
    12951212          10  0.52486023116795122     
    12951272           1  0.73834649131397678     
    12951272           2  0.59204064930182287     
    12951272           3  0.97527105299563666     
    12951272           4  0.98939652130825262     
    12951272           5   1.4670575812395248     
    12951272           6   1.2240569628438380     
    12951272           7   1.4065702415659391     
    12951272           8  0.87375010527665053     
    12951272           9   1.2729158678819323     
    12951272          10  0.46059452627242675     
    12951371           1   1.1491048710130762     
    12951371           2   1.4309085761991069     
    12951371           3   1.1106597015234758     
    12951371           4  0.95366414804639743     
    12951371           5   1.3115908365159885     
    12951371           6   1.2617841733397641     
    12951371           7  0.29587623547635894     
    12951371           8  0.72301590654996017     
    12951371           9  0.60002787997061902     
    12951371          10   1.1633676713652514     
    12951437           1  0.83007418709094638     
    12951437           2  0.13967876232910226     
    12951437           3   1.0290993345109936     
    12951437           4   1.2467369484214141     
    12951437           5   1.3111240810898004     
    12951437           6   1.4437535956636840     
    12951437           7   1.3088434065980483     
    12951437           8  0.76958599368569336     
    12951437           9   1.1154656295640435     
    12951437          10  0.80563806104627533     
    12951456           1   1.1781269767778808     
    12951456           2   1.5739988809028211     
    12951456           3  0.99437205895624725     
    12951456           4  0.30009781341482533     
    12951456           5   1.3949859291883668     
    12951456           6  0.94120164069323276     
    12951456           7  0.81510337711982095     
    12951456           8   1.2989274654358745     
    12951456           9   1.0484259205377782     
    12951456          10  0.45475993697315237     
    12951548           1  0.45121621990221988     
    12951548           2   1.5044815649104473     
    12951548           3   1.5493765847607648     
    12951548           4  0.25446170994462364     
    12951548           5   1.5345920467665963     
    12951548           6   2.6231647185468648E-002
    12951548           7   1.1083690533426880     
    12951548           8   1.6655188160750374     
    12951548           9   1.0979211180512543     
    12951548          10  0.80783123906090015     
    12951700           1   1.2801682863342205     
    12951700           2   1.1738760569585585     
    12951700           3  0.65464163347612503     
    12951700           4  0.83602963614924986     
    12951700           5   1.1032252629132762     
    12951700           6   1.2283636606572341     
    12951700           7  0.66422173332809520     
    12951700           8   1.1531188648601876     
    12951700           9   1.0047531060171093     
    12951700          10  0.90160175930594399     
    12951892           1  0.77693469628693768     
    12951892           2   9.3831140313866843E-002
    12951892           3  0.85328440916779502     
    12951892           4   1.0497516593207838     
    12951892           5   1.2351736241602127     
    12951892           6   1.6068097473689156     
    12951892           7   1.5859817590667902     
    12951892           8  0.18496814414974458     
    12951892           9   1.1245497731592653     
    12951892          10   1.4887150470056885     
    12951960           1   1.3755881630332210     
    12951960           2   1.0142789411567772     
    12951960           3   1.1748365857118512     
    12951960           4   1.2460677388800456     
    12951960           5  0.12573931987287110     
    12951960           6  0.84295899640388827     
    12951960           7   1.5059692792176520     
    12951960           8  0.64773984582095967     
    12951960           9  0.99559895566084522     
    12951960          10   1.0712221742418895     
    12951966           1   1.3515110710116516     
    12951966           2   1.3188487007771073     
    12951966           3  0.81519406322466292     
    12951966           4   1.4475460360619010     
    12951966           5  0.97166114014248806     
    12951966           6  0.96605154415526673     
    12951966           7  0.70698912337208908     
    12951966           8   1.2980173849841616     
    12951966           9   9.2192432655227391E-002
    12951966          10   1.0319885036154459     
    12952060           1   1.3184828364652719     
    12952060           2  0.48310827025125486     
    12952060           3  0.28454356793604774     
    12952060           4   1.4507479205608258     
    12952060           5   1.3536349513006469     
    12952060           6  0.94202382199352264     
    12952060           7   1.4374565163891742     
    12952060           8  0.84296069782267025     
    12952060           9   1.4731622381936540     
    12952060          10  0.41387917908692845     
    12952140           1   1.0218488093713793     
    12952140           2  0.54825021673014351     
    12952140           3   1.2618232365855784     
    12952140           4  0.82910564781339480     
    12952140           5  0.93045891721866469     
    12952140           6   1.4466575240640500     
    12952140           7   1.2057916557789992     
    12952140           8  0.84678980273793747     
    12952140           9   1.2599186306156336     
    12952140          10  0.64935555908421960     
    12952294           1   1.3371653913987385     
    12952294           2   1.3832705003622365     
    12952294           3   1.0457327003766315     
    12952294           4  0.48744772275934162     
    12952294           5   1.2131713243429223     
    12952294           6   1.0268370293954248     
    12952294           7   1.1509286889665564     
    12952294           8   1.1931425434872651     
    12952294           9  0.86383823244492564     
    12952294          10  0.29846586646595824     
    12952347           1  0.86369570952172214     
    12952347           2  0.13886679248075504     
    12952347           3   1.0231170533349310     
    12952347           4   1.2394895129912988     
    12952347           5   1.3035023553275222     
    12952347           6   1.4353608781984497     
    12952347           7   1.3012349386774800     
    12952347           8  0.76511229552168181     
    12952347           9   1.1286656761716591     
    12952347          10  0.80095478777450047     
    12952430           1  0.72805036293832381     
    12952430           2  0.12044859342024793     
    12952430           3   1.4464931815956590     
    12952430           4  0.86275267075652307     
    12952430           5   1.3950066346195455     
    12952430           6  0.97826598732107561     
    12952430           7  0.99919539903899157     
    12952430           8  0.95315421495865227     
    12952430           9   1.2069809168615437     
    12952430          10   1.3096520384894375     
    12952624           1   1.2249112706574570     
    12952624           2  0.95791159769996015     
    12952624           3   1.0740732976486482     
    12952624           4   1.4223060051561704     
    12952624           5   1.2306728561713176     
    12952624           6  0.66697627905227619     
    12952624           7  0.64216947499394939     
    12952624           8   1.3182636319511916     
    12952624           9  0.50497597000377281     
    12952624          10  0.95773961666525653     
    12952824           1   1.4928078005319825     
    12952824           2  0.33385576043345672     
    12952824           3  0.22828379479146466     
    12952824           4  0.60228529206330617     
    12952824           5   1.4563356891892476     
    12952824           6   1.2503426857564681     
    12952824           7   1.4729937322272122     
    12952824           8  0.84193989818228299     
    12952824           9   1.4024502121459284     
    12952824          10  0.91870513467864967     
    12952900           1   1.2137446957596432     
    12952900           2  0.25844111705333422     
    12952900           3   1.1590905586644700     
    12952900           4  0.90019527785250897     
    12952900           5   1.0699853555857743     
    12952900           6   1.2843677946320997     
    12952900           7   1.3335293585038830     
    12952900           8  0.40092563204945458     
    12952900           9   1.3720987117990187     
    12952900          10   1.0076214980998142     
    12952903           1   1.5710200773854921     
    12952903           2  0.76858502555372488     
    12952903           3  0.34344942540047479     
    12952903           4  0.97703038862626235     
    12952903           5   1.3896806929644900     
    12952903           6   1.0976430247524791     
    12952903           7   1.2172110623133363     
    12952903           8  0.67042684654542695     
    12952903           9   1.3818308006006335     
    12952903          10  0.58312265585768108     
    12952904           1   1.0490538211357237     
    12952904           2   1.2502575791292401     
    12952904           3  0.96770154873320025     
    12952904           4   1.4413184307222562     
    12952904           5   1.0468819561628804     
    12952904           6   1.1801786314265807     
    12952904           7  0.51032204293654226     
    12952904           8   1.2111979451939996     
    12952904           9  0.15302568770209751     
    12952904          10   1.1900623568574789     
    12952960           1   1.2775463888783816     
    12952960           2  0.84143335879580161     
    12952960           3   1.3996140864597910     
    12952960           4   1.0388470143237545     
    12952960           5   1.0777655499330026     
    12952960           6  0.34055119643457710     
    12952960           7   1.1846857634462977     
    12952960           8   1.2411871786646211     
    12952960           9  0.80952119017899937     
    12952960          10  0.78884827288477388     
    12953114           1   1.4563220268709771     
    12953114           2  0.88949490276315457     
    12953114           3  0.75153133965551699     
    12953114           4  0.72431957293657745     
    12953114           5   1.4229893019519499     
    12953114           6   1.4096549255824069     
    12953114           7  0.28936420849544348     
    12953114           8   1.2180815192321377     
    12953114           9   1.0147911403047924     
    12953114          10  0.82345106220704345     
    12953133           1   1.2842271144550683     
    12953133           2  0.87064370116451451     
    12953133           3  0.34209666493139695     
    12953133           4   1.1363733715167395     
    12953133           5   1.1649112093646172     
    12953133           6   1.1534396030112901     
    12953133           7   1.2236433982008030     
    12953133           8   1.2445512634535210     
    12953133           9   1.0300258508979274     
    12953133          10  0.55008782300412007     
    12953238           1   7.5913901061947398E-002
    12953238           2  0.81209110466986179     
    12953238           3   1.4313157598318267     
    12953238           4  0.89168837324954964     
    12953238           5   1.4832715902515878     
    12953238           6  0.90629754747257607     
    12953238           7  0.61683155665611067     
    12953238           8   1.3159984377647196     
    12953238           9  0.97462743328920598     
    12953238          10   1.4919642957526156     
    12953391           1   1.3467631372323723     
    12953391           2  0.44565632433949337     
    12953391           3  0.23110817076893903     
    12953391           4  0.57418614794365752     
    12953391           5   1.1399996341164025     
    12953391           6  0.90222863753082105     
    12953391           7   1.6586801791808361     
    12953391           8  0.72214963174607882     
    12953391           9   1.5834214937770148     
    12953391          10   1.3958066433643861     
    12953548           1   1.2233854747777018     
    12953548           2  0.93882327469776550     
    12953548           3   1.2330840899005380     
    12953548           4   1.3679634907129297     
    12953548           5  0.59171561930625327     
    12953548           6   1.0547705296297523     
    12953548           7   1.0912925413887855     
    12953548           8   1.0512870708404887     
    12953548           9  0.36421275642232609     
    12953548          10   1.0834651523234604     
    12953573           1   1.3008981038116265     
    12953573           2  0.51868979242551105     
    12953573           3   1.2044095083236688     
    12953573           4   1.6498237285609905     
    12953573           5  0.62268283747063147     
    12953573           6   1.0805875829156539     
    12953573           7   1.2290151786939443     
    12953573           8  0.74118255013498113     
    12953573           9  0.61380284631181692     
    12953573          10   1.0389078713511763     
    12953676           1   1.1419585497851366     
    12953676           2  0.85581658267976601     
    12953676           3   1.2232658610030538     
    12953676           4   1.1373751118291942     
    12953676           5   1.1553965734359570     
    12953676           6  0.52787332350307103     
    12953676           7   1.2360222127535361     
    12953676           8   1.1245996578784392     
    12953676           9   1.1248313084277750     
    12953676          10  0.47286081870407132     
    12953690           1   1.1800592760276032     
    12953690           2   1.2984470202514786     
    12953690           3   1.2302249395469236     
    12953690           4  0.62259882996818006     
    12953690           5   1.1715044103124064     
    12953690           6   1.1594357521208969     
    12953690           7  0.89740713167291142     
    12953690           8   1.1730970333879576     
    12953690           9  0.77673218538373734     
    12953690          10  0.49049342132790402     
    12953713           1   1.3383116170054590     
    12953713           2  0.81364381670400310     
    12953713           3   1.0869292282340119     
    12953713           4   1.4817458333208524     
    12953713           5  0.99844226574605244     
    12953713           6  0.62446652133232095     
    12953713           7  0.91916737117621150     
    12953713           8   1.3549376211150468     
    12953713           9  0.43419762938498668     
    12953713          10  0.94815809598105583     
    12953904           1   1.1027422821776089     
    12953904           2   1.4471087798567355     
    12953904           3  0.93633809400062551     
    12953904           4  0.62567045889268869     
    12953904           5   1.2750225808219808     
    12953904           6   1.1895689250839692     
    12953904           7  0.64451441209503724     
    12953904           8   1.2146119753369977     
    12953904           9  0.78924378908020487     
    12953904          10  0.77517870265415234     
    12953908           1   1.4228361443715523     
    12953908           2  0.82219697461383123     
    12953908           3   1.2382526245136150     
    12953908           4  0.52028944943822975     
    12953908           5   1.2012304950007169     
    12953908           6   1.1120616892068007     
    12953908           7   1.3704397361542684     
    12953908           8   1.1302304239382333     
    12953908           9  0.89804402989988763     
    12953908          10  0.28441843286286550     
    12954309           1   1.4568273378172454     
    12954309           2  0.88980353746257046     
    12954309           3  0.75179210410553865     
    12954309           4  0.71808813411105887     
    12954309           5   1.4234830471933397     
    12954309           6   1.4101440440954931     
    12954309           7  0.28946461135917351     
    12954309           8   1.2185041660875433     
    12954309           9   1.0181562365869146     
    12954309          10  0.82373678118112470     
    12954312           1  0.95919817741576074     
    12954312           2  0.10793093308630676     
    12954312           3   1.3343056996532483     
    12954312           4  0.86585541403958377     
    12954312           5   1.0820179878623593     
    12954312           6   1.6045073033430755     
    12954312           7   1.4849493731542729     
    12954312           8   6.1269618370393547E-002
    12954312           9   1.0760317693114159     
    12954312          10   1.4239337237635841     
    12954333           1  0.34943147413217246     
    12954333           2  0.19199211751905434     
    12954333           3   1.3921219344176692     
    12954333           4  0.92703729956345238     
    12954333           5   1.4449740654065397     
    12954333           6   1.0872757645350331     
    12954333           7  0.89621927388959366     
    12954333           8   1.1499772864687039     
    12954333           9   1.3207186769774699     
    12954333          10   1.2402521070903096     
    12954519           1  0.69670595483878128     
    12954519           2  0.61176031496181249     
    12954519           3  0.95643214832501977     
    12954519           4   1.0704092248588881     
    12954519           5   1.4387190410620168     
    12954519           6   1.2602656540565755     
    12954519           7   1.4374791297970093     
    12954519           8  0.85687223846343130     
    12954519           9   1.2196588799622263     
    12954519          10  0.45169741367424010     
    12954708           1   1.4466041023941083     
    12954708           2  0.88355937193403944     
    12954708           3  0.81025381408805697     
    12954708           4  0.71948624433408481     
    12954708           5   1.4134938041756284     
    12954708           6   1.4002484070703654     
    12954708           7  0.28743330346717200     
    12954708           8   1.2099533552737853     
    12954708           9   1.0110113604344950     
    12954708          10  0.81795623682826457     
    12955104           1   1.1615689096444337     
    12955104           2   8.4132273441121508E-002
    12955104           3  0.94790645264003481     
    12955104           4  0.94487318662408570     
    12955104           5   1.1661840452015597     
    12955104           6   1.5263580483493124     
    12955104           7   1.3976189362466103     
    12955104           8  0.15721888464743866     
    12955104           9   1.3005105728455602     
    12955104          10   1.3136286903598455     
    12955172           1  0.31096381797775968     
    12955172           2   1.4980494653629968     
    12955172           3   1.3990909274930539     
    12955172           4   1.5253118673580146E-002
    12955172           5   1.6099227497199891     
    12955172           6   9.0084436819129768E-002
    12955172           7   1.1002532061900332     
    12955172           8   1.3870051303228177     
    12955172           9   1.4365255744200078     
    12955172          10   1.1528515730206330     
    12955254           1   1.4967245562495937     
    12955254           2  0.33473171476466340     
    12955254           3  0.22888275458934940     
    12955254           4  0.60386553860306924     
    12955254           5   1.4026073931018794     
    12955254           6   1.2536232734260024     
    12955254           7   1.5081703504588364     
    12955254           8  0.84414893869568008     
    12955254           9   1.4061298920652923     
    12955254          10  0.92111558804563298     
    12955618           1   1.2489310241369127     
    12955618           2  0.98617489331210950     
    12955618           3  0.74734958195242662     
    12955618           4   1.1749562338538853     
    12955618           5   1.2230704172395144     
    12955618           6  0.94481657152662346     
    12955618           7   1.0210825630533442     
    12955618           8   1.2106063847593422     
    12955618           9  0.75254252906778607     
    12955618          10  0.69046980109805411     
    12955643           1   1.1819147501276832     
    12955643           2   1.5294688925850277     
    12955643           3  0.99756904540927283     
    12955643           4  0.31850236653673086     
    12955643           5   1.3994709215788990     
    12955643           6  0.94422767995867640     
    12955643           7  0.81772400028697101     
    12955643           8   1.3031036221098866     
    12955643           9   1.0517966945199819     
    12955643          10  0.45622202688686936     
    12955672           1  0.22999116997474245     
    12955672           2  0.79364609366909267     
    12955672           3   1.4385598434575422     
    12955672           4  0.62349119803277908     
    12955672           5   1.3101781310432556     
    12955672           6  0.93960202741218457     
    12955672           7  0.76696443970038142     
    12955672           8   1.2679903392332401     
    12955672           9   1.2766849176836685     
    12955672          10   1.3528918397931136     
    12955721           1   1.0709643707001122     
    12955721           2   1.3778680794092948     
    12955721           3   1.2358877532382899     
    12955721           4   1.2485005060063623     
    12955721           5   1.1964128994967107     
    12955721           6   1.2442956991503209     
    12955721           7  0.22554757917830495     
    12955721           8  0.83903347585309707     
    12955721           9  0.36202138696703740     
    12955721          10   1.1994682500004710     
    12955744           1  0.60952595855576641     
    12955744           2   1.2085231214786707     
    12955744           3   1.5073855357629999     
    12955744           4  0.25215835915301971     
    12955744           5   1.7641799577857245     
    12955744           6   2.0671976241393355E-002
    12955744           7   1.2110280257551649     
    12955744           8   1.6380655099554118     
    12955744           9  0.88235936973756368     
    12955744          10  0.90610218557428579     
    12955994           1   1.2966036182944114     
    12955994           2  0.10412645356007835     
    12955994           3   1.3000143900442682     
    12955994           4   1.0117073891281161     
    12955994           5  0.86822454448228770     
    12955994           6   1.2669900689580786     
    12955994           7   1.3801888793676937     
    12955994           8  0.43518895948419106     
    12955994           9   1.1215211388207376     
    12955994          10   1.2154345578601384     
    12956014           1   1.3543905619900640     
    12956014           2   1.3216586022401682     
    12956014           3  0.81693089246791417     
    12956014           4   1.4506301364004628     
    12956014           5  0.97373133368150211     
    12956014           6  0.96810978604890829     
    12956014           7  0.70849541425364426     
    12956014           8   1.2794771887758634     
    12956014           9   9.2388855225343611E-002
    12956014          10   1.0341872289161287     
    12956110           1  0.65013614363389083     
    12956110           2  0.89734307660193224     
    12956110           3   1.1378836532332817     
    12956110           4  0.52444525021554511     
    12956110           5   1.5223994382311898     
    12956110           6  0.28839423307625983     
    12956110           7   1.1601624146356704     
    12956110           8   1.6140623864971020     
    12956110           9   1.3777568079646008     
    12956110          10  0.82741659591052596     
    12956144           1  0.77921201379091476     
    12956144           2  0.51722209714963663     
    12956144           3  0.17432831877230248     
    12956144           4   1.3940880021662165     
    12956144           5   1.2917982609254957     
    12956144           6   1.1034210405246792     
    12956144           7   1.5860316087297450     
    12956144           8   1.4352542311293846     
    12956144           9   1.4475852897388941     
    12956144          10  0.27105913707273199     
    12956203           1  0.89076608387660072     
    12956203           2   9.1989233224145622E-002
    12956203           3  0.93118016412066151     
    12956203           4   1.0099717105681996     
    12956203           5   1.2895920540272996     
    12956203           6   1.6194323504579295     
    12956203           7   1.4552525131892284     
    12956203           8   8.9994100574378524E-002
    12956203           9   1.1856217338022275     
    12956203          10   1.4362000561593276     
    12956205           1   1.2062643853737562     
    12956205           2  0.22662729803032294     
    12956205           3   1.2793346207487344     
    12956205           4  0.95127480977298684     
    12956205           5  0.80221414863754825     
    12956205           6   1.5862475055875049     
    12956205           7   1.3840826968460958     
    12956205           8  0.35088617641968278     
    12956205           9   1.1363951681466011     
    12956205          10   1.0766731904367675     
    12956331           1   1.1985523056453982     
    12956331           2   1.2946226690632641     
    12956331           3   1.2266015247013828     
    12956331           4  0.62076507276589654     
    12956331           5   1.1680539466325643     
    12956331           6   1.1635054153465507     
    12956331           7  0.89476397413409969     
    12956331           8   1.1696418789122216     
    12956331           9  0.77444445503373716     
    12956331          10  0.48904875776488593     
    12956358           1   1.4809926270221168     
    12956358           2  0.55640981621217178     
    12956358           3   7.1030803693955188E-002
    12956358           4  0.83438425742895450     
    12956358           5   1.3003459625044524     
    12956358           6   1.4021936985355421     
    12956358           7   1.5191707343108851     
    12956358           8  0.63089434179268666     
    12956358           9   1.4545465134818658     
    12956358          10  0.75003124501736895     
    12956360           1  0.16506371481001031     
    12956360           2  0.77034716494622624     
    12956360           3   1.4646823505388027     
    12956360           4  0.82651865868011476     
    12956360           5   1.4887642761031417     
    12956360           6  0.80842493979683161     
    12956360           7  0.69607416875980976     
    12956360           8   1.3860443803466369     
    12956360           9   1.0118378370087004     
    12956360          10   1.3822425090097252     
    12956414           1   1.3584910040802158     
    12956414           2  0.53022323153846374     
    12956414           3   1.4030845398569955     
    12956414           4   1.3990355900347919     
    12956414           5  0.36534065956678574     
    12956414           6   1.2585430928899313     
    12956414           7   1.3795177003875734     
    12956414           8  0.52908544115474554     
    12956414           9  0.75018562609184403     
    12956414          10   1.0264931143986524     
    12956415           1   1.3025296013455896     
    12956415           2  0.98173644181446051     
    12956415           3  0.74398600527472036     
    12956415           4   1.1696681391242516     
    12956415           5   1.2175657762656453     
    12956415           6  0.92635138993572375     
    12956415           7   1.0164870035213160     
    12956415           8   1.2051578403298118     
    12956415           9  0.74915558062908927     
    12956415          10  0.68736222175939099     
    12956423           1   1.5705504808651607     
    12956423           2  0.78283904347026700     
    12956423           3  0.38615121133101066     
    12956423           4   1.1775196965915635     
    12956423           5   1.3111580047929365     
    12956423           6  0.88329003068429690     
    12956423           7   1.4209494540409529     
    12956423           8   1.0953276697853374     
    12956423           9   1.3687558650823488     
    12956423          10   3.4585433561259856E-003
    12956551           1   1.2989217978739342     
    12956551           2  0.99778868693580047     
    12956551           3   1.1701004802033426     
    12956551           4   1.3982886247339572     
    12956551           5  0.93559366548193723     
    12956551           6  0.75474339024016657     
    12956551           7  0.96859792380906973     
    12956551           8   1.1401871100210959     
    12956551           9  0.33823649936037609     
    12956551          10  0.99754182134032010     
    12956589           1   1.1496912154149934     
    12956589           2  0.67791391402950330     
    12956589           3   1.1718877940917407     
    12956589           4   1.7043667790147061     
    12956589           5  0.44126969876246713     
    12956589           6   1.2593322727063823     
    12956589           7   1.3216663374965827     
    12956589           8  0.65538195538920041     
    12956589           9  0.49673916304016547     
    12956589          10   1.1217508700542580     
    12956674           1   1.1429834981393807     
    12956674           2   1.5403882558947712     
    12956674           3  0.83681417269978653     
    12956674           4   1.1815914346145167     
    12956674           5   1.1797310096483238     
    12956674           6   1.3344223094155050     
    12956674           7  0.53900199375222435     
    12956674           8   9.8340708868624258E-003
    12956674           9  0.73830040426189825     
    12956674          10   1.4969328506867303     
    12956692           1   1.2089231100342974     
    12956692           2   1.1202966268207128     
    12956692           3  0.36908500071668404     
    12956692           4   1.0433270290234919     
    12956692           5   1.1500421985172193     
    12956692           6  0.99913862312696833     
    12956692           7   1.2689867784555282     
    12956692           8  0.86661076069425391     
    12956692           9   1.4771024741530776     
    12956692          10  0.49648739845776441     
    12956734           1   1.5205160535834503     
    12956734           2  0.85527179047600743     
    12956734           3  0.13857421576514470     
    12956734           4  0.61920691025925911     
    12956734           5  0.89594058547962396     
    12956734           6   1.3064986611374996     
    12956734           7   1.3399400370873651     
    12956734           8  0.61942456721779027     
    12956734           9   1.4686233375566422     
    12956734          10   1.2360038414372176     
    12956796           1   1.2500631066414791     
    12956796           2  0.94062137974547744     
    12956796           3  0.74065013351332831     
    12956796           4   1.1907938988309306     
    12956796           5   1.3675826889784728     
    12956796           6   1.1687530317750390     
    12956796           7  0.36955858924964818     
    12956796           8   1.2934288539764969     
    12956796           9  0.94338946281905478     
    12956796          10  0.73515885447007312     
    12956834           1  0.77760249871320974     
    12956834           2   9.3388790988891704E-002
    12956834           3  0.84870922877414512     
    12956834           4   1.0765364395148191     
    12956834           5   1.2433295691540107     
    12956834           6   1.5822379285852277     
    12956834           7   1.6132645861928241     
    12956834           8  0.18675322426151231     
    12956834           9   1.0562966768951336     
    12956834          10   1.5218810569202255     
    12956858           1   1.0840352716207649     
    12956858           2  0.32696657454728700     
    12956858           3  0.92339887884047644     
    12956858           4   1.1036351659019819     
    12956858           5   1.2122870791547469     
    12956858           6   1.3838462418210371     
    12956858           7   1.4315016339325357     
    12956858           8  0.95775649835255305     
    12956858           9   1.1000424903888424     
    12956858          10  0.47653016543977628     
    12956950           1  0.81004641284554568     
    12956950           2   9.2559633152491216E-002
    12956950           3  0.92305894797605903     
    12956950           4  0.97082927541371611     
    12956950           5   1.3281427578500058     
    12956950           6   1.5817860023720487     
    12956950           7   1.5443862521604226     
    12956950           8  0.11111173263000185     
    12956950           9   1.1929734480007568     
    12956950          10   1.4451055375989554     
    12956999           1   1.3222237775045260     
    12956999           2  0.77503774308583839     
    12956999           3   1.3202330077833531     
    12956999           4   1.2605840133511184     
    12956999           5  0.94461636095889301     
    12956999           6  0.59374936041642856     
    12956999           7  0.93630666271913043     
    12956999           8   1.1976596119198348     
    12956999           9  0.80061015599876084     
    12956999          10  0.84897930626211582     
    12957036           1   1.3582484074944503     
    12957036           2  0.51854567116605543     
    12957036           3   1.4028339798474794     
    12957036           4   1.3987857530785752     
    12957036           5  0.36527541776806494     
    12957036           6   1.2583183448007229     
    12957036           7   1.3792713488967558     
    12957036           8  0.52899095814292074     
    12957036           9  0.75005165945457253     
    12957036          10   1.0396784593504005     
    12957060           1   1.4957189628486540     
    12957060           2  0.63687346473488926     
    12957060           3  0.31045682866208019     
    12957060           4   1.3204271539102737     
    12957060           5   1.3697113193355699     
    12957060           6   1.0325260629047199     
    12957060           7   1.2295989147534045     
    12957060           8  0.67143532539809980     
    12957060           9   1.4848849850562005     
    12957060          10  0.44836698239610973     
    12957090           1   1.2468773096519778     
    12957090           2   1.4585823406155209     
    12957090           3  0.95267868303705394     
    12957090           4   1.0737394344696993     
    12957090           5   1.2443889346528618     
    12957090           6   1.1516881642979770     
    12957090           7  0.22449188534357245     
    12957090           8   1.1368214571759347     
    12957090           9  0.48826127833944122     
    12957090          10   1.0224705124159592     
    12957166           1   1.0956090683647619     
    12957166           2  0.33647131504016992     
    12957166           3  0.91368673780037146     
    12957166           4   1.0710831145998663     
    12957166           5   1.1763564427413407     
    12957166           6   1.3986209964319591     
    12957166           7   1.4467851854770015     
    12957166           8  0.96798206880433524     
    12957166           9   1.1117871895945106     
    12957166          10  0.48161788114568443     
    12957169           1   1.2493985748051213     
    12957169           2  0.93408099160483038     
    12957169           3   1.1619911537905427     
    12957169           4   1.0435317141736493     
    12957169           5   1.2226082486904102     
    12957169           6  0.95780887017460448     
    12957169           7  0.71634378738046334     
    12957169           8   1.1512114783616687     
    12957169           9  0.69445399295419130     
    12957169          10  0.86857118806451983     
    12957209           1   1.2480979343092602     
    12957209           2   1.4572568959152001     
    12957209           3   1.1768174986180107     
    12957209           4   1.0018249507328578     
    12957209           5   1.1878772074208475     
    12957209           6   1.1482725143401968     
    12957209           7  0.45049166321894618     
    12957209           8  0.91527180314496637     
    12957209           9  0.41036296766616126     
    12957209          10   1.0037265646335529     
    12957353           1   1.0764658763442616     
    12957353           2   1.3195162463357617     
    12957353           3   1.1864674993293975     
    12957353           4  0.72241778663495460     
    12957353           5   1.2886126652927186     
    12957353           6   1.2827809015311769     
    12957353           7   1.2356364686627592     
    12957353           8  0.26573404646242649     
    12957353           9  0.72319279825499150     
    12957353          10  0.89917571115155281     
    12957433           1   1.4472424367830106     
    12957433           2  0.41444257018909980     
    12957433           3  0.85422000826792566     
    12957433           4  0.75776108633043615     
    12957433           5   1.3887936233487121     
    12957433           6   1.2405496882886629     
    12957433           7   1.3090840486994575     
    12957433           8   1.0416179211445529     
    12957433           9   1.2083194548310376     
    12957433          10  0.33796916211710565     
    12957486           1  0.72406889319303447     
    12957486           2  0.12026026318057371     
    12957486           3   1.4442314830582046     
    12957486           4  0.86140369346547052     
    12957486           5   1.3928254390872046     
    12957486           6  0.97673639645890176     
    12957486           7  0.99763308350139290     
    12957486           8  0.95166388820055281     
    12957486           9   1.2235725587052386     
    12957486          10   1.3076043011494256     
    12957575           1   1.1164454963242636     
    12957575           2   1.4023546104551099     
    12957575           3  0.88644525454647216     
    12957575           4  0.63344534557474430     
    12957575           5   1.2908666340964432     
    12957575           6   1.2043510894990688     
    12957575           7  0.65252346294244201     
    12957575           8   1.2297053369248629     
    12957575           9  0.79905131784778449     
    12957575          10  0.78481145178880918     
    12957602           1   1.2863473371716938     
    12957602           2  0.84722994790403083     
    12957602           3   1.4092559525499444     
    12957602           4   1.0460035754766941     
    12957602           5   1.0804648401116368     
    12957602           6  0.34289723529245197     
    12957602           7   1.1286829169344004     
    12957602           8   1.2497376503162534     
    12957602           9  0.81509793807569308     
    12957602          10  0.79428260616720203     
    12957625           1   1.0520910782815158     
    12957625           2   1.1954681564458729     
    12957625           3   1.4293350444814628     
    12957625           4   1.3917393000493079     
    12957625           5  0.94807176034539464     
    12957625           6   1.1536605180969510     
    12957625           7  0.42488360520553187     
    12957625           8   1.1086551741144226     
    12957625           9  0.34153180245783921     
    12957625          10  0.95456356052169999     
    12957693           1   1.3455019087191422     
    12957693           2   1.3129847636979217     
    12957693           3  0.81156950288558971     
    12957693           4   1.4411098778659761     
    12957693           5  0.96734088734569046     
    12957693           6  0.96175623305033209     
    12957693           7  0.70384566974266238     
    12957693           8   1.2922460692382758     
    12957693           9   8.3332843479167057E-002
    12957693          10   1.0803122439752415     
    12957751           1   1.4878615356232323     
    12957751           2  0.65520546301474258     
    12957751           3  0.30882591269561971     
    12957751           4   1.3134905832536037     
    12957751           5   1.3625158452666859     
    12957751           6   1.0271019166585738     
    12957751           7   1.2539945965735682     
    12957751           8  0.66790808910777077     
    12957751           9   1.4770844717258222     
    12957751          10  0.44601158608038094     
    12957782           1   1.3146890098181077     
    12957782           2   1.1406621706844562     
    12957782           3  0.45754668058877185     
    12957782           4  0.96363563575140765     
    12957782           5   1.1431884829989050     
    12957782           6   1.2489513250005162     
    12957782           7  0.54762117490018081     
    12957782           8   1.2144749487682600     
    12957782           9   1.0958582308117890     
    12957782          10  0.87337234067760550     
    12957845           1   1.2529510570205056     
    12957845           2  0.93673691436424467     
    12957845           3   1.1652951057811385     
    12957845           4   1.0464988440636203     
    12957845           5   1.2260845565295897     
    12957845           6  0.96053225968828582     
    12957845           7  0.71838060622761712     
    12957845           8   1.1260512416808148     
    12957845           9  0.69642857137065639     
    12957845          10  0.87104084327352771     
    12957908           1   1.4903306437162283     
    12957908           2   1.3531481696929306     
    12957908           3   1.0825827001992376     
    12957908           4   1.3481893306036150     
    12957908           5   1.1200405296258638     
    12957908           6  0.97193876674871205     
    12957908           7  0.67332165820508361     
    12957908           8   1.0663544574982851     
    12957908           9  0.13787543237598981     
    12957908          10  0.75621831133405559     
    12957945           1  0.61268951557605777     
    12957945           2   1.1628936646731320     
    12957945           3   1.5152091567704593     
    12957945           4  0.25346710956163859     
    12957945           5   1.7733363912602467     
    12957945           6   2.0779267776140635E-002
    12957945           7   1.2173134942555139     
    12957945           8   1.6465673851766005     
    12957945           9  0.88693898466514964     
    12957945          10  0.91080503028506210     
    12958020           1   1.3755680595276554     
    12958020           2   1.1691813235462905     
    12958020           3   1.1516489082659005     
    12958020           4   1.4357995045827836     
    12958020           5  0.57232747854870913     
    12958020           6  0.95473268360255159     
    12958020           7  0.93695488294833063     
    12958020           8  0.89816658630645962     
    12958020           9  0.37634741470163546     
    12958020          10   1.1292731579696829     
    12958045           1  0.85346592679755762     
    12958045           2   1.2036522772571803     
    12958045           3  0.95192217302228754     
    12958045           4   1.1734301515612753     
    12958045           5  0.92540807006610593     
    12958045           6   1.5314634810766152     
    12958045           7  0.83141180205698617     
    12958045           8   5.0054459642315278E-003
    12958045           9  0.95504017323421886     
    12958045          10   1.5692004989635415     
    12958054           1   1.4663458787334940     
    12958054           2  0.33811764278072542     
    12958054           3  0.23119798346362080     
    12958054           4  0.60997384909443697     
    12958054           5   1.4167952559734278     
    12958054           6   1.2663041099761476     
    12958054           7   1.4917974394835016     
    12958054           8  0.85268779956599905     
    12958054           9   1.4203533862421542     
    12958054          10  0.90642665468649131     
    12958175           1   1.2895606084569224     
    12958175           2   1.2891561358618500     
    12958175           3   1.2614724186553889     
    12958175           4   1.3466902842578206     
    12958175           5  0.55870469627696340     
    12958175           6  0.82293126317003051     
    12958175           7   1.1660796326915048     
    12958175           8  0.71359057210432109     
    12958175           9  0.73768412720905585     
    12958175          10  0.81413026131614274     
    12958225           1   1.0243575488340242     
    12958225           2   1.4133923637697559     
    12958225           3   1.1305223826297990     
    12958225           4  0.90247632445226722     
    12958225           5   1.3487173771726859     
    12958225           6   1.1757380554383856     
    12958225           7  0.47917877733995651     
    12958225           8  0.82266456152918677     
    12958225           9  0.56361861827250470     
    12958225          10   1.1393339905614348     
    12958245           1   1.3655247551432650     
    12958245           2  0.53296852628630198     
    12958245           3   1.4103491793313281     
    12958245           4   1.4062792655829517     
    12958245           5  0.36723225490667749     
    12958245           6   1.2650593515849982     
    12958245           7   1.3866603197074310     
    12958245           8  0.53182484485560821     
    12958245           9  0.68885332428690738     
    12958245          10   1.0452481783145278     
    12958307           1   1.4065029405847691     
    12958307           2  0.60503726560392490     
    12958307           3   6.8115579423666681E-002
    12958307           4  0.85166275740823882     
    12958307           5   1.3845994130583335     
    12958307           6   1.3199353253318724     
    12958307           7   1.4976919212453852     
    12958307           8  0.58780661576174953     
    12958307           9   1.3611528693736012     
    12958307          10  0.91749531220845715     
    12958311           1   1.3322615992973190     
    12958311           2   1.3781976268064025     
    12958311           3   1.0418976805733304     
    12958311           4  0.48566010373472585     
    12958311           5   1.1604490151710547     
    12958311           6   1.1080175876266811     
    12958311           7   1.1467078834846349     
    12958311           8   1.1887669269642411     
    12958311           9  0.86067027496680359     
    12958311          10  0.29737130137480822     
    12958383           1  0.95453631932427385     
    12958383           2   1.0872110890426958     
    12958383           3   1.1749904732557639     
    12958383           4   1.3049916292201105     
    12958383           5   1.1921768049520702     
    12958383           6   1.2594227079193594     
    12958383           7  0.41907237511433837     
    12958383           8   1.1215626993548367     
    12958383           9  0.23562061566277226     
    12958383          10   1.2504152861537778     
    12958390           1   1.2073432957489927     
    12958390           2  0.22682999865393538     
    12958390           3   1.2804788868088630     
    12958390           4  0.95212565165674790     
    12958390           5  0.80293166726664911     
    12958390           6   1.5876662815310070     
    12958390           7   1.3557504117868679     
    12958390           8  0.35120001701786058     
    12958390           9   1.1580375980371631     
    12958390          10   1.0776361914919146     
    12958391           1  0.64073189108925488     
    12958391           2  0.83459243917406034     
    12958391           3   1.2799386134831410     
    12958391           4   1.0976116299673135     
    12958391           5   1.3304129400502021     
    12958391           6   1.0868407555739517     
    12958391           7  0.60579633469706562     
    12958391           8   1.1457543561516652     
    12958391           9  0.70020775362087206     
    12958391          10   1.2781132861924740     
    12958406           1  0.77994722523376403     
    12958406           2   9.3670388817237826E-002
    12958406           3  0.85126836540274264     
    12958406           4   1.0797825498915870     
    12958406           5   1.2470786155104832     
    12958406           6   1.6214986756952405     
    12958406           7   1.6181291079326294     
    12958406           8  0.12267328641230631     
    12958406           9   1.0594817577506968     
    12958406          10   1.5264700273533132     
    12958461           1  0.87939664587120803     
    12958461           2  0.46841461108995125     
    12958461           3  0.33396124180028508     
    12958461           4   1.3293259091123644     
    12958461           5   1.3351724461243231     
    12958461           6  0.88528208218389204     
    12958461           7   1.4198509763971561     
    12958461           8   1.4011997583715254     
    12958461           9   1.6066711766728918     
    12958461          10  0.34072515237640283     
    12958538           1  0.96365539251482646     
    12958538           2  0.10843246800988703     
    12958538           3   1.3405059694737007     
    12958538           4  0.86282894506038688     
    12958538           5   1.0870459237222398     
    12958538           6   1.6119631496399165     
    12958538           7   1.4918496560397172     
    12958538           8   6.1554326863950390E-002
    12958538           9   1.0416136903734057     
    12958538          10   1.4305504783019709     
    12958562           1   1.3485214478073007     
    12958562           2  0.94982623532473121     
    12958562           3   1.2766035364472619     
    12958562           4   1.3712414939769890     
    12958562           5  0.11097311874436482     
    12958562           6   1.2029644121713912     
    12958562           7   1.3286714023933359     
    12958562           8  0.51269822810351295     
    12958562           9  0.70080950656204699     
    12958562          10   1.1976906184690634     
    12958578           1  0.65298945015360210     
    12958578           2  0.90128132073119249     
    12958578           3   1.1428775777800635     
    12958578           4  0.53801537884392903     
    12958578           5   1.5290809191567543     
    12958578           6  0.28965993281244773     
    12958578           7   1.1652541158339782     
    12958578           8   1.5659898730459787     
    12958578           9   1.3838034837589490     
    12958578          10  0.83104794788310343     
    12958586           1   1.0658709240815818     
    12958586           2   1.3252081605123183     
    12958586           3   1.0739167724668730     
    12958586           4  0.97465312303684271     
    12958586           5   1.1600223403498275     
    12958586           6   1.3511538633376687     
    12958586           7   1.0596065523816942     
    12958586           8  0.16201126405133262     
    12958586           9  0.77260368693669346     
    12958586          10   1.0549533128451694     
    12958593           1   1.3371147410951523     
    12958593           2  0.94179196244648355     
    12958593           3   1.2658051600835614     
    12958593           4   1.3813081716938078     
    12958593           5  0.11003443303009038     
    12958593           6   1.1927889253394219     
    12958593           7   1.3174326007943231     
    12958593           8  0.50836147963775880     
    12958593           9  0.69488158564136981     
    12958593          10   1.2504809402380299     
    12958631           1   1.2302857361182356     
    12958631           2  0.97130108229140666     
    12958631           3  0.28649371775267185     
    12958631           4   1.5140135249611568     
    12958631           5   1.2696662702722321     
    12958631           6  0.93761204326477232     
    12958631           7   1.3149812111118926     
    12958631           8  0.98164867690561630     
    12958631           9   1.2906289501040797     
    12958631          10  0.20336878721793814     
    12958633           1   1.1973447574933329     
    12958633           2  0.39918789809653671     
    12958633           3   1.0142487186810212     
    12958633           4   1.2097392123879402     
    12958633           5  0.76694418473397630     
    12958633           6   1.2098870919576701     
    12958633           7   1.5261350107797949     
    12958633           8  0.39306870950877110     
    12958633           9  0.92489809151384383     
    12958633          10   1.3585463248471130     
    12958635           1   1.1444157144197797     
    12958635           2  0.85765805253092431     
    12958635           3   1.2258979754637656     
    12958635           4   1.1398224142305253     
    12958635           5   1.1279107141522875     
    12958635           6  0.52900915427584938     
    12958635           7   1.2386817751950825     
    12958635           8   1.1270194711965240     
    12958635           9   1.1272516201908669     
    12958635          10  0.48233310834439513     
    12958636           1   1.4133555847412702     
    12958636           2  0.83634746593946596     
    12958636           3   1.2707345342333243     
    12958636           4  0.41674795724097852     
    12958636           5   1.3100926389343217     
    12958636           6   1.1250453662510451     
    12958636           7   1.3099814235060447     
    12958636           8   1.1007216754227183     
    12958636           9  0.97367592110946710     
    12958636          10  0.24329743262136524     
    12958702           1   1.3074821833545109     
    12958702           2   1.3235189772807667     
    12958702           3   1.1943273980872344     
    12958702           4  0.27109329910976870     
    12958702           5   1.4319828651409690     
    12958702           6  0.64964946094667997     
    12958702           7  0.50882916932638411     
    12958702           8   1.2409793202799984     
    12958702           9   1.0853612689708048     
    12958702          10  0.98677605750288144     
    12958707           1   1.3945727140471496     
    12958707           2   1.0856386769067086     
    12958707           3  0.83358577418940250     
    12958707           4   1.1290859395148787     
    12958707           5   1.1880207689098268     
    12958707           6   1.3351564032107954     
    12958707           7  0.57888161630355306     
    12958707           8  0.26666710318488324     
    12958707           9  0.83740788246796205     
    12958707          10   1.3509831212648387     
    12958731           1   1.2241854647365111     
    12958731           2  0.93973320844187114     
    12958731           3   1.0734368688903881     
    12958731           4   1.4214632354432384     
    12958731           5   1.2299436362946183     
    12958731           6  0.66658107056325089     
    12958731           7  0.64178896546777686     
    12958731           8   1.3410186774005970     
    12958731           9  0.50467675278066126     
    12958731          10  0.95717211998108687     
    12958788           1  0.78331249646190271     
    12958788           2  0.75952466149414133     
    12958788           3  0.62663953568696762     
    12958788           4   1.2365941307878239     
    12958788           5   1.2912441765501250     
    12958788           6   1.1590296009588634     
    12958788           7   1.3820249529412603     
    12958788           8  0.96100906634023286     
    12958788           9   1.3085179742952850     
    12958788          10  0.49210340448339801     
    12958835           1  0.87425681440996872     
    12958835           2  0.46567685655530761     
    12958835           3  0.33200933021920420     
    12958835           4   1.3215563648890891     
    12958835           5   1.3273687305006741     
    12958835           6  0.88010785196656793     
    12958835           7   1.4469430228744258     
    12958835           8   1.3930101312727956     
    12958835           9   1.5972806256621490     
    12958835          10  0.36179027164982147     
    12958885           1   1.2462193951785454     
    12958885           2  0.93772914401721741     
    12958885           3  0.73837277216006258     
    12958885           4   1.1871324291542316     
    12958885           5   1.3633776266658515     
    12958885           6   1.1992988889028755     
    12958885           7  0.36842226534873657     
    12958885           8   1.2894518009092515     
    12958885           9  0.94048871575038018     
    12958885          10  0.72950696191285080     
    12958887           1   1.3177013659402204     
    12958887           2  0.50651941871694606     
    12958887           3   1.3798682785069603     
    12958887           4  0.62992369095787948     
    12958887           5   1.1822822310215622     
    12958887           6   1.2339603076626899     
    12958887           7  0.78659664513873440     
    12958887           8  0.52188057419193135     
    12958887           9   1.2424799230917800     
    12958887          10   1.1987875647712964     
    12958891           1   1.3198253862075824     
    12958891           2  0.37144751404832582     
    12958891           3  0.92170908265201623     
    12958891           4  0.66542636961475699     
    12958891           5   1.3252168448275503     
    12958891           6  0.78554867288759378     
    12958891           7   1.3857873214620180     
    12958891           8  0.61380779921366579     
    12958891           9   1.2282117946302669     
    12958891          10   1.3830192144562241     
    12958905           1   1.3557773670286604     
    12958905           2  0.52916409062227310     
    12958905           3   1.4002818255347180     
    12958905           4   1.3962409636425961     
    12958905           5  0.36461087781095336     
    12958905           6   1.2560291055631196     
    12958905           7   1.3833931064907676     
    12958905           8  0.52802857301778783     
    12958905           9  0.74868710199091670     
    12958905          10   1.0377869882982060     
    12958930           1  0.66830751772276942     
    12958930           2  0.12719645506732383     
    12958930           3  0.85155772851058131     
    12958930           4   1.2991936887955127     
    12958930           5   1.3339981170470916     
    12958930           6   1.4270125346567408     
    12958930           7   1.4246415315386196     
    12958930           8  0.74327432526208148     
    12958930           9   1.3584416384672486     
    12958930          10  0.76637646293202999     
    12958932           1   1.1501096986799317     
    12958932           2   1.1170831164478268     
    12958932           3  0.83246194208752766     
    12958932           4  0.78472553558520142     
    12958932           5   1.1285587027604065     
    12958932           6   1.2933726517088695     
    12958932           7  0.45594915641261269     
    12958932           8   1.3793669809453497     
    12958932           9  0.81920862766050695     
    12958932          10   1.0391635877117649     
    12959055           1   1.3295852645427524     
    12959055           2  0.77935276932945252     
    12959055           3   1.3275834112018869     
    12959055           4   1.2676023207153935     
    12959055           5  0.94987551694716266     
    12959055           6  0.57263697860748408     
    12959055           7  0.94151955442375601     
    12959055           8   1.1730706249587410     
    12959055           9  0.80506755677034636     
    12959055          10  0.85370600250302475     
    12959070           1   1.1032424994709491     
    12959070           2   1.4938892856511685     
    12959070           3  0.89594811337232638     
    12959070           4   1.2004974385376883     
    12959070           5   1.1786477202958636     
    12959070           6   1.3369327019964334     
    12959070           7  0.52871662877664527     
    12959070           8   6.5952597749845188E-002
    12959070           9  0.72421197934423087     
    12959070          10   1.4719610348048489     
    12959080           1   1.3595129305315996     
    12959080           2   1.1322173720768751     
    12959080           3  0.45415927135364231     
    12959080           4  0.95650143854196923     
    12959080           5   1.1347249810457902     
    12959080           6   1.2591818817299945     
    12959080           7  0.54356690655138129     
    12959080           8   1.2054836833262352     
    12959080           9   1.0877451344897531     
    12959080          10  0.86690640035276034     
    12959100           1   1.3130285468103833     
    12959100           2  0.48110975167539927     
    12959100           3  0.28336647029318468     
    12959100           4   1.4447464777235572     
    12959100           5   1.3480352446475301     
    12959100           6  0.93812686509362653     
    12959100           7   1.4315100573304327     
    12959100           8  0.85493572290782627     
    12959100           9   1.4670680719796336     
    12959100          10  0.43807279153842621     
    12959132           1  0.89596128773786077     
    12959132           2   1.0795494385995443     
    12959132           3  0.98287849222109624     
    12959132           4  0.88870347999210997     
    12959132           5   1.2125802902649316     
    12959132           6  0.84162641851694286     
    12959132           7   1.2239049882573310     
    12959132           8   1.2665912524207197     
    12959132           9  0.98886310900218843     
    12959132          10  0.61934124298727589     
    12959133           1   1.2228871304319531     
    12959133           2  0.51514236021717896     
    12959133           3   1.0606649162225867     
    12959133           4   1.4171103754821270     
    12959133           5   1.0211942719669187     
    12959133           6  0.99757912804874960     
    12959133           7   1.1967111448971794     
    12959133           8   1.1459869172673496     
    12959133           9  0.61087377943203136     
    12959133          10  0.81184997603392828     
    12959138           1   1.4455984085677178     
    12959138           2   1.2002548235579193     
    12959138           3   1.0457154232592130     
    12959138           4   1.1786732358403056     
    12959138           5  0.12134804192399880     
    12959138           6  0.84250921146899305     
    12959138           7   1.3328987930909277     
    12959138           8  0.52678341826405684     
    12959138           9  0.97396820639553228     
    12959138          10   1.3322504376313362     
    12959174           1  0.61087544198749455     
    12959174           2   1.1973615761862528     
    12959174           3   1.5262702036579492     
    12959174           4  0.24982950263672524     
    12959174           5   1.7478865380299580     
    12959174           6   2.0481056270561692E-002
    12959174           7   1.1998433459425724     
    12959174           8   1.6755084570475860     
    12959174           9  0.87421017184926431     
    12959174          10  0.89773370639163530     
    12959196           1   1.2410289294716741     
    12959196           2   1.4490032518992513     
    12959196           3   1.1701522134973439     
    12959196           4  0.99615079229667358     
    12959196           5   1.2273259246005810     
    12959196           6   1.1522304828076035     
    12959196           7  0.44794015851803565     
    12959196           8  0.91008786635100114     
    12959196           9  0.40803874476357016     
    12959196          10  0.99804163579426686     
    12959207           1   1.1092792946990557     
    12959207           2  0.86999430553288082     
    12959207           3   1.2708557635077793     
    12959207           4   1.1091217820509016     
    12959207           5   1.1464680290721438     
    12959207           6   1.3079374108604453     
    12959207           7  0.50467693598121943     
    12959207           8   1.2700121655759988     
    12959207           9  0.37912046795595145     
    12959207          10   1.0325338447636230     
    12959209           1   1.4621645139802404     
    12959209           2  0.84992126344747643     
    12959209           3  0.75454634051599201     
    12959209           4  0.72722540536222680     
    12959209           5   1.4286980645057490     
    12959209           6   1.4153101931532204     
    12959209           7  0.29052508268866650     
    12959209           8   1.2229682307168472     
    12959209           9   1.0218863143079013     
    12959209          10  0.82675459132167939     
    12959222           1   1.3604570345900970     
    12959222           2  0.42148034287372776     
    12959222           3  0.30197225228080132     
    12959222           4  0.62067703145639874     
    12959222           5   1.2049044616604001     
    12959222           6  0.91811915286614643     
    12959222           7   1.6213892086992836     
    12959222           8  0.70741865477712418     
    12959222           9   1.5629021824236426     
    12959222          10   1.2806796783723784     
    12959226           1   1.3086831276967055     
    12959226           2  0.98637444855021161     
    12959226           3  0.74750081022317594     
    12959226           4   1.1751939895223740     
    12959226           5   1.1617950021910766     
    12959226           6  0.94500775779304780     
    12959226           7   1.0212891819557051     
    12959226           8   1.2108513543352226     
    12959226           9  0.75269480814585676     
    12959226          10  0.69060951958662531     
    12959273           1   1.2852130642932524     
    12959273           2  0.89480009889012491     
    12959273           3   1.1821229559109114     
    12959273           4  0.90195205312566507     
    12959273           5   1.1166485399330393     
    12959273           6   1.1568592790777670     
    12959273           7   1.1895297140080998     
    12959273           8  0.68188212563207729     
    12959273           9  0.70116330123913428     
    12959273          10  0.88982886788992910     
    12959277           1   1.3654425856792471     
    12959277           2  0.93259725551263595     
    12959277           3  0.22340328926642963     
    12959277           4   1.1340284724527085     
    12959277           5   1.4600025258781788     
    12959277           6   1.0960879307540643     
    12959277           7   1.4530634087299950     
    12959277           8   1.0680059540850702     
    12959277           9   1.1625951948920323     
    12959277          10  0.10477338274963813     
    12959351           1   1.2377344393109837     
    12959351           2   1.4451566639246880     
    12959351           3   1.1670458757945488     
    12959351           4  0.99350636644498724     
    12959351           5   1.2240678110413117     
    12959351           6   1.1757181622050983     
    12959351           7  0.44675103680638939     
    12959351           8  0.90767190694034205     
    12959351           9  0.40695554710565868     
    12959351          10  0.99539219042599203     
    12959378           1   1.2191362381362556     
    12959378           2   1.2337893943315665     
    12959378           3   1.0629733433915109     
    12959378           4   1.2906219726610191     
    12959378           5   1.1867374773995916     
    12959378           6   1.0628963649709138     
    12959378           7  0.43164802805934527     
    12959378           8   1.1208718619620393     
    12959378           9  0.59004237676016968     
    12959378          10  0.80128294232758868     
    12959433           1  0.94698295197723181     
    12959433           2  0.93345739220156509     
    12959433           3  0.41302423570967151     
    12959433           4   1.4448997519775395     
    12959433           5   1.3497750692266830     
    12959433           6   1.2276686901323661     
    12959433           7   1.1815857410701822     
    12959433           8   1.0675998194648590     
    12959433           9   1.2621841780081269     
    12959433          10  0.17282217023177174     
    12959437           1   1.1943252756675118     
    12959437           2   1.3716024408775358     
    12959437           3   1.2369812962212769     
    12959437           4  0.45230242527248310     
    12959437           5   1.3385476740634070     
    12959437           6   1.0356933907607913     
    12959437           7  0.68131816866404815     
    12959437           8   1.2963943733094361     
    12959437           9  0.90859000624801289     
    12959437          10  0.48424494891549780     
    12959459           1   1.2660731046870208     
    12959459           2  0.84874094622779583     
    12959459           3   1.4117693001804510     
    12959459           4   1.0478690780514173     
    12959459           5   1.0871256090571120     
    12959459           6  0.34350877782471528     
    12959459           7   1.1306958745733144     
    12959459           8   1.2519665038871706     
    12959459           9  0.81655163033619871     
    12959459          10  0.79569917517480548     
    12959463           1  0.87688630174575743     
    12959463           2  0.47819139429668012     
    12959463           3   2.1933726376976700E-002
    12959463           4   1.3679203138579166     
    12959463           5   1.2673903466301526     
    12959463           6   1.1214422286583081     
    12959463           7   1.5180625319805219     
    12959463           8   1.4462675215073555     
    12959463           9   1.5184566496768375     
    12959463          10  0.38344898526949367     
    12959485           1   1.1181182563373615     
    12959485           2  0.70285492836583963     
    12959485           3  0.94263199724547142     
    12959485           4  0.96619067167408013     
    12959485           5   1.3694529926822272     
    12959485           6   1.0969463156495320     
    12959485           7   1.2774862690553859     
    12959485           8  0.85879102910321681     
    12959485           9   1.1359253991042215     
    12959485          10  0.53160214078266310     
    12959487           1   1.0549435740426401     
    12959487           2   1.1737931833434163     
    12959487           3   1.3665138304674826     
    12959487           4   1.0000117167592868     
    12959487           5   1.1907880598941241     
    12959487           6  0.89935790378404434     
    12959487           7   8.2867101913449093E-002
    12959487           8  0.76365714020474074     
    12959487           9  0.95440366005951172     
    12959487          10   1.5136638295313067     
    12959489           1   1.2083904375970367     
    12959489           2  0.88624078147878971     
    12959489           3   1.0057499609503358     
    12959489           4  0.49118183500361007     
    12959489           5   1.0983298921259479     
    12959489           6   1.1265972534771405     
    12959489           7  0.84837466422143326     
    12959489           8   1.0526372387859990     
    12959489           9   1.2913583615974380     
    12959489          10  0.99113957476226999     
    12959505           1   1.4079694400622149     
    12959505           2  0.53946759033090141     
    12959505           3   1.2140089798029823     
    12959505           4  0.44825323097520475     
    12959505           5   1.2485942216322734     
    12959505           6   1.2703638273669484     
    12959505           7   1.2228214231452010     
    12959505           8   1.2162403298147169     
    12959505           9   1.0628877617448214     
    12959505          10  0.36939319512473484     
    12959527           1   1.3189726469964047     
    12959527           2  0.37571032699107626     
    12959527           3  0.84658238457920765     
    12959527           4  0.67306294822562418     
    12959527           5   1.3215196938004063     
    12959527           6  0.79456380133319715     
    12959527           7   1.4016909199689640     
    12959527           8  0.68005376473326140     
    12959527           9   1.2423070219142689     
    12959527          10   1.3455364914575880     
    12959528           1   1.4594222925284741     
    12959528           2  0.89138848841843732     
    12959528           3  0.75313122399419774     
    12959528           4  0.70155484955471104     
    12959528           5   1.4260186078214119     
    12959528           6   1.4126558447981208     
    12959528           7  0.28998021642607591     
    12959528           8   1.2206746107547737     
    12959528           9   1.0199698141155027     
    12959528          10  0.82520405158829668     
    12959532           1  0.99515918306722784     
    12959532           2  0.81293615710149880     
    12959532           3   1.4319701266624376     
    12959532           4  0.43408803165464538     
    12959532           5   1.3070798497077032     
    12959532           6  0.84647915034831567     
    12959532           7   1.1053762641517151     
    12959532           8   1.0213022103936533     
    12959532           9   1.1875058424006524     
    12959532          10  0.85810318451215051     
    12959548           1   1.2205420569211107     
    12959548           2  0.25988847053526659     
    12959548           3   1.1378476376026196     
    12959548           4  0.87696764243098302     
    12959548           5   1.0759776181470917     
    12959548           6   1.2915606678901848     
    12959548           7   1.3409975523512705     
    12959548           8  0.40317094470000686     
    12959548           9   1.3797829064454432     
    12959548          10   1.0132645029760223     
    12959559           1  0.61207065233250502     
    12959559           2   1.1921961785592206     
    12959559           3   1.5469291472452915     
    12959559           4  0.25321108840643775     
    12959559           5   1.7179183574159225     
    12959559           6   2.0758279127359034E-002
    12959559           7   1.2160839145771882     
    12959559           8   1.6449042262570936     
    12959559           9  0.88604310849470913     
    12959559          10  0.90988504758427036     
    12959567           1   1.2842918653796787     
    12959567           2  0.84587614772196162     
    12959567           3   1.4070040834205964     
    12959567           4   1.0443321522291700     
    12959567           5   1.0834561786681072     
    12959567           6  0.34234931516673123     
    12959567           7   1.1268793792499447     
    12959567           8   1.2224415481679654     
    12959567           9  0.81379548206631680     
    12959567          10  0.82957384792952671     
    12959592           1  0.77586505117832771     
    12959592           2   9.3180126375599220E-002
    12959592           3  0.83484728488852433     
    12959592           4   1.0741310645499225     
    12959592           5   1.2405515175163842     
    12959592           6   1.6130118965764819     
    12959592           7   1.6096599648303263     
    12959592           8  0.18633594945894752     
    12959592           9   1.0539365249403592     
    12959592          10   1.5184806196851273     
    12959602           1   1.0696621792006855     
    12959602           2   1.3299218665614343     
    12959602           3   1.0523337828719517     
    12959602           4  0.97811992052477292     
    12959602           5   1.1539817993383816     
    12959602           6   1.3559598570892006     
    12959602           7   1.0633755254113455     
    12959602           8  0.16258753085841937     
    12959602           9  0.77535180363352618     
    12959602          10   1.0587057345102842     
    12959608           1  0.89595727301773598     
    12959608           2   1.2825603214995718     
    12959608           3  0.93464271409730837     
    12959608           4  0.93176782081447873     
    12959608           5   1.1176815058462908     
    12959608           6   1.5069941434049072     
    12959608           7  0.74676351350586545     
    12959608           8   2.0741822736126212E-002
    12959608           9  0.92646556899799770     
    12959608          10   1.6364253160797169     
    12959619           1   1.2011692514669496     
    12959619           2   1.1125595234921439     
    12959619           3  0.73583766940506834     
    12959619           4   1.2817735398099737     
    12959619           5   1.4538261616871302     
    12959619           6  0.91396037928842644     
    12959619           7  0.45894348025671183     
    12959619           8   1.2900877452609749     
    12959619           9  0.74186035827508623     
    12959619          10  0.80998189105753504     
    12959637           1   1.3236409715204978     
    12959637           2   1.2823029370263241     
    12959637           3   1.2033178704849401     
    12959637           4   1.4577044790846352     
    12959637           5  0.51708973867298258     
    12959637           6  0.89030082377340480     
    12959637           7  0.92412139655906289     
    12959637           8  0.92257865914136528     
    12959637           9  0.37761979360298237     
    12959637          10   1.1013233301338046     
    12959653           1   1.2473708150718783     
    12959653           2   1.2070671524762424     
    12959653           3  0.60620573265541922     
    12959653           4   1.1952751202731697     
    12959653           5   1.2504437134441428     
    12959653           6   1.2116774908296986     
    12959653           7  0.36768162101195206     
    12959653           8   1.3324880245494721     
    12959653           9  0.85924481612410253     
    12959653          10  0.72254551356392216     
    12959683           1  0.23676656550494785     
    12959683           2   1.3163861029691075     
    12959683           3   1.6130733549494607     
    12959683           4  0.32197459285896657     
    12959683           5   1.4906784232018531     
    12959683           6  0.23144791589820601     
    12959683           7  0.94849109048821445     
    12959683           8   1.5626960638102207     
    12959683           9   1.1093619091644336     
    12959683          10   1.1691239811545890     
    12959689           1  0.88077926611734325     
    12959689           2  0.46915107003361367     
    12959689           3  0.33448630813582936     
    12959689           4   1.3314159249479720     
    12959689           5   1.3372716541037493     
    12959689           6  0.88667395573277918     
    12959689           7   1.4142683052129852     
    12959689           8   1.4034027769569386     
    12959689           9   1.6091972450951215     
    12959689          10  0.33335349366367134     
    12959698           1   1.1901372310053695     
    12959698           2   1.3015449368933416     
    12959698           3   1.1167076582908120     
    12959698           4   1.1472034200326375     
    12959698           5   1.3671697119718800     
    12959698           6  0.98939323490397202     
    12959698           7   3.4144963998203152E-002
    12959698           8  0.56294987636169669     
    12959698           9  0.88548566941508078     
    12959698          10   1.4052632971270065     
    12959700           1   1.3773484446311639     
    12959700           2   1.2487720003359475     
    12959700           3   1.2474824673524296     
    12959700           4   1.4006635816373583     
    12959700           5   7.7838500513629349E-003
    12959700           6  0.83510861107641776     
    12959700           7   1.3091024211562292     
    12959700           8  0.67733425037429262     
    12959700           9  0.67441435185450960     
    12959700          10   1.2219900215302897     
    12959712           1   1.0366326628970808     
    12959712           2  0.84693047459105952     
    12959712           3  0.20654717892011804     
    12959712           4   1.4837347444775066     
    12959712           5   1.3264618895446352     
    12959712           6   1.1383043004086286     
    12959712           7   1.3366110661050230     
    12959712           8   1.1691855592217919     
    12959712           9   1.3122239412396643     
    12959712          10  0.14336818259449219     
    12959717           1  0.77202292295329600     
    12959717           2   9.3237940788782656E-002
    12959717           3  0.84788995371743037     
    12959717           4   1.0431151398914937     
    12959717           5   1.2273648689346293     
    12959717           6   1.6347049990994078     
    12959717           7   1.5759551983416025     
    12959717           8  0.18379877740328593     
    12959717           9   1.1426067934144652     
    12959717          10   1.4793034054556076     
    12959718           1   1.0473810186476862     
    12959718           2   1.2482639407220220     
    12959718           3  0.96615846912585834     
    12959718           4   1.4390201300932606     
    12959718           5   1.0452126168919409     
    12959718           6   1.1782967396578232     
    12959718           7  0.50534589030202681     
    12959718           8   1.2092665905814852     
    12959718           9  0.15278167567338710     
    12959718          10   1.2082729283045091     
    12959724           1   1.4638308746076916     
    12959724           2  0.54996213556031770     
    12959724           3   7.0207698268208121E-002
    12959724           4  0.82471540710301972     
    12959724           5   1.2852775448402329     
    12959724           6   1.4323327303840458     
    12959724           7   1.5015665737352129     
    12959724           8  0.62358353396288779     
    12959724           9   1.4376912188070812     
    12959724          10  0.81083228273130348     
    12959735           1   1.2094148621880902     
    12959735           2   1.0820866211354003     
    12959735           3  0.99892782225511767     
    12959735           4  0.44108825037092186     
    12959735           5   1.2601459526441134     
    12959735           6   1.0170650070309382     
    12959735           7  0.76925532872210001     
    12959735           8   1.1199203658994974     
    12959735           9   1.0483373740183677     
    12959735          10   1.0537584157354534     
    12959741           1   1.1421464648615998     
    12959741           2   1.3626475205427802     
    12959741           3   1.0652507744150477     
    12959741           4   1.4380759566400592     
    12959741           5   1.1019266426288394     
    12959741           6   1.2149357534989771     
    12959741           7  0.26527466729871130     
    12959741           8   1.1063643070927278     
    12959741           9   9.3942251101475222E-002
    12959741          10   1.2094356619197810     
    12959744           1   1.0501433900740875     
    12959744           2   1.2515561224410585     
    12959744           3  0.96249379741778385     
    12959744           4   1.4428154137757150     
    12959744           5   1.0479692693574825     
    12959744           6   1.1814043892977366     
    12959744           7  0.50667869376415375     
    12959744           8   1.2124559203642962     
    12959744           9  0.15318462333793692     
    12959744          10   1.1912983801697472     
    12959764           1   1.3518597950184821     
    12959764           2   1.3191889970670918     
    12959764           3  0.81540440389161684     
    12959764           4   1.4479195395163635     
    12959764           5  0.97191185326895790     
    12959764           6  0.96630080986422640     
    12959764           7  0.70717154443039620     
    12959764           8   1.3042616589113674     
    12959764           9   8.3726615305433433E-002
    12959764          10   1.0322547827260673     
    12959769           1   1.1357923197035698     
    12959769           2   1.4143312869364919     
    12959769           3   1.0963590317229663     
    12959769           4  0.94261580666071365     
    12959769           5   1.2963958610627870     
    12959769           6   1.2471662155076821     
    12959769           7  0.32877242148087216     
    12959769           8  0.79560070604611066     
    12959769           9  0.59307646749231224     
    12959769          10   1.1498898833864946     
    12959774           1  0.72849653240871071     
    12959774           2  0.10812231138536883     
    12959774           3   1.4530628746716516     
    12959774           4  0.86667112700607885     
    12959774           5   1.4013424857283037     
    12959774           6  0.98807541691226497     
    12959774           7   1.0037335518475579     
    12959774           8  0.95748325758812336     
    12959774           9   1.1774122169688157     
    12959774          10   1.3156002254831238     
    12959784           1   1.2904663206610958     
    12959784           2   1.1664714924362851     
    12959784           3   1.2906885737814795     
    12959784           4  0.39408981483044836     
    12959784           5   1.2034710563318376     
    12959784           6   1.1577715720568460     
    12959784           7   1.1095020678992675     
    12959784           8   1.2601461368340412     
    12959784           9  0.90085829974992671     
    12959784          10  0.22653466541877157     
    12959788           1   1.0478911413374343     
    12959788           2   1.2488719026266393     
    12959788           3  0.96662903270130862     
    12959788           4   1.4549685567232384     
    12959788           5   1.0457216834703826     
    12959788           6   1.1788706243200944     
    12959788           7  0.50559201697438805     
    12959788           8   1.2098555589844133     
    12959788           9  0.15285608737070752     
    12959788          10   1.1887433954913931     
    12959790           1  0.41875182232784458     
    12959790           2   1.0791431846411212     
    12959790           3   1.2330102784032695     
    12959790           4   1.1379051713689270     
    12959790           5   1.3291131313790463     
    12959790           6   1.1739277497065674     
    12959790           7  0.34079744955366137     
    12959790           8   1.1947595035474832     
    12959790           9  0.79558469895954076     
    12959790          10   1.2970070101125397     
    12959799           1   1.3245740151897376     
    12959799           2   1.2920471989041586     
    12959799           3   1.0023785962141494     
    12959799           4   1.3351154384723321     
    12959799           5   1.2172054625484301     
    12959799           6   1.2931591591957667     
    12959799           7  0.37688836959813182     
    12959799           8   1.1419623439999635     
    12959799           9   1.7311020793680332E-003
    12959799          10   1.0149383137979626     
    12959802           1   1.2765171720147963     
    12959802           2  0.44789373217519873     
    12959802           3   1.3212024817584578     
    12959802           4   1.2154804941585322     
    12959802           5  0.63942586833474702     
    12959802           6   1.1272577246007749     
    12959802           7   1.4397532046313903     
    12959802           8  0.47816514653619191     
    12959802           9  0.93559430055107762     
    12959802          10   1.1187098752388336     
    12959819           1   1.3040338117902277     
    12959819           2   4.7418100889506959E-002
    12959819           3   1.3074641289845936     
    12959819           4   1.0175049833630121     
    12959819           5  0.87319990956094318     
    12959819           6   1.2742505618618543     
    12959819           7   1.3880980586186091     
    12959819           8  0.43768281198513043     
    12959819           9   1.1279480212954665     
    12959819          10   1.2223996116506579     
    12959825           1   1.2685376405147339     
    12959825           2  0.63193221224575080     
    12959825           3   1.0618654064727842     
    12959825           4  0.94048130392199036     
    12959825           5   1.1264910478869150     
    12959825           6   1.1815831168498208     
    12959825           7   1.3737240351785267     
    12959825           8  0.91818359238505498     
    12959825           9  0.87803595654701627     
    12959825          10  0.61916568799740579     
    12959827           1   1.3107441454569944     
    12959827           2   1.3258201979031132     
    12959827           3   1.1964039915365847     
    12959827           4  0.25318889054300886     
    12959827           5   1.4344726734147271     
    12959827           6  0.65077901538638916     
    12959827           7  0.50971387759109754     
    12959827           8   1.2431370280671592     
    12959827           9   1.0872484015149739     
    12959827          10  0.98849177858595116     
    12959833           1   1.3805795086364703     
    12959833           2   1.2517014422479398     
    12959833           3   1.2504088842030274     
    12959833           4   1.3968305105823466     
    12959833           5   7.8021098590548054E-003
    12959833           6  0.83706765737605837     
    12959833           7   1.2958336377382840     
    12959833           8  0.67892318041191402     
    12959833           9  0.67599643222453742     
    12959833          10   1.2248566367203677     
    12959835           1   1.3652928053773508     
    12959835           2   1.3980038657351910     
    12959835           3   1.2881629930669511     
    12959835           4  0.11477241387800451     
    12959835           5   1.3538930342126272     
    12959835           6  0.42597877081167973     
    12959835           7  0.36291996043032571     
    12959835           8   1.4745329598640255     
    12959835           9   1.2178391624504195     
    12959835          10  0.99860403417342558     
    12959850           1   1.1597230724866936     
    12959850           2   1.1315448497837453     
    12959850           3   1.1078306031510672     
    12959850           4   1.4983826086727343     
    12959850           5  0.86384935006981189     
    12959850           6   1.0020987459108923     
    12959850           7  0.78389793917560613     
    12959850           8  0.96876239068930725     
    12959850           9  0.56526025507657074     
    12959850          10  0.91865018498357087     
    12959863           1   1.4023392848946972     
    12959863           2  0.59307380091981110     
    12959863           3   6.7913937598636467E-002
    12959863           4  0.84914158920902361     
    12959863           5   1.3805005981477485     
    12959863           6   1.3160279348321697     
    12959863           7   1.5330335926921121     
    12959863           8  0.58606653809126796     
    12959863           9   1.3571234630168192     
    12959863          10  0.91477926059771353     
    12959865           1   1.1987824584302567     
    12959865           2  0.51655710078298256     
    12959865           3   1.0635778307867707     
    12959865           4   1.4210021997412901     
    12959865           5   1.0239987879098684     
    12959865           6   1.0003187894880741     
    12959865           7   1.1999976845665661     
    12959865           8   1.1491341524880267     
    12959865           9  0.61255142814254293     
    12959865          10  0.81407956766362388     
    12959877           1   1.1100748880116342     
    12959877           2  0.57323833105271749     
    12959877           3   1.0336114810331682     
    12959877           4   1.1152997280764354     
    12959877           5   1.2109683635296324     
    12959877           6   1.0853687075922274     
    12959877           7   1.2908091460315922     
    12959877           8  0.98168994265209064     
    12959877           9   1.0005715010088718     
    12959877          10  0.59836791101162956     
    12959882           1   1.3477117123799396     
    12959882           2  0.44597021659117275     
    12959882           3  0.23127094881144000     
    12959882           4  0.57459056850950119     
    12959882           5   1.1408025780723687     
    12959882           6  0.90286411056934224     
    12959882           7   1.6528050787558255     
    12959882           8  0.72265826847258363     
    12959882           9   1.5845367561684458     
    12959882          10   1.3967897616693805     
    12959886           1   1.0961553418314911     
    12959886           2  0.68445642543233065     
    12959886           3   1.1994098786518501     
    12959886           4   1.0677601401290586     
    12959886           5  0.88708519257419438     
    12959886           6   1.4144721910543958     
    12959886           7   1.1854781507550689     
    12959886           8  0.69725908030212980     
    12959886           9  0.64382715659023348     
    12959886          10   1.1240964426792464     
    12959905           1   1.4339892189870136     
    12959905           2  0.41064728509584453     
    12959905           3  0.84639743236251030     
    12959905           4  0.75082183934650160     
    12959905           5   1.3760756544057575     
    12959905           6   1.3207649306031275     
    12959905           7   1.2970960254286328     
    12959905           8   1.0320792365273241     
    12959905           9   1.1972541899555735     
    12959905          10  0.33487418728771551     
    12959910           1   1.2342831244440984     
    12959910           2   1.4438498116036798     
    12959910           3  0.94305607487433407     
    12959910           4   1.0628940423865845     
    12959910           5   1.2318125206153039     
    12959910           6   1.1400554447588429     
    12959910           7  0.22222438688177740     
    12959910           8   1.1253389000156304     
    12959910           9  0.50699683255887806     
    12959910          10   1.0894888618608705     
    12959919           1   1.2458501080782569     
    12959919           2  0.45991119345631271     
    12959919           3  0.45166715033229987     
    12959919           4  0.98685510062273041     
    12959919           5   1.1343120068517774     
    12959919           6   1.2892377635988672     
    12959919           7   1.2601145981888981     
    12959919           8   1.4345252405553617     
    12959919           9   1.2137053813734531     
    12959919          10  0.52382145694204107     
    12959939           1   1.2790078787365564     
    12959939           2   1.1326266987134315     
    12959939           3  0.95975672723649919     
    12959939           4   1.3969922651216777     
    12959939           5   1.0698436870552490     
    12959939           6  0.83099784924298881     
    12959939           7  0.90346719074646409     
    12959939           8   1.1177247324606554     
    12959939           9  0.45396194815981716     
    12959939          10  0.85562102252666250     
    12959945           1  0.95746976862680788     
    12959945           2   1.2733955749670423     
    12959945           3  0.92796407027090178     
    12959945           4  0.92510972001267966     
    12959945           5   1.1096949281130888     
    12959945           6   1.4997676127494326     
    12959945           7  0.74142739152680681     
    12959945           8   2.0593608617216784E-002
    12959945           9  0.91984535631197384     
    12959945          10   1.6247319688040505     
    12959974           1   1.2063857308731425     
    12959974           2   1.1179452636185270     
    12959974           3  0.36831033723168649     
    12959974           4   1.0411372154284499     
    12959974           5   1.1476284030617885     
    12959974           6  0.99704155549679019     
    12959974           7   1.2663233331290984     
    12959974           8  0.86781577970853019     
    12959974           9   1.4740022198807445     
    12959974          10  0.51341016157124242     
    12959984           1   1.0509391390838936     
    12959984           2   1.2387094314090918     
    12959984           3  0.96944066360180003     
    12959984           4   1.4439087110793944     
    12959984           5   1.0487633709214028     
    12959984           6   1.1822996016866827     
    12959984           7  0.50706263092232051     
    12959984           8   1.2133746621353561     
    12959984           9  0.15330069940287322     
    12959984          10   1.1922010897571842     
    12959994           1   1.3695771756580817     
    12959994           2  0.93542118037580624     
    12959994           3  0.18646029051636867     
    12959994           4   1.1448015857720946     
    12959994           5   1.4644234454216880     
    12959994           6   1.0994069089534757     
    12959994           7   1.4574633164751880     
    12959994           8   1.0712398994456502     
    12959994           9   1.1661155585401681     
    12959994          10  0.10509063884147868     
    12959998           1  0.73522182565143990     
    12959998           2  0.58953514665575857     
    12959998           3  0.97114372794322334     
    12959998           4  0.98520941759321556     
    12959998           5   1.4608490267153398     
    12959998           6   1.2188767814442072     
    12959998           7   1.4429374420679888     
    12959998           8  0.87005241458032545     
    12959998           9   1.2675289167005288     
    12959998          10  0.45864530064797143     
    12960006           1   1.2714384610499081     
    12960006           2  0.41168722436369737     
    12960006           3   1.3327747257598925     
    12960006           4  0.64708119718823198     
    12960006           5   1.2171626986450275     
    12960006           6  0.69707496570845129     
    12960006           7   1.3380835415023995     
    12960006           8  0.33229449020069984     
    12960006           9   1.3017963726649719     
    12960006          10   1.4506063229167210     
    12960011           1  0.95256592379414928     
    12960011           2   1.2522969945680487     
    12960011           3  0.93809365548154433     
    12960011           4  0.91431041938505575     
    12960011           5   1.1407113362442598     
    12960011           6   1.4822600231400263     
    12960011           7  0.70712151695344205     
    12960011           8   2.0353208407756337E-002
    12960011           9  0.92369913192711151     
    12960011          10   1.6685877900986075     
    12960018           1   1.1433458795046312     
    12960018           2   1.3640784923486839     
    12960018           3   1.0503254918398137     
    12960018           4   1.4395861389268769     
    12960018           5   1.1030838207941420     
    12960018           6   1.2162116071464038     
    12960018           7  0.26555324305950218     
    12960018           8   1.1130686829879584     
    12960018           9   9.4040903695548697E-002
    12960018          10   1.2107057396964407     
    12960020           1  0.74523179011114871     
    12960020           2  0.61728186216142178     
    12960020           3  0.96506459001998313     
    12960020           4  0.97904223166543447     
    12960020           5   1.4517044454727237     
    12960020           6   1.2112468911894172     
    12960020           7   1.4504533431768407     
    12960020           8  0.86460608518901705     
    12960020           9   1.2595944751914052     
    12960020          10  0.45577428582260665     
    12960025           1   1.3492397723113279     
    12960025           2  0.82028772973563069     
    12960025           3   1.0958046883747581     
    12960025           4   1.4548614452417699     
    12960025           5   1.0065951742356543     
    12960025           6  0.62956568287416348     
    12960025           7  0.92667295033779462     
    12960025           8   1.3233290283962877     
    12960025           9  0.43774312586507874     
    12960025          10  0.95590040262753218     
    12960026           1   1.3596630358137025     
    12960026           2  0.53068067914122907     
    12960026           3   1.4042950444540356     
    12960026           4   1.4002426014193892     
    12960026           5  0.36565585550496943     
    12960026           6   1.2596288950324535     
    12960026           7   1.3807078728045452     
    12960026           8  0.52954190713420113     
    12960026           9  0.72882281458274456     
    12960026          10   1.0407612941127298     
    12960030           1   1.0646924113727809     
    12960030           2  0.43600597523105117     
    12960030           3   1.2432608583151490     
    12960030           4  0.88350370951725810     
    12960030           5   1.1775636590316203     
    12960030           6   1.2402130463691565     
    12960030           7  0.72867356640393843     
    12960030           8   1.0988355718685088     
    12960030           9   1.0573422531825298     
    12960030          10   1.0699089487080067     
    12960036           1   1.4902161936472664     
    12960036           2   1.1581853927063230     
    12960036           3   1.0434508798798097     
    12960036           4   1.4761779629313831     
    12960036           5   2.7913314747698608E-003
    12960036           6  0.81010042054598974     
    12960036           7   1.4889069258155561     
    12960036           8  0.53860795980199994     
    12960036           9  0.65788200217665060     
    12960036          10   1.3336809310202513     
    12960041           1   1.3660528362377715     
    12960041           2  0.53317463796727937     
    12960041           3   1.4108945951031422     
    12960041           4   1.4068231074217419     
    12960041           5  0.36737427240608844     
    12960041           6   1.2655485803042026     
    12960041           7   1.3180876360097875     
    12960041           8  0.53203051424761250     
    12960041           9  0.75436141950856839     
    12960041          10   1.0456524007938026     
    12960050           1   1.3204102507963991     
    12960050           2  0.77397472208227935     
    12960050           3   1.3184222115616391     
    12960050           4   1.2588550300920480     
    12960050           5  0.94332075046641961     
    12960050           6  0.56868540642140031     
    12960050           7  0.93502244958612890     
    12960050           8   1.1960169340838935     
    12960050           9  0.79951206055878810     
    12960050          10  0.88578018435100436     
    12960051           1   1.2042523277972981     
    12960051           2   1.1159682609045580     
    12960051           3  0.36765900790458417     
    12960051           4   1.0392960420119144     
    12960051           5   1.1455989079323603     
    12960051           6  0.99527836196191455     
    12960051           7   1.2997012470292080     
    12960051           8  0.86628111230794957     
    12960051           9   1.4713955570288726     
    12960051          10  0.49456917512134002     
    12960052           1   1.1451911490573283     
    12960052           2   1.3241954659187605     
    12960052           3   1.2355850155072274     
    12960052           4  0.68045359150725804     
    12960052           5   1.2175330296156284     
    12960052           6   1.0694526181023949     
    12960052           7  0.77625014733491449     
    12960052           8  0.86492311764548602     
    12960052           9  0.80864459359512653     
    12960052          10  0.87777127171587255     
    12960060           1   1.0360821331021879     
    12960060           2  0.84648069090475153     
    12960060           3  0.20643748685646188     
    12960060           4   1.4829467699000225     
    12960060           5   1.3257574386642788     
    12960060           6   1.1376997753386986     
    12960060           7   1.3146039458615910     
    12960060           8   1.1951726642702707     
    12960060           9   1.3115270517791249     
    12960060          10  0.14329204332261425     
    12960063           1  0.40821013728776501     
    12960063           2   1.2294501613952293     
    12960063           3   1.3405777092066786     
    12960063           4  0.73183038920388821     
    12960063           5   1.2682719628976069     
    12960063           6  0.60057220187212235     
    12960063           7  0.80717046005579340     
    12960063           8   1.3780412235174635     
    12960063           9   1.1296977321963393     
    12960063          10   1.1061780223671154     
    12960070           1   1.2705256808983334     
    12960070           2  0.56275771523435647     
    12960070           3   1.4047490191349030     
    12960070           4  0.59545619940857464     
    12960070           5   1.1311814460214145     
    12960070           6  0.58213504622899859     
    12960070           7   1.4013227330853866     
    12960070           8  0.27837867514454201     
    12960070           9   1.3411935444828655     
    12960070          10   1.4322999403606265     
    12960098           1  0.40909421546829061     
    12960098           2   1.2232188002746454     
    12960098           3   1.3434810557768622     
    12960098           4  0.73341534562667454     
    12960098           5   1.2543539673078596     
    12960098           6  0.62523780071677015     
    12960098           7  0.78945502194181150     
    12960098           8   1.3810257064253875     
    12960098           9   1.1321443669669988     
    12960098          10   1.1085737194947014     
    12960099           1  0.78872708327368568     
    12960099           2  0.51236697487610994     
    12960099           3   1.3042129812766745     
    12960099           4  0.53891378421344460     
    12960099           5   1.2365750078145255     
    12960099           6   1.2766993098028063     
    12960099           7   1.2401772549529688     
    12960099           8  0.35160557200725673     
    12960099           9   1.2338681827425040     
    12960099          10   1.5168538490400221     
    12960108           1  0.65479117776837337     
    12960108           2  0.90376813494213726     
    12960108           3   1.1460310040593165     
    12960108           4  0.52820032607977119     
    12960108           5   1.5332999571773784     
    12960108           6  0.27416671960270689     
    12960108           7   1.1684692834270076     
    12960108           8   1.5703107502026548     
    12960108           9   1.3876216724747372     
    12960108          10  0.83334097426591525     
    12960112           1  0.72835723980599210     
    12960112           2  0.12097251266005291     
    12960112           3   1.4527850409405045     
    12960112           4  0.86650541464972408     
    12960112           5   1.4010745412241727     
    12960112           6  0.98788649137812568     
    12960112           7  0.99258281333634668     
    12960112           8  0.95730018144558093     
    12960112           9   1.1771870891818215     
    12960112          10   1.3153486753776775     
    12960113           1   1.4476420002934658     
    12960113           2  0.72756730253071744     
    12960113           3  0.12144889655421019     
    12960113           4  0.60383558374683644     
    12960113           5   1.3453101688054412     
    12960113           6   1.2630075439800617     
    12960113           7   1.3061688977050603     
    12960113           8  0.67192752030585468     
    12960113           9   1.3550175514203107     
    12960113          10   1.1580745346580439     
    12960122           1   1.2713750779251658     
    12960122           2  0.58284038095306301     
    12960122           3   1.4056881498098968     
    12960122           4  0.59585428559682785     
    12960122           5   1.1319376858766994     
    12960122           6  0.58252422669572657     
    12960122           7   1.4022595731516760     
    12960122           8  0.27856478237760018     
    12960122           9   1.3156983476894442     
    12960122          10   1.4332574899239019     
    12960128           1   1.1573192216559200     
    12960128           2   1.4780627552583496     
    12960128           3   1.1328575534041574     
    12960128           4  0.45513024468026997     
    12960128           5   1.2579151151714090     
    12960128           6   1.0572326251296658     
    12960128           7  0.88202223042511718     
    12960128           8   1.2236298705907920     
    12960128           9  0.96918798561905761     
    12960128          10  0.38664239806526152     
    12960129           1   1.1120254148570907     
    12960129           2   1.3968025959192596     
    12960129           3  0.94422039877839870     
    12960129           4  0.63093749360914453     
    12960129           5   1.2857560078233765     
    12960129           6   1.1995829839818799     
    12960129           7  0.64994007944997134     
    12960129           8   1.2248368522673312     
    12960129           9  0.79588782089879129     
    12960129          10  0.76001035241475845     
    12960130           1   1.0929097937139116     
    12960130           2  0.68242985476451312     
    12960130           3   1.2180245341638058     
    12960130           4   1.0645986658556841     
    12960130           5  0.88445866915454707     
    12960130           6   1.4102841554887660     
    12960130           7   1.1894106757184837     
    12960130           8  0.69519460293365865     
    12960130           9  0.64192088296607119     
    12960130          10   1.1207681652405579     
    12960132           1  0.87896534224084277     
    12960132           2  0.45770759390609916     
    12960132           3  0.33379744916283755     
    12960132           4   1.3286739358608963     
    12960132           5   1.3345176054152064     
    12960132           6  0.88484789201755931     
    12960132           7   1.4113556855075819     
    12960132           8   1.4005125343009197     
    12960132           9   1.6058831783167964     
    12960132          10  0.36373878327126347     
    12960133           1   1.2821984643611928     
    12960133           2  0.44988713679864739     
    12960133           3   1.2656130945794357     
    12960133           4   1.2208901354701001     
    12960133           5  0.64227170963755098     
    12960133           6   1.1322747199249212     
    12960133           7   1.4461609984640904     
    12960133           8  0.48029327770973645     
    12960133           9  0.93975827488341146     
    12960133          10   1.1406521881709144     
    12960136           1   1.0694924434590367     
    12960136           2  0.89490881462413108     
    12960136           3   1.1862308463919298     
    12960136           4  0.88337672675094947     
    12960136           5   1.1888473125423260     
    12960136           6  0.55939066224249490     
    12960136           7   1.1220886237978065     
    12960136           8   1.3504576453117365     
    12960136           9   1.1394303079176735     
    12960136          10  0.60577661696191676     
    12960143           1   1.0567248336282289     
    12960143           2   1.1757751190703833     
    12960143           3   1.3688211726981503     
    12960143           4   1.0017002245619864     
    12960143           5   1.1393360121261082     
    12960143           6  0.90087645882945921     
    12960143           7  0.11958482097170925     
    12960143           8  0.76494656613667034     
    12960143           9  0.95601515920489955     
    12960143          10   1.5162196327724029     
    12960146           1   1.2093684636247928     
    12960146           2  0.51585156981997726     
    12960146           3   1.0621251606172024     
    12960146           4   1.4190613474155811     
    12960146           5   1.0226001761206680     
    12960146           6   1.0003875126875930     
    12960146           7   1.1983586875985386     
    12960146           8   1.1475646266330957     
    12960146           9  0.61171478491697784     
    12960146          10  0.81296767056557595     
    12960148           1   1.4346673073684508     
    12960148           2   1.0422482926852472     
    12960148           3   7.7090456905605578E-002
    12960148           4  0.75361807075713705     
    12960148           5   1.1593232813297694     
    12960148           6   1.2029523861163633     
    12960148           7   1.4564353375270125     
    12960148           8  0.79094433901936578     
    12960148           9   1.3063941786964421     
    12960148          10  0.77632634959460634     
    12960152           1   1.0829797713280505     
    12960152           2   1.3275008842577960     
    12960152           3   1.1936470345679473     
    12960152           4  0.72678927085937073     
    12960152           5   1.2964102999051628     
    12960152           6   1.2905432470577820     
    12960152           7   1.2134184345285968     
    12960152           8  0.26734205254075377     
    12960152           9  0.69675221454248570     
    12960152          10  0.90461679041205478     
    12960154           1  0.97694821171824253     
    12960154           2   1.4956637192234195     
    12960154           3   1.5734808665577724     
    12960154           4   2.0290164590075415E-002
    12960154           5   1.4590085464305005     
    12960154           6  0.25603426573506360     
    12960154           7  0.82630517109113621     
    12960154           8   1.5038206091049668     
    12960154           9   1.0820618315287338     
    12960154          10  0.80638661402008804     
    12960155           1   1.2462064692623742     
    12960155           2  0.93443175813654189     
    12960155           3  0.73836511368147284     
    12960155           4   1.1871201160941693     
    12960155           5   1.3633634855724130     
    12960155           6   1.1992864496510374     
    12960155           7  0.36841844403498081     
    12960155           8   1.2894384265821066     
    12960155           9  0.94047896090436600     
    12960155          10  0.73289077608053743     
    12960156           1   1.3627749339438600     
    12960156           2   1.1349340045179441     
    12960156           3  0.45524897712958218     
    12960156           4  0.95879645971189342     
    12960156           5   1.1374476302218455     
    12960156           6   1.2426793534147527     
    12960156           7  0.54040102214080465     
    12960156           8   1.2083761103124917     
    12960156           9   1.0903550606336607     
    12960156          10  0.86898644797316449     
    12960157           1   1.1322225445237537     
    12960157           2  0.86809421182015134     
    12960157           3   1.1979666591901781     
    12960157           4  0.88839531207205857     
    12960157           5   1.4370101007330753     
    12960157           6   1.2042069756402756     
    12960157           7  0.29733174011545499     
    12960157           8  0.66751885842167946     
    12960157           9   1.1869231645688030     
    12960157          10   1.1203304329145685     
    12960158           1   1.2992316945811735     
    12960158           2  0.97925075914821702     
    12960158           3  0.74210228879189200     
    12960158           4   1.1778489892635995     
    12960158           5   1.2144829915016599     
    12960158           6  0.93818282253759011     
    12960158           7   1.0139133350523684     
    12960158           8   1.2021064715242913     
    12960158           9  0.74725877517115225     
    12960158          10  0.68562187242805706     
    12960159           1   1.2296194065385126     
    12960159           2  0.97077502023692031     
    12960159           3  0.33491107354396954     
    12960159           4   1.5131935268370094     
    12960159           5   1.2689786119767468     
    12960159           6  0.93710422738071364     
    12960159           7   1.3142690099930627     
    12960159           8  0.98111701053648337     
    12960159           9   1.2467734714019940     
    12960159          10  0.20325864155458742     
    12960161           1   1.3511675931238012     
    12960161           2   1.3185135238215844     
    12960161           3  0.81498688687144583     
    12960161           4   1.4582048458307477     
    12960161           5  0.97141419868319778     
    12960161           6  0.96580602833889029     
    12960161           7  0.70680944661172973     
    12960161           8   1.2976875021742089     
    12960161           9   8.3683744201519250E-002
    12960161          10   1.0317262303428767     
    12960162           1   1.2155150524650791     
    12960162           2   8.3576275292311708E-002
    12960162           3  0.94164209995638171     
    12960162           4  0.94309256129737895     
    12960162           5   1.1584771790515875     
    12960162           6   1.5162709294044396     
    12960162           7   1.3883826050563155     
    12960162           8  0.15617988492418627     
    12960162           9   1.2919159938399691     
    12960162          10   1.3049474187123529     
    12960163           1  0.72550194177047855     
    12960163           2   9.3567506642547052E-002
    12960163           3  0.85033338112666612     
    12960163           4   1.0785965787610223     
    12960163           5   1.2457088959908555     
    12960163           6   1.6197177146880302     
    12960163           7   1.6163518478651029     
    12960163           8  0.18711060895610709     
    12960163           9   1.0583180838441510     
    12960163          10   1.5247934403550376     
    12960164           1   1.4071449526664259     
    12960164           2  0.43325542617825508     
    12960164           3  0.90778950273556236     
    12960164           4  0.72106076063747493     
    12960164           5   1.2987660298917816     
    12960164           6  0.61532786735160516     
    12960164           7   1.3319206617583448     
    12960164           8  0.66842762907342501     
    12960164           9   1.2677580641494763     
    12960164          10   1.3485491055576497     
    12960165           1   1.3297058797176216     
    12960165           2   1.2881784348095586     
    12960165           3   1.2088314595725207     
    12960165           4   1.4177543478970673     
    12960165           5  0.51945903809949090     
    12960165           6  0.89518960043842932     
    12960165           7  0.92835571051104826     
    12960165           8  0.92680590428767606     
    12960165           9  0.37935004329371846     
    12960165          10   1.1063695813728693     
    12960166           1   1.3105732546547451     
    12960166           2   8.2952000361546555E-002
    12960166           3   1.3140207741356595     
    12960166           4   1.0226075471484781     
    12960166           5  0.87757881512784419     
    12960166           6   1.2806406482760515     
    12960166           7   1.3950590651988157     
    12960166           8  0.43987769505938801     
    12960166           9   1.0481605230881066     
    12960166          10   1.2285296769493661     
    12960167           1   1.1318304744555154     
    12960167           2   1.4147346307474493     
    12960167           3   1.0981056154507569     
    12960167           4  0.94288462504523141     
    12960167           5   1.2967655716475279     
    12960167           6   1.2475218866145201     
    12960167           7  0.32886618191920980     
    12960167           8  0.79582759816377857     
    12960167           9  0.59324560305821328     
    12960167          10   1.1502178128977980     
    12960169           1   1.3139537118048461     
    12960169           2  0.81014971413107639     
    12960169           3  0.40732477558998470     
    12960169           4   1.2185994726942866     
    12960169           5   1.3926950133588560     
    12960169           6  0.83689695771413519     
    12960169           7   1.4603788673122169     
    12960169           8   1.1766550023913933     
    12960169           9   1.3750000721878459     
    12960169          10   8.3464128153586409E-003
    12960170           1   1.2697812832268882     
    12960170           2  0.41115063611413888     
    12960170           3   1.3292495245468288     
    12960170           4  0.66105975914904191     
    12960170           5   1.2155762632075342     
    12960170           6  0.69616640645879602     
    12960170           7   1.3363394992712918     
    12960170           8  0.33186138150001010     
    12960170           9   1.3000996266997078     
    12960170          10   1.4487156198257629     
    12960171           1   1.3027727426956517     
    12960171           2   1.1788476910716990     
    12960171           3   1.0655778861819309     
    12960171           4   1.2833428940853013     
    12960171           5   1.1548589853079905     
    12960171           6   1.1878017953205744     
    12960171           7  0.10044604613170362     
    12960171           8  0.66635512719431989     
    12960171           9  0.68442967619569450     
    12960171          10   1.3755671558151339     
    12960172           1  0.73029029676364254     
    12960172           2  0.12081916789194409     
    12960172           3   1.4509434904897751     
    12960172           4  0.86540703230688643     
    12960172           5   1.3992985390076120     
    12960172           6  0.98127573937492474     
    12960172           7   1.0022695429256554     
    12960172           8  0.95608670764805137     
    12960172           9   1.1756948867199404     
    12960172          10   1.3179145968715675     
    12960174           1   1.4150194673487582     
    12960174           2  0.77389817541839723     
    12960174           3  0.70925899314452201     
    12960174           4   1.1510786604655445     
    12960174           5   1.3947673863863119     
    12960174           6   1.1816596051800641     
    12960174           7  0.44744756950847747     
    12960174           8   1.3322776641166896     
    12960174           9  0.91518980796827420     
    12960174          10  0.67940267046296099     
    12960175           1  0.78496941529981379     
    12960175           2  0.50992594677755598     
    12960175           3   1.2979994259737300     
    12960175           4  0.53634628132104778     
    12960175           5   1.2306836945799542     
    12960175           6   1.2706168356359524     
    12960175           7   1.2522586530141393     
    12960175           8  0.34993044632007642     
    12960175           9   1.2279897654133729     
    12960175          10   1.5392795356643554     
    12960177           1   1.4960534048520819     
    12960177           2   1.3583441601190960     
    12960177           3   1.0637453582543552     
    12960177           4   1.3533662794488137     
    12960177           5   1.1243414036906558     
    12960177           6  0.96026604977047414     
    12960177           7  0.67590716433672726     
    12960177           8   1.0704491809558920     
    12960177           9  0.13840486399528662     
    12960177          10  0.75912213457661615     
    12960178           1   1.0466675982567921     
    12960178           2   1.2474136895405765     
    12960178           3  0.96550037322719551     
    12960178           4   1.4649459424304492     
    12960178           5   1.0445006735012987     
    12960178           6   1.1774941464222868     
    12960178           7  0.50500167548795516     
    12960178           8   1.2084429023263155     
    12960178           9  0.15267760890032195     
    12960178          10   1.1873553899068088     
    12960179           1   3.5540380570460591E-003
    12960179           2  0.60468680319164081     
    12960179           3   1.4555527669142438     
    12960179           4  0.83294560818459373     
    12960179           5   1.4807078550316599     
    12960179           6  0.81038277906427936     
    12960179           7  0.78930272272082358     
    12960179           8   1.2761786679844656     
    12960179           9   1.2791102210935608     
    12960179          10   1.4675785377576878     
    12960180           1   1.1342615096070092     
    12960180           2   1.3532403078447479     
    12960180           3   1.0419802085341980     
    12960180           4   1.4281480140165326     
    12960180           5   1.1792721082566671     
    12960180           6   1.2065482880133638     
    12960180           7  0.26344330945960948     
    12960180           8   1.0987263785738497     
    12960180           9   9.3293708669099515E-002
    12960180          10   1.2010861670249215     
    12960181           1   1.2123575857319366     
    12960181           2   1.0847195322034313     
    12960181           3   1.0013583930319931     
    12960181           4  0.44216149729376203     
    12960181           5   1.2476597939068623     
    12960181           6   1.0107602331910870     
    12960181           7  0.77112706507811291     
    12960181           8   1.1226453332626427     
    12960181           9   1.0508881671075452     
    12960181          10   1.0563223991926276     
    12960182           1   1.4540121096243013     
    12960182           2  0.41638118153739628     
    12960182           3  0.85821573824618180     
    12960182           4  0.68696807311122465     
    12960182           5   1.3952898939355807     
    12960182           6   1.2739137145898844     
    12960182           7   1.3152074669369342     
    12960182           8   1.0464902302840278     
    12960182           9   1.2139715330102510     
    12960182          10  0.33955005872421706     
    12960183           1  0.97630568120542705     
    12960183           2   1.4946800339420656     
    12960183           3   1.5724460016018127     
    12960183           4   9.3701256669203141E-003
    12960183           5   1.4580489689438993     
    12960183           6  0.25586587418053919     
    12960183           7  0.84324532625221305     
    12960183           8   1.5028315591066550     
    12960183           9   1.0813501686839988     
    12960183          10  0.80585626041646918     
