    11140958           1  0.88102137034962436     
    11140958           2  0.90344518756595171     
    11140958           3  0.86226031237728740     
    11140958           4  0.69664877509751200     
    11140958           5  0.89865154946202186     
    11140958           6   1.3022517229007624     
    11140958           7   1.3629129531100825     
    11140958           8   1.0821804941500626     
    11140958           9  0.99724942085335899     
    11140958          10   1.0133782141333363     
    11692111           1   1.1431723427436227     
    11692111           2   1.0787973894520733     
    11692111           3   1.3446601227664636     
    11692111           4   1.1405125510927800     
    11692111           5  0.97088610185348789     
    11692111           6   1.0917567024691635     
    11692111           7  0.99379561912863301     
    11692111           8  0.97687161151546575     
    11692111           9  0.62969751148182651     
    11692111          10  0.62985004749648488     
    11789030           1  0.96020997974536670     
    11789030           2  0.64208536581270959     
    11789030           3   1.2214451108365429     
    11789030           4   1.1559870478481864     
    11789030           5  0.92512643901077340     
    11789030           6   1.1267041450642064     
    11789030           7   1.0750618202745672     
    11789030           8  0.61262235907090079     
    11789030           9   1.3976041119305984     
    11789030          10  0.88315362040615075     
    11840864           1   1.0987881627532570     
    11840864           2   1.0010829470494964     
    11840864           3  0.92504569061565212     
    11840864           4   1.0453186089113125     
    11840864           5  0.66802491639866546     
    11840864           6   1.1227736572675135     
    11840864           7   1.1644826772343677     
    11840864           8  0.69492275214816968     
    11840864           9   1.1427130515340367     
    11840864          10   1.1368475360875290     
    11885787           1  0.65943340896410185     
    11885787           2   1.3186053564759852     
    11885787           3   1.2478182224045313     
    11885787           4  0.90894647229433623     
    11885787           5  0.85590830995202927     
    11885787           6   1.1664605813750717     
    11885787           7   1.0293210208297232     
    11885787           8  0.99627220736323097     
    11885787           9  0.93044177773856895     
    11885787          10  0.88679264260242130     
    12102407           1   1.0706449235987314     
    12102407           2  0.86894314780653814     
    12102407           3   1.0130829619123258     
    12102407           4  0.96712965738932033     
    12102407           5  0.74357043188988892     
    12102407           6   1.0588602828185949     
    12102407           7   1.3177484125470795     
    12102407           8  0.99603983939568552     
    12102407           9  0.98897444805275259     
    12102407          10  0.97500589458908193     
    12127652           1  0.77375767133438189     
    12127652           2   1.2155649079739212     
    12127652           3  0.83937491459497682     
    12127652           4  0.97837316275391140     
    12127652           5   1.1087689716853411     
    12127652           6   1.1396751640133194     
    12127652           7  0.93827392753844940     
    12127652           8   1.0231875443341236     
    12127652           9   1.0103842245701509     
    12127652          10  0.97263951120142511     
    12158776           1   1.1168181696481567     
    12158776           2   1.2033084287160034     
    12158776           3   1.3080063032932563     
    12158776           4  0.59140985005486912     
    12158776           5   1.1285174222807344     
    12158776           6  0.99533292988833211     
    12158776           7  0.83594986279649441     
    12158776           8   1.1290142028175658     
    12158776           9  0.82806479358666740     
    12158776          10  0.86357803691792145     
    12178941           1  0.77952804751549476     
    12178941           2  0.68581603961559690     
    12178941           3   1.1226335935922338     
    12178941           4   1.0870289190348821     
    12178941           5  0.93456315051326766     
    12178941           6   1.0955877679119832     
    12178941           7  0.91985327543588657     
    12178941           8   1.1298687568794348     
    12178941           9   1.2103843248360986     
    12178941          10   1.0347361246651228     
    12198253           1  0.86222610296350766     
    12198253           2   1.0622328053794434     
    12198253           3   1.2399629668659471     
    12198253           4  0.69367325224430054     
    12198253           5  0.76253611015172595     
    12198253           6   1.1146017749888457     
    12198253           7   1.3116210887097948     
    12198253           8  0.85965802754766163     
    12198253           9  0.96534131352845676     
    12198253          10   1.1281465576203176     
    12260290           1  0.61030036584856651     
    12260290           2   1.2878689386215307     
    12260290           3   1.1854876136026971     
    12260290           4  0.84921980582987522     
    12260290           5  0.88725293624829638     
    12260290           6   1.0953789995604106     
    12260290           7   1.0813104783369685     
    12260290           8   1.0311896399439162     
    12260290           9  0.94329579597682944     
    12260290          10   1.0286954260309087     
    12262153           1   1.0485713894679238     
    12262153           2   1.0336515637019039     
    12262153           3   1.2933478671870562     
    12262153           4  0.81926581126444320     
    12262153           5  0.71562518583259582     
    12262153           6  0.86501557097591852     
    12262153           7   1.1088819232854590     
    12262153           8   1.0797608577915911     
    12262153           9  0.95831015239951167     
    12262153          10   1.0775696780935944     
    12264520           1   1.0663531690391814     
    12264520           2  0.73191519079924539     
    12264520           3   1.2641309665245397     
    12264520           4  0.85079366021235303     
    12264520           5  0.95315968839798804     
    12264520           6   1.1108863008732428     
    12264520           7   1.0934552317405875     
    12264520           8   1.0761211125525876     
    12264520           9   1.1477764666688588     
    12264520          10  0.70540821319141578     
    12268228           1   1.0671091607674446     
    12268228           2   1.1512433918352201     
    12268228           3   1.3455685169030303     
    12268228           4  0.87992777807835110     
    12268228           5  0.97580646503470403     
    12268228           6   1.0808944719752636     
    12268228           7   1.0603547190359230     
    12268228           8   1.0392707304840438     
    12268228           9  0.50372394585940339     
    12268228          10  0.89610082002661606     
    12275517           1  0.80169443469931201     
    12275517           2   1.0657235305995030     
    12275517           3  0.73645972246088420     
    12275517           4  0.87217952431790302     
    12275517           5   1.2248679136892657     
    12275517           6   1.1978452398084052     
    12275517           7   1.0206694783561066     
    12275517           8   1.0763319903658799     
    12275517           9  0.99265431874851340     
    12275517          10   1.0115738469542270     
    12299540           1  0.89594450110812252     
    12299540           2   1.3083040013707705     
    12299540           3   1.2281572653454516     
    12299540           4  0.67965036020690028     
    12299540           5  0.84990262658930482     
    12299540           6   1.2019087950157721     
    12299540           7   1.0411812284191044     
    12299540           8   1.0898843882539149     
    12299540           9  0.82644431732238932     
    12299540          10  0.87862251636827104     
    12303454           1  0.90474374646038724     
    12303454           2  0.84021124422635729     
    12303454           3   1.2527004029788666     
    12303454           4   1.0760401361125591     
    12303454           5   1.0155299484312852     
    12303454           6  0.83431900065379416     
    12303454           7   1.1406365895770045     
    12303454           8   1.0523593612237183     
    12303454           9  0.89632076456669019     
    12303454          10  0.98713880576933910     
    12320288           1   1.1103417351821749     
    12320288           2  0.89571158463166689     
    12320288           3   1.2812845342366848     
    12320288           4   1.1022132425057287     
    12320288           5   1.0237300926112223     
    12320288           6   1.1154683104915202     
    12320288           7   1.0109015381218258     
    12320288           8   1.0759220723648966     
    12320288           9  0.80915869531912099     
    12320288          10  0.57526819453515754     
    12327112           1  0.52131085012039813     
    12327112           2  0.87571849503858301     
    12327112           3  0.98251702441233457     
    12327112           4   1.3167286328911516     
    12327112           5   1.1971923821738459     
    12327112           6  0.92494358477964778     
    12327112           7  0.92419072007606140     
    12327112           8   1.0115490033285726     
    12327112           9   1.0336883529980165     
    12327112          10   1.2121609541813876     
    12341700           1  0.77364269496324067     
    12341700           2   1.1275502274846319     
    12341700           3   1.1253008539688503     
    12341700           4  0.68425946660580739     
    12341700           5   1.0885826317813416     
    12341700           6  0.73387915733154285     
    12341700           7  0.99617047584189655     
    12341700           8  0.97483434207476316     
    12341700           9   1.0930897450029693     
    12341700          10   1.4026904049449578     
    12347451           1  0.54753186379767160     
    12347451           2  0.97268229118805571     
    12347451           3   1.2679151818579868     
    12347451           4  0.92057751041390279     
    12347451           5  0.94876242623038165     
    12347451           6   1.3498060911600116     
    12347451           7   1.0841119896181330     
    12347451           8   1.1376876726253453     
    12347451           9  0.79165289870659528     
    12347451          10  0.97927207440191433     
    12373425           1  0.98610698482384807     
    12373425           2   1.0293624603950300     
    12373425           3  0.96313911217242643     
    12373425           4   1.2528243641969843     
    12373425           5   1.1473702079885173     
    12373425           6  0.59119168042915826     
    12373425           7  0.92873935255956597     
    12373425           8  0.99476589612182653     
    12373425           9  0.84457903998064976     
    12373425          10   1.2619209013319925     
    12382385           1   1.1925466988001836     
    12382385           2   1.3289657936496120     
    12382385           3   1.0143862752199204     
    12382385           4  0.92200944220603642     
    12382385           5  0.89726613366338903     
    12382385           6  0.89207092777475694     
    12382385           7   1.0576180297027942     
    12382385           8  0.93358196650939140     
    12382385           9  0.73242872692635308     
    12382385          10   1.0291260055475628     
    12383626           1  0.94348533298270210     
    12383626           2  0.82498779499713371     
    12383626           3   1.3014652544816789     
    12383626           4   1.1117651864984159     
    12383626           5  0.96764243499559410     
    12383626           6   1.1600335491623261     
    12383626           7   1.1092444539148587     
    12383626           8  0.50341242497549687     
    12383626           9   1.2817800176320782     
    12383626          10  0.79618355035971566     
    12385697           1  0.97117812175242102     
    12385697           2  0.90690931389044038     
    12385697           3   1.0095478939854698     
    12385697           4   1.2448384213824144     
    12385697           5  0.83738333949166488     
    12385697           6   1.1989678878375345     
    12385697           7  0.89136270168165510     
    12385697           8   1.1727946641477653     
    12385697           9  0.58048940408442296     
    12385697          10   1.1865282517462108     
    12394673           1   1.1521219795898492     
    12394673           2   1.1802503964075406     
    12394673           3   1.3811348519123667     
    12394673           4  0.86863408676418108     
    12394673           5  0.97084320553666081     
    12394673           6  0.84773734563887027     
    12394673           7   1.2249930331741243     
    12394673           8  0.83264539553369554     
    12394673           9  0.98408808646959123     
    12394673          10  0.55755161897311822     
    12418641           1  0.91371807245863013     
    12418641           2   1.0095970561788139     
    12418641           3  0.84343411624123277     
    12418641           4   1.0616128054000307     
    12418641           5  0.99225410513530765     
    12418641           6  0.93251469343865012     
    12418641           7   1.1867041881890481     
    12418641           8   1.1004745985638138     
    12418641           9  0.93928072031195453     
    12418641          10   1.0204096440825170     
    12420468           1   1.2118244538920548     
    12420468           2  0.60602589416117381     
    12420468           3   1.2382955789703696     
    12420468           4   1.1127320398150824     
    12420468           5   1.0579682731572806     
    12420468           6  0.73637250183004954     
    12420468           7  0.81858854874257725     
    12420468           8   1.0573638797765628     
    12420468           9   1.0176435175120140     
    12420468          10   1.1431853121428364     
    12442420           1   1.0574800072724253     
    12442420           2  0.89809643455575783     
    12442420           3   1.1235410300166158     
    12442420           4   1.0262938690523447     
    12442420           5   1.0590777022421711     
    12442420           6  0.73798695255884927     
    12442420           7  0.73788964733073437     
    12442420           8   1.0166025555395133     
    12442420           9  0.99605295639999269     
    12442420          10   1.3469788450315956     
    12442486           1  0.93027207744398155     
    12442486           2  0.98346641493735243     
    12442486           3   1.2570494277858311     
    12442486           4   1.0581412533351844     
    12442486           5   1.1901210057671050     
    12442486           6  0.54110640990068204     
    12442486           7   1.0227996286131651     
    12442486           8   1.1417051272229364     
    12442486           9  0.70394524855980600     
    12442486          10   1.1713934064339564     
    12488236           1  0.88207057169255321     
    12488236           2   1.2434183078534253     
    12488236           3   1.1098340152507349     
    12488236           4   1.1662776356660378     
    12488236           5   1.1496172860236384     
    12488236           6   1.0195644350052224     
    12488236           7  0.95482915872066099     
    12488236           8  0.90819622665472932     
    12488236           9   1.1570751797172072     
    12488236          10  0.40911718341579095     
    12495647           1   1.0147818055016933     
    12495647           2   1.0202801639425101     
    12495647           3   1.1094811083861194     
    12495647           4   1.0654877387464752     
    12495647           5  0.73690943101422846     
    12495647           6  0.76524330665895890     
    12495647           7   1.1593812106396102     
    12495647           8   1.1651246084372278     
    12495647           9   1.1308680542298615     
    12495647          10  0.83244257244331366     
    12500275           1   1.0797151573565689     
    12500275           2   1.1288011768900073     
    12500275           3   1.0881094115192287     
    12500275           4   1.0989314110825850     
    12500275           5   1.0612579515206519     
    12500275           6  0.96716165363298057     
    12500275           7   1.0199535062444252     
    12500275           8  0.73084253546619871     
    12500275           9  0.89356757921179408     
    12500275          10  0.93165961707555889     
    12500303           1  0.87016006659744038     
    12500303           2   1.3167906798673026     
    12500303           3  0.90622787173421615     
    12500303           4  0.95265053069789840     
    12500303           5   1.0463193444107333     
    12500303           6   1.0744820782571201     
    12500303           7   1.0678700673942245     
    12500303           8  0.87371953693834215     
    12500303           9  0.80875951610790420     
    12500303          10   1.0830203079948195     
    12505640           1   1.0728841962376372     
    12505640           2  0.88686156594314525     
    12505640           3   1.1081223059155429     
    12505640           4   1.0348802014389582     
    12505640           5  0.99842283599736181     
    12505640           6  0.67778499393998204     
    12505640           7  0.85966150618566894     
    12505640           8  0.98527264850882301     
    12505640           9   1.1675846142428012     
    12505640          10   1.2085251315900787     
    12511517           1   1.0001908438524680     
    12511517           2  0.94712730120800181     
    12511517           3   1.1451157372563507     
    12511517           4   1.0888857221904380     
    12511517           5   1.3630626735889892     
    12511517           6  0.47433601335537046     
    12511517           7  0.94497147520257763     
    12511517           8   1.1494702252806843     
    12511517           9  0.67358846892575464     
    12511517          10   1.2132515391393655     
    12525268           1  0.77056631056303548     
    12525268           2   1.2990948134246403     
    12525268           3   1.2721871260287541     
    12525268           4  0.96030674466702803     
    12525268           5  0.91116829642873676     
    12525268           6   1.0391530639744389     
    12525268           7  0.90145136410643578     
    12525268           8   1.1851009357787359     
    12525268           9  0.98365115383420998     
    12525268          10  0.67732019119398812     
    12535804           1  0.97207771402519161     
    12535804           2   1.0188453260275487     
    12535804           3   1.1445807181725203     
    12535804           4   1.0031885195784442     
    12535804           5   1.2605058605903769     
    12535804           6  0.96329536358501788     
    12535804           7  0.72918432653830223     
    12535804           8   1.2097883915857577     
    12535804           9  0.68105124794806737     
    12535804          10   1.0174825319487721     
    12536739           1   1.0804884235249517     
    12536739           2   1.3771211847993896     
    12536739           3   1.2084957530242124     
    12536739           4  0.71514335328492751     
    12536739           5  0.91157431535055011     
    12536739           6   1.1477756196224007     
    12536739           7   1.0791959682691183     
    12536739           8   1.0493960004385994     
    12536739           9  0.89723616327266142     
    12536739          10  0.53357321841318806     
    12537736           1   1.2252879616765016     
    12537736           2   1.0646580831337344     
    12537736           3   1.0176231429763536     
    12537736           4  0.94384269905390916     
    12537736           5  0.94027181843410446     
    12537736           6   1.0683195621157342     
    12537736           7   1.1468596348590048     
    12537736           8   1.0277468968592010     
    12537736           9  0.70964602608143412     
    12537736          10  0.85574417481002141     
    12542789           1   1.0250573292462655     
    12542789           2  0.97326355558059596     
    12542789           3   1.0616123363273449     
    12542789           4   1.0935563155485342     
    12542789           5   1.0119524506450366     
    12542789           6  0.70988264421736036     
    12542789           7  0.97678293057654497     
    12542789           8   1.0378785818238214     
    12542789           9   1.0708041079001656     
    12542789          10   1.0392097481343299     
    12543924           1   1.0453899174815247     
    12543924           2   1.3514992825934398     
    12543924           3   1.2150381372047332     
    12543924           4  0.67875968934683872     
    12543924           5  0.68463012788847988     
    12543924           6   1.1251770848384304     
    12543924           7   1.1446073035724755     
    12543924           8   1.1525814532474326     
    12543924           9  0.70372990996150619     
    12543924          10  0.89858709386513769     
    12546130           1   1.2840112653050586     
    12546130           2  0.90895740765281019     
    12546130           3   1.2869014839151958     
    12546130           4  0.99440138385859733     
    12546130           5  0.98920993170099458     
    12546130           6   1.0328840902367240     
    12546130           7   1.0876289402036563     
    12546130           8  0.43026703458631660     
    12546130           9  0.98323822425315921     
    12546130          10   1.0025002382874877     
    12548840           1  0.77583858927226690     
    12548840           2   1.2162321369047830     
    12548840           3  0.83995402018729681     
    12548840           4   1.0063166045659371     
    12548840           5   1.0906367649389019     
    12548840           6   1.1404614542031168     
    12548840           7  0.95942999008086505     
    12548840           8   1.0005556226502144     
    12548840           9  0.96912587046593690     
    12548840          10   1.0014489467306820     
    12553264           1   1.1881103813709020     
    12553264           2   1.0834876346919944     
    12553264           3  0.86594084307051555     
    12553264           4  0.98479313908961574     
    12553264           5  0.73197605814017541     
    12553264           6  0.97763953667552095     
    12553264           7   1.0975666135264317     
    12553264           8   1.1102702376213485     
    12553264           9   1.1716548854562117     
    12553264          10  0.78856067035728261     
    12555914           1  0.95447330096750327     
    12555914           2  0.99481458613422735     
    12555914           3   1.0371956356797791     
    12555914           4  0.76352812048639440     
    12555914           5  0.92519019474321629     
    12555914           6   1.1724339348780626     
    12555914           7   1.0632075017006055     
    12555914           8  0.94762939013734837     
    12555914           9   1.1298223297864523     
    12555914          10   1.0117050054864125     
    12558326           1  0.96975247275968035     
    12558326           2   1.0103617139802730     
    12558326           3   1.1136459121950124     
    12558326           4  0.94232400794660165     
    12558326           5  0.94639055015962958     
    12558326           6  0.69834674124699225     
    12558326           7   1.0804174153243307     
    12558326           8  0.89673885242365181     
    12558326           9   1.1430898780479211     
    12558326          10   1.1989324559159074     
    12558658           1   1.0879820317251081     
    12558658           2   1.3014443014507768     
    12558658           3   1.1434458525439137     
    12558658           4  0.59714317088763491     
    12558658           5   1.0157542046127856     
    12558658           6  0.98088295527722280     
    12558658           7  0.96090325694902023     
    12558658           8  0.97531745938646197     
    12558658           9   1.0452708501280010     
    12558658          10  0.89185591703907485     
    12579369           1   1.0811256882945424     
    12579369           2   1.0536456433704897     
    12579369           3   1.2261561866466995     
    12579369           4   1.0168562488084378     
    12579369           5  0.63408634212387449     
    12579369           6   1.1277582452802664     
    12579369           7   1.2408785748127922     
    12579369           8  0.54725125317789769     
    12579369           9   1.0120585139304465     
    12579369          10   1.0601833035545549     
    12579905           1  0.91971090382603959     
    12579905           2   1.0547828415250868     
    12579905           3  0.77480766643805687     
    12579905           4  0.71151860641216791     
    12579905           5  0.86646802799466771     
    12579905           6   1.2509721111169421     
    12579905           7   1.3893251753130464     
    12579905           8   1.0980631009683919     
    12579905           9  0.93114734946959099     
    12579905          10   1.0032042169360096     
    12597238           1   1.2235718391701167     
    12597238           2   1.5068604787413347     
    12597238           3   1.1187043680830797     
    12597238           4  0.98309663321956287     
    12597238           5  0.75311975165484513     
    12597238           6  0.79797950551706309     
    12597238           7   1.0464755952800713     
    12597238           8  0.92592090723250653     
    12597238           9  0.74117690623207255     
    12597238          10  0.90309401486934837     
    12600977           1  0.94437686403751653     
    12600977           2   1.0951478482287360     
    12600977           3   1.3363947445758138     
    12600977           4  0.38973863447362467     
    12600977           5  0.76014981370390577     
    12600977           6   1.0610745039288696     
    12600977           7   1.1768874679993058     
    12600977           8   1.2026984809073222     
    12600977           9  0.85223896658565745     
    12600977          10   1.1812926755592481     
    12607172           1  0.74768577947532144     
    12607172           2   1.0343092256935991     
    12607172           3   1.2733565841460737     
    12607172           4   1.0387540751959208     
    12607172           5  0.68911205129646735     
    12607172           6   1.1439839796137630     
    12607172           7   1.1878732832638881     
    12607172           8   1.0161852899782193     
    12607172           9  0.81991669542125079     
    12607172          10   1.0488230359154969     
    12609139           1  0.57908115203727617     
    12609139           2   1.2894778449621636     
    12609139           3   1.2276220006764962     
    12609139           4   1.0172773431859377     
    12609139           5  0.95310965073353060     
    12609139           6   1.2102149846511709     
    12609139           7   1.1868989037885027     
    12609139           8  0.94957477000411616     
    12609139           9  0.71347752338642800     
    12609139          10  0.87326582657437923     
    12610587           1  0.88717664747947766     
    12610587           2   1.0620130688363185     
    12610587           3  0.80210372042731504     
    12610587           4  0.71639585797334482     
    12610587           5  0.82071397322715745     
    12610587           6   1.2595471583847848     
    12610587           7   1.3988485922964005     
    12610587           8   1.1055900017763329     
    12610587           9  0.93753009170986279     
    12610587          10   1.0100808878890053     
    12611153           1   1.2265413793035347     
    12611153           2  0.97746291587825185     
    12611153           3   1.2468083114355892     
    12611153           4   1.0234327247905510     
    12611153           5  0.59203290965559019     
    12611153           6   1.1735084025306868     
    12611153           7   1.0330806317845689     
    12611153           8   1.0523492972308368     
    12611153           9  0.69190641240086148     
    12611153          10  0.98287701498952951     
    12612851           1   1.0523939628014476     
    12612851           2   1.0702607300771769     
    12612851           3   1.1921157527105093     
    12612851           4  0.99553083317622770     
    12612851           5   1.1488974540500294     
    12612851           6   1.0207413246841608     
    12612851           7  0.57321121383251394     
    12612851           8  0.95325463648430264     
    12612851           9   1.0245332809318606     
    12612851          10  0.96906081125177146     
    12616880           1  0.72201084810213234     
    12616880           2   1.2928917459627718     
    12616880           3   1.2887106229117269     
    12616880           4  0.98827157581704517     
    12616880           5  0.95495903294273610     
    12616880           6   1.0163413464720565     
    12616880           7  0.95900478689661695     
    12616880           8   1.1247696930495001     
    12616880           9  0.97895430307079745     
    12616880          10  0.67408604477461587     
    12623018           1  0.83879572987263018     
    12623018           2   1.2178526810857815     
    12623018           3   1.1653137886212939     
    12623018           4  0.87040260903580335     
    12623018           5   1.0265213376395654     
    12623018           6   1.1068677459370035     
    12623018           7  0.95652251869693561     
    12623018           8  0.79463991535726353     
    12623018           9   1.0247146793374202     
    12623018          10  0.99836899441630322     
    12635300           1   1.0122998433067878     
    12635300           2  0.88095239599876640     
    12635300           3   1.1928690190672233     
    12635300           4   1.0645746710448400     
    12635300           5   1.1040950778509133     
    12635300           6   1.1603594489750795     
    12635300           7  0.58377286608971057     
    12635300           8   1.0918920208246543     
    12635300           9  0.83202520213896569     
    12635300          10   1.0771594547030574     
    12636800           1   1.0110887511176203     
    12636800           2   1.2393689770800518     
    12636800           3   1.2048972379714642     
    12636800           4  0.97406373619800191     
    12636800           5  0.58255000061530793     
    12636800           6   1.0814551717270984     
    12636800           7  0.80403031879140330     
    12636800           8   1.1452629262301663     
    12636800           9  0.94146231425847804     
    12636800          10   1.0158205660104069     
    12642261           1  0.87645652006474817     
    12642261           2   1.0590420988358760     
    12642261           3  0.92037472460489544     
    12642261           4   1.1955085999437247     
    12642261           5   1.2392729403853240     
    12642261           6  0.61711677421397604     
    12642261           7  0.91433045391157630     
    12642261           8   1.0378253362577032     
    12642261           9  0.95914484542528766     
    12642261          10   1.1809277063568877     
    12648075           1   1.2723200463457229     
    12648075           2   1.4270229309378448     
    12648075           3   1.0802848717875455     
    12648075           4  0.90734036001867002     
    12648075           5  0.71030562210186132     
    12648075           6   1.0020721800989372     
    12648075           7   1.2175569700764697     
    12648075           8   1.0830151986634555     
    12648075           9  0.51783731874514904     
    12648075          10  0.78224450122434275     
    12652022           1   1.0234999168930061     
    12652022           2   1.0107550022426641     
    12652022           3   1.2036810679241925     
    12652022           4  0.80762507661431626     
    12652022           5   1.0409841855865742     
    12652022           6   1.2253471319500953     
    12652022           7   1.0513872974561729     
    12652022           8   1.1560190207483791     
    12652022           9  0.97945556640531928     
    12652022          10  0.50124573417928209     
    12657221           1   1.0384577964341277     
    12657221           2   1.0038706831151158     
    12657221           3   1.3151793308926281     
    12657221           4  0.86071731176170108     
    12657221           5  0.71178260876838539     
    12657221           6  0.88024796792788362     
    12657221           7   1.1218973043361500     
    12657221           8   1.0349554287774148     
    12657221           9  0.98530641258789631     
    12657221          10   1.0475851553986957     
    12657621           1   1.0697579000235313     
    12657621           2  0.73425210355984227     
    12657621           3   1.2681671770361851     
    12657621           4  0.85351013691099087     
    12657621           5  0.95620300689541049     
    12657621           6   1.1144332205228380     
    12657621           7   1.0969464961880511     
    12657621           8   1.0795570313468481     
    12657621           9   1.1514411719584734     
    12657621          10  0.67573175555783116     
    12658900           1  0.63845830590462771     
    12658900           2   1.0226541461469769     
    12658900           3   1.1923579936956918     
    12658900           4  0.96391038543960872     
    12658900           5   1.2657839148650980     
    12658900           6  0.85826097196282936     
    12658900           7   1.0848853899685096     
    12658900           8   1.1846683068290247     
    12658900           9  0.98805569396025739     
    12658900          10  0.80096489122737757     
    12659508           1   1.2021104413485673     
    12659508           2  0.91797785687063516     
    12659508           3   1.2067398177001991     
    12659508           4   1.0250215847671358     
    12659508           5   1.0466269056331226     
    12659508           6   1.2241600513192772     
    12659508           7  0.65752536263520167     
    12659508           8  0.97154823662682954     
    12659508           9  0.58888450223145627     
    12659508          10   1.1594052408675757     
    12659599           1  0.65500160286317244     
    12659599           2   1.0686956114716770     
    12659599           3   1.1962870181778631     
    12659599           4  0.94806601806647450     
    12659599           5   1.2439022393225534     
    12659599           6  0.88809503915364640     
    12659599           7   1.1219222625848697     
    12659599           8   1.2153646254703498     
    12659599           9  0.94667870791242237     
    12659599          10  0.71598687497697056     
    12659802           1  0.94592773984034517     
    12659802           2   1.0222065675673415     
    12659802           3   1.0535815748792652     
    12659802           4  0.96739452622213074     
    12659802           5  0.69482514722819444     
    12659802           6  0.86534276120022813     
    12659802           7   1.1919465893132948     
    12659802           8   1.2078746309272868     
    12659802           9   1.1081774271760172     
    12659802          10  0.94272303564589743     
    12660443           1  0.90884095370537965     
    12660443           2  0.62354582900046263     
    12660443           3   1.1495210009150887     
    12660443           4   1.3449184708790400     
    12660443           5  0.99960223361736511     
    12660443           6   1.1253476333147467     
    12660443           7  0.83135331688312952     
    12660443           8   1.1977872529759359     
    12660443           9  0.69092515775077912     
    12660443          10   1.1281581509580707     
    12669995           1  0.99827425980446771     
    12669995           2  0.87217433775801623     
    12669995           3   1.1650637819723533     
    12669995           4   1.0514706227969060     
    12669995           5   1.1325638073151294     
    12669995           6   1.1037541113246363     
    12669995           7  0.80606781682199813     
    12669995           8  0.82645206955237449     
    12669995           9   1.1335637336051525     
    12669995          10  0.91061545904896579     
    12670102           1   1.0732146277169412     
    12670102           2   1.2756568532638783     
    12670102           3  0.90692965587372487     
    12670102           4   1.0107956111129996     
    12670102           5  0.90793988251251667     
    12670102           6   1.1090252164410519     
    12670102           7   1.2089345570418937     
    12670102           8   1.1009377239702158     
    12670102           9  0.71149782795440719     
    12670102          10  0.69506804411237066     
    12673666           1  0.99002308547492746     
    12673666           2   1.1498580759020407     
    12673666           3   1.1249370417560665     
    12673666           4   1.1527219825292121     
    12673666           5   1.2013188512892290     
    12673666           6  0.94456348184528915     
    12673666           7  0.94373117271396501     
    12673666           8  0.92178025185456836     
    12673666           9   1.1306061108843921     
    12673666          10  0.44045994575030778     
    12673838           1   1.1251853847758861     
    12673838           2   1.0122372303035432     
    12673838           3  0.99079086507171965     
    12673838           4  0.74990009024592819     
    12673838           5  0.98150285577216911     
    12673838           6   1.0033418851785887     
    12673838           7   1.1979619183153789     
    12673838           8   1.0169564324505764     
    12673838           9  0.98185601815435430     
    12673838          10  0.94026731973185462     
    12678336           1   1.0348508586339511     
    12678336           2   1.3349877626471194     
    12678336           3  0.97193867756071817     
    12678336           4  0.93695335999659413     
    12678336           5  0.93117949996503735     
    12678336           6   1.0321504822029313     
    12678336           7   1.1821726152006493     
    12678336           8   1.0201524104191340     
    12678336           9  0.83942042918060500     
    12678336          10  0.71619390419326101     
    12683798           1   1.0097087856353089     
    12683798           2  0.73719824349680940     
    12683798           3   1.2540227863626390     
    12683798           4   1.1244126583228005     
    12683798           5   1.0531055813518884     
    12683798           6   1.0341368408061047     
    12683798           7  0.82206507612415081     
    12683798           8  0.82282486420937562     
    12683798           9   1.0512899480155817     
    12683798          10   1.0912352156753413     
    12687794           1   1.0190250386301469     
    12687794           2  0.94239020904581161     
    12687794           3   1.2951569734294401     
    12687794           4  0.92820632414330095     
    12687794           5  0.84114922379621793     
    12687794           6  0.65515647033748015     
    12687794           7   1.0229304640119758     
    12687794           8  0.75916047208047222     
    12687794           9   1.1088867531448232     
    12687794          10   1.4279380713803298     
    12697502           1  0.95765710958381378     
    12697502           2  0.66964685386641842     
    12697502           3   1.2686346834269848     
    12697502           4   1.3109123527039184     
    12697502           5  0.88127499751860938     
    12697502           6   1.2653020513060353     
    12697502           7  0.84395101849306642     
    12697502           8  0.87804811211338518     
    12697502           9  0.79312756271746798     
    12697502          10   1.1314452582702992     
    12698423           1  0.97623409136347372     
    12698423           2  0.94273387711023149     
    12698423           3  0.97499751420327785     
    12698423           4   1.1713695276946827     
    12698423           5  0.84227074380069944     
    12698423           6   1.1410822079844296     
    12698423           7  0.98412986440688122     
    12698423           8   1.1796397032413883     
    12698423           9  0.57355415830207268     
    12698423          10   1.2139883118928645     
    12702746           1   1.2705439818373891     
    12702746           2   1.4430002680463296     
    12702746           3   1.0923800352187336     
    12702746           4  0.81120682441247793     
    12702746           5  0.71825839716127460     
    12702746           6   1.0317346964672993     
    12702746           7   1.2439773999995596     
    12702746           8   1.0742605070052234     
    12702746           9  0.52363516629866225     
    12702746          10  0.79100272355305212     
    12706629           1  0.86286401380075572     
    12706629           2  0.94682194894913885     
    12706629           3   1.0087319074116885     
    12706629           4   1.3025276199656397     
    12706629           5  0.75365502403689011     
    12706629           6  0.66130763107721036     
    12706629           7  0.99835435696162123     
    12706629           8   1.1074755663387041     
    12706629           9   1.0808979672655661     
    12706629          10   1.2773639641927848     
    12707163           1  0.69236339821714343     
    12707163           2   1.0035066264963715     
    12707163           3   1.2016009131039842     
    12707163           4  0.95848432195582589     
    12707163           5   1.3177022926339133     
    12707163           6  0.87438082977927511     
    12707163           7   1.0559727187255248     
    12707163           8   1.1600513887946837     
    12707163           9  0.92483463139045974     
    12707163          10  0.81110287890281885     
    12709700           1   1.0229102607231120     
    12709700           2   1.1958477979782707     
    12709700           3   1.1127139371511363     
    12709700           4  0.91731401604057405     
    12709700           5  0.84767499745757358     
    12709700           6   1.2242856471380210     
    12709700           7   1.1536416381777168     
    12709700           8  0.74064930643941407     
    12709700           9  0.89638176421685767     
    12709700          10  0.88858063467732273     
    12712239           1   1.0446452985264933     
    12712239           2  0.93045370275854988     
    12712239           3   1.3557064148762736     
    12712239           4  0.77465298400834404     
    12712239           5  0.99766171369561729     
    12712239           6   1.0794501716027978     
    12712239           7  0.87155255187758585     
    12712239           8  0.67575940781841870     
    12712239           9   1.2118120252298794     
    12712239          10   1.0583057296060407     
    12714241           1  0.97196173199123159     
    12714241           2  0.96458695694658592     
    12714241           3   1.3016450817213880     
    12714241           4  0.80474012455709043     
    12714241           5   1.0282633710352780     
    12714241           6  0.78245356054858151     
    12714241           7  0.82674627274656831     
    12714241           8   1.1322964694578395     
    12714241           9   1.1890308540399988     
    12714241          10  0.99827557695543834     
    12719396           1   1.1862450075108222     
    12719396           2   1.0978827708680434     
    12719396           3   1.1459976165068821     
    12719396           4   1.0669315762590996     
    12719396           5  0.77684365348453066     
    12719396           6  0.94564620848208492     
    12719396           7  0.94270536322026632     
    12719396           8  0.80210960044727520     
    12719396           9  0.97458102115040968     
    12719396          10   1.0610571820705839     
    12720089           1   1.0982857268623905     
    12720089           2  0.96393137158195785     
    12720089           3   1.0120017200136957     
    12720089           4  0.90245764682839757     
    12720089           5   1.0984750316795411     
    12720089           6  0.78756304606140592     
    12720089           7  0.93712685753126046     
    12720089           8   1.3358628731498645     
    12720089           9  0.98708806848121466     
    12720089          10  0.87720765781026999     
    12722920           1   1.1180624393268335     
    12722920           2  0.95912662805528859     
    12722920           3   1.0582645884112181     
    12722920           4  0.54426568822621135     
    12722920           5  0.96156318573101673     
    12722920           6   1.0710845428717579     
    12722920           7   1.1091880986916149     
    12722920           8   1.0961329707842105     
    12722920           9  0.93332782280944671     
    12722920          10   1.1489840350924012     
    12727653           1   1.0280310904710794     
    12727653           2  0.83379229259925569     
    12727653           3   1.3927283767770058     
    12727653           4  0.83492049712927729     
    12727653           5   1.0125262379748123     
    12727653           6  0.78058275905364005     
    12727653           7  0.80830941247002253     
    12727653           8   1.0803014766532764     
    12727653           9   1.2219186252529113     
    12727653          10   1.0068892316187212     
    12727698           1  0.79157048461966006     
    12727698           2   1.1719261946013808     
    12727698           3  0.91068553511345107     
    12727698           4  0.88309563711123651     
    12727698           5  0.98860457081989139     
    12727698           6   1.0562293891194448     
    12727698           7   1.3100013671265518     
    12727698           8  0.88935820689763123     
    12727698           9  0.87896178469871011     
    12727698          10   1.1195668298920427     
    12730437           1  0.93085241005539854     
    12730437           2  0.96204652088299281     
    12730437           3   1.2847567399694357     
    12730437           4   1.0588013547094868     
    12730437           5   1.1908634402095928     
    12730437           6  0.53031594356661571     
    12730437           7   1.0234376827844356     
    12730437           8   1.1424173583368380     
    12730437           9  0.70438439146680776     
    12730437          10   1.1721241580183965     
    12732445           1   1.1595154210957113     
    12732445           2  0.93201830176787848     
    12732445           3   1.2544039541803516     
    12732445           4  0.79764471684185423     
    12732445           5  0.93065618383326443     
    12732445           6   1.1685388354916761     
    12732445           7   1.1279585219970472     
    12732445           8   1.0067873044132800     
    12732445           9  0.88788556589428336     
    12732445          10  0.73459119448465515     
    12733701           1  0.92889468215789439     
    12733701           2  0.85841342432970025     
    12733701           3   1.4903596546230879     
    12733701           4   1.2208692457783326     
    12733701           5  0.84349400762630411     
    12733701           6  0.88523660531610238     
    12733701           7   1.0022399478116437     
    12733701           8  0.98726469607725298     
    12733701           9  0.77617615719759370     
    12733701          10   1.0070515790820882     
    12736600           1  0.90283656983862248     
    12736600           2   1.1923206102634376     
    12736600           3   1.3663377644354637     
    12736600           4  0.79557604644386182     
    12736600           5  0.46581281574523686     
    12736600           6   1.0028541855829969     
    12736600           7   1.2016550701272457     
    12736600           8   1.1544539284890361     
    12736600           9  0.89445903835334761     
    12736600          10   1.0236939707207515     
    12739395           1  0.99656823396515293     
    12739395           2  0.91173078079412184     
    12739395           3   1.0994967117632790     
    12739395           4   1.0376147814420089     
    12739395           5   1.0707602487743855     
    12739395           6  0.74612758935554802     
    12739395           7  0.74602921076628792     
    12739395           8   1.0278165643272676     
    12739395           9   1.0020186876914183     
    12739395          10   1.3618371911205320     
    12741220           1   1.0820304871338349     
    12741220           2   1.0391842239489746     
    12741220           3   1.3265878177729120     
    12741220           4  0.72427996432559183     
    12741220           5  0.62899489408247611     
    12741220           6  0.82710126711974541     
    12741220           7   1.1557766895427197     
    12741220           8  0.96010997023127698     
    12741220           9   1.0095847984927380     
    12741220          10   1.2463498873497303     
    12742179           1   1.1077680450352780     
    12742179           2   1.2307318323284280     
    12742179           3   1.2081015518541602     
    12742179           4   1.0209633227783421     
    12742179           5  0.73564218647701229     
    12742179           6  0.61438871708358489     
    12742179           7   1.2591253705713945     
    12742179           8   1.1466890338218128     
    12742179           9  0.57227042008035967     
    12742179          10   1.1043195199696274     
    12742549           1   1.0701295094975740     
    12742549           2   1.1452826952354365     
    12742549           3   1.1899878198480034     
    12742549           4  0.98950856156879607     
    12742549           5   1.1836440224509714     
    12742549           6   1.0497148093354542     
    12742549           7  0.58945561493430965     
    12742549           8  0.95058980179071639     
    12742549           9  0.80274156988464507     
    12742549          10   1.0289455954540947     
    12744429           1   1.1459742782369911     
    12744429           2  0.97626664398272756     
    12744429           3   1.3022582287200706     
    12744429           4  0.99928354642244377     
    12744429           5  0.75123097353590884     
    12744429           6  0.70804761365711910     
    12744429           7   1.2026876099711181     
    12744429           8  0.66473924900592141     
    12744429           9   1.0571571354761662     
    12744429          10   1.1923547209915331     
    12750962           1   1.0332054913775064     
    12750962           2  0.94156039245697853     
    12750962           3   1.0985787114251606     
    12750962           4   1.0517301374787380     
    12750962           5  0.61521783402546903     
    12750962           6   1.1894573846168592     
    12750962           7   1.0865903891261310     
    12750962           8  0.99672738826838980     
    12750962           9   1.0506165971561148     
    12750962          10  0.93631567406865135     
    12751256           1   1.0477028572679703     
    12751256           2   1.0327953896010038     
    12751256           3   1.3234616985540606     
    12751256           4  0.81858721298820636     
    12751256           5  0.71503243313760889     
    12751256           6  0.86429907815110962     
    12751256           7   1.0850613287367634     
    12751256           8   1.0788664913396158     
    12751256           9  0.95751638362681646     
    12751256          10   1.0766771265968453     
    12753979           1   1.0289067136675374     
    12753979           2  0.85023681679010921     
    12753979           3   1.1874175854671010     
    12753979           4  0.85417391943661680     
    12753979           5  0.91144493801320714     
    12753979           6   1.2100156051552287     
    12753979           7   1.2522145111165470     
    12753979           8  0.90028246977532000     
    12753979           9   1.0157157873478264     
    12753979          10  0.78959165323050529     
    12754946           1  0.99134198961265663     
    12754946           2   1.2512298293275756     
    12754946           3   1.3328280434093538     
    12754946           4  0.67127119316155159     
    12754946           5  0.71083525198328179     
    12754946           6   1.1755341403360240     
    12754946           7  0.84198286192693939     
    12754946           8   1.0201718410427878     
    12754946           9  0.95928383700876607     
    12754946          10   1.0455210121910643     
    12755715           1  0.92796932671633836     
    12755715           2   1.2808404410915335     
    12755715           3  0.97629335660010153     
    12755715           4   1.0620330485358356     
    12755715           5  0.90696868809388309     
    12755715           6  0.94506212427147362     
    12755715           7   1.0740150308036038     
    12755715           8  0.85152052775115272     
    12755715           9  0.91817683938802475     
    12755715          10   1.0571206167480509     
    12759060           1   1.0072698058776990     
    12759060           2  0.96542535293930909     
    12759060           3  0.97662157978333608     
    12759060           4   1.0403059936270787     
    12759060           5  0.85451052346257006     
    12759060           6   1.2342406598376638     
    12759060           7  0.96477543155513867     
    12759060           8   1.1949486077238063     
    12759060           9  0.67198277811253426     
    12759060          10   1.0899192670808633     
    12764640           1   1.2829079781668444     
    12764640           2  0.90916908596644896     
    12764640           3   1.3360207940161344     
    12764640           4   1.0826752609039609     
    12764640           5  0.94225180859663249     
    12764640           6   1.0192014529315132     
    12764640           7  0.92470281268691112     
    12764640           8  0.98657130812645688     
    12764640           9  0.49948217414904061     
    12764640          10   1.0170173244560547     
    12764693           1   1.3447259220207437     
    12764693           2   1.2941311286795083     
    12764693           3   1.1578124722576879     
    12764693           4  0.92598866828509485     
    12764693           5  0.65305536662626529     
    12764693           6   1.0550989877984522     
    12764693           7   1.0919448571314641     
    12764693           8  0.83703861121267653     
    12764693           9  0.81036625869849266     
    12764693          10  0.82983772728961602     
    12767989           1   1.1440802141059294     
    12767989           2  0.94430070347492734     
    12767989           3   1.0248044816153985     
    12767989           4  0.77857817343519453     
    12767989           5  0.70244225512480640     
    12767989           6   1.0534306921026049     
    12767989           7   1.0322846300727404     
    12767989           8   1.0161172629798578     
    12767989           9   1.1434258361994816     
    12767989          10   1.1605357508890608     
    12770197           1   1.0676744372668696     
    12770197           2  0.89789697028804161     
    12770197           3   1.2153700129999392     
    12770197           4   1.0569866800805487     
    12770197           5   1.1369061273657255     
    12770197           6   1.1530803433302006     
    12770197           7  0.33793660694430055     
    12770197           8  0.90435820514812837     
    12770197           9  0.98007265510395958     
    12770197          10   1.2497179614722866     
    12779196           1   1.0023769823881470     
    12779196           2  0.94919745762274088     
    12779196           3   1.1476186412335421     
    12779196           4   1.0694085089782828     
    12779196           5   1.3660419488498994     
    12779196           6  0.47537277973253744     
    12779196           7  0.94703691958227298     
    12779196           8   1.1519826469555545     
    12779196           9  0.67506074565989838     
    12779196          10   1.2159033689971237     
    12780140           1   1.1231571520514185     
    12780140           2   1.0719958453156684     
    12780140           3   1.2082687904494147     
    12780140           4  0.56411871246110024     
    12780140           5  0.83036936622373869     
    12780140           6   1.0893680858779098     
    12780140           7   1.2064347474615931     
    12780140           8   1.1500117666433802     
    12780140           9   1.0957129368104070     
    12780140          10  0.66056259670537076     
    12781917           1  0.49867978521074074     
    12781917           2  0.87780933711499598     
    12781917           3  0.98486285580344024     
    12781917           4   1.3198724189873277     
    12781917           5   1.2000507667122469     
    12781917           6  0.92715195536485540     
    12781917           7  0.92639729314162200     
    12781917           8   1.0139641506966999     
    12781917           9   1.0361563596857719     
    12781917          10   1.2150550772822999     
    12786339           1  0.89562810495623524     
    12786339           2  0.82358697415745330     
    12786339           3   1.1910955817157975     
    12786339           4  0.78876556278650778     
    12786339           5  0.93973546786203888     
    12786339           6   1.2232457877556371     
    12786339           7   1.1563303713795448     
    12786339           8   1.0453114806292543     
    12786339           9   1.0499920484910612     
    12786339          10  0.88630862026646851     
    12789271           1  0.89100666091461789     
    12789271           2   1.0665978652615780     
    12789271           3  0.80556646714674296     
    12789271           4  0.66884159891254724     
    12789271           5  0.87617366588963574     
    12789271           6   1.2649847254719169     
    12789271           7   1.3853861636577305     
    12789271           8   1.0854238788202251     
    12789271           9  0.94157748504161776     
    12789271          10   1.0144414888833893     
    12790933           1   1.3422888183183173     
    12790933           2   1.2917857200624197     
    12790933           3   1.1557141197111600     
    12790933           4  0.94167475868235195     
    12790933           5  0.62836782649162304     
    12790933           6   1.0447620329208491     
    12790933           7   1.0899658792515985     
    12790933           8  0.85058743896863320     
    12790933           9  0.85676636767077341     
    12790933          10  0.79808703792227287     
    12791701           1  0.92732664623894689     
    12791701           2  0.66728545112400750     
    12791701           3   1.1985774857116998     
    12791701           4   1.0315893375808540     
    12791701           5  0.80010569617982374     
    12791701           6   1.1153986468390817     
    12791701           7  0.86090058837852979     
    12791701           8   1.0023554763717175     
    12791701           9   1.1933782387010834     
    12791701          10   1.2030824328742555     
    12792116           1   1.1030131096003606     
    12792116           2   1.1693737225409166     
    12792116           3   1.1417553913304248     
    12792116           4  0.99471070366971603     
    12792116           5  0.72680068107244267     
    12792116           6   1.0815019428863706     
    12792116           7  0.76596535965934709     
    12792116           8  0.95265347333266437     
    12792116           9  0.92666946327529542     
    12792116          10   1.1375561526324625     
    12792318           1   1.0457185793555612     
    12792318           2   1.0633469195548959     
    12792318           3   1.2180107751977667     
    12792318           4  0.45555754687053884     
    12792318           5   1.3677356686128015     
    12792318           6  0.87558547258492281     
    12792318           7   1.0480903238822095     
    12792318           8   1.1355762146052248     
    12792318           9  0.76944974462441151     
    12792318          10   1.0209287547116672     
    12794763           1   1.1588311920830066     
    12794763           2   1.0269046642710915     
    12794763           3   1.1695120980052833     
    12794763           4  0.97840887796866727     
    12794763           5  0.96829898422378879     
    12794763           6   1.1129924066082699     
    12794763           7  0.86085541615710115     
    12794763           8  0.64579903024209806     
    12794763           9  0.83567154983498249     
    12794763          10   1.2427257806057106     
    12794993           1   1.2052936155802585     
    12794993           2   1.1887374588491075     
    12794993           3   1.2028310218152523     
    12794993           4  0.63625335114862702     
    12794993           5  0.80433083713465758     
    12794993           6   1.1730895881393744     
    12794993           7   1.0609867484569886     
    12794993           8   1.1176646841074580     
    12794993           9   1.1212602379242922     
    12794993          10  0.48955245684398191     
    12795549           1  0.94474096328197676     
    12795549           2  0.73156997644453647     
    12795549           3   1.0787870996206272     
    12795549           4   1.0876336398855362     
    12795549           5  0.81146832651903966     
    12795549           6  0.90942141155330869     
    12795549           7   1.0531242807591901     
    12795549           8   1.0011858558527382     
    12795549           9   1.1700925158284781     
    12795549          10   1.2119759302545683     
    12797203           1   1.0967030580304766     
    12797203           2   1.2162661644196173     
    12797203           3  0.98597217349731070     
    12797203           4  0.87289409575468235     
    12797203           5  0.97055866949483749     
    12797203           6   1.1581133222353168     
    12797203           7  0.99761939517376452     
    12797203           8   1.0786502724337574     
    12797203           9  0.95741464867794324     
    12797203          10  0.66580820028229248     
    12798443           1   1.0851751777845460     
    12798443           2   1.1805948432548254     
    12798443           3   1.1557620131981308     
    12798443           4  0.95910763466027327     
    12798443           5  0.82177476636089619     
    12798443           6   1.1255710935883581     
    12798443           7   1.0559419921234001     
    12798443           8  0.84968594506183936     
    12798443           9  0.87290456588668031     
    12798443          10  0.89348196808105007     
    12800525           1  0.77131182940871690     
    12800525           2   1.2117225168410974     
    12800525           3  0.83672165707841173     
    12800525           4  0.97528053286594896     
    12800525           5   1.1368740831762827     
    12800525           6   1.1360726597654769     
    12800525           7  0.93530805101825387     
    12800525           8   1.0199532565377458     
    12800525           9   1.0071904079670504     
    12800525          10  0.96956500534101520     
    12805531           1   1.0918277512314467     
    12805531           2  0.85216551793391260     
    12805531           3   1.3126799952869601     
    12805531           4  0.90027436642606073     
    12805531           5  0.69080182295001424     
    12805531           6  0.93607521285954598     
    12805531           7   1.3496112987552089     
    12805531           8  0.98763571561560337     
    12805531           9   1.0366751042089655     
    12805531          10  0.84225321473228321     
    12805885           1  0.79180956175860262     
    12805885           2   1.1590801964549957     
    12805885           3   1.1735991895965345     
    12805885           4  0.85356111237868459     
    12805885           5   1.0898145313257288     
    12805885           6  0.66427536926197239     
    12805885           7  0.81825881229417319     
    12805885           8   1.0156798045716426     
    12805885           9   1.0659553101617512     
    12805885          10   1.3679661121959150     
    12806071           1  0.91974789083715536     
    12806071           2  0.85291929217956475     
    12806071           3   1.1782771968190038     
    12806071           4   1.0918849420235706     
    12806071           5  0.59158762116170482     
    12806071           6   1.1622798779180350     
    12806071           7   1.2118042083468656     
    12806071           8   1.0709409678215731     
    12806071           9  0.98885048444212242     
    12806071          10  0.93170751845040412     
    12806742           1   1.1095466197452091     
    12806742           2   1.1280399501812817     
    12806742           3   1.0827795232592290     
    12806742           4   1.0134591981256797     
    12806742           5  0.88530218796320148     
    12806742           6   1.0775231215859919     
    12806742           7  0.82519125813955441     
    12806742           8  0.90242165865557256     
    12806742           9  0.88576841843785026     
    12806742          10   1.0899680639064280     
    12807904           1  0.94990167114280499     
    12807904           2  0.99004973411855957     
    12807904           3   1.0801246769670816     
    12807904           4  0.75987105860307802     
    12807904           5  0.92075882187661107     
    12807904           6   1.1668183415044775     
    12807904           7   1.0581150689215111     
    12807904           8  0.94309054051387420     
    12807904           9   1.1244108327291473     
    12807904          10   1.0068592536228560     
    12809086           1   1.1702806176874165     
    12809086           2  0.99803284832636296     
    12809086           3  0.96695962903883881     
    12809086           4  0.93017159465586230     
    12809086           5   1.0372016026906583     
    12809086           6   1.0963404397059664     
    12809086           7   1.1514604233376458     
    12809086           8   1.0503804435694621     
    12809086           9  0.65680982253583953     
    12809086          10  0.94236257845194771     
    12809488           1   1.0043076286164889     
    12809488           2  0.87744558400762407     
    12809488           3   1.1721051931047450     
    12809488           4   1.0578254997257990     
    12809488           5   1.1394087951384331     
    12809488           6   1.1104249791407719     
    12809488           7  0.81093952855714835     
    12809488           8  0.77100899122439648     
    12809488           9   1.1404147647818064     
    12809488          10  0.91611903570278685     
    12809867           1  0.93873534790582158     
    12809867           2   1.4566335756143149     
    12809867           3   1.1337652612393074     
    12809867           4  0.61035143625488331     
    12809867           5  0.74017572258998765     
    12809867           6   1.2152204139034892     
    12809867           7   1.0794569884317822     
    12809867           8   1.0932463113246063     
    12809867           9  0.78307428897012521     
    12809867          10  0.94934065376568000     
    12809897           1  0.97683930927765517     
    12809897           2  0.84793318716415955     
    12809897           3   1.1713890728259544     
    12809897           4   1.0855018609564779     
    12809897           5  0.58812924235380104     
    12809897           6   1.1554852731040408     
    12809897           7   1.2047200878487969     
    12809897           8   1.0539631813286028     
    12809897           9  0.96609303053455486     
    12809897          10  0.94994575460595621     
    12811994           1   1.1116020680236864     
    12811994           2   1.0860250915198013     
    12811994           3   1.3536690458920997     
    12811994           4   1.1359728879197244     
    12811994           5  0.97739082234549701     
    12811994           6   1.0990712290457434     
    12811994           7   1.0004538282803286     
    12811994           8  0.96782878007672379     
    12811994           9  0.63391634446221778     
    12811994          10  0.63406990243417716     
    12813505           1  0.58426372133525506     
    12813505           2  0.72004278021993673     
    12813505           3   1.0176903845695717     
    12813505           4   1.3098473192643552     
    12813505           5   1.1046131408079578     
    12813505           6  0.97849992007684627     
    12813505           7  0.90415896409703123     
    12813505           8   1.0746129048655575     
    12813505           9   1.0566573416937399     
    12813505          10   1.2496135230697474     
    12816540           1   1.1544612855454979     
    12816540           2   1.0634507155451598     
    12816540           3   1.0332934149890596     
    12816540           4   1.0435158078669109     
    12816540           5  0.55512648940304266     
    12816540           6   1.0564189063575353     
    12816540           7   1.0600922446105432     
    12816540           8   1.1217422300550255     
    12816540           9  0.91264174532350140     
    12816540          10  0.99925716030372314     
    12816570           1  0.77734787688130103     
    12816570           2  0.68389796111310497     
    12816570           3   1.1194938312687230     
    12816570           4   1.0839887352527173     
    12816570           5  0.93194938036985520     
    12816570           6   1.0925236468885045     
    12816570           7  0.94524847360246822     
    12816570           8   1.1267087593756984     
    12816570           9   1.2069991427768942     
    12816570          10   1.0318421924707337     
    12818328           1  0.75052702276340633     
    12818328           2   1.0482733780749203     
    12818328           3   1.3278253505191528     
    12818328           4  0.93304116595809450     
    12818328           5  0.69135676847625316     
    12818328           6   1.1801618503100713     
    12818328           7  0.97214303032100513     
    12818328           8   1.0321064859156921     
    12818328           9  0.99521281184490107     
    12818328          10   1.0693521358165050     
    12818763           1  0.97402557868905493     
    12818763           2  0.88024872138977384     
    12818763           3   1.0125078496199791     
    12818763           4   1.2484882398024975     
    12818763           5  0.83983851526761288     
    12818763           6   1.2024832156157839     
    12818763           7  0.89397614287345251     
    12818763           8   1.1762332530398307     
    12818763           9  0.58219137671259558     
    12818763          10   1.1900071069894183     
    12821259           1   1.1105046151136473     
    12821259           2   1.1035791439461871     
    12821259           3   1.1790096708925650     
    12821259           4  0.97437232729614254     
    12821259           5  0.90084493628861317     
    12821259           6   1.0783275567471462     
    12821259           7  0.80144161654049562     
    12821259           8   1.0825213161256018     
    12821259           9  0.59190000363122874     
    12821259          10   1.1774988134183733     
    12821709           1  0.95645744365181962     
    12821709           2  0.97013943766525690     
    12821709           3   1.3569475954007981     
    12821709           4  0.75029064168156212     
    12821709           5  0.90277854359117804     
    12821709           6  0.89522359664377538     
    12821709           7   1.2302246001599697     
    12821709           8   1.0076478540288183     
    12821709           9   1.1514119082414811     
    12821709          10  0.77887837893534051     
    12826566           1   1.0482698834608322     
    12826566           2  0.97768140336012643     
    12826566           3   1.0896857584673538     
    12826566           4   1.1011230779076491     
    12826566           5  0.93045418476697750     
    12826566           6   1.0564263265104239     
    12826566           7  0.54041552811117988     
    12826566           8   1.1368975981962015     
    12826566           9  0.97442548997855738     
    12826566          10   1.1446207492406997     
    12826858           1   1.2328171844147302     
    12826858           2  0.87959870959609221     
    12826858           3   1.0700837205714098     
    12826858           4   1.2245092058100484     
    12826858           5  0.85206688700454625     
    12826858           6  0.90035719894982935     
    12826858           7  0.92925270813001903     
    12826858           8   1.0214069693677446     
    12826858           9  0.95047869522516648     
    12826858          10  0.93942872093041263     
    12827527           1   1.0858995057293364     
    12827527           2  0.73271915283975542     
    12827527           3   1.1998896493956004     
    12827527           4  0.98117972912844831     
    12827527           5  0.82656957515494878     
    12827527           6   1.0955835383227461     
    12827527           7   1.1127871187633278     
    12827527           8   1.0894725198288226     
    12827527           9  0.93878850378054868     
    12827527          10  0.93711070705646349     
    12827924           1  0.97091125723240557     
    12827924           2   1.0947855444161603     
    12827924           3   1.3500256321314981     
    12827924           4  0.40823172242545158     
    12827924           5  0.78468165696871128     
    12827924           6   1.0688462019719822     
    12827924           7   1.1884911020114657     
    12827924           8   1.2145566010580566     
    12827924           9  0.72653053864961703     
    12827924          10   1.1929397431346520     
    12830675           1  0.74934281642746781     
    12830675           2   1.0366014835564181     
    12830675           3   1.2761786237930890     
    12830675           4   1.0410561838277048     
    12830675           5  0.69063927592011731     
    12830675           6   1.1465193009732433     
    12830675           7   1.1905058730213354     
    12830675           8  0.99627517084209050     
    12830675           9  0.82173381204870377     
    12830675          10   1.0511474595898296     
    12831300           1   1.0240938824115930     
    12831300           2   1.0822164432676271     
    12831300           3   1.1108262767697092     
    12831300           4   1.1691331653439307     
    12831300           5   1.0163648764370636     
    12831300           6   1.1638356005548713     
    12831300           7  0.80697471876341109     
    12831300           8  0.81656095500409964     
    12831300           9  0.89461840394028191     
    12831300          10  0.91537567750741333     
    12832060           1  0.95302464365197626     
    12832060           2  0.96615100146620936     
    12832060           3   1.3513689139251417     
    12832060           4  0.81111139472882365     
    12832060           5  0.89361135382049450     
    12832060           6  0.89154315436870557     
    12832060           7   1.2073298449179020     
    12832060           8   1.0035052132692865     
    12832060           9   1.1466782248589185     
    12832060          10  0.77567625499254189     
    12838102           1   1.0356686575833645     
    12838102           2  0.92503216213891593     
    12838102           3  0.92093906761360167     
    12838102           4   1.1086838692420857     
    12838102           5   1.2152846710701695     
    12838102           6  0.88892599986208309     
    12838102           7  0.79954401139528852     
    12838102           8  0.95759234928129466     
    12838102           9   1.0993320532149720     
    12838102          10   1.0489971585982241     
    12839648           1   1.2232249188569317     
    12839648           2  0.99113754542889632     
    12839648           3  0.96027900771156915     
    12839648           4  0.92374513794902413     
    12839648           5   1.0380949788225384     
    12839648           6   1.0887659401058867     
    12839648           7   1.1435051056277401     
    12839648           8   1.0431234766989506     
    12839648           9  0.65227199326497876     
    12839648          10  0.93585189553348425     
    12840768           1   1.3482296432068721     
    12840768           2   1.3498602217615634     
    12840768           3   1.1608291851968695     
    12840768           4  0.92840135778713817     
    12840768           5  0.63114891441535714     
    12840768           6   1.0576584234422028     
    12840768           7   1.0947899501480887     
    12840768           8  0.78460472046698337     
    12840768           9  0.81247769076255116     
    12840768          10  0.83199989281237463     
    12842067           1   1.0669987213435483     
    12842067           2  0.86598386373828851     
    12842067           3   1.0096327934213607     
    12842067           4  0.96383598806898740     
    12842067           5  0.74103811877105275     
    12842067           6   1.0552542144890877     
    12842067           7   1.3132606714410526     
    12842067           8  0.99264771318408462     
    12842067           9   1.0091377903341590     
    12842067          10  0.98221012520837858     
    12842918           1   1.0299811834764268     
    12842918           2  0.83537393009327854     
    12842918           3   1.3666388481191836     
    12842918           4  0.83650427473733269     
    12842918           5   1.0144469195113022     
    12842918           6  0.78206346230535562     
    12842918           7  0.80984271097239757     
    12842918           8   1.0823507224132685     
    12842918           9   1.2242365074515102     
    12842918          10   1.0185614409199442     
    12844328           1  0.99962968373044037     
    12844328           2   1.1604072859694659     
    12844328           3   1.1810514982698614     
    12844328           4  0.97930802367240988     
    12844328           5  0.84577852370139861     
    12844328           6   1.1341792224129867     
    12844328           7  0.94461427536217568     
    12844328           8   1.1747698489109213     
    12844328           9  0.34287568788512107     
    12844328          10   1.2373859500852178     
    12848459           1  0.63616630109218675     
    12848459           2   1.2417495761809079     
    12848459           3   1.1814489887077599     
    12848459           4  0.77739231988403790     
    12848459           5   1.3580980323748451     
    12848459           6  0.75397614875325691     
    12848459           7   1.0517566532280667     
    12848459           8   1.2147685284455567     
    12848459           9  0.97652379069874573     
    12848459          10  0.80811966063463880     
    12850394           1   1.2234360706708796     
    12850394           2   1.5066932763105421     
    12850394           3   1.1185802357613945     
    12850394           4  0.98298754803941690     
    12850394           5  0.75303618489141144     
    12850394           6  0.79789096107985247     
    12850394           7   1.0463594775201563     
    12850394           8  0.92581816631614766     
    12850394           9  0.74109466465621487     
    12850394          10  0.90410341475398504     
    12852435           1   1.3186098808041340     
    12852435           2   1.4350548582809795     
    12852435           3   1.0863652012706766     
    12852435           4  0.80674017893282601     
    12852435           5  0.71430354184404277     
    12852435           6   1.0260537862733876     
    12852435           7   1.2371278446663418     
    12852435           8   1.0683454423223557     
    12852435           9  0.52075194024810645     
    12852435          10  0.78664732535714876     
    12853876           1   1.0519780581158005     
    12853876           2   1.0342708219857830     
    12853876           3   1.0138744962418962     
    12853876           4  0.77689106816712117     
    12853876           5   1.0729972749580994     
    12853876           6   1.1463259335651841     
    12853876           7   1.0299434467892736     
    12853876           8   1.0190872322302869     
    12853876           9   1.0355327677273329     
    12853876          10  0.81909890021922260     
    12854114           1  0.97235718900102575     
    12854114           2  0.90802315837926206     
    12854114           3   1.1065627858584925     
    12854114           4   1.0536145390704756     
    12854114           5   1.0501229022269662     
    12854114           6   1.2071955669678862     
    12854114           7  0.49634250924226703     
    12854114           8   1.0444221570600221     
    12854114           9  0.93041308472816830     
    12854114          10   1.2309461074654340     
    12856298           1   1.0534450524337786     
    12856298           2  0.89466962882017798     
    12856298           3   1.1192540106079210     
    12856298           4   1.0223779090490086     
    12856298           5   1.0550366511870433     
    12856298           6  0.73517106572920976     
    12856298           7  0.77323045446332395     
    12856298           8   1.0127235740247373     
    12856298           9  0.99225238459879062     
    12856298          10   1.3418392690860099     
    12860757           1   1.0352981352351744     
    12860757           2   1.2219103479138065     
    12860757           3  0.86091077627004498     
    12860757           4  0.78370279269932452     
    12860757           5  0.82128285915645260     
    12860757           6  0.85895674631065455     
    12860757           7   1.1223210414712126     
    12860757           8   1.1048785889022354     
    12860757           9   1.2097005123377023     
    12860757          10  0.98103819970339379     
    12862035           1  0.96347052384920551     
    12862035           2   1.2911441102088939     
    12862035           3   1.3859364120850495     
    12862035           4  0.72946738951236556     
    12862035           5  0.94711667004995481     
    12862035           6  0.97459583204501088     
    12862035           7   1.0349888876833713     
    12862035           8  0.98102773049688419     
    12862035           9  0.81052521591521798     
    12862035          10  0.88172722815404581     
    12864394           1  0.72173583772846395     
    12864394           2   1.2923992898686496     
    12864394           3   1.2882197593867686     
    12864394           4  0.98789514804443501     
    12864394           5  0.95459529375352858     
    12864394           6   1.0159542270621436     
    12864394           7  0.95863950669966769     
    12864394           8   1.1815031659251334     
    12864394           9  0.97858142420145700     
    12864394          10  0.62047634732975188     
    12865424           1  0.84372916006876142     
    12865424           2  0.77626489372935059     
    12865424           3   1.1669945231817616     
    12865424           4  0.69911571257678529     
    12865424           5  0.87802213162050624     
    12865424           6   1.1908987420127473     
    12865424           7   1.3590540207040185     
    12865424           8   1.1085616540820618     
    12865424           9   1.0511107511686459     
    12865424          10  0.92624841085535925     
    12865974           1   1.1100907401414584     
    12865974           2   1.1285931396856745     
    12865974           3   1.0833105171019046     
    12865974           4   1.0139561973600095     
    12865974           5  0.88573633914598415     
    12865974           6   1.0698517467476989     
    12865974           7  0.82559593099094253     
    12865974           8  0.90286420520724819     
    12865974           9  0.88949860061784536     
    12865974          10   1.0905025830012345     
    12869721           1   1.0943609548108193     
    12869721           2   1.2815031780923991     
    12869721           3  0.75873483863568603     
    12869721           4  0.67819373650327686     
    12869721           5  0.85669555594279556     
    12869721           6   1.1157103327141786     
    12869721           7   1.1670168671559700     
    12869721           8   1.0716387366129581     
    12869721           9   1.0156023486614856     
    12869721          10  0.96054345087043136     
    12870087           1  0.93432160970648681     
    12870087           2   1.5220864084559034     
    12870087           3   1.1284345329847740     
    12870087           4  0.60748169085195725     
    12870087           5  0.73669557041684997     
    12870087           6   1.2095067004767788     
    12870087           7   1.0490979040756849     
    12870087           8   1.0881060947381747     
    12870087           9  0.77939243666760483     
    12870087          10  0.94487705162578561     
    12870805           1   1.0625712416538764     
    12870805           2   1.2014673282724031     
    12870805           3   1.1845222686334702     
    12870805           4  0.94439917584913857     
    12870805           5  0.50986454328574093     
    12870805           6  0.70423876671236818     
    12870805           7   1.2769478948565032     
    12870805           8   1.2854940570419824     
    12870805           9  0.71622979717399959     
    12870805          10   1.1142649265205171     
    12871204           1   1.0287857315732141     
    12871204           2   1.3358909121962577     
    12871204           3  0.97259621615619452     
    12871204           4  0.93758723022995616     
    12871204           5  0.93180946405091991     
    12871204           6   1.0328487554521153     
    12871204           7   1.1829723818309479     
    12871204           8   1.0208425667001890     
    12871204           9  0.83998831617055669     
    12871204          10  0.71667842563964879     
    12874133           1   1.1468170225898615     
    12874133           2  0.92186845713739685     
    12874133           3   1.3431973856495867     
    12874133           4  0.76750530313055976     
    12874133           5   1.0012649019990429     
    12874133           6   1.0143310034765700     
    12874133           7  0.86351078396648162     
    12874133           8  0.69233364005491660     
    12874133           9   1.2006307016966169     
    12874133          10   1.0485408002989678     
    12876611           1  0.71987279488775113     
    12876611           2   1.2890631728041153     
    12876611           3   1.2848944310955426     
    12876611           4  0.98534505854253140     
    12876611           5  0.95213116237077378     
    12876611           6   1.0133317076439905     
    12876611           7  0.95616493584365714     
    12876611           8   1.1214389709918131     
    12876611           9  0.97605537655201369     
    12876611          10  0.70170238926781425     
    12876711           1  0.79387566792771813     
    12876711           2   1.1753390362302210     
    12876711           3  0.91333760101942296     
    12876711           4  0.88566735670114249     
    12876711           5  0.99148354976011666     
    12876711           6   1.0301836596185425     
    12876711           7   1.3138163063438526     
    12876711           8  0.89194816411970979     
    12876711           9  0.88152146583118940     
    12876711          10   1.1228271924480855     
    12876813           1  0.78041183119025148     
    12876813           2   1.2105276907880167     
    12876813           3  0.83589660280966671     
    12876813           4  0.97431885180982025     
    12876813           5   1.1357530618576457     
    12876813           6   1.1349524286950672     
    12876813           7  0.93438578506092385     
    12876813           8   1.0189475256819613     
    12876813           9   1.0061972619925170     
    12876813          10  0.96860896011412867     
    12877018           1   1.0294034422095948     
    12877018           2  0.97114548233403009     
    12877018           3   1.2205755204690816     
    12877018           4  0.84260782102830145     
    12877018           5   1.1294000771780992     
    12877018           6  0.47871925239004276     
    12877018           7   1.1118368335655635     
    12877018           8   1.0340762521634099     
    12877018           9  0.96269417330672724     
    12877018          10   1.2195411453551475     
    12877556           1   1.0505910509765124     
    12877556           2   1.1205970002606980     
    12877556           3   1.1792577957025736     
    12877556           4   1.0729889625804583     
    12877556           5   1.0326505272962656     
    12877556           6  0.97178838658265465     
    12877556           7   1.0252932739819816     
    12877556           8  0.77140701664876876     
    12877556           9  0.80768803977777504     
    12877556          10  0.96773794619231057     
    12878257           1   1.2270104344224564     
    12878257           2   1.5110951980461305     
    12878257           3   1.1498191113146077     
    12878257           4  0.98585942270797799     
    12878257           5  0.75523623874581969     
    12878257           6  0.80022206165581533     
    12878257           7   1.0494164982155785     
    12878257           8  0.92852301618412403     
    12878257           9  0.74325983042934896     
    12878257          10  0.84955818827814034     
    12879188           1  0.90645816537647161     
    12879188           2  0.84180337907806968     
    12879188           3   1.2550741726517223     
    12879188           4   1.0780791483423033     
    12879188           5   1.0174542985693793     
    12879188           6  0.81695074920629507     
    12879188           7   1.1427980070537203     
    12879188           8   1.0543535002298832     
    12879188           9  0.89801922258827271     
    12879188          10  0.98900935690388170     
    12879731           1   1.1396334762215816     
    12879731           2   1.1064143497951147     
    12879731           3   1.3404975197064901     
    12879731           4   1.1369819183665342     
    12879731           5  0.96788057399552896     
    12879731           6   1.0883770010014833     
    12879731           7  0.99071917132213283     
    12879731           8  0.97384755458803218     
    12879731           9  0.62774818559361678     
    12879731          10  0.62790024940948630     
    12880286           1   1.1426891635771255     
    12880286           2  0.94315255846138446     
    12880286           3   1.0357171346951681     
    12880286           4  0.77763152514382572     
    12880286           5  0.70158817806063023     
    12880286           6   1.0521498594273777     
    12880286           7   1.0310295082177916     
    12880286           8   1.0148817985093010     
    12880286           9   1.1420355813078380     
    12880286          10   1.1591246925995582     
    12880929           1   1.0990110793818628     
    12880929           2   1.2897139285539660     
    12880929           3  0.76195883114066032     
    12880929           4  0.68107549625921304     
    12880929           5  0.86033580008443900     
    12880929           6   1.1204511743985552     
    12880929           7   1.1719757189725741     
    12880929           8   1.0309351943376899     
    12880929           9   1.0199178146100463     
    12880929          10  0.96462496226099426     
    12881001           1   1.0672163135278574     
    12881001           2  0.86616046312563344     
    12881001           3   1.0418624700235020     
    12881001           4  0.96403254236072589     
    12881001           5  0.74118923807391057     
    12881001           6   1.0554694116256342     
    12881001           7   1.3135284836252192     
    12881001           8  0.99285014302757035     
    12881001           9  0.98580737774055849     
    12881001          10  0.97188355686938932     
    12881442           1   1.1296172189071905     
    12881442           2   1.0921719888368842     
    12881442           3  0.91592867561390956     
    12881442           4  0.94644425591687265     
    12881442           5   1.0285403898264527     
    12881442           6  0.78150098226713527     
    12881442           7  0.85929530411048327     
    12881442           8   1.1131388345750606     
    12881442           9   1.2097874931896666     
    12881442          10  0.92357485675634221     
    12882876           1  0.58361043980170402     
    12882876           2  0.71923768034036617     
    12882876           3   1.0288766982116213     
    12882876           4   1.3072397993278206     
    12882876           5   1.1033780421012327     
    12882876           6  0.97740583207339049     
    12882876           7  0.90314799878621344     
    12882876           8   1.0734113502578884     
    12882876           9   1.0554758637011614     
    12882876          10   1.2482162953986000     
    12885529           1  0.84358794679205895     
    12885529           2  0.77613497181314739     
    12885529           3   1.1667992056221563     
    12885529           4  0.69899870296607192     
    12885529           5  0.87954885897066426     
    12885529           6   1.1906994236514301     
    12885529           7   1.3588265585270995     
    12885529           8   1.1083761163159060     
    12885529           9   1.0509348288462059     
    12885529          10  0.92609338649525930     
    12886244           1  0.54743002198557034     
    12886244           2  0.97250137070893261     
    12886244           3   1.2676793475837664     
    12886244           4  0.92040628150826431     
    12886244           5  0.94858595488482245     
    12886244           6   1.3495550250442323     
    12886244           7   1.0857703592062935     
    12886244           8   1.1374760608784382     
    12886244           9  0.79150564998722339     
    12886244          10  0.97908992821245688     
    12886333           1   1.0526805231871734     
    12886333           2   1.0377022297195204     
    12886333           3   1.3297495025306973     
    12886333           4  0.77496606105280141     
    12886333           5  0.71842957245899530     
    12886333           6  0.86840538752639373     
    12886333           7   1.0902164858109573     
    12886333           8   1.0839922165660556     
    12886333           9  0.96206557105796109     
    12886333          10   1.0817924500894449     
    12887128           1  0.96949771026982345     
    12887128           2   1.2649202486952307     
    12887128           3   1.0711245352673466     
    12887128           4  0.74954223785713314     
    12887128           5   1.1641358329580811     
    12887128           6   1.1747369861488939     
    12887128           7   1.0707603393501237     
    12887128           8   1.0534058385014227     
    12887128           9  0.45206677297182152     
    12887128          10   1.0298094979801229     
    12887557           1  0.92882132276093077     
    12887557           2  0.85913538053352467     
    12887557           3   1.4902419535665288     
    12887557           4   1.2207728277092424     
    12887557           5  0.84342739274204381     
    12887557           6  0.88516669381291102     
    12887557           7   1.0021607959771068     
    12887557           8  0.98718672691224552     
    12887557           9  0.77611485873618224     
    12887557          10   1.0069720472492854     
    12888091           1  0.96011348099125560     
    12888091           2  0.64202083780410646     
    12888091           3   1.2213223585907873     
    12888091           4   1.1558708739776384     
    12888091           5  0.92603844160481064     
    12888091           6   1.1265909140537567     
    12888091           7   1.0749537791914321     
    12888091           8  0.61256079202240310     
    12888091           9   1.3974636561361506     
    12888091          10  0.88306486562765896     
    12889054           1  0.99539448049855994     
    12889054           2  0.76219930232659105     
    12889054           3   1.1571837990964775     
    12889054           4  0.79250926879860917     
    12889054           5   1.0489398193559460     
    12889054           6  0.74886603945255936     
    12889054           7   1.1449317473381335     
    12889054           8   1.1107106363782977     
    12889054           9   1.0993574556977372     
    12889054          10   1.1399074510570888     
    12890141           1   1.1968459331427326     
    12890141           2  0.91395767553451057     
    12890141           3   1.2014550356584897     
    12890141           4   1.0205326173989540     
    12890141           5   1.0420433201790509     
    12890141           6   1.2187989793131180     
    12890141           7  0.65464580386250337     
    12890141           8   1.0110873311720356     
    12890141           9  0.58630554842850247     
    12890141          10   1.1543277553101023     
    12895139           1   1.0968388030932459     
    12895139           2  0.99930692617536054     
    12895139           3  0.92340456740912369     
    12895139           4   1.0434641095663573     
    12895139           5  0.68458076983143024     
    12895139           6   1.1207817449508428     
    12895139           7   1.1624167689612988     
    12895139           8  0.69368988995891290     
    12895139           9   1.1406857647456108     
    12895139          10   1.1348306553078171     
    12895784           1  0.63327594262479747     
    12895784           2   1.2361078101902705     
    12895784           3   1.1865431457401958     
    12895784           4  0.77386031501298047     
    12895784           5   1.3519276487178042     
    12895784           6  0.75055053293233542     
    12895784           7   1.0819501557254745     
    12895784           8   1.2092493481681943     
    12895784           9  0.97208705174824261     
    12895784          10  0.80444804913970580     
    12896108           1  0.99436451473632259     
    12896108           2   1.2550447323925618     
    12896108           3   1.3368917331238441     
    12896108           4  0.67331784715924692     
    12896108           5  0.71300253373914324     
    12896108           6   1.1791182530944082     
    12896108           7  0.84455000261152258     
    12896108           8  0.99279303887255232     
    12896108           9  0.96220861930233015     
    12896108          10   1.0487087249680676     
    12896163           1  0.72301296425458117     
    12896163           2   1.2244464661801486     
    12896163           3   1.1995055360055042     
    12896163           4  0.97840740232160284     
    12896163           5   1.1032882165154063     
    12896163           6  0.78925155385166745     
    12896163           7  0.93787395656072203     
    12896163           8   1.2961138539990258     
    12896163           9  0.93358463895924637     
    12896163          10  0.81451541135209637     
    12896505           1   1.0395507473101189     
    12896505           2   1.0049272319187936     
    12896505           3   1.3165635242673808     
    12896505           4  0.86162319521994168     
    12896505           5  0.71253174217413373     
    12896505           6  0.88117440691359850     
    12896505           7   1.1125533231443467     
    12896505           8   1.0360446934989838     
    12896505           9  0.98634342296083144     
    12896505          10   1.0486877125918719     
    12896549           1  0.88795989125447405     
    12896549           2   1.0629506669206392     
    12896549           3  0.80281185758095974     
    12896549           4  0.71702832795301008     
    12896549           5  0.82143854043979658     
    12896549           6   1.2606591494115122     
    12896549           7   1.4000835655739223     
    12896549           8   1.0977375731949837     
    12896549           9  0.93835779001581998     
    12896549          10   1.0109726376548829     
    12897892           1   1.0869006823698717     
    12897892           2   1.2707746395910924     
    12897892           3  0.97715951489774355     
    12897892           4  0.86509213352264702     
    12897892           5  0.96188377740861430     
    12897892           6   1.1477620591846887     
    12897892           7   1.0127035213199072     
    12897892           8   1.0690092532906195     
    12897892           9  0.94885723837386204     
    12897892          10  0.65985718004095295     
    12898102           1  0.94625231508453589     
    12898102           2   1.0973227174539524     
    12898102           3   1.3191895713383184     
    12898102           4  0.39051262180635377     
    12898102           5  0.76165940570927060     
    12898102           6   1.0631817064294169     
    12898102           7   1.1792246650634595     
    12898102           8   1.2050869364182109     
    12898102           9  0.85393143971059227     
    12898102          10   1.1836386209858885     
    12898377           1  0.64802069869247603     
    12898377           2   1.0120508205017806     
    12898377           3   1.1835371790964888     
    12898377           4  0.93796167940427067     
    12898377           5   1.2306449246954330     
    12898377           6  0.91264207465688274     
    12898377           7   1.1122240101501055     
    12898377           8   1.2024114602478899     
    12898377           9  0.93717835100842284     
    12898377          10  0.82332880154625132     
    12898547           1  0.93748682145312878     
    12898547           2   1.3935821469702308     
    12898547           3   1.1212354456021834     
    12898547           4  0.93275273606115761     
    12898547           5   1.1656148647057973     
    12898547           6   1.0478629343933623     
    12898547           7  0.63540498337836238     
    12898547           8  0.73803711270191052     
    12898547           9  0.99740627405478477     
    12898547          10   1.0306166806790831     
    12898983           1   1.0106695215266224     
    12898983           2  0.87953361095401705     
    12898983           3   1.1909478883315736     
    12898983           4   1.0628601599893535     
    12898983           5   1.1023169186773289     
    12898983           6   1.1745958025757037     
    12898983           7  0.58283269245978420     
    12898983           8   1.0901335148297069     
    12898983           9  0.83068521496257464     
    12898983          10   1.0754246756933352     
    12901152           1   1.2247083234731169     
    12901152           2  0.98021249971925206     
    12901152           3  0.96144353787352510     
    12901152           4  0.92486536349437398     
    12901152           5   1.0393538763972077     
    12901152           6   1.0900862863452419     
    12901152           7   1.1448918340422531     
    12901152           8   1.0443884723319958     
    12901152           9  0.65306300338168055     
    12901152          10  0.93698680294135261     
    12905354           1   1.0303192927722475     
    12905354           2   1.2052397064171316     
    12905354           3  0.85677057840451809     
    12905354           4  0.77993389501680388     
    12905354           5  0.84717836170435656     
    12905354           6  0.85482594555211011     
    12905354           7   1.1169236979735890     
    12905354           8   1.0995651277381664     
    12905354           9   1.2329230962382212     
    12905354          10  0.97632029818285526     
    12905495           1  0.76701660553743856     
    12905495           2   1.2122864777620319     
    12905495           3  0.83711108478131668     
    12905495           4  0.97573444875827575     
    12905495           5   1.1374032080757737     
    12905495           6   1.1366014116658048     
    12905495           7  0.93574336288419546     
    12905495           8   1.0204279640469920     
    12905495           9   1.0076591753804960     
    12905495          10  0.97001626110767647     
    12905581           1   1.0203088379786074     
    12905581           2   1.0258371433553144     
    12905581           3   1.1155239227973819     
    12905581           4   1.0712909422567056     
    12905581           5  0.68645779487549530     
    12905581           6  0.76941122195435985     
    12905581           7   1.1656958071071346     
    12905581           8   1.1714704864531433     
    12905581           9   1.1370273531342627     
    12905581          10  0.83697649008759523     
    12906121           1   1.0259920032076120     
    12906121           2  0.98618138245181519     
    12906121           3   1.3441065232591984     
    12906121           4  0.91587901426589347     
    12906121           5  0.79099486944210140     
    12906121           6  0.78306175166533132     
    12906121           7   1.1271452315720396     
    12906121           8  0.71515376375770168     
    12906121           9   1.0541892439937717     
    12906121          10   1.2572962163845345     
    12906663           1   1.1401911951642167     
    12906663           2   1.2300403857143607     
    12906663           3  0.68050737466884104     
    12906663           4   1.0709438344000821     
    12906663           5  0.80170548277986042     
    12906663           6   1.0921980066059283     
    12906663           7   1.2634842020426125     
    12906663           8  0.66694535385278619     
    12906663           9  0.94942494003602373     
    12906663          10   1.1045592247352893     
    12907734           1   1.2247974567087920     
    12907734           2   1.0954736342271529     
    12907734           3  0.98141708720890319     
    12907734           4  0.88705445437368435     
    12907734           5  0.95439179398445440     
    12907734           6   1.0745989311549518     
    12907734           7   1.1488455108475977     
    12907734           8   1.0773753323403732     
    12907734           9  0.70936194192163238     
    12907734          10  0.84668385723245687     
    12909650           1   1.1159599021469304     
    12909650           2  0.95732297261996646     
    12909650           3   1.0562745022004254     
    12909650           4  0.54324218649232769     
    12909650           5  0.97856013400668584     
    12909650           6   1.0690703484985320     
    12909650           7   1.1071022498740755     
    12909650           8   1.0940716723771384     
    12909650           9  0.93157268250648084     
    12909650          10   1.1468233492774378     
    12910405           1  0.49733145936750067     
    12910405           2  0.87543592425614225     
    12910405           3  0.98219999261967217     
    12910405           4   1.3163037600100074     
    12910405           5   1.1968060804226783     
    12910405           6  0.92464513038597496     
    12910405           7  0.95093041716986038     
    12910405           8   1.0112226036979066     
    12910405           9   1.0333548095952434     
    12910405          10   1.2117698224750142     
    12913419           1   1.0289885070499387     
    12913419           2   1.2866518384996730     
    12913419           3   1.2421108661213958     
    12913419           4  0.97198448639527324     
    12913419           5  0.76991032873049736     
    12913419           6   1.1241490178423679     
    12913419           7  0.78627333829147106     
    12913419           8   1.0401480776066272     
    12913419           9   1.0724597133763574     
    12913419          10  0.67732382608639896     
    12914553           1   1.0017453840205692     
    12914553           2  0.87520699680408542     
    12914553           3   1.1691148541773995     
    12914553           4   1.0551267174076437     
    12914553           5   1.1365018730513146     
    12914553           6   1.1075920021515429     
    12914553           7  0.80887061524268355     
    12914553           8  0.76904195088249283     
    12914553           9   1.1630178235898918     
    12914553          10  0.91378178267237598     
    12917650           1  0.88805017176886425     
    12917650           2   1.0630587390688591     
    12917650           3  0.80289348093824742     
    12917650           4  0.66662228561876824     
    12917650           5  0.87326639476964341     
    12917650           6   1.2607873229445745     
    12917650           7   1.3807892517207008     
    12917650           8   1.0818222851879398     
    12917650           9  0.93845319457721865     
    12917650          10   1.0442568734051849     
    12918858           1   1.0300977932688353     
    12918858           2   1.3288561698242969     
    12918858           3   1.0134045228347619     
    12918858           4  0.93264993740485236     
    12918858           5  0.92690259668659569     
    12918858           6   1.0274098196546850     
    12918858           7   1.1767429016665505     
    12918858           8   1.0154668549609269     
    12918858           9  0.83556497490386428     
    12918858          10  0.71290442879463045     
    12918924           1  0.90601511333471541     
    12918924           2  0.84139192853340727     
    12918924           3   1.2544607266086631     
    12918924           4   1.0775522126423536     
    12918924           5   1.0169569946434032     
    12918924           6  0.83549140504365993     
    12918924           7   1.1422394385398278     
    12918924           8   1.0538381609799845     
    12918924           9  0.89758029527171113     
    12918924          10  0.97447372440227598     
    12920113           1  0.54644587722703319     
    12920113           2  0.97075305204131201     
    12920113           3   1.2852345882216738     
    12920113           4  0.91875161701912011     
    12920113           5  0.94688063026244285     
    12920113           6   1.3471288564913324     
    12920113           7   1.0819617383914237     
    12920113           8   1.1354311582272929     
    12920113           9  0.79008271718210965     
    12920113          10  0.97732976493625989     
    12921218           1  0.79769220574760791     
    12921218           2   1.0604032123035709     
    12921218           3  0.73278315905290392     
    12921218           4  0.86782541882306097     
    12921218           5   1.2187531128200055     
    12921218           6   1.1952234161443585     
    12921218           7   1.0155740794614769     
    12921218           8   1.1036651339683616     
    12921218           9   1.0015564062945748     
    12921218          10   1.0065238553840781     
    12921565           1   1.1347072064795449     
    12921565           2   1.0970932504439190     
    12921565           3  0.92005579540104243     
    12921565           4  0.95070887708226492     
    12921565           5   1.0331749312571739     
    12921565           6  0.78502237891455073     
    12921565           7  0.81810783589036384     
    12921565           8   1.1181545715339691     
    12921565           9   1.2152387232191473     
    12921565          10  0.92773642977802173     
    12921822           1   1.0979494370243936     
    12921822           2  0.85694345981942655     
    12921822           3   1.3200399606924651     
    12921822           4  0.84925380840494868     
    12921822           5  0.69467502703419814     
    12921822           6  0.94132362161745575     
    12921822           7   1.3571783314710122     
    12921822           8  0.99317321502617606     
    12921822           9   1.0424875588293760     
    12921822          10  0.84697558008054907     
    12922146           1  0.86516273158175427     
    12922146           2  0.94934433534453622     
    12922146           3   1.0114192253838612     
    12922146           4   1.3059976260759514     
    12922146           5  0.75566280298789934     
    12922146           6  0.66306939143104771     
    12922146           7   1.0010140285615252     
    12922146           8   1.1104259429167591     
    12922146           9   1.0571369827937764     
    12922146          10   1.2807669329228895     
    12922218           1  0.77491072716392029     
    12922218           2   1.2173763461738223     
    12922218           3  0.84062575342255563     
    12922218           4  0.97983113715671355     
    12922218           5   1.1104212622845520     
    12922218           6   1.1264714833491658     
    12922218           7  0.93967214594963022     
    12922218           8   1.0247123012527477     
    12922218           9   1.0118899019461245     
    12922218          10  0.97408894130076884     
    12923151           1  0.99852286923526268     
    12923151           2  0.94554781834491919     
    12923151           3   1.1432060777196276     
    12923151           4   1.0870698349956949     
    12923151           5   1.3607895534587855     
    12923151           6  0.49022154744059765     
    12923151           7  0.94339558751643371     
    12923151           8   1.1475533039543337     
    12923151           9  0.67246515483473290     
    12923151          10   1.2112282524996127     
    12924269           1   1.0813097419864506     
    12924269           2   1.0538250187869884     
    12924269           3   1.2246625043084136     
    12924269           4   1.0170293611012633     
    12924269           5  0.63419429065707467     
    12924269           6   1.1279502378218100     
    12924269           7   1.2410898252579319     
    12924269           8  0.54734441867626604     
    12924269           9   1.0122308094442178     
    12924269          10   1.0603637919595863     
    12924631           1   1.0190599355297962     
    12924631           2  0.94242248155660269     
    12924631           3   1.2952013265721192     
    12924631           4  0.92823811092156405     
    12924631           5  0.84117802927100038     
    12924631           6  0.65517890641974830     
    12924631           7   1.0229654946544013     
    12924631           8  0.75918646981929871     
    12924631           9   1.1085822735933064     
    12924631          10   1.4279869716621614     
    12924978           1   1.1590690601943101     
    12924978           2   1.2229186969244774     
    12924978           3  0.67656737253728705     
    12924978           4   1.0647432829477717     
    12924978           5  0.79706376774691434     
    12924978           6   1.0858743977307117     
    12924978           7   1.2561688802187232     
    12924978           8  0.69550253605654722     
    12924978           9  0.94392795877360502     
    12924978          10   1.0981640468696527     
    12926696           1  0.79001042746740413     
    12926696           2   1.1564465569684255     
    12926696           3   1.1709325603360388     
    12926696           4  0.85162166741479284     
    12926696           5   1.0873382759367438     
    12926696           6  0.66276601568333737     
    12926696           7  0.83912138610172105     
    12926696           8   1.0133719966673984     
    12926696           9   1.0635332672312039     
    12926696          10   1.3648578461929346     
    12927097           1  0.89390304592090153     
    12927097           2   1.3053229640556723     
    12927097           3   1.1919627151364633     
    12927097           4  0.67810174223823705     
    12927097           5  0.84796608015865260     
    12927097           6   1.1991701845983669     
    12927097           7   1.0388088439500169     
    12927097           8   1.1435826718915665     
    12927097           9  0.82456122184442115     
    12927097          10  0.87662053020570097     
    12927304           1   1.0068337618878904     
    12927304           2   1.3114620747960588     
    12927304           3   1.1866355320855886     
    12927304           4  0.98036037216239358     
    12927304           5  0.77654488005784261     
    12927304           6   1.1338361516294384     
    12927304           7  0.79035392152960582     
    12927304           8   1.0491113497584628     
    12927304           9   1.0817014247151802     
    12927304          10  0.68316053137753829     
    12927936           1   1.2047287445910573     
    12927936           2   1.1888138096986907     
    12927936           3   1.2029082778735491     
    12927936           4  0.63629421676075082     
    12927936           5  0.80438249811522489     
    12927936           6   1.1731649339493553     
    12927936           7   1.0610548940673066     
    12927936           8   1.1177364700577916     
    12927936           9   1.1213322548117319     
    12927936          10  0.48958390007454333     
    12928376           1   1.2335786992273372     
    12928376           2  0.88014204031452759     
    12928376           3   1.0707447144432072     
    12928376           4   1.2252655887597561     
    12928376           5  0.85259321123492593     
    12928376           6  0.90091335224839253     
    12928376           7  0.92982671026986763     
    12928376           8   1.0220378954666882     
    12928376           9  0.95106580871987734     
    12928376          10  0.93383197931542083     
    12929396           1   1.0701390048766382     
    12929396           2   1.0677197576456900     
    12929396           3  0.92030585272258070     
    12929396           4  0.94781847458471646     
    12929396           5   1.2422047239360947     
    12929396           6  0.67744535631899094     
    12929396           7  0.96768721718252393     
    12929396           8  0.95675736925392063     
    12929396           9  0.99383156901525771     
    12929396          10   1.1560906744635886     
    12929444           1   1.0932784328744709     
    12929444           2  0.85329776692858295     
    12929444           3   1.3144241172605775     
    12929444           4  0.90147053633068774     
    12929444           5  0.69171967242067567     
    12929444           6  0.93731895036873991     
    12929444           7   1.3514044903407076     
    12929444           8  0.98894796015328135     
    12929444           9   1.0247657798012244     
    12929444          10  0.84337229352105025     
    12929507           1  0.72952123100180544     
    12929507           2   1.3063404525653541     
    12929507           3   1.1980954764166836     
    12929507           4  0.99855161241588497     
    12929507           5  0.96489255126833184     
    12929507           6   1.0269133658383012     
    12929507           7  0.96898038930085417     
    12929507           8   1.1364695879900739     
    12929507           9  0.98913742106226599     
    12929507          10  0.68109791214044713     
    12929762           1   1.0915261362750892     
    12929762           2  0.85469258659924030     
    12929762           3   1.3123173703957689     
    12929762           4  0.90002566766068026     
    12929762           5  0.69061099050282126     
    12929762           6  0.93581662419099865     
    12929762           7   1.3492384716746419     
    12929762           8  0.98736288347433698     
    12929762           9   1.0363887250470873     
    12929762          10  0.84202054417933481     
    12929922           1  0.49726545118283505     
    12929922           2  0.87531973225770177     
    12929922           3  0.98206963038886963     
    12929922           4   1.3174563012663323     
    12929922           5   1.1966472346563841     
    12929922           6  0.92452240710883837     
    12929922           7  0.95080420518507958     
    12929922           8   1.0110883894488265     
    12929922           9   1.0332176578550667     
    12929922          10   1.2116089906500662     
    12929976           1  0.89060144569825939     
    12929976           2   1.0661127940452799     
    12929976           3  0.80520010872924141     
    12929976           4  0.71916138529566598     
    12929976           5  0.82388220332160733     
    12929976           6   1.2644094311652545     
    12929976           7   1.3656452746659538     
    12929976           8   1.1098579485032265     
    12929976           9  0.94114927104383694     
    12929976          10   1.0139801375316733     
    12930344           1   1.1423373394026131     
    12930344           2   1.3356861086375544     
    12930344           3   1.0202851538002509     
    12930344           4  0.92737112925006948     
    12930344           5  0.90248393294362417     
    12930344           6  0.89725851579377380     
    12930344           7   1.0637683104133968     
    12930344           8  0.93901095031936177     
    12930344           9  0.73668796054812880     
    12930344          10   1.0351105988912273     
    12930476           1  0.99347270961526291     
    12930476           2   1.0596047272087661     
    12930476           3  0.82275783754035392     
    12930476           4  0.95710833576187204     
    12930476           5   1.0469828657676212     
    12930476           6   1.2640979985951790     
    12930476           7   1.0847800542826707     
    12930476           8   1.0978160394412317     
    12930476           9  0.65887946657736907     
    12930476          10   1.0144999652096718     
    12931091           1   1.0976884346647930     
    12931091           2   1.2853996767651272     
    12931091           3  0.76104182416817401     
    12931091           4  0.68025583126770128     
    12931091           5  0.82889470906260765     
    12931091           6   1.1191027268220428     
    12931091           7   1.1705652623153902     
    12931091           8   1.0748971279975759     
    12931091           9   1.0186903575491966     
    12931091          10  0.96346404938738994     
    12931333           1   1.1127067691336059     
    12931333           2   1.1988786271355503     
    12931333           3   1.3031910720098241     
    12931333           4  0.58923266237301752     
    12931333           5   1.1243629527021224     
    12931333           6  0.99166875927282239     
    12931333           7  0.83623260090943208     
    12931333           8   1.1248579044150588     
    12931333           9  0.85846974964137701     
    12931333          10  0.86039890240719119     
    12931486           1   1.2246612239587682     
    12931486           2   1.0953517860105748     
    12931486           3   1.0171026263091785     
    12931486           4  0.88695578837215217     
    12931486           5  0.91960322517654391     
    12931486           6   1.0744794048065240     
    12931486           7   1.1487177261412873     
    12931486           8   1.0772554971761763     
    12931486           9  0.70928304044483648     
    12931486          10  0.84658968160395620     
    12932255           1   1.1587617818155802     
    12932255           2   1.0269127262964772     
    12932255           3   1.1695212796134220     
    12932255           4  0.97841655926322779     
    12932255           5  0.96830658614757337     
    12932255           6   1.1130011444914916     
    12932255           7  0.86086217456268632     
    12932255           8  0.64580410028253810     
    12932255           9  0.83567811052701491     
    12932255          10   1.2427355369999888     
    12932356           1  0.93783189123546129     
    12932356           2   1.3904143000552172     
    12932356           3   1.1216481495061783     
    12932356           4  0.93309606332319184     
    12932356           5   1.1660439037690069     
    12932356           6   1.0482486313721475     
    12932356           7  0.63563886299596328     
    12932356           8  0.73830876911350540     
    12932356           9  0.99777339896577999     
    12932356          10   1.0309960296635510     
    12933281           1   1.0604383092476748     
    12933281           2   1.1990555854178948     
    12933281           3   1.1821445401258706     
    12933281           4  0.94250345391766266     
    12933281           5  0.50884107627993835     
    12933281           6  0.70282512626329452     
    12933281           7   1.2743846375056538     
    12933281           8   1.2829136447131329     
    12933281           9  0.73486539876106594     
    12933281          10   1.1120282277678102     
    12933443           1   1.1246165087883297     
    12933443           2   1.0733887264062127     
    12933443           3   1.2098387356668949     
    12933443           4  0.56485169131623558     
    12933443           5  0.83144829371532780     
    12933443           6   1.0777901952058329     
    12933443           7   1.2080023096439074     
    12933443           8   1.1515060165051318     
    12933443           9   1.0971366343340656     
    12933443          10  0.66142088841806013     
    12933694           1   1.1901216370601180     
    12933694           2  0.97139884766121731     
    12933694           3   1.2957649946692182     
    12933694           4  0.99430098474075335     
    12933694           5  0.74748523522545673     
    12933694           6  0.70451719336625107     
    12933694           7   1.1966908483693288     
    12933694           8  0.66142477002518529     
    12933694           9   1.0518860083235106     
    12933694          10   1.1864094805589607     
    12934578           1  0.84082447185872999     
    12934578           2  0.77359246329623244     
    12934578           3   1.1974037209219084     
    12934578           4  0.69670888196824732     
    12934578           5  0.87499938373579766     
    12934578           6   1.1867988605591018     
    12934578           7   1.3543752346935727     
    12934578           8   1.1047452327479423     
    12934578           9   1.0474921148208065     
    12934578          10  0.92305963539766067     
    12935246           1  0.54830862399095759     
    12935246           2  0.97406219423017038     
    12935246           3   1.2697139192591296     
    12935246           4  0.92188349461720409     
    12935246           5  0.93592182002618252     
    12935246           6   1.3517210037150471     
    12935246           7   1.0856499732393212     
    12935246           8   1.1393016617918537     
    12935246           9  0.79277598304062780     
    12935246          10  0.98066132608950762     
    12935315           1  0.49683288270555703     
    12935315           2  0.87455829644346317     
    12935315           3   1.0182511740589233     
    12935315           4   1.3149841605308104     
    12935315           5   1.1956062778175309     
    12935315           6  0.92371817015873214     
    12935315           7  0.92296630289048187     
    12935315           8   1.0102088492274477     
    12935315           9   1.0323188675049790     
    12935315          10   1.2105550186620762     
    12936481           1   1.3447486679337997     
    12936481           2   1.2941530187863723     
    12936481           3   1.1578320565472431     
    12936481           4  0.92600433129671278     
    12936481           5  0.65306641299664214     
    12936481           6   1.0551168346990354     
    12936481           7   1.0919633272764768     
    12936481           8  0.83688362057876742     
    12936481           9  0.81037996596787887     
    12936481          10  0.82985176391707027     
    12936663           1   1.1116643942589206     
    12936663           2   1.1977555271478542     
    12936663           3   1.3447601886141429     
    12936663           4  0.58868067388904355     
    12936663           5   1.1233096584071336     
    12936663           6  0.99073977184563056     
    12936663           7  0.83544922484238471     
    12936663           8   1.1238041464532318     
    12936663           9  0.82424352700105630     
    12936663          10  0.85959288754060204     
    12938225           1  0.76269993384851376     
    12938225           2   1.2858329188281679     
    12938225           3   1.3612855761158635     
    12938225           4  0.95050339028792574     
    12938225           5  0.90186657512093615     
    12938225           6   1.0285448017740066     
    12938225           7  0.89224883873947625     
    12938225           8   1.1730027551578415     
    12938225           9  0.97360948652321622     
    12938225          10  0.67040572360405326     
    12938424           1  0.97594563572647164     
    12938424           2  0.88198391991962788     
    12938424           3   1.0145037651941049     
    12938424           4   1.2509493339291951     
    12938424           5  0.84149405480046935     
    12938424           6   1.2048536219080150     
    12938424           7  0.87602580812629938     
    12938424           8   1.1785519138476734     
    12938424           9  0.58333902691238282     
    12938424          10   1.1923529196357618     
    12938594           1   1.0686462224986693     
    12938594           2   1.0662303499784997     
    12938594           3  0.89867753950596385     
    12938594           4  0.92203194574923064     
    12938594           5   1.2404719197739520     
    12938594           6  0.67650035900056649     
    12938594           7  0.96633734915732994     
    12938594           8  0.95542274773811231     
    12938594           9  0.99244523112257788     
    12938594          10   1.2132363354750964     
    12940171           1  0.85963916383248962     
    12940171           2  0.94328331634517515     
    12940171           3   1.0049618938202343     
    12940171           4   1.2976595804058373     
    12940171           5  0.75083832946917561     
    12940171           6  0.65883607372983677     
    12940171           7   1.0584673918115164     
    12940171           8   1.1033365102558907     
    12940171           9   1.0503877695746182     
    12940171          10   1.2725899707552248     
    12941294           1   1.0170504012210846     
    12941294           2  0.94056407240522677     
    12941294           3   1.2926472554996633     
    12941294           4  0.92640767262690105     
    12941294           5  0.83951926902479790     
    12941294           6  0.65388692697389739     
    12941294           7   1.0209482587819425     
    12941294           8  0.77706710511816779     
    12941294           9   1.1067379842901177     
    12941294          10   1.4251710540582017     
    12941738           1   1.0963278940504284     
    12941738           2  0.96221304235159066     
    12941738           3   1.0101976993251405     
    12941738           4  0.90084890226480008     
    12941738           5   1.0965168614078695     
    12941738           6  0.80398537670397852     
    12941738           7  0.93545631072748192     
    12941738           8   1.3334815291140039     
    12941738           9  0.98532845951835424     
    12941738          10  0.87564392453635076     
    12942220           1  0.87511575177283329     
    12942220           2   1.0727196202859326     
    12942220           3  0.91896677199209609     
    12942220           4   1.1936797584817458     
    12942220           5   1.2373771499776332     
    12942220           6  0.61617273354072766     
    12942220           7  0.91293174758345608     
    12942220           8   1.0362377123750064     
    12942220           9  0.95767758382512880     
    12942220          10   1.1791211701654403     
    12942693           1  0.95958769946658540     
    12942693           2  0.97280445265469595     
    12942693           3   1.2918096476291892     
    12942693           4  0.81669715727014858     
    12942693           5  0.89976525679746100     
    12942693           6  0.89768281457815469     
    12942693           7   1.2156441872716062     
    12942693           8   1.0104159062600784     
    12942693           9   1.1545748865468131     
    12942693          10  0.78101799152526696     
    12942718           1   1.1845811536484623     
    12942718           2  0.91523102475371010     
    12942718           3   1.2031289335560749     
    12942718           4   1.0219544495541164     
    12942718           5   1.0434951215957260     
    12942718           6   1.2204970412367864     
    12942718           7  0.65555787314701708     
    12942718           8   1.0124960039127482     
    12942718           9  0.58712240432050766     
    12942718          10   1.1559359942748497     
    12943461           1   1.0280912486185050     
    12943461           2  0.93689978190131307     
    12943461           3   1.0931408790994648     
    12943461           4   1.0465241999523580     
    12943461           5  0.61217257983438034     
    12943461           6   1.1835697138028887     
    12943461           7   1.0812118975521270     
    12943461           8   1.0412925034813150     
    12943461           9   1.0454161715202341     
    12943461          10  0.93168102423741517     
    12943610           1  0.55304278249307726     
    12943610           2  0.97192391745550977     
    12943610           3   1.2669266231294805     
    12943610           4  0.91985976135134118     
    12943610           5  0.94802270216117834     
    12943610           6   1.3487536843331989     
    12943610           7   1.0851256489310404     
    12943610           8   1.1368006487177684     
    12943610           9  0.79103566863145980     
    12943610          10  0.97850856279594578     
    12944201           1   1.1386113530668946     
    12944201           2   1.1143908966506915     
    12944201           3   1.3392952440781583     
    12944201           4   1.1359621733612577     
    12944201           5  0.96701249389232558     
    12944201           6   1.0874008491447997     
    12944201           7  0.98983060756375862     
    12944201           8  0.97297412277381434     
    12944201           9  0.62718516601829222     
    12944201          10  0.62733709345000799     
    12944734           1  0.87310848480306591     
    12944734           2   1.0549965926306777     
    12944734           3  0.91685892323723528     
    12944734           4   1.2291414693373943     
    12944734           5   1.2345389582558373     
    12944734           6  0.61475940830552078     
    12944734           7  0.91083774146042151     
    12944734           8   1.0338608773921325     
    12944734           9  0.95548094346320578     
    12944734          10   1.1764166011145099     
    12944760           1  0.97749581730578639     
    12944760           2  0.84850306077531035     
    12944760           3   1.1721763326373393     
    12944760           4   1.0862313982299074     
    12944760           5  0.58852450856137162     
    12944760           6   1.1562618443895893     
    12944760           7   1.2055297485594296     
    12944760           8   1.0479507850873455     
    12944760           9  0.96674231627115825     
    12944760          10  0.95058418818276336     
    12944949           1   1.1098841704624469     
    12944949           2   1.1029625685914166     
    12944949           3   1.1783509521136755     
    12944949           4  0.97941499198843085     
    12944949           5  0.90034162958040642     
    12944949           6   1.0777250895842723     
    12944949           7  0.80099384697928477     
    12944949           8   1.0819165058877516     
    12944949           9  0.59156930604897606     
    12944949          10   1.1768409387633403     
    12945404           1   1.0969324907222278     
    12945404           2   1.2845144619184183     
    12945404           3  0.76051771829363746     
    12945404           4  0.68667404970576229     
    12945404           5  0.82832387501302462     
    12945404           6   1.1183320355213664     
    12945404           7   1.1697591303643919     
    12945404           8   1.0741568797202596     
    12945404           9   1.0179888171295108     
    12945404          10  0.96280054161140050     
    12945851           1  0.79254077481813401     
    12945851           2   1.1601505732445987     
    12945851           3   1.1746829742532674     
    12945851           4  0.85434935119597444     
    12945851           5   1.0908209432917608     
    12945851           6  0.66488880821066432     
    12945851           7  0.81901445046592913     
    12945851           8   1.0073830466450036     
    12945851           9   1.0669396888322182     
    12945851          10   1.3692293890424492     
    12947012           1   1.0327002788068658     
    12947012           2  0.94109999212978679     
    12947012           3   1.0980415329263220     
    12947012           4   1.0561056256635746     
    12947012           5  0.61491700733994925     
    12947012           6   1.1888757686382716     
    12947012           7   1.0860590726278110     
    12947012           8  0.99624001261053929     
    12947012           9   1.0501028709745988     
    12947012          10  0.93585783828228075     
    12947391           1  0.71416348964510890     
    12947391           2   1.0523945776064469     
    12947391           3   1.3330455853614782     
    12947391           4  0.93670933963918435     
    12947391           5  0.69407478006555301     
    12947391           6   1.1848015583922848     
    12947391           7  0.97596492972714410     
    12947391           8   1.0361641266563666     
    12947391           9  0.99912540817685846     
    12947391          10   1.0735562047295752     
    12947701           1  0.90300700053019645     
    12947701           2   1.1925456875730789     
    12947701           3   1.3665956913935597     
    12947701           4  0.79572622930123027     
    12947701           5  0.46590074838219869     
    12947701           6   1.0030434968471909     
    12947701           7   1.2018819095259552     
    12947701           8   1.1546718576115325     
    12947701           9  0.89274016287234259     
    12947701          10   1.0238872159627128     
    12949345           1   1.0726088086085850     
    12949345           2  0.88663392655317275     
    12949345           3   1.1078378733779064     
    12949345           4   1.0346145686651447     
    12949345           5  0.99816656109037638     
    12949345           6  0.67761102026869213     
    12949345           7  0.85944084849977309     
    12949345           8  0.98501974898845135     
    12949345           9   1.1698517162659459     
    12949345          10   1.2082149276819536     
    12949618           1   1.1608545979777620     
    12949618           2   1.0286977165855560     
    12949618           3   1.1715541535602758     
    12949618           4  0.98011725301473784     
    12949618           5  0.96998970663957251     
    12949618           6   1.0974750269639753     
    12949618           7  0.86235853407063734     
    12949618           8  0.64692664362836738     
    12949618           9  0.83713069483519265     
    12949618          10   1.2448956727239251     
    12949855           1   1.1364669897983164     
    12949855           2   1.1033401631463093     
    12949855           3   1.3367729299281657     
    12949855           4   1.1616079292816350     
    12949855           5  0.96519130524303476     
    12949855           6   1.0853529313606971     
    12949855           7  0.98796644523017818     
    12949855           8  0.97114170650242060     
    12949855           9  0.62600397910233163     
    12949855          10  0.62615562040691264     
    12950418           1   1.0055382405563813     
    12950418           2  0.73754022557873544     
    12950418           3   1.2546045204172791     
    12950418           4   1.1249342669745157     
    12950418           5   1.0535941110552289     
    12950418           6   1.0346165710183441     
    12950418           7  0.82244642744815577     
    12950418           8  0.82320656799476188     
    12950418           9   1.0517776354569204     
    12950418          10   1.0917414334996778     
    12950442           1   1.1094570478239132     
    12950442           2   1.1762053476256171     
    12950442           3   1.1484256667279737     
    12950442           4   1.0005219259198999     
    12950442           5  0.73104674002577974     
    12950442           6   1.0878202102287569     
    12950442           7  0.77044022348106034     
    12950442           8  0.95821899207145134     
    12950442           9  0.93208318023207948     
    12950442          10   1.0857806658634681     
    12950523           1  0.89506945442315089     
    12950523           2  0.82307325948100640     
    12950523           3   1.1903526325184715     
    12950523           4  0.78827356806270354     
    12950523           5  0.93914930523809459     
    12950523           6   1.2224827847774575     
    12950523           7   1.1618466350219110     
    12950523           8   1.0446594646723397     
    12950523           9   1.0493371130168641     
    12950523          10  0.88575578278800049     
    12950560           1   1.0103180116356003     
    12950560           2  0.88269674798173303     
    12950560           3   1.1791197780272491     
    12950560           4   1.0641561659873842     
    12950560           5   1.1462277050809577     
    12950560           6   1.1170704324346186     
    12950560           7  0.81579268015441386     
    12950560           8  0.77562317438540773     
    12950560           9   1.1472396950538495     
    12950560          10  0.86175560925878425     
    12950572           1   1.2175489379415649     
    12950572           2   1.5026036513600800     
    12950572           3   1.1131976657406297     
    12950572           4   1.0232165732303218     
    12950572           5  0.74941260040121294     
    12950572           6  0.79405153693338137     
    12950572           7   1.0413244313298315     
    12950572           8  0.92136316081240688     
    12950572           9  0.73752854235492815     
    12950572          10  0.89975289989564466     
    12951397           1   1.0000159252731944     
    12951397           2  0.73348972854599703     
    12951397           3   1.2477143580763399     
    12951397           4   1.1187562406752307     
    12951397           5   1.1027268759541324     
    12951397           6   1.0289345604573019     
    12951397           7  0.81792963406058017     
    12951397           8  0.81868559999145452     
    12951397           9   1.0460013780491622     
    12951397          10   1.0857456989166072     
    12951503           1   1.0238442828436560     
    12951503           2  0.83039655100865661     
    12951503           3   1.3584960519726714     
    12951503           4  0.83152016076000346     
    12951503           5   1.0084025761367479     
    12951503           6  0.77740372110456069     
    12951503           7  0.80501745365202915     
    12951503           8   1.0759017901999257     
    12951503           9   1.2169421821591957     
    12951503          10   1.0720752301625540     
    12951733           1   1.0220161997870649     
    12951733           2  0.94515642271191258     
    12951733           3   1.2696055028069433     
    12951733           4  0.93093090361596575     
    12951733           5  0.84361826311322363     
    12951733           6  0.65707956202952666     
    12951733           7   1.0259330888290206     
    12951733           8  0.76138884844991572     
    12951733           9   1.1121416868880476     
    12951733          10   1.4321295217683783     
    12951870           1  0.54828711265127283     
    12951870           2  0.97402397965207088     
    12951870           3   1.2696641056209255     
    12951870           4  0.92184732712295947     
    12951870           5  0.93588510177790407     
    12951870           6   1.3516679727605851     
    12951870           7   1.0856073808299895     
    12951870           8   1.1392569645101078     
    12951870           9  0.79274488071482274     
    12951870          10  0.98101517435936247     
    12952286           1   1.0647488895246169     
    12952286           2  0.73081405790904563     
    12952286           3   1.2622291393698932     
    12952286           4  0.86455822220889400     
    12952286           5  0.95172570329192474     
    12952286           6   1.1092150233010036     
    12952286           7   1.0918101784136907     
    12952286           8   1.0745021376142807     
    12952286           9   1.1460496895313788     
    12952286          10  0.70434695883527387     
    12952773           1  0.94638180812778738     
    12952773           2   1.0974728842285504     
    12952773           3   1.3392319559131936     
    12952773           4  0.39056606280408734     
    12952773           5  0.76176363752228093     
    12952773           6   1.0633272010638819     
    12952773           7   1.1793860399823073     
    12952773           8   1.2052518505455445     
    12952773           9  0.83281795986516116     
    12952773          10   1.1838005999472059     
    12952909           1  0.94309586306124349     
    12952909           2   1.0191463305955113     
    12952909           3   1.0504274087932874     
    12952909           4  0.96449838312403213     
    12952909           5  0.69274501032439295     
    12952909           6  0.86275213617868018     
    12952909           7   1.1883781921450549     
    12952909           8   1.2341961083752677     
    12952909           9   1.1048598144335533     
    12952909          10  0.93990075296897702     
    12952910           1   1.1409878292657680     
    12952910           2  0.95930733009105829     
    12952910           3   1.0071470819345083     
    12952910           4  0.89812849879385903     
    12952910           5   1.0932055754994114     
    12952910           6  0.78378505490036443     
    12952910           7  0.93263139903783132     
    12952910           8   1.3294546520526926     
    12952910           9  0.98235294280900187     
    12952910          10  0.87299963561550253     
    12953470           1   1.0034384892145101     
    12953470           2   1.1648286889214683     
    12953470           3   1.1855515601395650     
    12953470           4  0.98303939923264472     
    12953470           5  0.84900112296171726     
    12953470           6   1.1385006907652706     
    12953470           7  0.94821346023121988     
    12953470           8   1.1792459763367835     
    12953470           9  0.34418211847799568     
    12953470          10   1.2039984937188246     
    12953632           1   1.0562053385118504     
    12953632           2  0.96580634091306006     
    12953632           3   1.0656347347207491     
    12953632           4  0.54805615593855073     
    12953632           5  0.96825986767833194     
    12953632           6   1.0785439720894485     
    12953632           7   1.1169128951760374     
    12953632           8   1.1037668465255401     
    12953632           9  0.93982786323807799     
    12953632          10   1.1569859852083544     
    12953662           1  0.90898367674631997     
    12953662           2  0.84414875373102505     
    12953662           3   1.2585709739538744     
    12953662           4   1.0483177642830810     
    12953662           5   1.0202890597282364     
    12953662           6  0.83822889714419890     
    12953662           7   1.1459819922286518     
    12953662           8   1.0572910674054892     
    12953662           9  0.90052122195638162     
    12953662          10  0.97766659282274115     
    12953672           1  0.95099606095383171     
    12953672           2  0.96409447835484574     
    12953672           3   1.3484924262961397     
    12953672           4  0.80938488476648984     
    12953672           5  0.89170923665773227     
    12953672           6  0.91093117133859058     
    12953672           7   1.2047599549883312     
    12953672           8   1.0013691789844488     
    12953672           9   1.1442374363412426     
    12953672          10  0.77402517131834681     
    12953894           1   1.0541906818779712     
    12953894           2   1.1244364919320491     
    12953894           3   1.1832982763427347     
    12953894           4   1.0766653352499558     
    12953894           5   1.0019257764656573     
    12953894           6  0.97511801660641140     
    12953894           7   1.0288062273320533     
    12953894           8  0.77405008174260326     
    12953894           9  0.81045541422287459     
    12953894          10  0.97105369822769116     
    12954039           1  0.97269260011370062     
    12954039           2  0.90833637769962261     
    12954039           3   1.1069444907087758     
    12954039           4   1.0539779796135986     
    12954039           5   1.0504851383425271     
    12954039           6   1.2076119847338194     
    12954039           7  0.49651372080441308     
    12954039           8   1.0447824267240555     
    12954039           9  0.92728456336465803     
    12954039          10   1.2313707178948299     
    12954153           1   1.1288639387564177     
    12954153           2   1.0155465243480235     
    12954153           3  0.98591995938053856     
    12954153           4  0.75235172888192470     
    12954153           5  0.96012888547466468     
    12954153           6   1.0066220977866585     
    12954153           7   1.2018783996728237     
    12954153           8   1.0202811549214101     
    12954153           9  0.98506598729611483     
    12954153          10  0.94334132348142541     
    12954247           1   1.0027333383879342     
    12954247           2   1.2538784351270924     
    12954247           3   1.3356493764712662     
    12954247           4  0.67269214136274003     
    12954247           5  0.71233994946313317     
    12954247           6   1.1780225133500348     
    12954247           7  0.84376517292922104     
    12954247           8  0.99187044880342656     
    12954247           9  0.96131445094917201     
    12954247          10   1.0477341731559799     
    12954559           1   1.0116343321776848     
    12954559           2  0.88037323595283379     
    12954559           3   1.1920847972647599     
    12954559           4   1.0638747931420369     
    12954559           5   1.1033692182483894     
    12954559           6   1.1595965997736708     
    12954559           7  0.58338907926822692     
    12954559           8   1.0977484328735092     
    12954559           9  0.83147820804884620     
    12954559          10   1.0764513032500436     
    12955064           1   1.0079399345766173     
    12955064           2  0.73590678806725762     
    12955064           3   1.2518259355826538     
    12955064           4   1.1399612920369808     
    12955064           5   1.0512607059294010     
    12955064           6   1.0323251956350261     
    12955064           7  0.82062494734553415     
    12955064           8  0.82138340440147806     
    12955064           9   1.0494482532972684     
    12955064          10   1.0893235431277817     
    12955273           1  0.90323142201425877     
    12955273           2   1.0107622513050758     
    12955273           3  0.84440753956448111     
    12955273           4   1.0628380328898088     
    12955273           5  0.99339928443257408     
    12955273           6  0.93359092634693031     
    12955273           7   1.1880737860181325     
    12955273           8   1.1017446771867396     
    12955273           9  0.94036476202027885     
    12955273          10   1.0215873182217183     
    12955282           1   1.0421553117244777     
    12955282           2   1.2300035286359445     
    12955282           3  0.86661291841974153     
    12955282           4  0.72265972271062129     
    12955282           5  0.82672253041751986     
    12955282           6  0.86464594617074297     
    12955282           7   1.1297546040336319     
    12955282           8   1.1121966234137473     
    12955282           9   1.2177128226374940     
    12955282          10  0.98753599183607865     
    12955332           1   1.1016905082988542     
    12955332           2   1.1200528972653800     
    12955332           3   1.0751129354339164     
    12955332           4   1.0770881297995505     
    12955332           5  0.87903383246684763     
    12955332           6   1.0698937515545213     
    12955332           7  0.81934851627261884     
    12955332           8  0.89603208926223732     
    12955332           9  0.87949676181065317     
    12955332          10   1.0822505778354210     
    12956048           1  0.83712392982205075     
    12956048           2   1.2154253843062108     
    12956048           3   1.1629912068753736     
    12956048           4  0.86866781345448651     
    12956048           5   1.0244753825123889     
    12956048           6   1.1046616527396489     
    12956048           7  0.95461607790546821     
    12956048           8  0.79305612206483889     
    12956048           9   1.0426032807199366     
    12956048          10  0.99637914959959739     
    12956363           1  0.61032926903988494     
    12956363           2   1.2879299307565661     
    12956363           3   1.1855437570645380     
    12956363           4  0.84878643438613177     
    12956363           5  0.88729495562563776     
    12956363           6   1.0954308755718996     
    12956363           7   1.0813616880779073     
    12956363           8   1.0312384760140165     
    12956363           9  0.94334046948578765     
    12956363          10   1.0287441439776293     
    12956413           1  0.76640400894819793     
    12956413           2   1.1622781182768809     
    12956413           3   1.1768371695655102     
    12956413           4  0.85591610189186662     
    12956413           5   1.0928213480086411     
    12956413           6  0.66610811621563515     
    12956413           7  0.82051640216568389     
    12956413           8   1.0184820822923921     
    12956413           9   1.0688962988508397     
    12956413          10   1.3717403537843491     
    12956784           1   1.1946339947046525     
    12956784           2   1.3312918617700931     
    12956784           3   1.0161617397111191     
    12956784           4  0.92362322096584049     
    12956784           5  0.89883660459580483     
    12956784           6  0.89363230561925833     
    12956784           7   1.0594691620602206     
    12956784           8  0.93521600047815878     
    12956784           9  0.73371068551427820     
    12956784          10   1.0134244245805759     
    12956972           1   1.2753775031620129     
    12956972           2  0.90383240150150490     
    12956972           3   1.3281785548481704     
    12956972           4   1.0763201215414038     
    12956972           5  0.93672093357391017     
    12956972           6   1.0132188951823942     
    12956972           7  0.97797342896925366     
    12956972           8  0.98078028437201270     
    12956972           9  0.49655028963994058     
    12956972          10   1.0110475872093971     
    12957056           1  0.94389190982822779     
    12957056           2  0.73091250308485334     
    12957056           3   1.0778175768113158     
    12957056           4   1.0866561665523695     
    12957056           5  0.81073904726470791     
    12957056           6  0.90860410033213523     
    12957056           7   1.0521778215258577     
    12957056           8   1.0002860744927733     
    12957056           9   1.1690409354160878     
    12957056          10   1.2198738646916705     
    12957233           1  0.96216541639068720     
    12957233           2  0.96563362932145846     
    12957233           3   1.3030574955417440     
    12957233           4  0.80561334728860201     
    12957233           5   1.0293791386255455     
    12957233           6  0.78330260015102371     
    12957233           7  0.82764337432821511     
    12957233           8   1.1335251232626751     
    12957233           9   1.1903210702707203     
    12957233          10  0.99935880481932804     
    12957499           1  0.94114433658004770     
    12957499           2   1.0913992435940860     
    12957499           3   1.3318203708587477     
    12957499           4  0.38840458989338561     
    12957499           5  0.79177709150739306     
    12957499           6   1.0574425296620436     
    12957499           7   1.1728590750986219     
    12957499           8   1.1985817389469489     
    12957499           9  0.84932181987789612     
    12957499          10   1.1772492039808291     
    12957622           1  0.94557780743391462     
    12957622           2   1.0838237425725985     
    12957622           3   1.3380942085341088     
    12957622           4  0.39023425656816774     
    12957622           5  0.76111647959101569     
    12957622           6   1.0624238491607421     
    12957622           7   1.1783840900437668     
    12957622           8   1.2042279262521907     
    12957622           9  0.85332274023370980     
    12957622          10   1.1827948996097835     
    12958443           1  0.75184192273831918     
    12958443           2   1.0400586159297480     
    12958443           3   1.2804347612812683     
    12958443           4   1.0445281729118978     
    12958443           5  0.69294260216163983     
    12958443           6   1.1503430163112183     
    12958443           7   1.1944762863957608     
    12958443           8   1.0218339351214558     
    12958443           9  0.76888758342335140     
    12958443          10   1.0546531037253406     
    12958452           1   1.1251444017370686     
    12958452           2   1.0122003612166681     
    12958452           3  0.99075477713364957     
    12958452           4  0.74987277636065774     
    12958452           5  0.98146710613465893     
    12958452           6   1.0033053400901226     
    12958452           7   1.1979182845102616     
    12958452           8   1.0172836251320758     
    12958452           9  0.98182025565348152     
    12958452          10  0.94023307203135587     
    12958731           1  0.76400395154625267     
    12958731           2   1.2880313573071467     
    12958731           3   1.3636130189333482     
    12958731           4  0.95212850284882766     
    12958731           5  0.90340853143004796     
    12958731           6   1.0303033447670065     
    12958731           7  0.87667696286300067     
    12958731           8   1.1750082835240288     
    12958731           9  0.97527410447421892     
    12958731          10  0.67155194230612381     
    12958760           1  0.82412721013823864     
    12958760           2   1.0651163771398136     
    12958760           3  0.92565365754562123     
    12958760           4   1.2023656002072567     
    12958760           5   1.2463809569058326     
    12958760           6  0.62065633041927182     
    12958760           7  0.91957471912532895     
    12958760           8   1.0437779229681243     
    12958760           9  0.96464614960507866     
    12958760          10   1.1877010759454316     
    12958891           1  0.74513131387307052     
    12958891           2   1.0307755121849926     
    12958891           3   1.3252087808914959     
    12958891           4   1.0352051758760115     
    12958891           5  0.68675770261222646     
    12958891           6   1.1400755627283969     
    12958891           7   1.1838149187406792     
    12958891           8  0.99067584389199337     
    12958891           9  0.81711545317128509     
    12958891          10   1.0452397360298491     
    12959015           1  0.89867014963847169     
    12959015           2   1.3122841328121440     
    12959015           3   1.2318935738346339     
    12959015           4  0.68171799721249382     
    12959015           5  0.85248820621196886     
    12959015           6   1.2055652502277820     
    12959015           7   1.0443487171213151     
    12959015           8   1.0932000420443233     
    12959015           9  0.82895853191507796     
    12959015          10  0.85087339898178838     
    12959162           1   1.0546373406852605     
    12959162           2   1.0512252924991849     
    12959162           3   1.1946569741628414     
    12959162           4  0.99765299648459216     
    12959162           5   1.1513465474791895     
    12959162           6   1.0229172289498929     
    12959162           7  0.57443312255236478     
    12959162           8  0.95528668003901707     
    12959162           9   1.0267172684735171     
    12959162          10  0.97112654867413850     
    12959703           1   1.0387750796713475     
    12959703           2   1.0041773988441347     
    12959703           3   1.3155811617200945     
    12959703           4  0.86844185527738149     
    12959703           5  0.71200008192047903     
    12959703           6  0.88051691282461353     
    12959703           7   1.1117231841526685     
    12959703           8   1.0352716419253618     
    12959703           9  0.98560745631765867     
    12959703          10   1.0479052273462603     
    12959720           1   1.0118491717103033     
    12959720           2   1.2403010828828929     
    12959720           3   1.1982826086942464     
    12959720           4  0.97479631098213626     
    12959720           5  0.58298812537561773     
    12959720           6   1.0822685135645342     
    12959720           7  0.80463501468073506     
    12959720           8   1.1461242566644918     
    12959720           9  0.94217037013409299     
    12959720          10   1.0165845453109492     
    12959825           1  0.97608194283754657     
    12959825           2  0.91150147147354554     
    12959825           3   1.1108016335048108     
    12959825           4   1.0576505608544549     
    12959825           5   1.0541455487946405     
    12959825           6   1.2118199029324448     
    12959825           7  0.46339886821090465     
    12959825           8   1.0484229661047451     
    12959825           9  0.93051568200111867     
    12959825          10   1.2356614232857890     
    12959978           1   1.0447489140300439     
    12959978           2   1.0298834771860383     
    12959978           3   1.3197302677309235     
    12959978           4  0.81627924928868467     
    12959978           5  0.71301643670683390     
    12959978           6  0.86186223224605207     
    12959978           7   1.0820020552485576     
    12959978           8   1.1040191592165207     
    12959978           9  0.95481671641965260     
    12959978          10   1.0736414919266926     
    12960107           1   1.0449261139872685     
    12960107           2  0.93070382190007928     
    12960107           3   1.3560708479734276     
    12960107           4  0.77486122170869265     
    12960107           5  0.99792989930294673     
    12960107           6   1.0797403431067045     
    12960107           7  0.87178683755502151     
    12960107           8  0.67594106152398492     
    12960107           9   1.2121377774758502     
    12960107          10   1.0559020754660255     
    12960485           1  0.58169662086767604     
    12960485           2   1.2953018803311693     
    12960485           3   1.2331666589113335     
    12960485           4  0.97670611920745098     
    12960485           5  0.95741445080287624     
    12960485           6   1.2156810226309984     
    12960485           7   1.1922596327239434     
    12960485           8  0.95386360448671392     
    12960485           9  0.71670000475547790     
    12960485          10  0.87721000528236048     
    12960613           1  0.85956719840162676     
    12960613           2  0.94320434857225066     
    12960613           3   1.0048777625722265     
    12960613           4   1.2975509457196268     
    12960613           5  0.75077547239360021     
    12960613           6  0.65878091870211253     
    12960613           7  0.99453986248140691     
    12960613           8   1.1032441434923834     
    12960613           9   1.1149759128718504     
    12960613          10   1.2724834347929159     
    12960769           1   1.2034794014620755     
    12960769           2   1.0815978988978787     
    12960769           3  0.86443053565736072     
    12960769           4  0.98307553864347308     
    12960769           5  0.73069940180076431     
    12960769           6  0.97593441299247730     
    12960769           7   1.0956523222603420     
    12960769           8   1.1083337896712335     
    12960769           9   1.1696113751248489     
    12960769          10  0.78718532348954517     
    12961168           1  0.50055866992999232     
    12961168           2  0.88111667500763724     
    12961168           3  0.98857354114743412     
    12961168           4   1.3248453258364570     
    12961168           5   1.2045722193854265     
    12961168           6  0.93064520232015968     
    12961168           7  0.92988769674261063     
    12961168           8   1.0177844815084005     
    12961168           9   1.0023831261579097     
    12961168          10   1.2196330619639728     
    12961828           1   1.0477822142133284     
    12961828           2   1.0321161798791392     
    12961828           3   1.3235619425086962     
    12961828           4  0.81864921585503192     
    12961828           5  0.71508659237687422     
    12961828           6  0.86436454340611213     
    12961828           7   1.0851435153529183     
    12961828           8   1.0789482087355433     
    12961828           9  0.95758890951028408     
    12961828          10   1.0767586781620728     
    12962397           1   1.1671275109708708     
    12962397           2   1.2218040145239473     
    12962397           3  0.67595068579855544     
    12962397           4   1.0637727764034124     
    12962397           5  0.79633724933138750     
    12962397           6   1.0848846303133186     
    12962397           7   1.2550238904934088     
    12962397           8  0.69486859004000823     
    12962397           9  0.94306757460770796     
    12962397          10   1.0971630775173817     
    12962433           1   1.0208615491624775     
    12962433           2   1.0788006585896872     
    12962433           3   1.1073201912729980     
    12962433           4   1.1654430466273871     
    12962433           5   1.0447197987801533     
    12962433           6   1.1601622024682436     
    12962433           7  0.80442767570471008     
    12962433           8  0.81398365504154746     
    12962433           9  0.89179473233947393     
    12962433          10  0.91248649001332216     
    12962750           1  0.79028067168399985     
    12962750           2   1.2243020726663967     
    12962750           3   1.1714849495948925     
    12962750           4  0.87501200666299106     
    12962750           5   1.0319574943891585     
    12962750           6   1.1127293937638458     
    12962750           7  0.96158798217586217     
    12962750           8  0.79884809591910022     
    12962750           9   1.0301412685530873     
    12962750          10   1.0036560645906654     
    12962934           1   1.0923245114130289     
    12962934           2   1.2771160326082478     
    12962934           3  0.93213392510037008     
    12962934           4  0.86940909818640666     
    12962934           5  0.96668374970845239     
    12962934           6   1.1534895973969808     
    12962934           7   1.0177570932424733     
    12962934           8   1.0743438008987405     
    12962934           9  0.95359220591117266     
    12962934          10  0.66314998553412674     
    12962943           1  0.76005175257120638     
    12962943           2   1.2813683600806609     
    12962943           3   1.3565590371249021     
    12962943           4  0.98192427604829557     
    12962943           5  0.89873519137108659     
    12962943           6   1.0249735767534591     
    12962943           7  0.88915084886877249     
    12962943           8   1.1689299556247870     
    12962943           9  0.97022900319131156     
    12962943          10  0.66807799836551851     
    12963141           1   1.1067179065558475     
    12963141           2  0.89278824564649506     
    12963141           3   1.3097398554126078     
    12963141           4   1.0986159428871081     
    12963141           5   1.0203889388945886     
    12963141           6   1.1118277502322436     
    12963141           7   1.0076022530313276     
    12963141           8   1.0724105793875620     
    12963141           9  0.80651783949029976     
    12963141          10  0.57339068846192121     
    12963888           1   1.1136368990866470     
    12963888           2   1.0629352053023746     
    12963888           3   1.1839561769777034     
    12963888           4  0.98871680592327393     
    12963888           5   1.1410336910184324     
    12963888           6   1.0137547412727530     
    12963888           7  0.56928780262053591     
    12963888           8  0.94672997360541955     
    12963888           9   1.0175207430323017     
    12963888          10  0.96242796116055773     
    12963920           1   1.1153650807095663     
    12963920           2   1.1824688256824585     
    12963920           3   1.1545412136245976     
    12963920           4   1.0058498621863339     
    12963920           5  0.68168810934880553     
    12963920           6   1.0936130235587684     
    12963920           7  0.77454293857551482     
    12963920           8  0.96332165857658492     
    12963920           9  0.93704666943770154     
    12963920          10   1.0915626182996707     
    12963940           1  0.96033412781846550     
    12963940           2  0.97407157727313753     
    12963940           3   1.3624475340472826     
    12963940           4  0.75333169684851664     
    12963940           5  0.90643765807573373     
    12963940           6  0.89885208964756869     
    12963940           7   1.1946792137308624     
    12963940           8   1.0117320216069947     
    12963940           9   1.1560787759035955     
    12963940          10  0.78203530504784258     
    12964146           1   1.0344344312578897     
    12964146           2   1.0646869449076615     
    12964146           3   1.2195457072963050     
    12964146           4  0.45613163859095845     
    12964146           5   1.3694592833975134     
    12964146           6  0.87668888174537640     
    12964146           7   1.0494111229367440     
    12964146           8   1.1370072630143417     
    12964146           9  0.77041940198318515     
    12964146          10   1.0222153248700250     
    12964437           1   1.0512976907976423     
    12964437           2  0.93637891299940756     
    12964437           3   1.3643396714361713     
    12964437           4  0.71590517049267766     
    12964437           5   1.0040149104053249     
    12964437           6   1.0863242043379184     
    12964437           7  0.87710267445812951     
    12964437           8  0.68006270259997614     
    12964437           9   1.2195289497803423     
    12964437          10   1.0650451126924094     
    12964521           1  0.83696313146708001     
    12964521           2   1.2151919201852799     
    12964521           3   1.1627678145361404     
    12964521           4  0.86850095601505184     
    12964521           5   1.0461265670216680     
    12964521           6   1.1044494645913567     
    12964521           7  0.95443271115475481     
    12964521           8  0.79290378844339449     
    12964521           9   1.0224758857663290     
    12964521          10  0.99618776081894589     
    12964658           1   1.1289070755476693     
    12964658           2   1.0914853857359879     
    12964658           3  0.92163945340700337     
    12964658           4  0.94584926578017259     
    12964658           5   1.0278937892651216     
    12964658           6  0.78100968510582502     
    12964658           7  0.85875510089485585     
    12964658           8   1.1124390504903567     
    12964658           9   1.2090269501133566     
    12964658          10  0.92299424365965033     
    12964679           1  0.92833538990868403     
    12964679           2   1.2813457040644063     
    12964679           3  0.97667848254391643     
    12964679           4   1.0585072200185186     
    12964679           5  0.90732646700290809     
    12964679           6  0.94543493019103986     
    12964679           7   1.0744387057672951     
    12964679           8  0.85185643359821284     
    12964679           9  0.91853903966263251     
    12964679          10   1.0575376272423853     
    12965300           1   1.0373893293055816     
    12965300           2   1.0028378025975804     
    12965300           3   1.3138261455363935     
    12965300           4  0.85983172145870956     
    12965300           5  0.71105025708038094     
    12965300           6  0.87934228257222447     
    12965300           7   1.1207429864665130     
    12965300           8   1.0338905652278740     
    12965300           9  0.99458161260578926     
    12965300          10   1.0465072971489526     
    12965312           1   1.2226718619613242     
    12965312           2   1.0935724766192985     
    12965312           3  0.97971387089814099     
    12965312           4  0.88551500123503946     
    12965312           5  0.95273547916014778     
    12965312           6   1.0727340008914326     
    12965312           7   1.1642063914471765     
    12965312           8   1.0755055837260776     
    12965312           9  0.70813086815548176     
    12965312          10  0.84521446590588178     
    12965693           1   1.0716650736346938     
    12965693           2   1.2738150042679073     
    12965693           3  0.90562019128549054     
    12965693           4   1.0237746164277055     
    12965693           5  0.90662895931500542     
    12965693           6   1.1074239574691094     
    12965693           7   1.2071890446069584     
    12965693           8   1.0993481420725972     
    12965693           9  0.71047053636207924     
    12965693          10  0.69406447455845466     
    12965741           1  0.94248389404031507     
    12965741           2  0.82411213230686986     
    12965741           3   1.3000838466924542     
    12965741           4   1.1211993813503700     
    12965741           5  0.96661535510061858     
    12965741           6   1.1588022605243418     
    12965741           7   1.1080670740935261     
    12965741           8  0.50287809043013809     
    12965741           9   1.2804195042458528     
    12965741          10  0.79533846121551288     
    12965792           1   1.0184122422142192     
    12965792           2   1.0762123409563733     
    12965792           3   1.1046634480146622     
    12965792           4   1.1626468518307023     
    12965792           5   1.0107261165183292     
    12965792           6   1.1573786777621331     
    12965792           7  0.80249764876120222     
    12965792           8  0.81203070086896889     
    12965792           9  0.88965508956800188     
    12965792          10  0.96577688350540725     
    12965900           1   1.0889160031902194     
    12965900           2  0.96494598183718883     
    12965900           3   1.0130669279254916     
    12965900           4  0.90340755136556505     
    12965900           5   1.0996312592545687     
    12965900           6  0.78839201539131110     
    12965900           7  0.93811325401978141     
    12965900           8   1.3372689692793596     
    12965900           9  0.98812705290129177     
    12965900          10  0.87813098483522278     
    12965929           1  0.90643412578026783     
    12965929           2  0.84178105415002669     
    12965929           3   1.2550408876337604     
    12965929           4   1.0780505572959740     
    12965929           5   1.0174273153158464     
    12965929           6  0.81692908337892500     
    12965929           7   1.1427676996400067     
    12965929           8   1.0543255383962655     
    12965929           9  0.89826061038850558     
    12965929          10  0.98898312802042099     
    12966031           1   1.0497899107789488     
    12966031           2   1.3327632093815078     
    12966031           3  0.97031909016101459     
    12966031           4  0.93539207028666227     
    12966031           5  0.92962783151123063     
    12966031           6   1.0304305610246023     
    12966031           7   1.1802027050447341     
    12966031           8   1.0184524821954331     
    12966031           9  0.83802166320746085     
    12966031          10  0.71500047640840625     
    12966057           1  0.88245752319631332     
    12966057           2   1.2439637773424521     
    12966057           3   1.1103208832575671     
    12966057           4   1.1667892646664892     
    12966057           5   1.1501216063715238     
    12966057           6   1.0200117030628661     
    12966057           7  0.95524802835610523     
    12966057           8  0.90859463910254390     
    12966057           9   1.1575827717343583     
    12966057          10  0.40490980290977918     
    12966088           1  0.94909639515929212     
    12966088           2  0.68884078701992935     
    12966088           3   1.0837605091637064     
    12966088           4   1.0926478336276404     
    12966088           5  0.81520934670776402     
    12966088           6  0.91361401371595063     
    12966088           7   1.0579793799254833     
    12966088           8   1.0058015092023609     
    12966088           9   1.1754868603535036     
    12966088          10   1.2175633651243678     
    12966102           1   1.0932827086805212     
    12966102           2   1.2802405454695258     
    12966102           3  0.75798727641676278     
    12966102           4  0.67752552939230271     
    12966102           5  0.86570422222571075     
    12966102           6   1.1146110515825791     
    12966102           7   1.1658670349955005     
    12966102           8   1.0705828781087314     
    12966102           9   1.0146017013909923     
    12966102          10  0.95959705173737453     
    12966146           1  0.98897902155141348     
    12966146           2   1.0548119099839222     
    12966146           3  0.81903632910010149     
    12966146           4  0.99801125532974466     
    12966146           5   1.0422471399027640     
    12966146           6   1.2583802148726417     
    12966146           7   1.0798733637066209     
    12966146           8   1.0928503843356678     
    12966146           9  0.65589921481421720     
    12966146          10   1.0099111664029046     
    12966177           1   1.1454304055762214     
    12966177           2   1.2248052590803089     
    12966177           3  0.67761109392621433     
    12966177           4   1.0663858323570961     
    12966177           5  0.79829337552361890     
    12966177           6   1.0875495455143680     
    12966177           7   1.2581067364938081     
    12966177           8  0.69657546818777460     
    12966177           9  0.94538412979244046     
    12966177          10   1.0998581535481500     
    12966318           1   1.2753374593989355     
    12966318           2  0.90380402335428356     
    12966318           3   1.3871474674018591     
    12966318           4   1.0762863276977492     
    12966318           5  0.93669152280647805     
    12966318           6   1.0131870825643390     
    12966318           7  0.91924608459937718     
    12966318           8  0.98074949024773106     
    12966318           9  0.49653469916409709     
    12966318          10   1.0110158427651508     
    12966319           1   1.0717971756103670     
    12966319           2  0.88596301899922170     
    12966319           3   1.1069995828776864     
    12966319           4   1.0338316855509784     
    12966319           5  0.99741125784076989     
    12966319           6  0.68723003939686522     
    12966319           7  0.85879051769225012     
    12966319           8  0.98427439380792436     
    12966319           9   1.1664016454152093     
    12966319          10   1.2073006828087287     
    12966606           1   1.0386442415600750     
    12966606           2  0.90746996200256502     
    12966606           3   1.0943584008173051     
    12966606           4   1.0327656651762245     
    12966606           5   1.0657562328024162     
    12966606           6  0.74264068892332169     
    12966606           7  0.74254277008967218     
    12966606           8   1.0230132383632757     
    12966606           9  0.99733592371772861     
    12966606          10   1.3554728765474151     
    12966616           1   1.0320822426921694     
    12966616           2  0.83707800985956082     
    12966616           3   1.3694266555010051     
    12966616           4  0.83821066029431235     
    12966616           5   1.0165162903729397     
    12966616           6  0.76325978819619889     
    12966616           7  0.81149470958993297     
    12966616           8   1.0845586102819735     
    12966616           9   1.2267338282157090     
    12966616          10   1.0206392049961983     
    12966624           1   1.0576437520399922     
    12966624           2   1.0755996463592878     
    12966624           3   1.1980625337363331     
    12966624           4   1.0004969649095716     
    12966624           5   1.1546286437980278     
    12966624           6   1.0258332170847975     
    12966624           7  0.57607063546372561     
    12966624           8  0.90812561813948944     
    12966624           9   1.0296440892250298     
    12966624          10  0.97389489924374584     
    12966670           1   1.0836981446264480     
    12966670           2   1.1789879342824632     
    12966670           3   1.1541889042187596     
    12966670           4  0.95780219217727225     
    12966670           5  0.82065624779979052     
    12966670           6   1.1240390775037101     
    12966670           7   1.0681157595630102     
    12966670           8  0.84852943656393187     
    12966670           9  0.87171645449778745     
    12966670          10  0.89226584876682791     
    12966792           1   1.1031013873956896     
    12966792           2   1.2945139959204166     
    12966792           3  0.76479469546604428     
    12966792           4  0.68361032835748181     
    12966792           5  0.82631972652344188     
    12966792           6   1.1246212783253708     
    12966792           7   1.1763375873515720     
    12966792           8   1.0347721369911773     
    12966792           9   1.0237137526936648     
    12966792          10  0.96821511097513902     
    12966872           1   1.2281921691453515     
    12966872           2  0.98300084451087788     
    12966872           3  0.96417849185752325     
    12966872           4  0.92749626599765089     
    12966872           5   1.0423104566986610     
    12966872           6   1.0931871817325423     
    12966872           7   1.1481486310973212     
    12966872           8   1.0473593742110221     
    12966872           9  0.62647439825815976     
    12966872          10  0.93965218649089111     
    12966928           1   1.1100232506916752     
    12966928           2   1.0844826013726403     
    12966928           3   1.3659494990878380     
    12966928           4   1.1343594565167665     
    12966928           5  0.97600262632206647     
    12966928           6   1.0975102093648270     
    12966928           7  0.99903287568460863     
    12966928           8  0.96645416509861293     
    12966928           9  0.63301598799431247     
    12966928          10  0.63316932786665270     
    12966932           1   1.0097474990703037     
    12966932           2  0.93381037821360313     
    12966932           3   1.2833654377932295     
    12966932           4  0.91975562807059963     
    12966932           5  0.83349112423667104     
    12966932           6  0.72099643224570753     
    12966932           7   1.0136173681732343     
    12966932           8  0.77148739635795760     
    12966932           9   1.0987910829407654     
    12966932          10   1.4149376528979283     
    12967087           1   1.2735629220053910     
    12967087           2  0.90254644715430754     
    12967087           3   1.3262888494297500     
    12967087           4   1.0747887551763866     
    12967087           5  0.93538818609258612     
    12967087           6   1.0117773079580838     
    12967087           7  0.99080978476959203     
    12967087           8  0.97938485014301357     
    12967087           9  0.49584380799300709     
    12967087          10   1.0096090892778831     
    12967100           1   1.0051314811359229     
    12967100           2  0.77918922620405018     
    12967100           3   1.2483379352213879     
    12967100           4   1.1193153677046257     
    12967100           5   1.0483315465168668     
    12967100           6   1.0294487968059487     
    12967100           7  0.81833841530346330     
    12967100           8  0.81909475904763596     
    12967100           9   1.0465241439761694     
    12967100          10   1.0862883280839293     
    12967148           1  0.80076943416987179     
    12967148           2   1.0644938914909177     
    12967148           3  0.73560999018920736     
    12967148           4  0.87117319760931911     
    12967148           5   1.2234546527015155     
    12967148           6   1.2080012262553439     
    12967148           7   1.0194918229215681     
    12967148           8   1.0750901111437605     
    12967148           9  0.99150898739700177     
    12967148          10   1.0104066861214946     
    12967161           1  0.70956421671353287     
    12967161           2   1.2904950937460000     
    12967161           3   1.2863217213035116     
    12967161           4  0.98643960243617190     
    12967161           5  0.95318881150666057     
    12967161           6   1.0144573397494325     
    12967161           7  0.95722706578764738     
    12967161           8   1.1226846911252304     
    12967161           9  0.97713960125380517     
    12967161          10  0.70248185637800820     
    12967196           1  0.95259336102348680     
    12967196           2  0.94520367936316896     
    12967196           3  0.97755184169235576     
    12967196           4   1.1744383164258045     
    12967196           5  0.84447734974870969     
    12967196           6   1.1440716490944760     
    12967196           7  0.98670811709866491     
    12967196           8   1.1827301584244043     
    12967196           9  0.57505677254640031     
    12967196          10   1.2171687545825274     
    12967290           1  0.99384376328525970     
    12967290           2   1.2543874619893480     
    12967290           3   1.3361915992196058     
    12967290           4  0.67296522873739217     
    12967290           5  0.68739290004967468     
    12967290           6   1.1785007455987424     
    12967290           7  0.84410770943549174     
    12967290           8   1.0227463703981408     
    12967290           9  0.96170470798278773     
    12967290          10   1.0481595133035562     
    12967328           1  0.86531505679374632     
    12967328           2   1.0302129556964961     
    12967328           3   1.2444051756354220     
    12967328           4  0.69615835985364971     
    12967328           5  0.76526792125098719     
    12967328           6   1.1185948730987372     
    12967328           7   1.3163200150956540     
    12967328           8  0.86273778116189559     
    12967328           9  0.96879968104674741     
    12967328          10   1.1321881803666649     
    12967377           1   1.1126061471706363     
    12967377           2   1.1056675701596972     
    12967377           3   1.1812408427266661     
    12967377           4  0.97621624100292737     
    12967377           5  0.90254970589174810     
    12967377           6   1.0803681965586311     
    12967377           7  0.80295827412664400     
    12967377           8   1.0656457740822569     
    12967377           9  0.59302012219285727     
    12967377          10   1.1797271260879356     
    12967387           1  0.74916326338801764     
    12967387           2   1.0363530993149321     
    12967387           3   1.2758728335115781     
    12967387           4   1.0408067321776098     
    12967387           5  0.69047378907159274     
    12967387           6   1.1462445788824123     
    12967387           7   1.1704598512874849     
    12967387           8   1.0181933493254425     
    12967387           9  0.82153691311227861     
    12967387          10   1.0508955899286516     
    12967506           1   1.3586570857462097     
    12967506           2   1.3603002754790268     
    12967506           3   1.1698072400020101     
    12967506           4  0.93558177535216203     
    12967506           5  0.55868859072585864     
    12967506           6   1.0658385376328814     
    12967506           7   1.1032572460240790     
    12967506           8  0.79067298983042977     
    12967506           9  0.81876153452582046     
    12967506          10  0.83843472468152158     
    12967538           1  0.55028883551499130     
    12967538           2  0.97758001083517043     
    12967538           3   1.2742994793344793     
    12967538           4  0.92521286833117200     
    12967538           5  0.90318698551622412     
    12967538           6   1.3566027316173954     
    12967538           7   1.0895707880760961     
    12967538           8   1.1434162392055918     
    12967538           9  0.79563908617070012     
    12967538          10  0.98420297539817991     
    12967765           1  0.95201685189656038     
    12967765           2  0.99225431403086650     
    12967765           3   1.0345262909709549     
    12967765           4  0.76156309124953003     
    12967765           5  0.92280910918323389     
    12967765           6   1.1694165385327131     
    12967765           7   1.0862073861472463     
    12967765           8  0.94519055467422808     
    12967765           9   1.1269145994083252     
    12967765          10   1.0091012639063430     
    12967774           1  0.63697057217731967     
    12967774           2   1.2433194538644377     
    12967774           3   1.1829426315784146     
    12967774           4  0.77837513548369119     
    12967774           5   1.3598150031988885     
    12967774           6  0.75492936053810156     
    12967774           7   1.0530863330041491     
    12967774           8   1.2036618294006043     
    12967774           9  0.97775835758393748     
    12967774          10  0.80914132317045684     
    12967783           1   1.0288337162802832     
    12967783           2   1.0872252869284975     
    12967783           3   1.1159675358859784     
    12967783           4   1.1745442873799854     
    12967783           5   1.0210689379953060     
    12967783           6   1.1229390069816552     
    12967783           7  0.81070965573438925     
    12967783           8  0.82034026014091421     
    12967783           9  0.89875898390406839     
    12967783          10  0.91961232876892451     
    12967842           1  0.91673105440171554     
    12967842           2  0.73383288336930330     
    12967842           3   1.0821240255151874     
    12967842           4   1.0909979300758854     
    12967842           5  0.81397837662283590     
    12967842           6  0.91223445210444887     
    12967842           7   1.0563818259077105     
    12967842           8   1.0042827440235713     
    12967842           9   1.1737118694678312     
    12967842          10   1.2157248385115103     
    12967915           1   1.1217395124356633     
    12967915           2  0.96228099458074667     
    12967915           3   1.0617449989171077     
    12967915           4  0.54605566404137262     
    12967915           5  0.96472556558416778     
    12967915           6   1.0746071155218579     
    12967915           7   1.1128359859534287     
    12967915           8   1.0997379224656201     
    12967915           9  0.90350943764896097     
    12967915          10   1.1527628028510755     
    12967990           1  0.94593591197304894     
    12967990           2  0.73249529737350649     
    12967990           3   1.0801515955859118     
    12967990           4   1.0890093253325102     
    12967990           5  0.81249470629117515     
    12967990           6  0.91057168656794707     
    12967990           7   1.0544563172959120     
    12967990           8   1.0024521984529522     
    12967990           9   1.1715724987810170     
    12967990          10   1.2008604623460173     
    12968118           1  0.94400936069350094     
    12968118           2  0.82544600717122518     
    12968118           3   1.3021881102952761     
    12968118           4   1.1123826796859198     
    12968118           5  0.96262571084266779     
    12968118           6   1.1606778514148006     
    12968118           7   1.1098605470448533     
    12968118           8  0.50369202875037877     
    12968118           9   1.2824919399321992     
    12968118          10  0.79662576416917863     
    12968235           1  0.92905666078376670     
    12968235           2  0.85839809602934103     
    12968235           3   1.4903330419446490     
    12968235           4   1.2208474452682658     
    12968235           5  0.84347894573522264     
    12968235           6  0.88522079804632925     
    12968235           7   1.0022220512660904     
    12968235           8  0.98724706693799835     
    12968235           9  0.77616229737092746     
    12968235          10   1.0070335966174111     
    12968296           1   1.0098126048137981     
    12968296           2  0.88225518309535589     
    12968296           3   1.1785299289176878     
    12968296           4   1.0636238268827072     
    12968296           5   1.1506567629271045     
    12968296           6   1.1165116232176353     
    12968296           7  0.81538458371252331     
    12968296           8  0.77523517254938412     
    12968296           9   1.1466657938054852     
    12968296          10  0.86132452007831850     
    12968495           1   1.0412813362621622     
    12968495           2   1.3461876333441125     
    12968495           3   1.2102628062130638     
    12968495           4  0.67609203466079670     
    12968495           5  0.72124130336277181     
    12968495           6   1.1207549248750350     
    12968495           7   1.1401087791536326     
    12968495           8   1.1480515889036038     
    12968495           9  0.70096411755886190     
    12968495          10  0.89505547566595900     
    12968538           1   1.1486057572849522     
    12968538           2  0.92330633088805636     
    12968538           3   1.3296950370797387     
    12968538           4  0.76870241072255852     
    12968538           5   1.0028266134437664     
    12968538           6   1.0159130946231831     
    12968538           7  0.86485763500587209     
    12968538           8  0.69341349950777686     
    12968538           9   1.2025033716603621     
    12968538          10   1.0501762497837317     
    12968571           1  0.72112078450601302     
    12968571           2   1.2912979252053278     
    12968571           3   1.2956438170962170     
    12968571           4  0.98705327756705818     
    12968571           5  0.95378180094789555     
    12968571           6   1.0150884450286728     
    12968571           7  0.95782256747212413     
    12968571           8   1.1804963053931341     
    12968571           9  0.97774749074973866     
    12968571          10  0.61994758603381728     
    12968600           1  0.92670578427551664     
    12968600           2   1.2790964219621872     
    12968600           3  0.97496401514964470     
    12968600           4   1.0605869621278627     
    12968600           5  0.91934994968037542     
    12968600           6  0.94377530792005870     
    12968600           7   1.0725526294780097     
    12968600           8  0.85036107959368856     
    12968600           9  0.91692663060272839     
    12968600          10   1.0556812192099283     
    12968654           1  0.92001293928261885     
    12968654           2  0.62277956311809657     
    12968654           3   1.1481083722307199     
    12968654           4   1.3432657212480297     
    12968654           5  0.99837383780115752     
    12968654           6   1.1239647109101614     
    12968654           7  0.83033167957390308     
    12968654           8   1.1963153106364937     
    12968654           9  0.69007609044725549     
    12968654          10   1.1267717747515646     
    12968690           1   1.1298470215101561     
    12968690           2  0.97500097959054033     
    12968690           3  0.99489570606511524     
    12968690           4  0.75300692211116715     
    12968690           5  0.98556921659516350     
    12968690           6   1.0074987249778471     
    12968690           7   1.2029250678196608     
    12968690           8   1.0211696772427741     
    12968690           9  0.98592384212711603     
    12968690          10  0.94416284196045941     
    12968721           1   1.2116247099616715     
    12968721           2  0.60592600346031777     
    12968721           3   1.2380914718283447     
    12968721           4   1.1125486291978248     
    12968721           5   1.0577938892022263     
    12968721           6  0.73625112621556243     
    12968721           7  0.82010191250070985     
    12968721           8   1.0571895954431236     
    12968721           9   1.0174757802500169     
    12968721          10   1.1429968819402023     
    12968726           1  0.74963005216984424     
    12968726           2   1.0470205645643753     
    12968726           3   1.3262384385803707     
    12968726           4  0.94387727871686822     
    12968726           5  0.69053051349518668     
    12968726           6   1.1787514141188808     
    12968726           7  0.97098120178653924     
    12968726           8   1.0308729937972039     
    12968726           9  0.99402341213045209     
    12968726          10   1.0680741306402777     
    12968780           1   1.0330050799770651     
    12968780           2   1.0916333968303713     
    12968780           3   1.1204921800459815     
    12968780           4   1.1793064285531512     
    12968780           5   1.0252088197200850     
    12968780           6   1.1274919166825144     
    12968780           7  0.81399664446060205     
    12968780           8  0.78312170987207008     
    12968780           9  0.90240296498506223     
    12968780          10  0.92334085887309802     
    12968947           1  0.78452256351770755     
    12968947           2   1.2178789336052900     
    12968947           3   1.1627985935401901     
    12968947           4  0.84570581657929367     
    12968947           5   1.0797850028175930     
    12968947           6  0.65816206414283362     
    12968947           7  0.83329236936460083     
    12968947           8   1.0063325355985475     
    12968947           9   1.0561453573079747     
    12968947          10   1.3553767635259697     
    12969017           1   1.0850612902392422     
    12969017           2  0.73215356040642388     
    12969017           3   1.1989634438994006     
    12969017           4  0.98814143673908472     
    12969017           5  0.82593153874561265     
    12969017           6   1.0947378476417309     
    12969017           7   1.1119281484855044     
    12969017           8   1.0886315462973548     
    12969017           9  0.93806384458175596     
    12969017          10  0.93638734296389003     
    12969019           1  0.92554743138121309     
    12969019           2  0.68519165974606611     
    12969019           3   1.1962778355513461     
    12969019           4   1.0296100791567078     
    12969019           5  0.79857057374138818     
    12969019           6   1.1132585877209693     
    12969019           7  0.85924882184719231     
    12969019           8   1.0004323074823898     
    12969019           9   1.1910885640736963     
    12969019          10   1.2007741392990303     
    12969094           1   1.1102452612960869     
    12969094           2  0.92567661893013431     
    12969094           3   1.3487460221437988     
    12969094           4  0.77067580359456422     
    12969094           5   1.0054010438907417     
    12969094           6   1.0185211203448954     
    12969094           7  0.86707787507330725     
    12969094           8  0.69519361264153801     
    12969094           9   1.2055904070970884     
    12969094          10   1.0528722349878430     
    12969149           1   1.1110336908141429     
    12969149           2   1.1041049201570097     
    12969149           3   1.1795713843325895     
    12969149           4  0.97483654573755352     
    12969149           5  0.90127412420842745     
    12969149           6   1.0788413023900594     
    12969149           7  0.80182344591689492     
    12969149           8   1.0782727779231334     
    12969149           9  0.59218200147687705     
    12969149          10   1.1780598070433104     
    12969154           1   1.0530008153148320     
    12969154           2   1.1231673388204508     
    12969154           3   1.1819626858490566     
    12969154           4   1.0754501015127134     
    12969154           5   1.0350191410516489     
    12969154           6  0.97401739947611443     
    12969154           7   1.0276450122398548     
    12969154           8  0.77317641028421036     
    12969154           9  0.78660342695162977     
    12969154          10  0.96995766849948739     
    12969250           1  0.94531971342112908     
    12969250           2   1.3216737854534699     
    12969250           3   1.1306035944818460     
    12969250           4  0.94054607378840049     
    12969250           5   1.1753538126062957     
    12969250           6   1.0566180411047854     
    12969250           7  0.64071392050349141     
    12969250           8  0.74420356202138815     
    12969250           9   1.0057398051659390     
    12969250          10   1.0392276914532563     
    12969254           1  0.54667947261580829     
    12969254           2  0.97116803080873704     
    12969254           3   1.2659413063781739     
    12969254           4  0.91914436614599493     
    12969254           5  0.94728540401619898     
    12969254           6   1.3477047288733497     
    12969254           7   1.0979921394706356     
    12969254           8   1.1359165338040642     
    12969254           9  0.79042046276163735     
    12969254          10  0.97774755512540035     
    12969280           1  0.96920151870162474     
    12969280           2   1.2675889058178560     
    12969280           3   1.0707972956540126     
    12969280           4  0.74931324495853180     
    12969280           5   1.1637801774322272     
    12969280           6   1.1743780918611997     
    12969280           7   1.0704332110024055     
    12969280           8   1.0530840121330358     
    12969280           9  0.45192866190152325     
    12969280          10   1.0294948805375836     
    12969372           1  0.97338211051215118     
    12969372           2  0.87966720479270788     
    12969372           3   1.0118389589929253     
    12969372           4   1.2476634540174745     
    12969372           5  0.83928369476788833     
    12969372           6   1.2016888220193127     
    12969372           7  0.89338555756292670     
    12969372           8   1.1754562008930425     
    12969372           9  0.58180676502273987     
    12969372          10   1.1958272314188318     
    12969380           1  0.95897223197658554     
    12969380           2  0.94639746350096898     
    12969380           3   1.3605153819164264     
    12969380           4  0.75226336107269143     
    12969380           5  0.90515219540009084     
    12969380           6  0.89757738442998269     
    12969380           7   1.2334591972472275     
    12969380           8   1.0102972359491598     
    12969380           9   1.1544392851969960     
    12969380          10  0.78092626330987236     
    12969389           1  0.97906048000985346     
    12969389           2  0.88479887443187533     
    12969389           3   1.0177416722432326     
    12969389           4   1.2549418845784832     
    12969389           5  0.84417978118741510     
    12969389           6   1.2086990527180197     
    12969389           7  0.87882174663009316     
    12969389           8   1.1503972337748978     
    12969389           9  0.58520082142914298     
    12969389          10   1.1961584529969891     
    12969398           1   1.0544310835528934     
    12969398           2   1.1916488752019350     
    12969398           3   1.1088069182962712     
    12969398           4  0.91409309551748030     
    12969398           5  0.84469859706634287     
    12969398           6   1.2199868719116087     
    12969398           7   1.1495909118574752     
    12969398           8  0.73804870020227975     
    12969398           9  0.89323434210141339     
    12969398          10  0.88546060429229778     
    12969419           1  0.57992959313943071     
    12969419           2   1.2913671242110816     
    12969419           3   1.2294206517975330     
    12969419           4   1.0041163016212364     
    12969419           5  0.95450609991806645     
    12969419           6   1.2119881318720898     
    12969419           7   1.1886378894393628     
    12969419           8  0.95096604005600105     
    12969419           9  0.71452287541381621     
    12969419          10  0.87454529253138036     
    12969489           1  0.96625040896141801     
    12969489           2  0.85487839125047183     
    12969489           3   1.4842222032159715     
    12969489           4   1.2158415830613742     
    12969489           5  0.84002041421015006     
    12969489           6  0.88159111167161530     
    12969489           7  0.99811262259931399     
    12969489           8  0.98319904046228790     
    12969489           9  0.77297978548061552     
    12969489          10   1.0029044390867832     
    12969499           1   1.0111056996314809     
    12969499           2  0.73821814404530883     
    12969499           3   1.2557577043971360     
    12969499           4   1.1121334424159715     
    12969499           5   1.0545625340366289     
    12969499           6   1.0355675505784974     
    12969499           7  0.82320238841353488     
    12969499           8  0.82396322765194918     
    12969499           9   1.0527443888041641     
    12969499          10   1.0927449200253274     
    12969506           1  0.92795948103661285     
    12969506           2   1.2808268514777399     
    12969506           3  0.97628299820631581     
    12969506           4   1.0620217804508325     
    12969506           5  0.90695906522923986     
    12969506           6  0.94505209723854444     
    12969506           7   1.0740036355907350     
    12969506           8  0.85151149318701946     
    12969506           9  0.91827319679940766     
    12969506          10   1.0571094007835529     
    12969530           1   1.0053224539606975     
    12969530           2  0.98289187100188302     
    12969530           3  0.97473347999668658     
    12969530           4   1.0382947729400924     
    12969530           5  0.85285850064181956     
    12969530           6   1.2318545057993406     
    12969530           7  0.96291023389394415     
    12969530           8   1.1926384169006616     
    12969530           9  0.67068363567471523     
    12969530          10   1.0878121291901595     
    12969575           1   1.0304537605070789     
    12969575           2  0.99047001430079318     
    12969575           3   1.3499516731947379     
    12969575           4  0.87637466823724519     
    12969575           5  0.79443468877942636     
    12969575           6  0.78646707205331023     
    12969575           7   1.1320468764667400     
    12969575           8  0.71826377096605376     
    12969575           9   1.0587736233453688     
    12969575          10   1.2627638521492461     
    12969578           1  0.93100988339740620     
    12969578           2  0.86115974176335719     
    12969578           3   1.4937533769140303     
    12969578           4   1.2236493070614407     
    12969578           5  0.84541474159617369     
    12969578           6  0.86368961862835369     
    12969578           7   1.0045221647525080     
    12969578           8  0.98951281262800950     
    12969578           9  0.77794360059168211     
    12969578          10   1.0093447526670400     
    12969582           1  0.86533578000049527     
    12969582           2   1.3094902119744167     
    12969582           3  0.90120362028530654     
    12969582           4  0.94736890566908094     
    12969582           5   1.0405184066486695     
    12969582           6   1.0685250024411004     
    12969582           7   1.0619496494720904     
    12969582           8  0.92431688587216321     
    12969582           9  0.80427564257304085     
    12969582          10   1.0770158950636342     
    12969601           1  0.88025308491531606     
    12969601           2   1.2408562721097753     
    12969601           3   1.1075472269682785     
    12969601           4   1.1638745465602047     
    12969601           5   1.1472485251973681     
    12969601           6   1.0174636451833745     
    12969601           7  0.97346653188495258     
    12969601           8  0.90632490854702474     
    12969601           9   1.1546910520670011     
    12969601          10  0.40827420656670288     
    12969685           1   1.0638847813933596     
    12969685           2   1.2029525699385715     
    12969685           3   1.1859865629896125     
    12969685           4  0.93320473440264795     
    12969685           5  0.51049483263774409     
    12969685           6  0.70510933949835997     
    12969685           7   1.2785264448298044     
    12969685           8   1.2870831716938771     
    12969685           9  0.71711519314963856     
    12969685          10   1.1156423694663840     
    12969724           1   1.1334601445575603     
    12969724           2  0.96012247324472211     
    12969724           3   1.0080028755084962     
    12969724           4  0.89889165703724772     
    12969724           5   1.0941344947440199     
    12969724           6  0.78445105316953800     
    12969724           7  0.93342387510464664     
    12969724           8   1.3305843169929412     
    12969724           9  0.98318766829341597     
    12969724          10  0.87374144134741061     
    12969738           1   1.0837843451681730     
    12969738           2   1.0562367225229397     
    12969738           3   1.2291714961607261     
    12969738           4   1.0193568570953926     
    12969738           5  0.63564565944489970     
    12969738           6   1.1305315788926957     
    12969738           7   1.2439300889780613     
    12969738           8  0.54859702945684230     
    12969738           9   1.0145473238382217     
    12969738          10   1.0381988984420496     
    12969806           1   1.2272158491204632     
    12969806           2  0.97800041852190600     
    12969806           3   1.2474939259511275     
    12969806           4   1.0239955060339527     
    12969806           5  0.58685950910982443     
    12969806           6   1.1741537097423100     
    12969806           7   1.0336487183704350     
    12969806           8   1.0529279795727657     
    12969806           9  0.69228688875427136     
    12969806          10  0.98341749482294505     
    12969812           1  0.90269637868080133     
    12969812           2   1.1921354684421701     
    12969812           3   1.3661256014819791     
    12969812           4  0.79545251054510480     
    12969812           5  0.46729327055277836     
    12969812           6   1.0026984638343444     
    12969812           7   1.2014684788645404     
    12969812           8   1.1542746665513910     
    12969812           9  0.89432014804650861     
    12969812          10   1.0235350130003797     
    12969814           1   1.1606099937476766     
    12969814           2   1.0284809591954449     
    12969814           3   1.1713072948216929     
    12969814           4  0.96456076841183480     
    12969814           5  0.96978531964244408     
    12969814           6   1.1147008459039720     
    12969814           7  0.86217682608959345     
    12969814           8  0.64679032940446524     
    12969814           9  0.83695430262427517     
    12969814          10   1.2446333601586015     
    12969896           1  0.77130176045340459     
    12969896           2   1.1241384183170706     
    12969896           3   1.1521544514119759     
    12969896           4  0.68218899323420046     
    12969896           5   1.0852887331041670     
    12969896           6  0.73165854172096245     
    12969896           7  0.99315620341386179     
    12969896           8  0.97188462980113455     
    12969896           9   1.0897822084320372     
    12969896          10   1.3984460601111870     
    12969905           1   1.0885332007581658     
    12969905           2   1.2726833355742313     
    12969905           3  0.97862720270238168     
    12969905           4  0.86639149678412275     
    12969905           5  0.96332852114600664     
    12969905           6   1.1494859910005375     
    12969905           7   1.0142245960116998     
    12969905           8   1.0555949580783881     
    12969905           9  0.95028241632676735     
    12969905          10  0.66084828161770048     
    12969922           1   1.1101059332466061     
    12969922           2   1.1286085860213841     
    12969922           3   1.0833253436831911     
    12969922           4   1.0139700747328806     
    12969922           5  0.88070754231541870     
    12969922           6   1.0780662923002688     
    12969922           7  0.82560723039677986     
    12969922           8  0.90287656213475675     
    12969922           9  0.88621492715296590     
    12969922          10   1.0905175080157474     
    12970005           1   1.1274780994825779     
    12970005           2   1.1434632293974720     
    12970005           3   1.3364750952105617     
    12970005           4  0.87398118060340446     
    12970005           5  0.96921191443001198     
    12970005           6   1.0735897311796394     
    12970005           7   1.0531887869539320     
    12970005           8   1.0322472850881286     
    12970005           9  0.50031975335731038     
    12970005          10  0.89004492429696291     
    12970031           1   1.0295545641183035     
    12970031           2   1.0167342552633791     
    12970031           3   1.2108016002444819     
    12970031           4  0.81240268807133276     
    12970031           5   1.0471422632833203     
    12970031           6   1.2325958326974382     
    12970031           7   1.0576069161177750     
    12970031           8   1.1628576020133514     
    12970031           9  0.98524966353181476     
    12970031          10  0.44505461465880319     
    12970055           1   1.0290869179087743     
    12970055           2  0.83464862932683592     
    12970055           3   1.3654522846315242     
    12970055           4  0.83577799256626739     
    12970055           5   1.0135661413331338     
    12970055           6  0.78138444754539838     
    12970055           7  0.80913957730038955     
    12970055           8   1.0814109877863591     
    12970055           9   1.2231735826400281     
    12970055          10   1.0263594389612889     
    12970080           1   1.1964419121294856     
    12970080           2   1.5113274267025947     
    12970080           3   1.1220206632987029     
    12970080           4  0.98601093189779876     
    12970080           5  0.75535230522347374     
    12970080           6  0.80034504166031251     
    12970080           7   1.0495777750059272     
    12970080           8  0.92866571378042606     
    12970080           9  0.74337405634446507     
    12970080          10  0.90688417395681220     
    12970098           1   1.1890996263055387     
    12970098           2   1.0843897685940009     
    12970098           3  0.86666184307702521     
    12970098           4  0.98561309794174301     
    12970098           5  0.72425931238798691     
    12970098           6  0.97845353929238299     
    12970098           7   1.0984804698733517     
    12970098           8   1.1111946712647760     
    12970098           9   1.1726304292093455     
    12970098          10  0.78921724205384891     
    12970117           1   1.0186672161905876     
    12970117           2   1.1908874063820851     
    12970117           3   1.1080983858475888     
    12970117           4  0.95498911089946081     
    12970117           5  0.84415883098488875     
    12970117           6   1.2192072949884740     
    12970117           7   1.1488563182593283     
    12970117           8  0.73757708386928944     
    12970117           9  0.89266356146755088     
    12970117          10  0.88489479111074310     
    12970145           1  0.84542658496634715     
    12970145           2  0.77782659317047287     
    12970145           3   1.1693422973879219     
    12970145           4  0.70052220232845452     
    12970145           5  0.88146587558334200     
    12970145           6   1.1932946070259125     
    12970145           7   1.3617881826141260     
    12970145           8   1.1107918723099044     
    12970145           9   1.0314299355977352     
    12970145          10  0.92811184901578381     
    12970163           1   1.0226144080780395     
    12970163           2  0.94570964330513974     
    12970163           3   1.2997189779871514     
    12970163           4  0.93147579770373401     
    12970163           5  0.84411205121513133     
    12970163           6  0.65746416497605320     
    12970163           7  0.99131002496231613     
    12970163           8  0.76183450588850932     
    12970163           9   1.1127926475851220     
    12970163          10   1.4329677782988026     
    12970168           1   1.1617453355984195     
    12970168           2  0.93381070667262545     
    12970168           3   1.2568163529452063     
    12970168           4  0.79917870206510677     
    12970168           5  0.93244596918980915     
    12970168           6   1.1515546686815135     
    12970168           7   1.1301277480555310     
    12970168           8   1.0087235008367241     
    12970168           9  0.88959309721651625     
    12970168          10  0.73600391873854665     
    12970195           1  0.90709402093401836     
    12970195           2  0.84239388107517632     
    12970195           3   1.2559545727830208     
    12970195           4   1.0788353913153743     
    12970195           5   1.0181680148720247     
    12970195           6  0.81024369519452633     
    12970195           7   1.1435996485322728     
    12970195           8   1.0550931003111088     
    12970195           9  0.89891455512286800     
    12970195          10  0.98970311985960724     
    12970232           1   1.1321460016357499     
    12970232           2   1.0184991277888504     
    12970232           3  0.98878642644497527     
    12970232           4  0.75453911887356973     
    12970232           5  0.96292036748255172     
    12970232           6   1.0095487543191548     
    12970232           7   1.2053727450457328     
    12970232           8   1.0232475238433714     
    12970232           9  0.98792997151919038     
    12970232          10  0.91700996304685267     
    12970282           1   1.0499961621088747     
    12970282           2   1.1852536184215550     
    12970282           3   1.1603227949061825     
    12970282           4  0.96289239355203426     
    12970282           5  0.82501759254808515     
    12970282           6   1.1300127381450471     
    12970282           7   1.0601088715219658     
    12970282           8  0.85303891225713879     
    12970282           9  0.87634915666878643     
    12970282          10  0.89700775987033210     
    12970293           1   1.0305303887611765     
    12970293           2   1.2054866408087395     
    12970293           3  0.85694611703007062     
    12970293           4  0.78009369103151771     
    12970293           5  0.84735193503770834     
    12970293           6  0.85500108575340916     
    12970293           7   1.1171525378237557     
    12970293           8   1.0977415705996794     
    12970293           9   1.2331757025148380     
    12970293          10  0.97652033063910648     
    12970302           1  0.97663709703813761     
    12970302           2  0.94312305333910373     
    12970302           3  0.97540000939831695     
    12970302           4   1.1718530885239609     
    12970302           5  0.84261844717672174     
    12970302           6   1.1415532657042369     
    12970302           7  0.98453612958802061     
    12970302           8   1.1801266781367243     
    12970302           9  0.56966276462946275     
    12970302          10   1.2144894664653145     
    12970310           1   1.1037922129716451     
    12970310           2  0.96876424391933624     
    12970310           3   1.0170756031367305     
    12970310           4  0.90698230773849409     
    12970310           5   1.0538453671119545     
    12970310           6  0.79151165876503138     
    12970310           7  0.94182533980904370     
    12970310           8   1.3425605021683924     
    12970310           9  0.99203704178093211     
    12970310          10  0.88160572259844072     
    12970341           1  0.77533098452663674     
    12970341           2   1.2154363976711109     
    12970341           3  0.83940446690050019     
    12970341           4   1.0056582059104084     
    12970341           5   1.0899231984763713     
    12970341           6   1.1397152891446027     
    12970341           7  0.95880226773913191     
    12970341           8  0.99990099320879844     
    12970341           9  0.97503446360467039     
    12970341          10   1.0007937328177678     
    12970358           1   1.1396486458977799     
    12970358           2   1.2294550825548667     
    12970358           3  0.68018356162897786     
    12970358           4   1.0704342358395835     
    12970358           5  0.80132399875908800     
    12970358           6   1.0916782944473000     
    12970358           7   1.2628829849573726     
    12970358           8  0.66662799417309304     
    12970358           9  0.94897316509955865     
    12970358          10   1.1087920366423798     
    12970371           1  0.92504978939509841     
    12970371           2   1.2768107157949524     
    12970371           3  0.97322178428729822     
    12970371           4   1.0586917256792254     
    12970371           5  0.91770709945129902     
    12970371           6  0.94208881032319458     
    12970371           7   1.0885057047599811     
    12970371           8  0.84884151036448063     
    12970371           9  0.91528811077069305     
    12970371          10   1.0537947491737754     
    12970382           1   1.0483333159790094     
    12970382           2   1.0334168776933363     
    12970382           3   1.2930542182832103     
    12970382           4  0.81907980059125951     
    12970382           5  0.71546270630429898     
    12970382           6  0.86708962872348216     
    12970382           7   1.1086301565570107     
    12970382           8   1.0795157028720599     
    12970382           9  0.95809257232462552     
    12970382          10   1.0773250206717069     
    12970407           1   1.0051403815925641     
    12970407           2  0.96338439015055310     
    12970407           3  0.97455694754950739     
    12970407           4   1.0381067290071384     
    12970407           5  0.87384459589990970     
    12970407           6   1.2316314065676632     
    12970407           7  0.96273584273626722     
    12970407           8   1.1924224200331528     
    12970407           9  0.67056216921653111     
    12970407          10   1.0876151172467123     
    12970438           1  0.92910227425339686     
    12970438           2  0.85860526506793133     
    12970438           3   1.4906927245498496     
    12970438           4   1.2211420892017408     
    12970438           5  0.84368251412973261     
    12970438           6  0.88543444057713128     
    12970438           7   1.0024639313212480     
    12970438           8  0.98748533287387907     
    12970438           9  0.77634961931127211     
    12970438          10   1.0050418087138202     
    12970453           1   1.2888515951221664     
    12970453           2  0.91338119851588240     
    12970453           3   1.3422104786849629     
    12970453           4   1.0876912146179689     
    12970453           5  0.94661719093197372     
    12970453           6   1.0239233372284591     
    12970453           7  0.92898689183339311     
    12970453           8  0.99114201939679558     
    12970453           9  0.45546698381968287     
    12970453          10   1.0217290898487141     
    12970467           1   1.3188147660695435     
    12970467           2   1.4352778367371524     
    12970467           3   1.0865340004172885     
    12970467           4  0.80686553001511607     
    12970467           5  0.71441453014534717     
    12970467           6   1.0246594168101113     
    12970467           7   1.2373200692738544     
    12970467           8   1.0685114415634396     
    12970467           9  0.52083285455114892     
    12970467          10  0.78676955441699858     
    12970472           1  0.52261685564355576     
    12970472           2  0.87791237454634219     
    12970472           3  0.98497845919770788     
    12970472           4   1.3200273458695184     
    12970472           5   1.2001916289055035     
    12970472           6  0.92726078464236394     
    12970472           7  0.92650603383673147     
    12970472           8  0.98903083275227954     
    12970472           9   1.0362779839215381     
    12970472          10   1.2151977006844601     
    12970500           1   1.0736545686260837     
    12970500           2  0.88749836688137584     
    12970500           3   1.1089179806309433     
    12970500           4   1.0356232854878558     
    12970500           5  0.99195935510731426     
    12970500           6  0.67827166980534170     
    12970500           7  0.86027877642797290     
    12970500           8  0.98598011241421413     
    12970500           9   1.1684229851975994     
    12970500          10   1.2093928994212999     
    12970502           1   1.0262431984839437     
    12970502           2   1.1997442163007066     
    12970502           3   1.1163394812878362     
    12970502           4  0.88771999567722504     
    12970502           5  0.85043696800027024     
    12970502           6   1.2282747242057455     
    12970502           7   1.1574005366128857     
    12970502           8  0.74306255629695361     
    12970502           9  0.89930243550621147     
    12970502          10  0.89147588762821828     
    12970512           1   1.1047067932610788     
    12970512           2   1.1231194560543221     
    12970512           3   1.0780564544670883     
    12970512           4   1.0526583605580038     
    12970512           5  0.88144051248286281     
    12970512           6   1.0728229811427612     
    12970512           7  0.82159178567526658     
    12970512           8  0.89848530828895457     
    12970512           9  0.88190470926685038     
    12970512          10   1.0852136388028106     
    12970525           1   1.0328361013860896     
    12970525           2   1.3533940019938877     
    12970525           3   1.2167415464188529     
    12970525           4  0.67971126895047684     
    12970525           5  0.68558993748819508     
    12970525           6   1.1267545143487825     
    12970525           7   1.1462119730620601     
    12970525           8   1.1541973020075398     
    12970525           9  0.70471649628844879     
    12970525          10  0.89984685805566778     
    12970533           1  0.86870251323298220     
    12970533           2  0.95322854294650483     
    12970533           3   1.0155574101264788     
    12970533           4   1.3113410675634030     
    12970533           5  0.75875456968899346     
    12970533           6  0.66578231557768464     
    12970533           7   1.0051096408221754     
    12970533           8   1.1149692100205073     
    12970533           9   1.0205475860685178     
    12970533          10   1.2860071439527512     
    12970540           1   1.1894992060437157     
    12970540           2   1.1008945673178718     
    12970540           3   1.1491414053015441     
    12970540           4   1.0698584650115721     
    12970540           5  0.77897475073800748     
    12970540           6  0.94824037788620830     
    12970540           7  0.91785869602051229     
    12970540           8  0.80431000918954043     
    12970540           9  0.97725456675787936     
    12970540          10   1.0639679557331476     
    12970545           1   1.1449209156099540     
    12970545           2  0.92034427221364379     
    12970545           3   1.3409765902758206     
    12970545           4  0.76623633682319237     
    12970545           5  0.99960944578238387     
    12970545           6   1.0291875929479828     
    12970545           7  0.86208308556956847     
    12970545           8  0.69118895993465790     
    12970545           9   1.1986456210700343     
    12970545          10   1.0468071797727614     
    12970563           1  0.92489245721055979     
    12970563           2  0.66553385805751231     
    12970563           3   1.2216808077238217     
    12970563           4   1.0288814638693362     
    12970563           5  0.79800545618878060     
    12970563           6   1.1124707776147633     
    12970563           7  0.85864076464191841     
    12970563           8  0.99972434017712675     
    12970563           9   1.1902456766991785     
    12970563          10   1.1999243978170022     
    12970593           1   1.0293973304075346     
    12970593           2  0.94196026930638987     
    12970593           3   1.0990452733127192     
    12970593           4   1.0521768029684668     
    12970593           5  0.61547911452446058     
    12970593           6   1.1899625423053943     
    12970593           7   1.0870518596222196     
    12970593           8  0.99715069431538983     
    12970593           9   1.0510627897298208     
    12970593          10  0.93671332350760450     
    12970617           1  0.93413007407369442     
    12970617           2  0.96543402381188059     
    12970617           3   1.2892805515784214     
    12970617           4   1.0625295451995858     
    12970617           5   1.1950566401266953     
    12970617           6  0.53218326159445806     
    12970617           7   1.0270413527449946     
    12970617           8   1.1112285473072412     
    12970617           9  0.70686462931119665     
    12970617          10   1.1762513742518310     
    12970618           1  0.88969485312149699     
    12970618           2   1.0650275387386090     
    12970618           3  0.80438045090709409     
    12970618           4  0.69004482135043055     
    12970618           5  0.82304352795984392     
    12970618           6   1.2631223187202663     
    12970618           7   1.4028191526436091     
    12970618           8   1.1087281625790808     
    12970618           9  0.94019122303383773     
    12970618          10   1.0129479509457309     
    12970621           1   1.3192542666735310     
    12970621           2   1.4308692915702872     
    12970621           3   1.0868960924727631     
    12970621           4  0.80713442136885416     
    12970621           5  0.71465261181198791     
    12970621           6   1.0265552041459070     
    12970621           7   1.2377324114251274     
    12970621           8   1.0688675275248778     
    12970621           9  0.52100642430487099     
    12970621          10  0.78703174870179249     
    12970639           1  0.96907673208015543     
    12970639           2  0.90494698605046398     
    12970639           3   1.0073634815995622     
    12970639           4   1.2421448983882883     
    12970639           5  0.83557144869437239     
    12970639           6   1.2180111483595120     
    12970639           7  0.88943401287205071     
    12970639           8   1.1702570260567411     
    12970639           9  0.57923336833641670     
    12970639          10   1.1839608975624369     
    12970665           1   1.1548954755989624     
    12970665           2   1.0234170073609865     
    12970665           3   1.1655401061622481     
    12970665           4   1.0090487374528292     
    12970665           5  0.96501036867759993     
    12970665           6   1.1092123715253082     
    12970665           7  0.85793170917122163     
    12970665           8  0.64360571519667298     
    12970665           9  0.83283337433849769     
    12970665          10   1.2385051345156750     
    12970668           1   1.2272999683848032     
    12970668           2  0.97806745536451944     
    12970668           3   1.2475794351721785     
    12970668           4   1.0240656956006184     
    12970668           5  0.58621428728206437     
    12970668           6   1.1742341918729444     
    12970668           7   1.0337195696146051     
    12970668           8   1.0530001523100296     
    12970668           9  0.69233434142026806     
    12970668          10  0.98348490297796753     
    12970682           1  0.79178926182160336     
    12970682           2   1.1722500959326212     
    12970682           3  0.91093723377717539     
    12970682           4  0.88333971037608083     
    12970682           5  0.98611396775180238     
    12970682           6   1.0565213137362057     
    12970682           7   1.3103634301887939     
    12970682           8  0.88960401103486342     
    12970682           9  0.87920471543401146     
    12970682          10   1.1198762599468408     
    12970691           1  0.57907765910801834     
    12970691           2   1.2894700670283177     
    12970691           3   1.2276145958476763     
    12970691           4   1.0026412245446965     
    12970691           5  0.95310390172137027     
    12970691           6   1.2102076848188188     
    12970691           7   1.1868917445951970     
    12970691           8  0.94956904231381756     
    12970691           9  0.72816352085409020     
    12970691          10  0.87326055916799805     
    12970709           1  0.85966492961422825     
    12970709           2   1.0590775281934277     
    12970709           3   1.2362797565178549     
    12970709           4  0.69161275159296354     
    12970709           5  0.76027105791488081     
    12970709           6   1.1409951363744684     
    12970709           7   1.3077250236693021     
    12970709           8  0.85710448246003124     
    12970709           9  0.96247384473266218     
    12970709          10   1.1247954889301823     
    12970710           1  0.97932754179513959     
    12970710           2  0.88504022414606509     
    12970710           3   1.0180192852339509     
    12970710           4   1.2008506895263729     
    12970710           5  0.84441005108806932     
    12970710           6   1.2090287538278930     
    12970710           7  0.89884236880318047     
    12970710           8   1.1826359034919478     
    12970710           9  0.58536044872420057     
    12970710          10   1.1964847333631818     
    12970711           1   1.0040544739906527     
    12970711           2   1.3354461218297327     
    12970711           3   1.1833599150993508     
    12970711           4  0.97765416204070155     
    12970711           5  0.77440128707506484     
    12970711           6   1.1307062833105956     
    12970711           7  0.78817220973984359     
    12970711           8   1.0462153578006932     
    12970711           9   1.0787154703382646     
    12970711          10  0.68127471877510049     
    12970714           1   1.0483904258735826     
    12970714           2  0.93378944515103146     
    12970714           3   1.3605667183459194     
    12970714           4  0.77743016979475987     
    12970714           5   1.0012384015650555     
    12970714           6   1.0833200768837501     
    12970714           7  0.87467712947446596     
    12970714           8  0.64233134521968360     
    12970714           9   1.2161564571261618     
    12970714          10   1.0620998305655907     
    12970718           1  0.69148646923209434     
    12970718           2   1.0149013446795412     
    12970718           3   1.2000789974858628     
    12970718           4  0.95727033131766892     
    12970718           5   1.3160333261099002     
    12970718           6  0.87327336237764885     
    12970718           7   1.0546352518882309     
    12970718           8   1.1585820986941382     
    12970718           9  0.92366326055148729     
    12970718          10  0.81007555766342609     
    12970722           1  0.72372452621855943     
    12970722           2   1.2256515199970739     
    12970722           3   1.2006860439039799     
    12970722           4  0.96952869272109943     
    12970722           5   1.1043740309737780     
    12970722           6  0.79002830532570301     
    12970722           7  0.93879697657210237     
    12970722           8   1.2973894401435175     
    12970722           9  0.93450343758676846     
    12970722          10  0.81531702655741956     
    12970754           1   1.0575270831981898     
    12970754           2  0.89813641518970999     
    12970754           3   1.1235910467864447     
    12970754           4   1.0263395566621905     
    12970754           5   1.0591248492926559     
    12970754           6  0.73801980558562508     
    12970754           7  0.73747732519094389     
    12970754           8   1.0166478117203464     
    12970754           9  0.99609729777260547     
    12970754          10   1.3470388086012886     
    12970764           1   1.0578716392338623     
    12970764           2   1.1955371656471308     
    12970764           3   1.1124248995957104     
    12970764           4  0.91707573539008347     
    12970764           5  0.84745480617490831     
    12970764           6   1.1913381299331032     
    12970764           7   1.1533419692800753     
    12970764           8  0.74045691605243891     
    12970764           9  0.89614892090897114     
    12970764          10  0.88834981778371613     
    12970765           1  0.99972207862015106     
    12970765           2  0.87343927112112774     
    12970765           3   1.1667534992503896     
    12970765           4   1.0529955934518855     
    12970765           5   1.1342063891748619     
    12970765           6   1.1053549098572726     
    12970765           7  0.80723687446367287     
    12970765           8  0.76748865524750465     
    12970765           9   1.1808665844089017     
    12970765          10  0.91193614440423210     
    12970784           1   1.0267890954482439     
    12970784           2  0.96867909166305000     
    12970784           3   1.2174756593960769     
    12970784           4  0.84046787381453869     
    12970784           5   1.1265317717956127     
    12970784           6  0.47750346266585475     
    12970784           7   1.1090131330553501     
    12970784           8   1.0314500379989902     
    12970784           9  0.96024924618587604     
    12970784          10   1.2418406279764065     
    12970791           1   1.1370799745238624     
    12970791           2   1.0294310753430145     
    12970791           3   1.1723893546932211     
    12970791           4  0.98081597875238258     
    12970791           5  0.97068121244787742     
    12970791           6   1.1157306124387181     
    12970791           7  0.86297330959976848     
    12970791           8  0.64738783773027797     
    12970791           9  0.83772748543392417     
    12970791          10   1.2457831590369548     
    12970808           1   1.1487463846658073     
    12970808           2   1.0587356123037150     
    12970808           3   1.1792784374064180     
    12970808           4  0.98481044535199969     
    12970808           5   1.1365255356048833     
    12970808           6   1.0097494573264039     
    12970808           7  0.56703858078821601     
    12970808           8  0.94298950048067864     
    12970808           9   1.0135005798397450     
    12970808          10  0.95862546623213507     
    12970820           1  0.92121515522937114     
    12970820           2   1.0565080125141155     
    12970820           3  0.77607491847856536     
    12970820           4  0.71268234477575532     
    12970820           5  0.86788519695681732     
    12970820           6   1.2530181633555835     
    12970820           7   1.3915975136488805     
    12970820           8   1.0835033615796015     
    12970820           9  0.93267030597833867     
    12970820          10   1.0048450274829719     
    12970864           1   1.0776742568697772     
    12970864           2   1.0822063638286854     
    12970864           3   1.2222417537180559     
    12970864           4   1.0136099938636103     
    12970864           5  0.63206205803654236     
    12970864           6   1.1241579421060457     
    12970864           7   1.2369171415087861     
    12970864           8  0.54550418510532250     
    12970864           9   1.0088275754775911     
    12970864          10   1.0567987294855845     
    12970866           1   1.1110698322125847     
    12970866           2   1.1041408361658320     
    12970866           3   1.1796097552296596     
    12970866           4  0.97486825670753252     
    12970866           5  0.90130344222776171     
    12970866           6   1.0788763965853909     
    12970866           7  0.80184952885288374     
    12970866           8   1.0779825583726486     
    12970866           9  0.59220126487621627     
    12970866          10   1.1780981287694892     
    12970874           1  0.88188196930233786     
    12970874           2  0.90432769054308693     
    12970874           3  0.86310258516064087     
    12970874           4  0.69732927528335897     
    12970874           5  0.89952936991944665     
    12970874           6   1.3035237879228094     
    12970874           7   1.3544760770963944     
    12970874           8   1.0832375892799377     
    12970874           9  0.99822355364521165     
    12970874          10   1.0143681018467747     
    12970875           1   1.1087574463218235     
    12970875           2   1.2318310585281325     
    12970875           3   1.2091805658544641     
    12970875           4   1.0218751945637758     
    12970875           5  0.73629922413846094     
    12970875           6  0.61493745739961581     
    12970875           7   1.2602499564151086     
    12970875           8   1.1477131973282577     
    12970875           9  0.56385005823892387     
    12970875          10   1.1053058412114363     
    12970879           1  0.93746017509374124     
    12970879           2   1.3935425369299885     
    12970879           3   1.1212035765220449     
    12970879           4  0.93301045608849187     
    12970879           5   1.1655817342213131     
    12970879           6   1.0478331507935295     
    12970879           7  0.63538692314630763     
    12970879           8  0.73801613533807309     
    12970879           9  0.99737792459383690     
    12970879          10   1.0305873872726738     
    12970899           1   1.0678598109415978     
    12970899           2   1.2942276095795056     
    12970899           3  0.76462549933910173     
    12970899           4  0.68345909271139049     
    12970899           5  0.86334676343876005     
    12970899           6   1.1243724774828729     
    12970899           7   1.1760773452696947     
    12970899           8   1.0345432135442905     
    12970899           9   1.0234872757017603     
    12970899          10  0.96800091199102545     
    12970900           1  0.98591380127407480     
    12970900           2   1.0291608028698702     
    12970900           3  0.96295042814982201     
    12970900           4   1.2525789293084348     
    12970900           5   1.1471454321243417     
    12970900           6  0.59107586286658198     
    12970900           7  0.93051646027684187     
    12970900           8  0.99457101624574440     
    12970900           9  0.84441358250035747     
    12970900          10   1.2616736843839289     
    12970913           1  0.90307782103271794     
    12970913           2  0.61959180676437908     
    12970913           3   1.1422316704648325     
    12970913           4   1.3998019826108403     
    12970913           5  0.99326356647352809     
    12970913           6   1.1182115907682297     
    12970913           7  0.82608154799604216     
    12970913           8   1.1901918570770391     
    12970913           9  0.68654387042568321     
    12970913          10   1.1210042863867085     
    12970916           1   1.0231226239581617     
    12970916           2   1.0103824074677057     
    12970916           3   1.2032373547833919     
    12970916           4  0.80732736165569197     
    12970916           5   1.0406004474230199     
    12970916           6   1.2248954320447156     
    12970916           7   1.0509997243918590     
    12970916           8   1.1555928772755022     
    12970916           9  0.98278081111425297     
    12970916          10  0.50106095988569854     
    12970918           1  0.95144651728726026     
    12970918           2   1.1033461807366707     
    12970918           3   1.3463990636233369     
    12970918           4  0.39265623771940650     
    12970918           5  0.76584033388222561     
    12970918           6   1.0690177616478802     
    12970918           7   1.1856977074593795     
    12970918           8   1.2117019429231712     
    12970918           9  0.78375836209343741     
    12970918          10   1.1901358926272323     
    12970920           1   1.1605600991580274     
    12970920           2   1.0690687365056084     
    12970920           3   1.0387521202951406     
    12970920           4   1.0490285162561761     
    12970920           5  0.50523090272875171     
    12970920           6   1.0619997795208849     
    12970920           7   1.0656925233664591     
    12970920           8   1.1276681947175617     
    12970920           9  0.91746306932061716     
    12970920          10   1.0045360581307718     
    12970931           1  0.77355428902680845     
    12970931           2   1.1274213797175889     
    12970931           3   1.1251722632429109     
    12970931           4  0.68418127469718892     
    12970931           5   1.0884582369314024     
    12970931           6  0.73379529526633580     
    12970931           7  0.99605664114231718     
    12970931           8  0.97586566858587442     
    12970931           9   1.0929648351147994     
    12970931          10   1.4025301162747732     
    12970935           1  0.90911180357272836     
    12970935           2  0.62373165612938108     
    12970935           3   1.1498635774785051     
    12970935           4   1.3423391112292620     
    12970935           5  0.99990013187037941     
    12970935           6   1.1256830058086487     
    12970935           7  0.83160107413337192     
    12970935           8   1.1981442136930536     
    12970935           9  0.69113106505123878     
    12970935          10   1.1284943610334306     
    12970945           1   1.1200821001833368     
    12970945           2  0.96085918827641514     
    12970945           3   1.0421122946172614     
    12970945           4  0.54524884629268766     
    12970945           5  0.96330014733438196     
    12970945           6   1.0730193431558515     
    12970945           7   1.1111917289958184     
    12970945           8   1.0981130183886614     
    12970945           9  0.93501378023338866     
    12970945          10   1.1510595525221976     
    12970954           1   1.0641522337131251     
    12970954           2  0.73040452993577287     
    12970954           3   1.2615218210915191     
    12970954           4  0.84903763615173766     
    12970954           5  0.95119238254615823     
    12970954           6   1.1085934498987133     
    12970954           7   1.0911983582048079     
    12970954           8   1.0945398511647972     
    12970954           9   1.1454074750015073     
    12970954          10  0.70395226229186325     
    12970955           1   1.0756208837773371     
    12970955           2  0.86514801324355806     
    12970955           3   1.0086582925037173     
    12970955           4  0.96290569037961848     
    12970955           5  0.74032286632337418     
    12970955           6   1.0542356796246626     
    12970955           7   1.3119931078894691     
    12970955           8  0.99168960632216652     
    12970955           9   1.0081637671951356     
    12970955          10  0.98126209274095977     
    12970957           1  0.76257130448763744     
    12970957           2   1.2856160630776921     
    12970957           3   1.3627424954963714     
    12970957           4  0.95034308786992694     
    12970957           5  0.90171447530290139     
    12970957           6   1.0283713376702179     
    12970957           7  0.89209836095289696     
    12970957           8   1.1728049282169886     
    12970957           9  0.97344528726157131     
    12970957          10  0.67029265966379581     
    12970958           1  0.75134222033694142     
    12970958           2   1.0393673538808577     
    12970958           3   1.2795837362111455     
    12970958           4  0.99493049760497931     
    12970958           5  0.69248204646256950     
    12970958           6   1.1495784551045682     
    12970958           7   1.1936823925589728     
    12970958           8   1.0211547858804431     
    12970958           9  0.82392637032822369     
    12970958          10   1.0539521416312976     
    12970964           1   1.3439954251867372     
    12970964           2   1.2934281165066865     
    12970964           3   1.1571835126076158     
    12970964           4  0.94287201860812442     
    12970964           5  0.62916674311370158     
    12970964           6   1.0460903596094979     
    12970964           7   1.0786375233711016     
    12970964           8  0.85166888906024185     
    12970964           9  0.85785567374838045     
    12970964          10  0.79910173818791419     
    12970975           1   1.0617194023198895     
    12970975           2   1.2005041390869611     
    12970975           3   1.1835726639191220     
    12970975           4  0.94364207238780173     
    12970975           5  0.50945579641216654     
    12970975           6  0.70367419441971857     
    12970975           7   1.2839409684541017     
    12970975           8   1.2844635055283820     
    12970975           9  0.71565561194341054     
    12970975          10   1.1133716455284446     
    12970977           1   1.2283067253755147     
    12970977           2  0.97886976635078260     
    12970977           3   1.2486028274562020     
    12970977           4   1.0249057390492877     
    12970977           5  0.59288501541343819     
    12970977           6   1.1608045406521696     
    12970977           7   1.0345675321583623     
    12970977           8   1.0538639307601778     
    12970977           9  0.69290226487507900     
    12970977          10  0.98429165790898510     
    12970981           1   1.0280772192420118     
    12970981           2   1.0864258548176711     
    12970981           3   1.1151469697222283     
    12970981           4   1.1736806499809953     
    12970981           5   1.0203181503653505     
    12970981           6   1.1683624796739280     
    12970981           7  0.77121733673561643     
    12970981           8  0.81973706745063646     
    12970981           9  0.89809813026106999     
    12970981          10  0.91893614175049454     
    12970997           1   1.0084798894487199     
    12970997           2  0.87762808697499251     
    12970997           3   1.1883676802181817     
    12970997           4   1.0605574560380937     
    12970997           5   1.0999287310118846     
    12970997           6   1.1559807862861884     
    12970997           7  0.58156997588203230     
    12970997           8   1.1255071217931363     
    12970997           9  0.82888552183383180     
    12970997          10   1.0730947505129371     
    12970999           1  0.84445038077272816     
    12970999           2  0.77692844589705634     
    12970999           3   1.1679920715081296     
    12970999           4  0.69971331753136301     
    12970999           5  0.88044805724218977     
    12970999           6   1.2034636067823239     
    12970999           7   1.3602157417205840     
    12970999           8   1.1095092539214255     
    12970999           9   1.0302389555097424     
    12970999          10  0.92704016911445597     
    12971007           1  0.92646093009049690     
    12971007           2  0.67599811103365626     
    12971007           3   1.1974585403123008     
    12971007           4   1.0306262858323310     
    12971007           5  0.79935874857030664     
    12971007           6   1.1143573539737854     
    12971007           7  0.86009688501834691     
    12971007           8   1.0014197162208562     
    12971007           9   1.1922641471168045     
    12971007          10   1.2019592818311147     
    12971009           1  0.88172455860861154     
    12971009           2   1.0654075881311456     
    12971009           3  0.92590673835916359     
    12971009           4   1.2026943361894411     
    12971009           5   1.2467217270243172     
    12971009           6  0.62082602262299424     
    12971009           7  0.85972003540266617     
    12971009           8   1.0440632998623320     
    12971009           9  0.96490989126518278     
    12971009          10   1.1880258025341455     
    12971010           1   1.1089727483291747     
    12971010           2   1.2320702593564998     
    12971010           3   1.2094153683389408     
    12971010           4   1.0220736255022842     
    12971010           5  0.72556715098216440     
    12971010           6  0.61505686788872926     
    12971010           7   1.2604946757144291     
    12971010           8   1.1479360638858334     
    12971010           9  0.57289276702669034     
    12971010          10   1.1055204729752537     
    12971013           1   1.1727336933953296     
    12971013           2   1.0001248680513128     
    12971013           3  0.96898651484782972     
    12971013           4  0.93212136747834140     
    12971013           5   1.0393757257320164     
    12971013           6   1.0986385262158156     
    12971013           7   1.1329126176592867     
    12971013           8   1.0525821913479385     
    12971013           9  0.65818658995044921     
    12971013          10  0.94433790532168160     
    12971020           1   1.3402780207545768     
    12971020           2   1.2898505779802329     
    12971020           3   1.1539828178448392     
    12971020           4  0.92292580907886190     
    12971020           5  0.65089527902437760     
    12971020           6   1.0516090750609126     
    12971020           7   1.1214097087418993     
    12971020           8  0.83426996889108829     
    12971020           9  0.80768583955203388     
    12971020          10  0.82709290307117755     
    12971021           1  0.90008334311498028     
    12971021           2   1.3143477502323531     
    12971021           3   1.2181053882497761     
    12971021           4  0.68279002506038300     
    12971021           5  0.85382877680097069     
    12971021           6   1.2074610480884462     
    12971021           7   1.0459909957647413     
    12971021           8   1.0949191412806309     
    12971021           9  0.83026210118359078     
    12971021          10  0.85221143022412960     
    12971027           1  0.77337590536274081     
    12971027           2   1.1271613933669020     
    12971027           3   1.1249127955444289     
    12971027           4  0.68402350068649798     
    12971027           5   1.0916557215875697     
    12971027           6  0.73362608013133879     
    12971027           7  0.99582694784763004     
    12971027           8  0.97449817181636234     
    12971027           9   1.0927127945343893     
    12971027          10   1.4022066891221412     
    12971028           1   1.2823152022684150     
    12971028           2  0.90874899853155122     
    12971028           3   1.3354034769988805     
    12971028           4   1.0821750038228517     
    12971028           5  0.94643699951701454     
    12971028           6   1.0187305243324056     
    12971028           7  0.92427554779348209     
    12971028           8  0.98611545649602661     
    12971028           9  0.49925138519178919     
    12971028          10   1.0165474050475840     
    12971029           1   1.0449646422410845     
    12971029           2  0.92768118024942470     
    12971029           3   1.3561208486779022     
    12971029           4  0.77488979219747900     
    12971029           5  0.99796669472411215     
    12971029           6   1.0797801550220520     
    12971029           7  0.87181898186082574     
    12971029           8  0.67596598465341429     
    12971029           9   1.2121824711162190     
    12971029          10   1.0586292492574882     
    12971030           1   1.2791245788021526     
    12971030           2  0.90648787281571475     
    12971030           3   1.3320807606627536     
    12971030           4   1.0794823640134728     
    12971030           5  0.96896384043064165     
    12971030           6   1.0161957454332842     
    12971030           7  0.92197578932000734     
    12971030           8  0.98366182956376036     
    12971030           9  0.49800916082890317     
    12971030          10   1.0140180581293103     
    12971033           1  0.95222170459963351     
    12971033           2  0.66584611787154024     
    12971033           3   1.2614342531138849     
    12971033           4   1.3602292844464483     
    12971033           5  0.87627311692271659     
    12971033           6   1.2581205361192989     
    12971033           7  0.83916097879470841     
    12971033           8  0.87306454645385045     
    12971033           9  0.78862598332715905     
    12971033          10   1.1250234783507598     
    12971036           1  0.93251035805523663     
    12971036           2  0.96376002894057433     
    12971036           3   1.2870450295460658     
    12971036           4   1.0606871935055231     
    12971036           5   1.1929844957469129     
    12971036           6  0.53126049315194279     
    12971036           7   1.0252605350871227     
    12971036           8   1.1266410534516480     
    12971036           9  0.70563897563110090     
    12971036          10   1.1742118368838708     
    12971056           1  0.86608252883942016     
    12971056           2  0.95035363022555130     
    12971056           3   1.0124945151483171     
    12971056           4   1.3073860966967172     
    12971056           5  0.75646618545981603     
    12971056           6  0.66377433327102431     
    12971056           7  0.99144676183105818     
    12971056           8   1.1116064916156940     
    12971056           9   1.0582608773655793     
    12971056          10   1.2821285795468231     
    12971067           1  0.88719054381719831     
    12971067           2   1.0618730682115358     
    12971067           3  0.80211628422080283     
    12971067           4  0.71640707927725578     
    12971067           5  0.82072682852331125     
    12971067           6   1.2595668873674375     
    12971067           7   1.3988705032343336     
    12971067           8   1.1056073192430280     
    12971067           9  0.93754477676138515     
    12971067          10   1.0100967093437101     
    12971069           1   1.0986762687184235     
    12971069           2   1.0009810027312507     
    12971069           3  0.92495148947822003     
    12971069           4   1.0452121598970234     
    12971069           5  0.66795688872436121     
    12971069           6   1.1226593206929352     
    12971069           7   1.1643640932618913     
    12971069           8  0.69587032573240837     
    12971069           9   1.1425966844504374     
    12971069          10   1.1367317663130490     
    12971071           1  0.94925416697617215     
    12971071           2  0.83003208924273864     
    12971071           3   1.3094229160784296     
    12971071           4   1.1185629485583231     
    12971071           5  0.97355897484776055     
    12971071           6   1.1671264426478214     
    12971071           7   1.0548829381298239     
    12971071           8  0.50649048311631917     
    12971071           9   1.2896173160821667     
    12971071          10  0.80105172432044536     
    12971077           1  0.90661724727088699     
    12971077           2  0.64648766649994049     
    12971077           3   1.1467084106198366     
    12971077           4   1.3416277918604851     
    12971077           5  0.99715645703812350     
    12971077           6   1.1225941892021762     
    12971077           7  0.82931920330962394     
    12971077           8   1.1948565672374285     
    12971077           9  0.68923463674952001     
    12971077          10   1.1253978302119789     
    12971078           1   1.0519829259601570     
    12971078           2  0.89342787430586224     
    12971078           3   1.1177005447524060     
    12971078           4   1.0209589021407575     
    12971078           5   1.0535723156578405     
    12971078           6  0.73415068685386176     
    12971078           7  0.77215725115284339     
    12971078           8   1.0113179668270753     
    12971078           9   1.0047546657816113     
    12971078          10   1.3399768665675842     
    12971081           1   1.1148115107084366     
    12971081           2   1.1333925935350444     
    12971081           3   1.0404665706805634     
    12971081           4   1.0182681462841960     
    12971081           5  0.88950302045296503     
    12971081           6   1.0826360583878809     
    12971081           7  0.82910685926942040     
    12971081           8  0.90670372445715874     
    12971081           9  0.88997146322998044     
    12971081          10   1.0951400529943540     
    12971087           1  0.76939092049082658     
    12971087           2   1.2087047897690351     
    12971087           3  0.83463784864764246     
    12971087           4  0.97285165131429019     
    12971087           5   1.1025115631687119     
    12971087           6   1.1184474560736664     
    12971087           7   1.0042102358173997     
    12971087           8   1.0174131200694427     
    12971087           9   1.0046820566583965     
    12971087          10  0.96715035799058913     
    12971089           1   1.0689435054596845     
    12971089           2  0.89896423615640353     
    12971089           3   1.2049283520281828     
    12971089           4   1.0582430445012920     
    12971089           5   1.1382574863138237     
    12971089           6   1.1544509274112680     
    12971089           7  0.33833828800370536     
    12971089           8  0.90543315102395416     
    12971089           9  0.98123759732775584     
    12971089          10   1.2512034117739290     
    12971090           1   1.1699795789538574     
    12971090           2   1.2214095032122945     
    12971090           3  0.67573242641448328     
    12971090           4   1.0634292921879975     
    12971090           5  0.79608011803290013     
    12971090           6   1.0845343292393255     
    12971090           7   1.2546186527340721     
    12971090           8  0.69464422220717725     
    12971090           9  0.94276306519260300     
    12971090          10   1.0968088118252879     
    12971091           1   1.2058338168078258     
    12971091           2   1.1892702397634214     
    12971091           3   1.2033701193315267     
    12971091           4  0.63653851389809435     
    12971091           5  0.80469133062767362     
    12971091           6   1.1736153558256608     
    12971091           7   1.0614622727081258     
    12971091           8   1.1181656108746447     
    12971091           9   1.1172808705264059     
    12971091          10  0.48977186963662200     
    12971098           1  0.78765255446091176     
    12971098           2   1.1529950150326205     
    12971098           3   1.1674377833300058     
    12971098           4  0.84907990888664453     
    12971098           5   1.0840929952662390     
    12971098           6  0.66078791761821443     
    12971098           7  0.83661693603793830     
    12971098           8   1.0401935762968892     
    12971098           9   1.0603590352272667     
    12971098          10   1.3607842778432682     
    12971106           1   1.0224554943722970     
    12971106           2  0.94556268055673054     
    12971106           3   1.2995170023865885     
    12971106           4  0.89801054507824007     
    12971106           5  0.84398087667557786     
    12971106           6  0.65736199541338736     
    12971106           7   1.0263740670158896     
    12971106           8  0.76171611723337518     
    12971106           9   1.1122761253585438     
    12971106          10   1.4327450959093702     
    12971113           1   1.2242539509354657     
    12971113           2  0.97564000436442677     
    12971113           3   1.2444830864173013     
    12971113           4   1.0215240822555349     
    12971113           5  0.59092880269660153     
    12971113           6   1.1713198775812552     
    12971113           7   1.0311539964638849     
    12971113           8   1.0503867269692693     
    12971113           9  0.70926546582065220     
    12971113          10  0.98104400649560775     
    12971114           1  0.99446517491823916     
    12971114           2   1.1550173216764166     
    12971114           3   1.1299844704785773     
    12971114           4   1.1578940782356570     
    12971114           5   1.2067089940703979     
    12971114           6  0.90393305660366674     
    12971114           7  0.94796555708453334     
    12971114           8  0.92591614563915836     
    12971114           9   1.1356789758947003     
    12971114          10  0.44243622539865607     
    12971115           1   1.0542793169470011     
    12971115           2   1.0392782746950764     
    12971115           3   1.3003882422204327     
    12971115           4  0.82372550746038620     
    12971115           5  0.66508543368970441     
    12971115           6  0.86972430725939509     
    12971115           7   1.1149181528302921     
    12971115           8   1.0856385660076697     
    12971115           9  0.96352674032790764     
    12971115          10   1.0834354585621344     
    12971117           1   1.0052111371143326     
    12971117           2   1.2321643351068581     
    12971117           3   1.1978929855054017     
    12971117           4  0.96840135428578733     
    12971117           5  0.63729508202429641     
    12971117           6   1.0751685069271537     
    12971117           7  0.79935636721635861     
    12971117           8   1.1386053371656890     
    12971117           9  0.93598944941279894     
    12971117          10   1.0099154452413244     
    12971128           1   1.0551074616905549     
    12971128           2   1.0373475504238112     
    12971128           3   1.0168905500924630     
    12971128           4  0.77920214839085855     
    12971128           5   1.0761892060844671     
    12971128           6   1.1497360013386109     
    12971128           7   1.0330073022369342     
    12971128           8   1.0221187928250395     
    12971128           9   1.0386132501766585     
    12971128          10  0.79178773674060132     
    12971129           1   1.1080373227940949     
    12971129           2   1.2310310002914320     
    12971129           3   1.2083952188178939     
    12971129           4   1.0212114999275423     
    12971129           5  0.73582100737742873     
    12971129           6  0.61453806352620899     
    12971129           7   1.2570006269115095     
    12971129           8   1.1469677725473713     
    12971129           9  0.57240952835022452     
    12971129          10   1.1045879594562944     
    12971130           1   1.0775023509449684     
    12971130           2   1.1264877718547757     
    12971130           3   1.1063737551281072     
    12971130           4   1.0966792222013004     
    12971130           5   1.0590829719591568     
    12971130           6  0.96517951835069660     
    12971130           7   1.0178631774731983     
    12971130           8  0.72934472093860669     
    12971130           9  0.89173627022719193     
    12971130          10  0.92975024092199876     
    12971132           1   1.0445168946106209     
    12971132           2   1.3503706225939665     
    12971132           3   1.2140234382248967     
    12971132           4  0.68654401540576671     
    12971132           5  0.68405838164359900     
    12971132           6   1.1242374303492737     
    12971132           7   1.1436514225777272     
    12971132           8   1.1516189129048888     
    12971132           9  0.70314221316430014     
    12971132          10  0.89783666852496125     
    12971134           1   1.0854209630949925     
    12971134           2   1.3834078831007042     
    12971134           3   1.1683616417887397     
    12971134           4  0.71840805544325481     
    12971134           5  0.91573574483336739     
    12971134           6   1.1530153320876633     
    12971134           7   1.0841226076494366     
    12971134           8   1.0541865999342601     
    12971134           9  0.90133213763264197     
    12971134          10  0.53600903443493764     
    12971135           1   1.0251032898410513     
    12971135           2  0.84709385842062956     
    12971135           3   1.1830282153944187     
    12971135           4  0.85101640729873995     
    12971135           5  0.90807571964994771     
    12971135           6   1.2055426999618484     
    12971135           7   1.2475856147898083     
    12971135           8  0.89695451423705186     
    12971135           9   1.0119611246799483     
    12971135          10  0.82363855572655509     
    12971136           1   1.1086293629017634     
    12971136           2   1.1753278666690619     
    12971136           3   1.1475689101636481     
    12971136           4  0.99977550954083561     
    12971136           5  0.73050135941344074     
    12971136           6   1.0870086669718257     
    12971136           7  0.71894807846595066     
    12971136           8  0.95750413482356544     
    12971136           9  0.93138782100570783     
    12971136          10   1.1433482900442000     
    12971137           1   1.2040885902343796     
    12971137           2   1.1875489859749531     
    12971137           3   1.2016284585150236     
    12971137           4  0.63561723941234671     
    12971137           5  0.80352668532244331     
    12971137           6   1.1719167596530857     
    12971137           7   1.0599259978589555     
    12971137           8   1.1265450424266990     
    12971137           9   1.1201392272522375     
    12971137          10  0.48906301334987512     
    12971138           1   1.0266733404586850     
    12971138           2   1.3244385259124505     
    12971138           3   1.0100355650632595     
    12971138           4  0.92954943984054095     
    12971138           5  0.92382120555781122     
    12971138           6   1.0239943027328131     
    12971138           7   1.1728309424693086     
    12971138           8   1.0453349994977550     
    12971138           9  0.83278722618420853     
    12971138          10  0.71053445228317003     
    12971140           1   1.0259739344678713     
    12971140           2   1.1994294293706513     
    12971140           3   1.0860960156986066     
    12971140           4  0.92006142309528138     
    12971140           5  0.85021383173611897     
    12971140           6   1.2279524514875744     
    12971140           7   1.1570968597484219     
    12971140           8  0.74286759275576064     
    12971140           9  0.89906647800042150     
    12971140          10  0.89124198363929130     
    12971143           1   1.2224628713766379     
    12971143           2   1.0933855529168761     
    12971143           3  0.97954640898045542     
    12971143           4  0.88536364067492990     
    12971143           5  0.95257262864314840     
    12971143           6   1.0725506390974517     
    12971143           7   1.1466556974512316     
    12971143           8   1.0753217481870674     
    12971143           9  0.70800982776126442     
    12971143          10  0.86413098491093920     
    12971145           1   1.0002894393519159     
    12971145           2  0.94722066587923159     
    12971145           3   1.1452286189716097     
    12971145           4   1.0889930609371190     
    12971145           5   1.3631970397911068     
    12971145           6  0.47339700496101461     
    12971145           7  0.94506462735962271     
    12971145           8   1.1495835362469451     
    12971145           9  0.67365486904521610     
    12971145          10   1.2133711374562193     
    12971147           1  0.92631065411135616     
    12971147           2  0.85602546323292672     
    12971147           3   1.4862137258962396     
    12971147           4   1.2174729938319671     
    12971147           5  0.86896586008392118     
    12971147           6  0.88277402666224991     
    12971147           7  0.99945188562951348     
    12971147           8  0.98451829251501677     
    12971147           9  0.77401696628200622     
    12971147          10   1.0042501317548049     
    12971148           1  0.85821483960495737     
    12971148           2   1.1038132422646285     
    12971148           3   1.2341943894616521     
    12971148           4  0.69044613340624827     
    12971148           5  0.75898862632154485     
    12971148           6   1.1094164051142605     
    12971148           7   1.3055191421375902     
    12971148           8  0.85565871143448258     
    12971148           9  0.96085033578359091     
    12971148          10   1.1228981744710445     
    12971149           1   1.0820219615046649     
    12971149           2   1.0545191351146410     
    12971149           3   1.2271726928248581     
    12971149           4   1.0176992414634272     
    12971149           5  0.63461201144012824     
    12971149           6   1.1286931777434233     
    12971149           7   1.2419072861232912     
    12971149           8  0.54770493459786562     
    12971149           9   1.0046073440476737     
    12971149          10   1.0610622151400284     
    12971150           1   1.2262264188590195     
    12971150           2   1.5101296625299956     
    12971150           3   1.1211314343151813     
    12971150           4  0.96353416228979138     
    12971150           5  0.75475366993577775     
    12971150           6  0.79971074852192248     
    12971150           7   1.0487459587938694     
    12971150           8  0.92792972335198909     
    12971150           9  0.74278491411373637     
    12971150          10  0.90505330728871936     
    12971151           1   1.0599477965893753     
    12971151           2   1.0421064112345169     
    12971151           3   1.0215555638437701     
    12971151           4  0.70701720955104286     
    12971151           5   1.0811262540734921     
    12971151           6   1.1550104473014824     
    12971151           7   1.0377462520380683     
    12971151           8   1.0268077912856552     
    12971151           9   1.0433779174202704     
    12971151          10  0.82530435666232782     
    12971152           1  0.77148714421810405     
    12971152           2   1.2119979345048366     
    12971152           3  0.83691183917108536     
    12971152           4  0.97550220860616099     
    12971152           5   1.1371324882150620     
    12971152           6   1.1363308826452549     
    12971152           7  0.93552064123978373     
    12971152           8   1.0179121427844100     
    12971152           9   1.0074193366411053     
    12971152          10  0.96978538197419895     
    12971153           1  0.92478474159673207     
    12971153           2  0.66545634808596377     
    12971153           3   1.1952920525934545     
    12971153           4   1.0287616373991637     
    12971153           5  0.79791251819703779     
    12971153           6   1.1123412160946731     
    12971153           7  0.85854076488919051     
    12971153           8   1.0270190126524557     
    12971153           9   1.1901070572924874     
    12971153          10   1.1997846511988413     
    12971154           1  0.99419758804009362     
    12971154           2   1.2548340445937787     
    12971154           3   1.3366673054447396     
    12971154           4  0.67320481544695965     
    12971154           5  0.71288284004976066     
    12971154           6   1.1789203112817879     
    12971154           7  0.84608695309387116     
    12971154           8  0.99262637598428338     
    12971154           9  0.96204709070439365     
    12971154          10   1.0485326753603321     
    12971155           1   1.2098435494590287     
    12971155           2   1.5090267362480427     
    12971155           3   1.1203126136833435     
    12971155           4  0.98450992960073158     
    12971155           5  0.75420243405211340     
    12971155           6  0.79912667814413307     
    12971155           7   1.0479800050418535     
    12971155           8  0.92725200798417395     
    12971155           9  0.74224241963532078     
    12971155          10  0.90550362615125890     
    12971156           1  0.92976980375211737     
    12971156           2  0.96092763499269829     
    12971156           3   1.2948928014825332     
    12971156           4   1.0575699403540542     
    12971156           5   1.1894784341089573     
    12971156           6  0.52969917190976246     
    12971156           7   1.0222473973273329     
    12971156           8   1.1410886963279598     
    12971156           9  0.70356517353934978     
    12971156          10   1.1707609462052333     
    12971157           1   1.0327257337991242     
    12971157           2   1.3410070534938023     
    12971157           3  0.97632102603541715     
    12971157           4  0.94117796410263721     
    12971157           5  0.93537807046702037     
    12971157           6   1.0368043180834972     
    12971157           7   1.1875028818899609     
    12971157           8   1.0247521485126738     
    12971157           9  0.84320526964675768     
    12971157          10  0.68112553396911024     
    12971158           1   1.0251622424554450     
    12971158           2  0.83146549199346975     
    12971158           3   1.3602447973231868     
    12971158           4  0.83259054812909250     
    12971158           5  0.99682800132230021     
    12971158           6  0.77840444623790273     
    12971158           7  0.80605372499570627     
    12971158           8   1.0772867616545658     
    12971158           9   1.2185087100705627     
    12971158          10   1.0734552758177676     
    12971159           1   1.0225641631247504     
    12971159           2  0.98288654968394606     
    12971159           3   1.3396158623167551     
    12971159           4  0.91281906176496053     
    12971159           5  0.78835215496641864     
    12971159           6  0.78044554174232761     
    12971159           7   1.1233794384743256     
    12971159           8  0.74617444227400465     
    12971159           9   1.0506671969074532     
    12971159          10   1.2530955887450606     
    12971160           1  0.97959689258719040     
    12971160           2   1.0225668036709052     
    12971160           3  0.95678064949700470     
    12971160           4   1.2445534541509395     
    12971160           5   1.2058135993952563     
    12971160           6  0.58728874451209245     
    12971160           7  0.92260799060591692     
    12971160           8  0.98819863938670527     
    12971160           9  0.83900328852970141     
    12971160          10   1.2535899376642876     
    12971161           1  0.49753809065196730     
    12971161           2  0.87579965039107710     
    12971161           3   1.0196964866466844     
    12971161           4   1.3026565904405618     
    12971161           5   1.1973033294363842     
    12971161           6  0.92502930196283528     
    12971161           7  0.92427636748911080     
    12971161           8   1.0116427464850721     
    12971161           9   1.0337841478717482     
    12971161          10   1.2122732886245602     
    12971163           1   1.1131456389151193     
    12971163           2   1.1993514845097908     
    12971163           3   1.3465520233203192     
    12971163           4  0.57614049851635163     
    12971163           5   1.1248064198734224     
    12971163           6  0.99205988968003167     
    12971163           7  0.83656242474895193     
    12971163           8   1.1253015668034243     
    12971163           9  0.82534179580059863     
    12971163          10  0.86073825783198821     
    12971164           1   1.0231648460478027     
    12971164           2  0.97146669517673279     
    12971164           3   1.0596523644775191     
    12971164           4   1.0915373680275500     
    12971164           5   1.0100841619592740     
    12971164           6  0.70857204339657553     
    12971164           7  0.97497957262580426     
    12971164           8   1.0359624277492097     
    12971164           9   1.0688271660011832     
    12971164          10   1.0557533545383491     
    12971165           1   1.0718389374345296     
    12971165           2  0.73568046982531088     
    12971165           3   1.2511808376310054     
    12971165           4  0.85517049999458106     
    12971165           5  0.95806314200618148     
    12971165           6   1.1166011663953725     
    12971165           7   1.0990804245249024     
    12971165           8   1.0816571313503065     
    12971165           9   1.1536811106916733     
    12971165          10  0.67704628014613699     
    12971166           1  0.96685868928760887     
    12971166           2   1.0902159271924661     
    12971166           3   1.3443906468939952     
    12971166           4  0.40652776979329613     
    12971166           5  0.78140640837496655     
    12971166           6   1.0643848551457269     
    12971166           7   1.2252701981845473     
    12971166           8   1.2094870613736373     
    12971166           9  0.72349801188683116     
    12971166          10   1.1879604318669239     
    12971167           1   1.1175097638233245     
    12971167           2   1.2040535823344232     
    12971167           3   1.3088162914945811     
    12971167           4  0.59177608299998996     
    12971167           5   1.1292162612654821     
    12971167           6  0.99594929383670905     
    12971167           7  0.83646752813500203     
    12971167           8   1.1297133494356730     
    12971167           9  0.82857757606412874     
    12971167          10  0.85792027061068743     
    12971168           1  0.91264859374383378     
    12971168           2   1.0084153540820184     
    12971168           3  0.84244690272117417     
    12971168           4   1.0603702204791967     
    12971168           5   1.0027973928224294     
    12971168           6  0.93142321386094640     
    12971168           7   1.1853151876775305     
    12971168           8   1.0991865271172558     
    12971168           9  0.93818132130927401     
    12971168          10   1.0192152861863415     
    12971169           1  0.84206931195113710     
    12971169           2   1.2226056150470326     
    12971169           3   1.1698616781710498     
    12971169           4  0.83477237709890117     
    12971169           5   1.0305275595770711     
    12971169           6   1.1111875371416238     
    12971169           7  0.96025555507680616     
    12971169           8  0.79774116980234133     
    12971169           9   1.0287138503994515     
    12971169          10   1.0022653457345849     
    12971170           1   1.0309041756662898     
    12971170           2  0.99090295241629400     
    12971170           3   1.3505417420761494     
    12971170           4  0.92026399548922899     
    12971170           5  0.79478193912732453     
    12971170           6  0.78681083972639687     
    12971170           7   1.1325416983536016     
    12971170           8  0.67070042901227134     
    12971170           9   1.0592364172216244     
    12971170          10   1.2633158109108225     
