    10982600           1  0.55157004285630495     
    10982600           2  0.87686257024875613     
    10982600           3   1.5946769070402116     
    10982600           4  0.75322636640112339     
    10982600           5   1.2236641134536042     
    11227007           1   1.2688588384369599     
    11227007           2  0.92718086222439600     
    11227007           3   1.0332049363082214     
    11227007           4  0.70028214521196008     
    11227007           5   1.0704732178184626     
    11584530           1  0.79443546866406278     
    11584530           2   1.2762341256245682     
    11584530           3  0.99571081352828061     
    11584530           4  0.19612159930429615     
    11584530           5   1.7374979928787919     
    11705317           1   1.1116646559201717     
    11705317           2   1.0024096339766528     
    11705317           3  0.97239807655999522     
    11705317           4  0.33416731806926120     
    11705317           5   1.5793603154739189     
    11715333           1   1.0962159471748771     
    11715333           2  0.76675177787812299     
    11715333           3   1.2994055150793622     
    11715333           4  0.44503427980481380     
    11715333           5   1.3925924800628240     
    11755410           1   7.6145762969702963E-002
    11755410           2   1.6923800274898444     
    11755410           3   1.2971035011013539     
    11755410           4  0.57060460152212089     
    11755410           5   1.3637661069169777     
    11800247           1  0.94198843277795596     
    11800247           2   1.0738873783899190     
    11800247           3   1.0610325992153757     
    11800247           4   1.0645300023974613     
    11800247           5  0.85856158721928844     
    11872092           1  0.40261645183895006     
    11872092           2   1.5262816387853528     
    11872092           3   1.4689069702930477     
    11872092           4  0.78764252920612043     
    11872092           5  0.81455240987652966     
    11906451           1  0.71019049199080730     
    11906451           2   1.0952544193164484     
    11906451           3  0.94846988496639972     
    11906451           4   1.1214671244993117     
    11906451           5   1.1246180792270324     
    11926749           1  0.92775345020285727     
    11926749           2  0.82640176890193739     
    11926749           3   1.0706974723332003     
    11926749           4  0.49141161849793913     
    11926749           5   1.6837356900640661     
    11947156           1   1.0051263199412288     
    11947156           2  0.96486020829870933     
    11947156           3   1.0753581114504289     
    11947156           4  0.60668578024911357     
    11947156           5   1.3479695800605191     
    12020396           1   1.0540402866786533     
    12020396           2  0.34657110385897538     
    12020396           3   1.4051799956765707     
    12020396           4   1.2327076676875455     
    12020396           5  0.96150094609825565     
    12053177           1   1.3402578375193548     
    12053177           2   1.2980351689489249     
    12053177           3   1.5206309835665397     
    12053177           4  0.51918708800888236     
    12053177           5  0.32188892195629837     
    12059860           1  0.74120100725881033     
    12059860           2  0.92727591452652469     
    12059860           3   1.4168717843338361     
    12059860           4  0.62003223771469607     
    12059860           5   1.2946190561661328     
    12064340           1  0.55135098468559918     
    12064340           2   1.2232886758982158     
    12064340           3   1.5785302196238911     
    12064340           4  0.27348151294081824     
    12064340           5   1.3733486068514755     
    12072827           1  0.82967033145772262     
    12072827           2   1.1876764210448663     
    12072827           3  0.83187531486916244     
    12072827           4   1.4156344145603670     
    12072827           5  0.73514351806788147     
    12079780           1  0.72343392304957954     
    12079780           2   1.3512147737562228     
    12079780           3   1.4381257981736779     
    12079780           4  0.52636269648321921     
    12079780           5  0.96086280853730077     
    12106384           1   1.2371686066149050     
    12106384           2  0.50431592634952926     
    12106384           3   1.1423690570286875     
    12106384           4  0.73154264952522063     
    12106384           5   1.3846037604816572     
    12109132           1   1.2326423301233160     
    12109132           2  0.87578540756378576     
    12109132           3   1.2029374347787083     
    12109132           4  0.79510436661128203     
    12109132           5  0.89353046092290822     
    12113982           1  0.69005993219788242     
    12113982           2  0.82545484951679948     
    12113982           3   1.2621256815373683     
    12113982           4   1.0550988716317757     
    12113982           5   1.1672606651161734     
    12170532           1  0.73019608139304037     
    12170532           2   1.3685894747648297     
    12170532           3  0.66965252048296098     
    12170532           4   1.2132977679820691     
    12170532           5   1.0182641553771006     
    12174309           1  0.81898992006245130     
    12174309           2  0.47660819354424966     
    12174309           3   1.1124553040938334     
    12174309           4  0.59460756808696102     
    12174309           5   1.9973390142125043     
    12180794           1   1.0896945256239514     
    12180794           2  0.90141247952101011     
    12180794           3  0.81052006672924759     
    12180794           4  0.75406485504933840     
    12180794           5   1.4443080730764524     
    12182348           1  0.96175597227100318     
    12182348           2   1.2820408050424354     
    12182348           3   1.3048510670841647     
    12182348           4  0.83563095993295256     
    12182348           5  0.61572119566944417     
    12188846           1   1.1884315119890287     
    12188846           2   1.5591210321327882     
    12188846           3  0.67227134830603907     
    12188846           4  0.30865157960663375     
    12188846           5   1.2715245279655094     
    12200457           1  0.51217029470191011     
    12200457           2   1.2299170672545487     
    12200457           3   1.0663320610388909     
    12200457           4  0.65617799754600492     
    12200457           5   1.5354025794586452     
    12220959           1  0.53896399265662409     
    12220959           2   1.1558185608515235     
    12220959           3   1.1612321123002733     
    12220959           4  0.79939094823876189     
    12220959           5   1.3445943859528173     
    12228257           1   1.0801640087187085     
    12228257           2   1.1549992649389893     
    12228257           3   1.2465187899333232     
    12228257           4  0.75943672125617323     
    12228257           5  0.75888121515280493     
    12231192           1   1.0453280074667206     
    12231192           2  0.95599855482197671     
    12231192           3   1.3394387392473728     
    12231192           4  0.74245053875809708     
    12231192           5  0.91678415970583260     
    12277585           1  0.87539267219676864     
    12277585           2   1.3101526854315875     
    12277585           3   1.1813362129513076     
    12277585           4  0.46557168736213184     
    12277585           5   1.1675467420582046     
    12290794           1  0.37615456675294517     
    12290794           2   1.2986245281081426     
    12290794           3   1.3517085128789115     
    12290794           4  0.76716536039925753     
    12290794           5   1.2063470318607434     
    12293007           1  0.61072581310254714     
    12293007           2   1.6542356530283897     
    12293007           3   1.0915446502554469     
    12293007           4  0.21591303076326027     
    12293007           5   1.4275808528503566     
    12302722           1   1.1267244473632698     
    12302722           2  0.76546862469219124     
    12302722           3  0.81501820336149089     
    12302722           4  0.60399988586756537     
    12302722           5   1.6887888387154821     
    12323727           1   1.0476536811580208     
    12323727           2  0.94181736945348971     
    12323727           3   1.4328461453218964     
    12323727           4  0.68216202419185035     
    12323727           5  0.89552077987474255     
    12332294           1  0.51837686426667828     
    12332294           2  0.88995172307934522     
    12332294           3   1.1496835994252073     
    12332294           4   1.2828594690011201     
    12332294           5   1.1591283442276492     
    12333288           1  0.54093596035974079     
    12333288           2  0.95115157374862969     
    12333288           3   1.3548986708165529     
    12333288           4  0.69488228943045194     
    12333288           5   1.4581315056446256     
    12338148           1  0.75466380389656207     
    12338148           2   1.0674866815053716     
    12338148           3   1.0647321971385195     
    12338148           4   1.0255880865964899     
    12338148           5   1.0875292308630562     
    12359563           1  0.93131271944586758     
    12359563           2   1.2028961125648037     
    12359563           3   1.3776566775975696     
    12359563           4  0.66228848351513303     
    12359563           5  0.82584600687662557     
    12363013           1   1.5092947101212959     
    12363013           2   1.6435995082092743     
    12363013           3  0.49405510638385508     
    12363013           4  0.85170356439530914     
    12363013           5  0.50134711089026540     
    12363248           1   1.2947912759930174     
    12363248           2   1.1277171535707355     
    12363248           3  0.71539415607159451     
    12363248           4   1.1056629974587777     
    12363248           5  0.75643441690587532     
    12367940           1   1.4224036254159462     
    12367940           2  0.38294510404111226     
    12367940           3   1.1743344905471667     
    12367940           4  0.59616171835341647     
    12367940           5   1.4241550616423584     
    12370064           1  0.95185450884937484     
    12370064           2   1.1459968498765114     
    12370064           3   1.3165439960569927     
    12370064           4  0.43945509086566931     
    12370064           5   1.1461495543514524     
    12372534           1   1.4719697936864686     
    12372534           2  0.63215389249239917     
    12372534           3  0.98057760929059834     
    12372534           4  0.77936376087699022     
    12372534           5   1.1359349436535437     
    12383065           1   1.0829975530761267     
    12383065           2   1.1494653968388751     
    12383065           3  0.90371917992198225     
    12383065           4  0.79509880693664836     
    12383065           5   1.0687190632263670     
    12384591           1  0.96466437801263649     
    12384591           2  0.93288061929211985     
    12384591           3   1.5136871226962145     
    12384591           4  0.35826052677468556     
    12384591           5   1.2305073532243440     
    12386796           1  0.50693595820257520     
    12386796           2   1.1409890057093395     
    12386796           3   1.3972429271842546     
    12386796           4  0.67186095590541661     
    12386796           5   1.2829711529984145     
    12388785           1  0.54800356068445977     
    12388785           2   1.2680776412811392     
    12388785           3   1.4874154721131065     
    12388785           4  0.50124200658044848     
    12388785           5   1.1952613193408457     
    12406873           1  0.65247239979406491     
    12406873           2   1.0213746176758791     
    12406873           3   1.2301624162218805     
    12406873           4  0.57841034535178726     
    12406873           5   1.5175802209563880     
    12407446           1   1.0060622049784926     
    12407446           2  0.76356985153657464     
    12407446           3   1.1004915024020392     
    12407446           4  0.96618666067387216     
    12407446           5   1.1636897804090216     
    12407717           1  0.69519198644618896     
    12407717           2   1.3772854935668770     
    12407717           3   1.3117687964770619     
    12407717           4  0.34264438504693917     
    12407717           5   1.2731093384629333     
    12415372           1  0.84540156567166169     
    12415372           2  0.93677309675671239     
    12415372           3   1.3265829183045756     
    12415372           4  0.70434785472156292     
    12415372           5   1.1868945645454869     
    12418394           1  0.85090921163782895     
    12418394           2   1.6457385174930153     
    12418394           3  0.45867335067843196     
    12418394           4   1.4911745918796997     
    12418394           5  0.55350432831102436     
    12423983           1   1.2403150688602991     
    12423983           2  0.36017348964896656     
    12423983           3   1.3709092685614217     
    12423983           4   1.0582870117194223     
    12423983           5  0.97031516120989070     
    12433027           1  0.54763467043469360     
    12433027           2  0.79313829866795860     
    12433027           3   1.1371150959760112     
    12433027           4   1.0759180022758719     
    12433027           5   1.4461939326454649     
    12435486           1  0.53594075426132670     
    12435486           2   1.1590596668633035     
    12435486           3  0.83485247563568354     
    12435486           4   1.7252366344664687     
    12435486           5  0.74491046877321665     
    12436789           1  0.65311912233338287     
    12436789           2   1.2884611783252582     
    12436789           3   1.3272490471385647     
    12436789           4  0.50609607927786193     
    12436789           5   1.2250745729249319     
    12438063           1   1.1012566562047179     
    12438063           2   1.0285567692921409     
    12438063           3   1.5382394622861122     
    12438063           4  0.38965979879832602     
    12438063           5  0.94228731341870253     
    12447136           1  0.60178698385477969     
    12447136           2   1.0440591996267921     
    12447136           3   1.5089845820988532     
    12447136           4  0.26787636572763956     
    12447136           5   1.5772928686919359     
    12468036           1  0.73625233410212554     
    12468036           2  0.85608962924066201     
    12468036           3   1.2962864732953265     
    12468036           4  0.97989611937276255     
    12468036           5   1.1314754439891230     
    12482495           1   1.1416500876627016     
    12482495           2  0.48857951665717558     
    12482495           3   1.3154767019134466     
    12482495           4  0.65006385507305331     
    12482495           5   1.4042298386936218     
    12483922           1  0.45596456194229873     
    12483922           2  0.94108247324118510     
    12483922           3   1.4486118751874837     
    12483922           4   1.0358833144708901     
    12483922           5   1.1184577751581428     
    12485538           1  0.73912171514210601     
    12485538           2   1.2413226597701306     
    12485538           3  0.95795341017517388     
    12485538           4  0.31904370015001154     
    12485538           5   1.7425585147625786     
    12499129           1   1.2767685658929016     
    12499129           2  0.48703817824493439     
    12499129           3   1.1627082910061513     
    12499129           4  0.80958016713688408     
    12499129           5   1.2639047977191289     
    12500043           1  0.90603611407154960     
    12500043           2  0.86132474867791442     
    12500043           3   1.3367121684281114     
    12500043           4  0.90288874598362812     
    12500043           5  0.99303822283879650     
    12502859           1  0.73573545984732514     
    12502859           2   1.6208719149029205     
    12502859           3   1.1671998764281248     
    12502859           4  0.73740810860384709     
    12502859           5  0.73878464021778267     
    12510600           1   1.3908129119132948     
    12510600           2  0.83932108938997074     
    12510600           3  0.74628874242351306     
    12510600           4   1.6038171475563425     
    12510600           5  0.41976010871687869     
    12511049           1  0.99185193907980196     
    12511049           2   1.2854392602384774     
    12511049           3  0.82827943784375047     
    12511049           4   1.1704545787588745     
    12511049           5  0.72397478407909532     
    12514773           1  0.95855033358543151     
    12514773           2  0.86883549501765267     
    12514773           3   1.0419476548503601     
    12514773           4  0.64429265574401495     
    12514773           5   1.4863738608025410     
    12516753           1  0.68277551815487192     
    12516753           2  0.86576906448577062     
    12516753           3  0.96528447346321999     
    12516753           4   1.3522902434292361     
    12516753           5   1.1338807004669016     
    12525698           1  0.95660273135705554     
    12525698           2   1.2864082871399980     
    12525698           3   1.1122575323780894     
    12525698           4  0.33155491286552580     
    12525698           5   1.3131765362593311     
    12528596           1  0.73034731182475221     
    12528596           2   1.3773037670551032     
    12528596           3   1.1649375018497563     
    12528596           4  0.36826169411772941     
    12528596           5   1.3591497251526581     
    12536319           1   1.1070621919262373     
    12536319           2   1.1878111102128173     
    12536319           3   1.0448363084978682     
    12536319           4  0.47741851781090711     
    12536319           5   1.1828718715521709     
    12541708           1   1.1174522120320267     
    12541708           2   1.0678258587010321     
    12541708           3   1.3394078293041514     
    12541708           4  0.65401797858332633     
    12541708           5  0.82129612137946284     
    12542827           1  0.78156995390690520     
    12542827           2  0.51268861499952467     
    12542827           3   1.3180308089866839     
    12542827           4   1.2308140895831186     
    12542827           5   1.1568965325237675     
    12543542           1   1.7664702138551132     
    12543542           2  0.37761760990950344     
    12543542           3  0.80953085977367945     
    12543542           4  0.70685972675117559     
    12543542           5   1.3395215897105290     
    12544682           1  0.72846713855768597     
    12544682           2   1.3288195010210673     
    12544682           3   1.2580340512573431     
    12544682           4  0.63281795978017563     
    12544682           5   1.0518613493837274     
    12554015           1  0.43705269552554765     
    12554015           2  0.95458152809027252     
    12554015           3   1.5700825131759055     
    12554015           4  0.35466144049110804     
    12554015           5   1.6836218227171660     
    12560333           1   1.0702055472445948     
    12560333           2   1.0759983064575407     
    12560333           3  0.89581335366729797     
    12560333           4  0.67001675686060225     
    12560333           5   1.2879660357699647     
    12564635           1   1.2789651691344632     
    12564635           2   1.1282584423974924     
    12564635           3   1.4037423139216738     
    12564635           4  0.43154129700121097     
    12564635           5  0.75749277754515987     
    12566800           1   1.0593876192803935     
    12566800           2  0.75918910657039607     
    12566800           3   1.0032892463315426     
    12566800           4  0.82482393746906035     
    12566800           5   1.3533100903486082     
    12566926           1   1.1477191430916218     
    12566926           2  0.57630519368910893     
    12566926           3  0.47355449468246935     
    12566926           4  0.83777490910297048     
    12566926           5   1.9646462594338301     
    12569703           1  0.27766455273509794     
    12569703           2   1.6149262936707767     
    12569703           3   1.2097792211057870     
    12569703           4  0.51468123291097245     
    12569703           5   1.3829486995773661     
    12574688           1  0.56775308457668383     
    12574688           2   1.6785358628452316     
    12574688           3   1.0755854091291603     
    12574688           4  0.33615723358126703     
    12574688           5   1.3419684098676568     
    12578213           1   1.1368596557299435     
    12578213           2   1.4982808782995072     
    12578213           3  0.91660167867075237     
    12578213           4   1.2929573684536759     
    12578213           5  0.15530041884612047     
    12579613           1   1.0108140182561995     
    12579613           2  0.96348648932273384     
    12579613           3   1.0738270711702278     
    12579613           4  0.60582201183829654     
    12579613           5   1.3460504094125432     
    12581600           1   1.0401804526308838     
    12581600           2  0.98612036599795994     
    12581600           3  0.99812610049364980     
    12581600           4   1.5035502927955120     
    12581600           5  0.47202278808199449     
    12594492           1  0.72639589778853031     
    12594492           2  0.52032745991174167     
    12594492           3   1.1465947244024237     
    12594492           4  0.84516462718135044     
    12594492           5   1.7615172907159544     
    12595424           1   1.4432600606048345     
    12595424           2  0.65318581357257111     
    12595424           3   1.1934292437034599     
    12595424           4  0.37259643177422253     
    12595424           5   1.3375284503449125     
    12597299           1  0.75869009578516211     
    12597299           2   1.4473645477884587     
    12597299           3   1.2107576580570929     
    12597299           4  0.51420975025326388     
    12597299           5   1.0689779481160226     
    12600992           1  0.81153306771447253     
    12600992           2  0.70414726151865159     
    12600992           3   1.2294917963798193     
    12600992           4  0.88407641722257013     
    12600992           5   1.3707514571644863     
    12620663           1  0.57751021543889436     
    12620663           2   1.6219483786668951     
    12620663           3   1.0671885203515608     
    12620663           4  0.45280115500366835     
    12620663           5   1.2805517305389815     
    12623791           1  0.34861401603729331     
    12623791           2   1.0235989956449243     
    12623791           3   1.1857857634791420     
    12623791           4   1.1014667784072942     
    12623791           5   1.3405344464313462     
    12626850           1  0.92292520928546717     
    12626850           2   1.0673995197174260     
    12626850           3  0.96167538087780680     
    12626850           4  0.45693202856356963     
    12626850           5   1.5910678615557312     
    12633661           1  0.72977711887206831     
    12633661           2   1.3843620260005076     
    12633661           3   1.1000569138792762     
    12633661           4  0.64117340289666858     
    12633661           5   1.1446305383514792     
    12634986           1  0.94488734737447522     
    12634986           2   1.3503441327988626     
    12634986           3   1.4721412654205788     
    12634986           4  0.25252140582908478     
    12634986           5  0.98010584857699901     
    12639663           1   1.4156565865291977     
    12639663           2  0.88109324242500864     
    12639663           3  0.45671417084097898     
    12639663           4  0.53602345792862061     
    12639663           5   1.7105125422761935     
    12640612           1  0.86295883605684109     
    12640612           2   1.2225543391476565     
    12640612           3   1.3546791001876712     
    12640612           4  0.48221214596520262     
    12640612           5   1.0775955786426281     
    12646301           1   1.2641380626637093     
    12646301           2  0.96483312996217674     
    12646301           3   1.0398936367980178     
    12646301           4  0.66990219078924196     
    12646301           5   1.0612329797868545     
    12648417           1   1.0062491766739765     
    12648417           2  0.98882372375597138     
    12648417           3   1.2289445298914115     
    12648417           4  0.70767980138331310     
    12648417           5   1.0683027682953279     
    12649231           1  0.79206368688008588     
    12649231           2  0.87172961468909171     
    12649231           3   1.3423621738130420     
    12649231           4  0.33224913650130106     
    12649231           5   1.6615953881164784     
    12652518           1  0.64741628909411875     
    12652518           2  0.90814487037044200     
    12652518           3   1.0077255880318683     
    12652518           4   1.4593258360200343     
    12652518           5  0.97738741648353622     
    12655110           1   1.3565961473117387     
    12655110           2   1.5317101297678832     
    12655110           3  0.63110994081501148     
    12655110           4  0.53689996682950247     
    12655110           5  0.94368381527586431     
    12655888           1  0.78897530115925218     
    12655888           2   1.3040408266294807     
    12655888           3   1.1314935442734027     
    12655888           4  0.49705113435822096     
    12655888           5   1.2784391935796429     
    12656148           1  0.57730701691270259     
    12656148           2  0.89181908471482985     
    12656148           3  0.86989041150603874     
    12656148           4   1.3196587673467581     
    12656148           5   1.3413247195196711     
    12658698           1   1.2258503149856936     
    12658698           2   1.4296729370227641     
    12658698           3  0.80786365013996131     
    12658698           4  0.80027097241540490     
    12658698           5  0.73634212543617605     
    12659275           1  0.38736297623262456     
    12659275           2   1.8028780695778166     
    12659275           3   1.2454782408233249     
    12659275           4  0.22803985116915032     
    12659275           5   1.3362408621970838     
    12665996           1   1.0345668543384166     
    12665996           2  0.44331951463553598     
    12665996           3  0.61147950175196886     
    12665996           4   1.0610807094511598     
    12665996           5   1.8495534198229191     
    12667878           1   1.0838008243539108     
    12667878           2  0.72647397200282327     
    12667878           3  0.83710664472156371     
    12667878           4  0.78056266296839583     
    12667878           5   1.5720558959533069     
    12668772           1  0.50954902716972550     
    12668772           2  0.85801409733092326     
    12668772           3   1.0198016285956610     
    12668772           4   1.5779822534785124     
    12668772           5   1.0346529934251780     
    12669587           1  0.89534782374661404     
    12669587           2  0.66527187427279322     
    12669587           3   1.1283103944402300     
    12669587           4   1.1624108107719300     
    12669587           5   1.1486590967684338     
    12670407           1  0.58810790490479026     
    12670407           2  0.95742562180093871     
    12670407           3   1.4580731810321113     
    12670407           4  0.92034441807810985     
    12670407           5   1.0760488741840495     
    12676701           1  0.54873766623943887     
    12676701           2   1.0453748204466562     
    12676701           3   1.0438828316451028     
    12676701           4   1.3889399073669875     
    12676701           5  0.97306477430181493     
    12677278           1  0.63336442000197346     
    12677278           2   1.1806935326298902     
    12677278           3   1.3967006797911945     
    12677278           4  0.72244855626156734     
    12677278           5   1.0667928113153742     
    12679421           1   6.8980324173331192E-002
    12679421           2   1.6948428634966419     
    12679421           3   1.2989911109497128     
    12679421           4  0.57143497385897568     
    12679421           5   1.3657507275213387     
    12681384           1   1.0699527015809847     
    12681384           2   1.2564669853174182     
    12681384           3   1.0299268952743748     
    12681384           4  0.15044208875367177     
    12681384           5   1.4932113290735511     
    12688033           1   1.2287291676095586     
    12688033           2   1.2618711488313050     
    12688033           3   1.0469057784480851     
    12688033           4  0.45407885272710447     
    12688033           5   1.0084150523839464     
    12688778           1   1.6626672527889363     
    12688778           2  0.99324447240575775     
    12688778           3   6.5203351150059565E-003
    12688778           4  0.44229953530627025     
    12688778           5   1.8952684043840300     
    12689755           1   1.3583547659498163     
    12689755           2  0.95792435435483325     
    12689755           3   1.0567569601293663     
    12689755           4  0.33903981962375468     
    12689755           5   1.2879240999422297     
    12689865           1   1.2241702642175598     
    12689865           2  0.85436630968515592     
    12689865           3  0.59372654109855261     
    12689865           4  0.90395770163209144     
    12689865           5   1.4237791833666404     
    12692433           1  0.84617865662399316     
    12692433           2  0.68872485842727826     
    12692433           3   1.1953512038021881     
    12692433           4  0.80199151622566123     
    12692433           5   1.4677537649208792     
    12697086           1  0.66694671810156125     
    12697086           2   1.1371431910924246     
    12697086           3   1.2800788315212090     
    12697086           4  0.51236568979434183     
    12697086           5   1.4034655694904632     
    12699688           1  0.66270083509314037     
    12699688           2   1.1133030291330983     
    12699688           3   1.2274162157478097     
    12699688           4  0.44586822281209859     
    12699688           5   1.5507116972138533     
    12703720           1  0.78608463924950867     
    12703720           2   1.7868516450600409     
    12703720           3  0.97009430709623945     
    12703720           4  0.61610193873405084     
    12703720           5  0.84086746986015992     
    12704070           1  0.94676328147436728     
    12704070           2   1.1313130092867225     
    12704070           3   1.2496355824112140     
    12704070           4  0.60260496332763624     
    12704070           5   1.0696831635000601     
    12711700           1  0.90699307083709912     
    12711700           2   1.0153078227575110     
    12711700           3  0.95716019068233393     
    12711700           4   1.4880122458335323     
    12711700           5  0.63252666988952333     
    12716051           1  0.87677142029190946     
    12716051           2   1.1316099231474768     
    12716051           3  0.72567889019873755     
    12716051           4   1.4933005128385133     
    12716051           5  0.77263925352336371     
    12717386           1  0.96154337681885227     
    12717386           2   1.7263485482305516     
    12717386           3  0.90520205085011152     
    12717386           4  0.39129496992457152     
    12717386           5   1.0156110541759131     
    12720504           1  0.80113465169143072     
    12720504           2  0.85345248448451727     
    12720504           3   1.5275482456878595     
    12720504           4   1.0182296332949057     
    12720504           5  0.79963498484128703     
    12721963           1  0.74560313961746383     
    12721963           2   1.4274783704647274     
    12721963           3   1.1907893523594555     
    12721963           4  0.35855789787597475     
    12721963           5   1.2775712396823788     
    12723082           1  0.63117006858016034     
    12723082           2  0.86951998257931629     
    12723082           3   1.3450134870798278     
    12723082           4  0.81494780086477070     
    12723082           5   1.3393486608959253     
    12723545           1  0.32926987766776911     
    12723545           2  0.76261521939823484     
    12723545           3   1.3036654710227904     
    12723545           4   1.2647162984015874     
    12723545           5   1.3397331335096179     
    12725031           1   1.5267059065293815     
    12725031           2   1.0547984873490792     
    12725031           3   1.0174485912094844     
    12725031           4  0.51795195401324712     
    12725031           5  0.88309506089880752     
    12727933           1   1.2247019899760405     
    12727933           2   1.1626403484891747     
    12727933           3   1.2583777531725633     
    12727933           4  0.74571184180280814     
    12727933           5  0.60856806655941398     
    12733018           1  0.96959292475254455     
    12733018           2   2.0029610322203708     
    12733018           3  0.80824856162460867     
    12733018           4  0.64479215646558152     
    12733018           5  0.57440532493689500     
    12734745           1   1.1808216597893606     
    12734745           2   1.2837486468793984     
    12734745           3   1.1347237594576793     
    12734745           4  0.67931733495480096     
    12734745           5  0.72138859891876084     
    12735359           1  0.92688273757837802     
    12735359           2   1.4399034394160581     
    12735359           3   1.1198369069380871     
    12735359           4  0.91627206433797526     
    12735359           5  0.59710485172950134     
    12736247           1  0.43269343087785478     
    12736247           2   1.1527522322478803     
    12736247           3  0.92798026163948355     
    12736247           4   1.4155476451767559     
    12736247           5   1.0710264300580257     
    12741627           1  0.58805077496872660     
    12741627           2  0.97654370677414915     
    12741627           3   1.7055202129466023     
    12741627           4  0.29595221696663443     
    12741627           5   1.4339330883438883     
    12742756           1  0.68772643601391592     
    12742756           2   1.1479116880477045     
    12742756           3   1.4904202143382079     
    12742756           4  0.73354179691933408     
    12742756           5  0.94039986468083736     
    12748709           1  0.85253498802782124     
    12748709           2   1.2275648093644442     
    12748709           3   1.2293889290767857     
    12748709           4  0.42810037771260706     
    12748709           5   1.2624108958183413     
    12749329           1  0.66683768699722756     
    12749329           2  0.66623119244377749     
    12749329           3   1.2006182304988429     
    12749329           4   1.2055336531926164     
    12749329           5   1.2607792368675363     
    12749597           1  0.94804933570232652     
    12749597           2   1.6341284815937096     
    12749597           3  0.89847550691103528     
    12749597           4  0.22873541533587416     
    12749597           5   1.2906112604570543     
    12749912           1  0.95228174427993839     
    12749912           2   1.6490477981667313     
    12749912           3  0.73413820341678060     
    12749912           4  0.58702668348155262     
    12749912           5   1.0775055706549974     
    12754725           1   1.1034807942741121     
    12754725           2   1.2143405753795444     
    12754725           3  0.82529899203031121     
    12754725           4  0.47930615888490696     
    12754725           5   1.3775734794311261     
    12755748           1  0.63947995101010202     
    12755748           2  0.75118221282250830     
    12755748           3   1.4597591741262841     
    12755748           4  0.51183721546276417     
    12755748           5   1.6377414465783418     
    12758317           1  0.72286697119457732     
    12758317           2   1.3601099749877823     
    12758317           3   1.0893779715752221     
    12758317           4  0.25759929223051237     
    12758317           5   1.5700457900119058     
    12758647           1  0.71151341998306061     
    12758647           2  0.68783206386400808     
    12758647           3   1.3571735425309484     
    12758647           4  0.98923610501603632     
    12758647           5   1.2542448686059473     
    12763840           1  0.95253441270321226     
    12763840           2   1.3197888522353292     
    12763840           3  0.97604410116917162     
    12763840           4  0.35176322078955080     
    12763840           5   1.3998694131027356     
    12764309           1  0.86628802409452965     
    12764309           2   1.0690958171994795     
    12764309           3   1.1402838546865766     
    12764309           4  0.62776445681178905     
    12764309           5   1.2965678472076254     
    12764851           1  0.78375251235450205     
    12764851           2   1.2062479771940664     
    12764851           3   1.1202624596642285     
    12764851           4  0.63425795359871684     
    12764851           5   1.2554790971884859     
    12765677           1   1.2593156886343444     
    12765677           2   1.2421256074922691     
    12765677           3  0.99169678639404846     
    12765677           4  0.39418255652867723     
    12765677           5   1.1126793609506609     
    12768776           1   1.1135681366781560     
    12768776           2   1.1475522036022987     
    12768776           3   1.1604664612299835     
    12768776           4  0.58911994308023830     
    12768776           5  0.98929325540932400     
    12772550           1  0.87053912017373558     
    12772550           2   1.1684763141468406     
    12772550           3   1.1924851029307166     
    12772550           4  0.51657038107821740     
    12772550           5   1.2519290816704898     
    12775476           1  0.74161046959800270     
    12775476           2   1.3504386575215115     
    12775476           3   1.4372997616314509     
    12775476           4  0.57756361196804251     
    12775476           5  0.89308749928099229     
    12776817           1  0.91771179343824938     
    12776817           2  0.73130274916228866     
    12776817           3   1.2703149465255559     
    12776817           4   1.2863641094956435     
    12776817           5  0.79430640137826247     
    12778070           1   1.1002383100205657     
    12778070           2  0.90876620857510149     
    12778070           3   1.5152157067639407     
    12778070           4  0.76759385285370274     
    12778070           5  0.70818592178668960     
    12779613           1  0.86815875275075249     
    12779613           2   1.1677090869610447     
    12779613           3   1.2330947515250592     
    12779613           4  0.74074931240118658     
    12779613           5  0.99028809636195680     
    12780084           1   1.1024162057976332     
    12780084           2   1.0352494327152835     
    12780084           3   1.0445418719466499     
    12780084           4  0.38952336262684534     
    12780084           5   1.4282691269135881     
    12780480           1   1.1093055662689408     
    12780480           2   1.1028211917071231     
    12780480           3   1.1560243711273686     
    12780480           4  0.58686488103765577     
    12780480           5   1.0449839898589122     
    12782425           1  0.88954649562670374     
    12782425           2   1.1338956208589945     
    12782425           3   1.4540317663240239     
    12782425           4  0.69870804716902735     
    12782425           5  0.82381807002125040     
    12782941           1   1.3165654154795239     
    12782941           2   1.0849171235700752     
    12782941           3   1.1986446268211213     
    12782941           4  0.32620562894585692     
    12782941           5   1.0736672051834224     
    12783581           1   1.1318261397601288     
    12783581           2   1.2686387715452450     
    12783581           3   1.2088877658779797     
    12783581           4  0.48124796929853236     
    12783581           5  0.90939935351811407     
    12784472           1   1.0844670775549077     
    12784472           2  0.67841852917303569     
    12784472           3   1.4384515451929680     
    12784472           4  0.60896500694766253     
    12784472           5   1.1896978411314261     
    12784620           1  0.38659708770640466     
    12784620           2   1.3478744807070706     
    12784620           3   1.4573005422316487     
    12784620           4   9.6122167152904517E-002
    12784620           5   1.7121057222019713     
    12786940           1  0.54940597700602045     
    12786940           2   1.1673339649896448     
    12786940           3   1.2962172269357359     
    12786940           4  0.53703318234578246     
    12786940           5   1.4500096487228160     
    12787125           1   1.1518989834660678     
    12787125           2   1.2107804280944423     
    12787125           3  0.98692822902297739     
    12787125           4  0.11843354915378096     
    12787125           5   1.5319588102627313     
    12789180           1  0.84139575654019727     
    12789180           2  0.47217998062049882     
    12789180           3   1.2204339516336007     
    12789180           4   1.1898696786062015     
    12789180           5   1.2761206325995014     
    12791658           1  0.19150243017471894     
    12791658           2   1.2580677483112019     
    12791658           3   1.1282297825117913     
    12791658           4  0.98505361941851588     
    12791658           5   1.4371464195837722     
    12793007           1   1.3679029692813789     
    12793007           2  0.16704275078272512     
    12793007           3  0.63058209477309890     
    12793007           4  0.93784302013204091     
    12793007           5   1.8966291650307565     
    12793036           1   1.0054525391639533     
    12793036           2   1.3563016854827041     
    12793036           3  0.83111841389221108     
    12793036           4   1.5691386780799583     
    12793036           5  0.23798868338117385     
    12795858           1  0.55473255305211777     
    12795858           2   1.7061118917402722     
    12795858           3  0.98509929930846818     
    12795858           4  0.59858079684833787     
    12795858           5   1.1554754590508043     
    12797221           1   1.0841444890941470     
    12797221           2   1.3688947924358152     
    12797221           3   1.3414646433164161     
    12797221           4  0.50571070900043857     
    12797221           5  0.69978536615318254     
    12798865           1  0.75055284945679757     
    12798865           2   1.3819323705078581     
    12798865           3   1.3572539142057369     
    12798865           4  0.35580634907326708     
    12798865           5   1.1544545167563405     
    12799555           1  0.87925677626086596     
    12799555           2  0.90205611792963436     
    12799555           3   1.0521108025223178     
    12799555           4  0.82121474262567795     
    12799555           5   1.3453615606615041     
    12801767           1  0.38633670597281589     
    12801767           2  0.81194554371128502     
    12801767           3   1.3560456030703054     
    12801767           4   1.0101502845485455     
    12801767           5   1.4355218626970492     
    12801897           1  0.77909141281931626     
    12801897           2  0.85745258664709290     
    12801897           3   1.3203772118763264     
    12801897           4  0.32680762096847060     
    12801897           5   1.7162711676887938     
    12803508           1  0.86982953982560174     
    12803508           2   1.0366805199902285     
    12803508           3   1.1621424248990202     
    12803508           4  0.56964966455046984     
    12803508           5   1.3616978507346797     
    12805215           1  0.91600463707258295     
    12805215           2   1.3996853946638519     
    12805215           3   1.0582660023337791     
    12805215           4  0.58987804419725709     
    12805215           5   1.0361659217325290     
    12805288           1  0.72466756609579586     
    12805288           2   1.4066744015133590     
    12805288           3   1.3120114700207559     
    12805288           4  0.64391569125005177     
    12805288           5  0.91273087112003770     
    12805621           1  0.73832806486638036     
    12805621           2   1.0675118626000188     
    12805621           3   1.4600838927277677     
    12805621           4  0.26638343402915921     
    12805621           5   1.4676927457766740     
    12807938           1  0.32431818588180678     
    12807938           2   1.1682949155000280     
    12807938           3   1.5206082730626855     
    12807938           4  0.24692086025538368     
    12807938           5   1.7398577653000971     
    12812156           1  0.61597974362906371     
    12812156           2   1.4217043497713362     
    12812156           3   1.1835267922710417     
    12812156           4  0.65080862099428249     
    12812156           5   1.1279804933342754     
    12813033           1  0.84561062041302304     
    12813033           2  0.93700474626554808     
    12813033           3   1.3256745390335778     
    12813033           4  0.70452202906021610     
    12813033           5   1.1871880652276356     
    12813866           1  0.63386675606300669     
    12813866           2   1.0810664570695350     
    12813866           3   1.2891487141559992     
    12813866           4  0.87644023005824911     
    12813866           5   1.1194778426532102     
    12814346           1  0.69302930391795348     
    12814346           2   1.0364917417034480     
    12814346           3  0.91490606752990633     
    12814346           4   1.6180215296569189     
    12814346           5  0.73755135719177334     
    12816667           1  0.66480285855805621     
    12816667           2   1.0484900194404825     
    12816667           3   1.3559844310565627     
    12816667           4  0.50109941953078985     
    12816667           5   1.4296232714141095     
    12817044           1  0.68773754762266304     
    12817044           2  0.54774540189995569     
    12817044           3  0.93191078495360380     
    12817044           4   1.0418689755256643     
    12817044           5   1.7907372899981138     
    12819327           1  0.98960654981144358     
    12819327           2   1.1735376752126074     
    12819327           3  0.97807406623425663     
    12819327           4  0.52961968478192079     
    12819327           5   1.3291620239597721     
    12819750           1   1.3112203870145080     
    12819750           2   1.7376262814789616     
    12819750           3  0.65546417674361845     
    12819750           4  0.93426914398098337     
    12819750           5  0.36142001078192781     
    12819979           1   1.5574478412762853     
    12819979           2   1.1382387125000792     
    12819979           3  0.27493583090865026     
    12819979           4   1.1070893967853177     
    12819979           5  0.92228821852966680     
    12821392           1   1.0888784097911912     
    12821392           2   1.0576953724500002     
    12821392           3   1.0227169863783652     
    12821392           4  0.72056225450488443     
    12821392           5   1.1101469768755596     
    12822669           1  0.96564249142642467     
    12822669           2   1.3442555045098314     
    12822669           3  0.91418973267679926     
    12822669           4  0.35009164790530017     
    12822669           5   1.4258206234816435     
    12827595           1  0.85099032490929005     
    12827595           2   1.4204907962052986     
    12827595           3   1.1783280830989507     
    12827595           4  0.55976845261151653     
    12827595           5  0.99042234317494471     
    12828332           1  0.73206529674409893     
    12828332           2  0.61762172645507207     
    12828332           3   1.3862046042870342     
    12828332           4   1.3561490587208251     
    12828332           5  0.90795931379296957     
    12828471           1   1.0263769472974338     
    12828471           2  0.81973299129766608     
    12828471           3   1.4062991263786082     
    12828471           4  0.59771090661087556     
    12828471           5   1.1498800284154160     
    12828993           1   1.0905336942758346     
    12828993           2   1.3270159812958520     
    12828993           3   1.0038415970864423     
    12828993           4  0.98877812969133139     
    12828993           5  0.58983059765053880     
    12829610           1   1.0552065984778858     
    12829610           2  0.34250796072753403     
    12829610           3  0.87051118465669064     
    12829610           4   1.1556485408637411     
    12829610           5   1.5761257152741486     
    12829937           1  0.79823263374313036     
    12829937           2   1.1108642578616379     
    12829937           3   1.0331100731291643     
    12829937           4  0.75627293256789752     
    12829937           5   1.3015201026981704     
    12831171           1  0.97569006476363762     
    12831171           2   1.3227566045039307     
    12831171           3   1.2393895733617855     
    12831171           4  0.54538305108819485     
    12831171           5  0.91678070628245123     
    12832403           1  0.42676530977953159     
    12832403           2   1.1578728793966633     
    12832403           3  0.93250556361045656     
    12832403           4   1.3976010368569081     
    12832403           5   1.0852552103564399     
    12832528           1  0.85320844581996480     
    12832528           2   1.2208761198323830     
    12832528           3   1.2495921805351626     
    12832528           4  0.67517584793925867     
    12832528           5   1.0011474058732313     
    12838616           1   1.1152559010711345     
    12838616           2   1.6464046017748126     
    12838616           3  0.72428177254519632     
    12838616           4  0.62248841151646506     
    12838616           5  0.89156931309239140     
    12839563           1  0.59028628652969606     
    12839563           2  0.35176810743989462     
    12839563           3   1.4079486945202819     
    12839563           4   1.3640120626531258     
    12839563           5   1.2859848488570009     
    12842212           1   1.2664232532366773     
    12842212           2   1.3013706984539954     
    12842212           3   1.0036864046785441     
    12842212           4  0.42288071078027833     
    12842212           5   1.0056389328505058     
    12842534           1   1.0546604109582527     
    12842534           2  0.63175994377001887     
    12842534           3   1.3235674543414839     
    12842534           4   1.1432443496281413     
    12842534           5  0.84676784130210425     
    12842630           1  0.71415094588455130     
    12842630           2   1.1472105583057903     
    12842630           3   1.2434360620648863     
    12842630           4  0.93701082688128212     
    12842630           5  0.95819160686348892     
    12844179           1  0.97152862312406474     
    12844179           2   1.2640179699472605     
    12844179           3  0.89748095079471812     
    12844179           4  0.68452771278998437     
    12844179           5   1.1824447433439722     
    12845950           1  0.69920122988990507     
    12845950           2  0.76057612143880637     
    12845950           3   1.4610084503299297     
    12845950           4  0.44762579359952243     
    12845950           5   1.6315884047418370     
    12846128           1   1.3444608717707638     
    12846128           2  0.75036982198929025     
    12846128           3   1.3104256279662863     
    12846128           4  0.51964941823186928     
    12846128           5   1.0750942600417905     
    12847361           1   1.5823601394112885     
    12847361           2   1.1435916910990254     
    12847361           3  0.46894458923950666     
    12847361           4  0.49480192555467822     
    12847361           5   1.3103016546955015     
    12847750           1   1.5793802287512124     
    12847750           2  0.71464473366033343     
    12847750           3  0.75618952724716149     
    12847750           4  0.52377847698032365     
    12847750           5   1.4260070333609696     
    12848047           1  0.35118110412844039     
    12848047           2   1.1632333908658050     
    12848047           3   1.5431459317768097     
    12848047           4  0.52901722662115147     
    12848047           5   1.4134223466077938     
    12848219           1  0.48289305020956713     
    12848219           2   1.3951745020720201     
    12848219           3   1.5299076940784930     
    12848219           4  0.55824220900204036     
    12848219           5   1.0337825446378797     
    12848354           1  0.54075686873819961     
    12848354           2   1.3402413963163304     
    12848354           3  0.94911161311781811     
    12848354           4  0.64103152179933010     
    12848354           5   1.5288586000283213     
    12849131           1   1.0495921791377143     
    12849131           2   1.1154254446886005     
    12849131           3   1.3558624540306994     
    12849131           4  0.34007662896112395     
    12849131           5   1.1390432931818617     
    12849394           1   1.6482443929468693     
    12849394           2   1.3590278482789266     
    12849394           3  0.31325525839233775     
    12849394           4   1.1436953407031349     
    12849394           5  0.53577715967873163     
    12850170           1  0.82647939741689980     
    12850170           2   1.1899869639586238     
    12850170           3   1.3225318363595546     
    12850170           4   5.4550419266656693E-002
    12850170           5   1.6064513829982647     
    12852223           1  0.56567852050672995     
    12852223           2   1.6793215208326220     
    12852223           3   1.0760888492322336     
    12852223           4  0.33631457583497049     
    12852223           5   1.3425965335934440     
    12856105           1   1.6915906298854659     
    12856105           2  0.15081422511793621     
    12856105           3  0.73523428808589086     
    12856105           4  0.80306840518269906     
    12856105           5   1.6192924517280081     
    12857069           1   1.5757917265292625     
    12857069           2   1.1184433503002300     
    12857069           3  0.12516361072350696     
    12857069           4  0.77973588109397529     
    12857069           5   1.4008654313530262     
    12857795           1   1.3622095806608450     
    12857795           2  0.16634749730509821     
    12857795           3  0.64876817575883128     
    12857795           4  0.93393959649851233     
    12857795           5   1.8887351497767129     
    12861748           1   1.2650297414362650     
    12861748           2  0.97075328944205386     
    12861748           3   1.0560098222336682     
    12861748           4  0.34226876128896239     
    12861748           5   1.3659383855990503     
    12864004           1  0.72231788612374082     
    12864004           2   1.1967478480505702     
    12864004           3   1.5538278795939875     
    12864004           4  0.54934286405949539     
    12864004           5  0.97776352217220697     
    12864068           1  0.33164629895085179     
    12864068           2   1.4025058409152029     
    12864068           3   1.3113445260148524     
    12864068           4  0.72231741688684559     
    12864068           5   1.2321859172322462     
    12864379           1   1.7395851936851685     
    12864379           2   5.9513148920743737E-003
    12864379           3  0.74474908185149524     
    12864379           4  0.88881840884128971     
    12864379           5   1.6208960007299718     
    12865735           1  0.55487191454945917     
    12865735           2   1.7065405060455923     
    12865735           3  0.98534677876974419     
    12865735           4  0.57975004067030833     
    12865735           5   1.1734907599648958     
    12866438           1  0.60075701458976316     
    12866438           2   1.2445894566952067     
    12866438           3   1.5235134253235219     
    12866438           4  0.26528210458163631     
    12866438           5   1.3658579988098716     
    12866797           1  0.86325791845113453     
    12866797           2   1.7239791915730622     
    12866797           3   1.2380441793402410     
    12866797           4   9.1344988277251654E-002
    12866797           5   1.0833737223583098     
    12867419           1  0.98033003354218828     
    12867419           2  0.96210052890448317     
    12867419           3   1.1280486827697391     
    12867419           4  0.45565905439780291     
    12867419           5   1.4738617003857861     
    12869581           1  0.79194052440821450     
    12869581           2   1.2108913107215389     
    12869581           3  0.82219006287470153     
    12869581           4  0.36694492435952897     
    12869581           5   1.8080331776360168     
    12873861           1   1.0830715891763267     
    12873861           2   1.5484326401354511     
    12873861           3  0.48317589188632099     
    12873861           4   1.5187456958274632     
    12873861           5  0.36657418297443889     
    12875953           1   1.3013023874724825     
    12875953           2  0.92968640026737570     
    12875953           3   1.3738466094928421     
    12875953           4  0.53070278827661410     
    12875953           5  0.86446181449068593     
    12881973           1  0.46533146827914124     
    12881973           2   1.2027130612245212     
    12881973           3   1.1594155879499008     
    12881973           4  0.33488989886358378     
    12881973           5   1.8376499836828535     
    12884878           1  0.91283878256825013     
    12884878           2  0.97307100897101517     
    12884878           3   1.4619837082044802     
    12884878           4  0.79797787399098319     
    12884878           5  0.85412862626527142     
    12885174           1   4.6990586969586141E-002
    12885174           2   1.4591877014886547     
    12885174           3   1.4854913983826463     
    12885174           4  0.62791516118588586     
    12885174           5   1.3804151519732271     
    12885469           1   1.3378508726801182     
    12885469           2   3.0869103594055487E-002
    12885469           3   1.1477260689184565     
    12885469           4   1.0753554425332936     
    12885469           5   1.4081985122740763     
    12888115           1  0.85304625068612405     
    12888115           2   1.1056756980608193     
    12888115           3   1.0793233410333534     
    12888115           4  0.86903426500931413     
    12888115           5   1.0929204452103898     
    12891519           1  0.58290951329110807     
    12891519           2   1.0053658410551285     
    12891519           3  0.95343472741104074     
    12891519           4   1.7277908008556131     
    12891519           5  0.73049911738710849     
    12892814           1   1.0213371327948608     
    12892814           2  0.30596745719773105     
    12892814           3   1.4560284401551220     
    12892814           4   1.0890260538676502     
    12892814           5   1.1276409159846357     
    12895141           1  0.48489667763130218     
    12895141           2  0.89631033903747326     
    12895141           3   1.1755852816501187     
    12895141           4   1.2835003180027933     
    12895141           5   1.1597073836783129     
    12896764           1  0.94935624445776468     
    12896764           2   1.6593422410975767     
    12896764           3  0.73188286123843116     
    12896764           4  0.58522328184285477     
    12896764           5   1.0741953713633730     
    12896916           1  0.69438489203808473     
    12896916           2  0.83062839880937989     
    12896916           3   1.2386985043303329     
    12896916           4   1.0617117178996585     
    12896916           5   1.1745764869225432     
    12897225           1  0.98674793668631977     
    12897225           2   1.2039466636575273     
    12897225           3   1.2991246881306024     
    12897225           4  0.32584569565020466     
    12897225           5   1.1843350158753463     
    12897500           1  0.20123334534800857     
    12897500           2   1.5790113196530122     
    12897500           3   1.2926524680754423     
    12897500           4  0.34657078209923531     
    12897500           5   1.5805320848243016     
    12898040           1   1.0064503128718525     
    12898040           2  0.98902137683115032     
    12898040           3   1.2281907446692015     
    12898040           4  0.70782125742408664     
    12898040           5   1.0685163082037088     
    12898104           1  0.59647927496927877     
    12898104           2   1.3082925718595617     
    12898104           3   1.0276149515213571     
    12898104           4  0.47048430809439418     
    12898104           5   1.5971288935554084     
    12898285           1  0.57050505343810864     
    12898285           2  0.76306444604359802     
    12898285           3   1.4828497088294696     
    12898285           4  0.51993347900780995     
    12898285           5   1.6636473126810138     
    12899131           1   1.0962916655663861     
    12899131           2   1.2554687596054523     
    12899131           3   1.0798727230023539     
    12899131           4   1.0055381156578131     
    12899131           5  0.56282873616799456     
    12900614           1   1.4849024068274084     
    12900614           2   1.2116229303244215     
    12900614           3  0.39295183467219524     
    12900614           4   1.5058116719118086     
    12900614           5  0.40471115626416632     
    12901311           1  0.85867185023295933     
    12901311           2  0.91301571372746004     
    12901311           3   1.5792874124220111     
    12901311           4  0.65291620606743628     
    12901311           5  0.99610881755013370     
    12901983           1   1.1347194963829139     
    12901983           2  0.85780294573081661     
    12901983           3  0.85046197373714938     
    12901983           4  0.75612620480538384     
    12901983           5   1.4008893793437363     
    12902969           1   1.0315179303515816     
    12902969           2  0.94267983314237602     
    12902969           3   1.3109750737590873     
    12902969           4  0.71204263041459470     
    12902969           5   1.0027845323323616     
    12904733           1   1.0466672427915549     
    12904733           2  0.51595279038302744     
    12904733           3   1.2759562934429765     
    12904733           4   1.3354759778819416     
    12904733           5  0.82594769550050118     
    12904863           1  0.64319927932723253     
    12904863           2  0.93927198873145745     
    12904863           3   1.6905931813769175     
    12904863           4  0.25332306714340086     
    12904863           5   1.4736124834209914     
    12905998           1  0.63602684740884241     
    12905998           2   1.1856567271528426     
    12905998           3   1.4025718876639970     
    12905998           4  0.72548546009686288     
    12905998           5   1.0502590776774543     
    12906340           1  0.82696391246594925     
    12906340           2  0.43749940402108495     
    12906340           3   1.2411762923945535     
    12906340           4   1.2100925528565769     
    12906340           5   1.2842678382618351     
    12906573           1  0.37628375838385891     
    12906573           2   1.7513127933041768     
    12906573           3   1.3528637346369321     
    12906573           4  0.22151753658484205     
    12906573           5   1.2980221770901899     
    12908882           1   1.0184425940607982     
    12908882           2  0.92044828151627767     
    12908882           3   1.4935144776576867     
    12908882           4  0.35348605103952258     
    12908882           5   1.2141085957257147     
    12908956           1   1.1577654141126557     
    12908956           2   1.6677648850254374     
    12908956           3  0.27538685215522701     
    12908956           4   1.3361359527547887     
    12908956           5  0.56294689595189085     
    12910493           1  0.76966852585721979     
    12910493           2   1.2985350315115205     
    12910493           3   1.2735742597019335     
    12910493           4  0.73963870234024864     
    12910493           5  0.91858348058907791     
    12911415           1   1.0223588702032882     
    12911415           2   1.0298728489316664     
    12911415           3  0.84512840144762680     
    12911415           4   1.5223466691179937     
    12911415           5  0.58029321029942538     
    12912088           1  0.76284458824086454     
    12912088           2   1.4184678846687599     
    12912088           3   1.1832728878249135     
    12912088           4  0.35629461955758479     
    12912088           5   1.2791200197078771     
    12913634           1   1.6257694781058665     
    12913634           2   1.3681406950188100     
    12913634           3  0.31535576513604213     
    12913634           4   1.1513642934550194     
    12913634           5  0.53936976828426197     
    12914610           1   1.2171934236337079     
    12914610           2   1.3788871447100763     
    12914610           3   1.1197237272617746     
    12914610           4  0.46638560990311057     
    12914610           5  0.81781009449133046     
    12915091           1   1.6518405569900914     
    12915091           2   1.0193350345220429     
    12915091           3   6.4778770196304179E-003
    12915091           4  0.43941943857452848     
    12915091           5   1.8829270928937067     
    12917390           1  0.52640623794834152     
    12917390           2   1.2037365933765851     
    12917390           3   1.2986485299048411     
    12917390           4  0.33269876285502198     
    12917390           5   1.6385098759152106     
    12919247           1  0.86901798657493023     
    12919247           2   1.7354824021144541     
    12919247           3   1.2129426177529603     
    12919247           4   9.1954485559579885E-002
    12919247           5   1.0906025079980759     
    12919782           1  0.68815191466570258     
    12919782           2   1.1481280981393274     
    12919782           3   1.4656638646318669     
    12919782           4  0.42846406017578181     
    12919782           5   1.2695920623873220     
    12921278           1  0.67303806840427227     
    12921278           2  0.94331404493416660     
    12921278           3  0.95293979835953835     
    12921278           4  0.90571540507267501     
    12921278           5   1.5249926832293479     
    12921449           1  0.65584361880635078     
    12921449           2   1.2938360139652894     
    12921449           3   1.3119281100001585     
    12921449           4  0.50820726686344242     
    12921449           5   1.2301849903647584     
    12921553           1  0.73786337593832918     
    12921553           2   1.2152538598000175     
    12921553           3   1.3506130466318595     
    12921553           4   5.5708683855648353E-002
    12921553           5   1.6405610337741459     
    12922318           1   1.4252132603079450     
    12922318           2   1.0348415985616057     
    12922318           3  0.92295509563611944     
    12922318           4  0.39378463596482594     
    12922318           5   1.2232054095295037     
    12922448           1  0.70725545678202328     
    12922448           2   1.3963985699676016     
    12922448           3  0.99765376829432362     
    12922448           4  0.68802179024943177     
    12922448           5   1.2106704147066198     
    12926089           1  0.87123517869808997     
    12926089           2   1.1052027152120278     
    12926089           3   1.2267563688976608     
    12926089           4  0.88110902105855238     
    12926089           5  0.91569671613366865     
    12926839           1  0.81904308233284440     
    12926839           2   1.4208864944766222     
    12926839           3   1.4764454003556562     
    12926839           4   7.7978493467189894E-002
    12926839           5   1.2056465293676883     
    12927739           1  0.55543435074665881     
    12927739           2   1.2323484864377576     
    12927739           3   1.5531904379454460     
    12927739           4  0.27550694711848017     
    12927739           5   1.3835197777516575     
    12928790           1  0.68340317579979382     
    12928790           2   1.0527200788226589     
    12928790           3   1.0246182265188446     
    12928790           4   1.0178463467513539     
    12928790           5   1.2214121721073485     
    12929456           1  0.97863851519165457     
    12929456           2  0.71908604325491776     
    12929456           3   1.1821330552410347     
    12929456           4   1.0685475414162258     
    12929456           5   1.0515948448961676     
    12930348           1  0.83711132960521561     
    12930348           2   1.3486086090631877     
    12930348           3   1.3447543381434932     
    12930348           4  0.66962357022649099     
    12930348           5  0.79990215296161304     
    12930738           1  0.60823189787682030     
    12930738           2   1.0552406840324751     
    12930738           3   1.4715971097512948     
    12930738           4  0.27074522163840142     
    12930738           5   1.5941850867010086     
    12930927           1   1.1540047272797183     
    12930927           2   1.6623476032798450     
    12930927           3  0.36557050295410803     
    12930927           4   1.2998544920867658     
    12930927           5  0.51822267439956204     
    12931591           1   1.2179598870911905     
    12931591           2  0.36231509033545706     
    12931591           3   1.3790607297739856     
    12931591           4   1.0645796130794258     
    12931591           5  0.97608467971994139     
    12931630           1   1.5499216498879378     
    12931630           2  0.71069603210806698     
    12931630           3  0.96335397225299968     
    12931630           4  0.91107640188093653     
    12931630           5  0.86495194387005958     
    12931789           1  0.99716718778165236     
    12931789           2   1.0741958865021699     
    12931789           3  0.93255721835182404     
    12931789           4  0.57088534046173334     
    12931789           5   1.4251943669026210     
    12933572           1  0.82000023279196310     
    12933572           2   1.0651728094985993     
    12933572           3   1.4765636813732714     
    12933572           4  0.78646735331795092     
    12933572           5  0.85179592301821538     
    12935553           1  0.55750974033642142     
    12935553           2   1.3735459933365413     
    12935553           3   1.4638871127379949     
    12935553           4  0.73299992998314745     
    12935553           5  0.87205722360589544     
    12935954           1   1.1043157508513446     
    12935954           2   1.1203512605123798     
    12935954           3   1.1508244078299972     
    12935954           4  0.58422507869600093     
    12935954           5   1.0402835021102776     
    12936044           1   1.1319393549135179     
    12936044           2   1.0289983392000885     
    12936044           3   1.3403486880927871     
    12936044           4  0.47118736969598668     
    12936044           5   1.0275262480976191     
    12937001           1   1.5041863898650440     
    12937001           2   1.1730867262122253     
    12937001           3   1.0906316207542028     
    12937001           4  0.28760103068529586     
    12937001           5  0.94449423248323217     
    12938131           1  0.96079348553244648     
    12938131           2  0.92913726496450155     
    12938131           3   1.5276765915808708     
    12938131           4  0.35682294080110782     
    12938131           5   1.2255697171210731     
    12938362           1  0.13424388446923971     
    12938362           2   1.2730485460804069     
    12938362           3   1.1416644979567201     
    12938362           4  0.99678342417993793     
    12938362           5   1.4542596473136955     
    12940229           1  0.95687317369568958     
    12940229           2   1.2867719692142889     
    12940229           3   1.1125719800775988     
    12940229           4  0.33023509099405968     
    12940229           5   1.3135477860183626     
    12940744           1  0.76319455252624269     
    12940744           2   1.7965578649566245     
    12940744           3  0.97536388204451874     
    12940744           4  0.61944861886420977     
    12940744           5  0.84543508160840464     
    12941265           1   1.0403090673543136     
    12941265           2  0.53778243046629504     
    12941265           3   1.2682052588903663     
    12941265           4   1.3273633799019495     
    12941265           5  0.82633986338707532     
    12942228           1  0.55172944096886323     
    12942228           2   1.6968756476992843     
    12942228           3   1.0080834524995985     
    12942228           4  0.57646667177311850     
    12942228           5   1.1668447870591354     
    12942913           1   1.3182385519231492     
    12942913           2  0.49633635241365348     
    12942913           3  0.94340424218178420     
    12942913           4  0.56699257109270396     
    12942913           5   1.6750282823887093     
    12942961           1  0.93155906527435972     
    12942961           2   1.0651391310297218     
    12942961           3  0.95963887991258690     
    12942961           4  0.45596440213191430     
    12942961           5   1.5876985216514166     
    12944934           1   1.3088535369078405     
    12944934           2  0.47932256493865971     
    12944934           3   1.3869696455431284     
    12944934           4  0.71150287348765695     
    12944934           5   1.1133513791227150     
    12945977           1  0.66562445293182204     
    12945977           2   1.4042752930218665     
    12945977           3   1.0032812750863711     
    12945977           4  0.70931948567093750     
    12945977           5   1.2174994932890029     
    12947114           1  0.84711274059116093     
    12947114           2   1.3312478203354345     
    12947114           3   1.3482708876441314     
    12947114           4  0.67137464428121119     
    12947114           5  0.80199390714806162     
    12948109           1  0.84581552278307826     
    12948109           2  0.39958253192798859     
    12948109           3   1.2966282314321622     
    12948109           4  0.88737999671935419     
    12948109           5   1.5705937171374162     
    12950028           1   1.6549979950949874     
    12950028           2   1.0431656504869524     
    12950028           3  0.69431596333153001     
    12950028           4  0.37526930797880625     
    12950028           5   1.2322510831077240     
    12950032           1  0.71648542489763933     
    12950032           2   1.1509606604199039     
    12950032           3   1.2311562776229996     
    12950032           4  0.94007380974645394     
    12950032           5  0.96132382731300370     
    12950896           1   1.0173141201684983     
    12950896           2  0.86385974104897356     
    12950896           3   1.2609245340887949     
    12950896           4  0.65478032952778953     
    12950896           5   1.2031212751659435     
    12951052           1   3.4063035006825372E-002
    12951052           2   1.2532186548701871     
    12951052           3   1.3379335301214870     
    12951052           4  0.84175409436789161     
    12951052           5   1.5330306856336089     
    12953289           1   1.0908660880551870     
    12953289           2   1.3079548970705075     
    12953289           3  0.79119884513194805     
    12953289           4   1.3734902369723647     
    12953289           5  0.43648993276999337     
    12954194           1   1.0338919576359804     
    12954194           2   1.0667475407829676     
    12954194           3  0.73739328385092895     
    12954194           4  0.73373367148193414     
    12954194           5   1.4282335462481894     
    12954867           1   1.5516767618379279     
    12954867           2   1.1525483609977603     
    12954867           3  0.27391706387287951     
    12954867           4   1.1029871079735296     
    12954867           5  0.91887070531790227     
    12955768           1  0.86350431557762719     
    12955768           2   1.0953957524991174     
    12955768           3   1.2158708057317247     
    12955768           4  0.91765780047525247     
    12955768           5  0.90757132571627852     
    12956039           1  0.50608809712880798     
    12956039           2   1.2746880926364170     
    12956039           3   1.0536690027927142     
    12956039           4  0.64838565920564850     
    12956039           5   1.5171691482364120     
    12956134           1  0.46789370214425785     
    12956134           2   1.2093355063965270     
    12956134           3   1.1382683496623516     
    12956134           4  0.33673388814530375     
    12956134           5   1.8477685536515596     
    12960146           1  0.75848633104100216     
    12960146           2  0.89197949832251688     
    12960146           3   1.2352356125250756     
    12960146           4   1.0617267427245152     
    12960146           5   1.0525718153868893     
    12960405           1  0.67734343302375366     
    12960405           2  0.87861670586339435     
    12960405           3  0.95760477889864493     
    12960405           4   1.3615754089073209     
    12960405           5   1.1248596733068867     
    12960550           1   1.0089589250402866     
    12960550           2  0.94947398565757013     
    12960550           3   1.0794585144540028     
    12960550           4  0.60899910840377236     
    12960550           5   1.3531094664443688     
    12961434           1  0.55262182161658835     
    12961434           2   1.0527743457203647     
    12961434           3   1.0512717961049967     
    12961434           4   1.3633795725495665     
    12961434           5  0.97995246400848424     
    12964080           1   1.4202066316474076     
    12964080           2   1.0456164666227010     
    12964080           3  0.90035060378830500     
    12964080           4  0.39788475863374939     
    12964080           5   1.2359415393078370     
    12964246           1   1.1124314483736593     
    12964246           2   1.0692067306329751     
    12964246           3   1.3411399007480485     
    12964246           4  0.65486372984721730     
    12964246           5  0.82235819039810054     
    12964411           1   1.2921420190425468     
    12964411           2   1.1242630774442592     
    12964411           3   1.3987714113042775     
    12964411           4  0.43001313207984093     
    12964411           5  0.75481036012907554     
    12966186           1   1.0712785877595412     
    12966186           2   1.0770771550766824     
    12966186           3  0.89671154002485320     
    12966186           4  0.66567530351933468     
    12966186           5   1.2892574136195885     
    12966212           1  0.82368560633163557     
    12966212           2  0.47934083102290853     
    12966212           3   1.1188335768522042     
    12966212           4  0.56934920989944504     
    12966212           5   2.0087907758938064     
    12966387           1   1.0186160960641368     
    12966387           2   1.0261025667167440     
    12966387           3  0.84203445389418929     
    12966387           4   1.5350780801040116     
    12966387           5  0.57816880322091879     
    12967348           1   1.6449337902646020     
    12967348           2   1.0150729347275016     
    12967348           3   6.4507913634139838E-003
    12967348           4  0.45848838922916302     
    12967348           5   1.8750540944153198     
    12967619           1  0.76767213591570094     
    12967619           2   1.2473686301097642     
    12967619           3   1.2072818535303413     
    12967619           4  0.71056139652631645     
    12967619           5   1.0671159839178763     
    12968301           1  0.95379984974609588     
    12968301           2   1.3148997107514033     
    12968301           3  0.97734077071164238     
    12968301           4  0.35223053640983154     
    12968301           5   1.4017291323810268     
    12969352           1   1.1053964475058062     
    12969352           2   1.1165545896689024     
    12969352           3   1.1519506184146562     
    12969352           4  0.58479680837341663     
    12969352           5   1.0413015360372186     
    12969667           1  0.68326429565026447     
    12969667           2  0.86638884129919713     
    12969667           3  0.96597549022456441     
    12969667           4   1.3532583054359308     
    12969667           5   1.1311130673900436     
    12969715           1  0.81659467685229681     
    12969715           2   1.1928053730990915     
    12969715           3   1.3256641696783631     
    12969715           4   5.4679618497349140E-002
    12969715           5   1.6102561618728986     
    12969866           1   1.0620212105113278     
    12969866           2  0.76107641744442989     
    12969866           3  0.99335359841393478     
    12969866           4  0.82687441365855829     
    12969866           5   1.3566743599717497     
    12970420           1   1.0784442207474196     
    12970420           2  0.72288342933944039     
    12970420           3  0.85768143029031907     
    12970420           4  0.77670479104064438     
    12970420           5   1.5642861285821765     
    12970848           1   1.2504559140460159     
    12970848           2  0.36311827657466744     
    12970848           3   1.3821178549965767     
    12970848           4   1.0669395912271138     
    12970848           5  0.93736836315562733     
    12971089           1  0.80049142626774417     
    12971089           2  0.85276725343781390     
    12971089           3   1.5303362529799960     
    12971089           4   1.0174121038247930     
    12971089           5  0.79899296348965387     
    12971697           1  0.66003323449207463     
    12971697           2   1.1253557115233901     
    12971697           3   1.2668096995495228     
    12971697           4  0.50705457317540215     
    12971697           5   1.4407467812596100     
    12971976           1  0.82043536284183460     
    12971976           2   1.0583237988287622     
    12971976           3   1.4935115171970974     
    12971976           4  0.78141040551913432     
    12971976           5  0.84631891561317119     
    12972639           1   1.1370789825983474     
    12972639           2   1.0109678060414378     
    12972639           3   1.3464346088576611     
    12972639           4  0.47332681969347923     
    12972639           5   1.0321917828090743     
    12973215           1  0.86674948755622760     
    12973215           2   1.7309520699613890     
    12973215           3   1.2097763321517152     
    12973215           4  0.10476652927473729     
    12973215           5   1.0877555810559314     
    12973229           1  0.48602799095139321     
    12973229           2   1.4042319722232355     
    12973229           3   1.5398398518499052     
    12973229           4  0.56186631633605144     
    12973229           5   1.0080338686394144     
    12973782           1  0.76119205091106079     
    12973782           2   1.4356489151085419     
    12973782           3   1.2147504099667670     
    12973782           4  0.51590547519758623     
    12973782           5   1.0725031488160446     
    12973810           1  0.27823564666660727     
    12973810           2   1.6182478361473567     
    12973810           3   1.2122674665978168     
    12973810           4  0.50545593460214089     
    12973810           5   1.3857931159860779     
    12974257           1  0.96740834421837008     
    12974257           2  0.93553417730842714     
    12974257           3   1.5381943198161958     
    12974257           4  0.32485565484131418     
    12974257           5   1.2340075038156930     
    12974906           1  0.96093430046088157     
    12974906           2  0.72225185010112658     
    12974906           3   1.1873374462238886     
    12974906           4   1.0732518673503002     
    12974906           5   1.0562245358638034     
    12975425           1   1.1176037938771246     
    12975425           2   1.4109899181750318     
    12975425           3  0.85103601960653774     
    12975425           4   1.5620290516107638     
    12975425           5   5.8341216730542496E-002
    12975460           1  0.66452571106318681     
    12975460           2  0.66392131927153175     
    12975460           3   1.1964555976587834     
    12975460           4   1.2013539782159244     
    12975460           5   1.2737433937905736     
    12976433           1  0.64966774125445925     
    12976433           2  0.89843446701472318     
    12976433           3   1.7075949691270591     
    12976433           4  0.25587066112829981     
    12976433           5   1.4884321614754583     
    12976435           1   1.1074371405664689     
    12976435           2  0.78462998764315117     
    12976435           3  0.81505123196633744     
    12976435           4  0.60402436295712658     
    12976435           5   1.6888572768669163     
    12976461           1  0.43543071898229452     
    12976461           2  0.95103891443513122     
    12976461           3   1.5642556711648274     
    12976461           4  0.35334523184358740     
    12976461           5   1.6959294635741593     
    12976643           1   1.5309105436521731     
    12976643           2   1.0577034639120209     
    12976643           3   1.0202507039797537     
    12976643           4  0.51937842390790889     
    12976643           5  0.87175686454814427     
    12976764           1   1.1628273110625336     
    12976764           2   1.6655677120533259     
    12976764           3  0.27502404768928390     
    12976764           4   1.3343756795719086     
    12976764           5  0.56220524962294760     
    12977430           1  0.85509632684180414     
    12977430           2   1.0693311192705290     
    12977430           3   1.1089027926766362     
    12977430           4  0.87112276422460477     
    12977430           5   1.0955469969864264     
    12977512           1  0.72559347191834622     
    12977512           2  0.51975267112773083     
    12977512           3   1.1453281185855708     
    12977512           4  0.84975433838381675     
    12977512           5   1.7595713999845359     
    12977566           1  0.46004967974361383     
    12977566           2  0.94951390209514441     
    12977566           3   1.4167939663871794     
    12977566           4   1.0451640913584717     
    12977566           5   1.1284783604155910     
    12977935           1   1.1921009450971478     
    12977935           2   1.2799573163989160     
    12977935           3   1.1313725483100632     
    12977935           4  0.67731108823026120     
    12977935           5  0.71925810196361184     
    12977996           1  0.85308648215569205     
    12977996           2  0.90707685731786281     
    12977996           3   1.5690146854241729     
    12977996           4  0.66439138927519681     
    12977996           5   1.0064305858270750     
    12978330           1  0.65716460309691427     
    12978330           2   1.2964420270452426     
    12978330           3   1.3354701515359240     
    12978330           4  0.51842190229603680     
    12978330           5   1.1925013160258819     
    12978967           1   1.1502467982811673     
    12978967           2   1.6569342942037524     
    12978967           3  0.36438005029686071     
    12978967           4   1.2956216143747097     
    12978967           5  0.53281724284351040     
    12979664           1   1.1092613492873156     
    12979664           2  0.76676060276524971     
    12979664           3  0.81639381251635346     
    12979664           4  0.60501933275735076     
    12979664           5   1.7025649026737302     
    12979842           1   1.4522931828421288     
    12979842           2  0.62597983388769729     
    12979842           3   1.2008987168318284     
    12979842           4  0.37492845024079452     
    12979842           5   1.3458998161975511     
    12979896           1   1.2257917321239959     
    12979896           2  0.85549795582294241     
    12979896           3  0.56775022720081003     
    12979896           4  0.90515503377192175     
    12979896           5   1.4458050510803300     
    12980475           1   1.6847564104959349     
    12980475           2  0.17040548961221907     
    12980475           3  0.73226385756995405     
    12980475           4  0.79982391708442269     
    12980475           5   1.6127503252374693     
    12980648           1   1.6445054259585574     
    12980648           2   1.3672872270087442     
    12980648           3  0.31254465317198571     
    12980648           4   1.1411009201536861     
    12980648           5  0.53456177370702596     
    12980659           1   1.1197871903052934     
    12980659           2   1.0596093630981129     
    12980659           3   1.3422065961299661     
    12980659           4  0.65538458536424715     
    12980659           5  0.82301226510238057     
    12980780           1  0.64597908220311473     
    12980780           2  0.91722842679056749     
    12980780           3   1.0054885263703723     
    12980780           4   1.4560862617567996     
    12980780           5  0.97521770287914689     
    12980810           1  0.30380365765878176     
    12980810           2   1.6059873421063076     
    12980810           3   1.2030828425134334     
    12980810           4  0.51183236567154267     
    12980810           5   1.3752937920499346     
    12980827           1  0.66698330215741408     
    12980827           2   1.1372055668548153     
    12980827           3   1.2801490477381832     
    12980827           4  0.51211952940432071     
    12980827           5   1.4035425538452673     
    12980878           1  0.73403931589460025     
    12980878           2   1.2671683337562192     
    12980878           3  0.95136626547183656     
    12980878           4  0.31684987005634135     
    12980878           5   1.7305762148210035     
    12981160           1  0.95579837463331963     
    12981160           2   1.1507451152077330     
    12981160           3   1.3219988977996799     
    12981160           4  0.42055915996860255     
    12981160           5   1.1508984523906649     
    12981632           1  0.84558962724895814     
    12981632           2  0.69172595953325056     
    12981632           3   1.1945191135964008     
    12981632           4  0.80143324574945884     
    12981632           5   1.4667320538719313     
    12981698           1   1.2252275945330131     
    12981698           2   1.3879885864007353     
    12981698           3   1.1271145425670135     
    12981698           4  0.46946402096102791     
    12981698           5  0.79020525553820931     
    12981795           1  0.85277718734823571     
    12981795           2   1.2279135520750286     
    12981795           3   1.2283177244321095     
    12981795           4  0.42822199808245376     
    12981795           5   1.2627695380621726     
    12981896           1  0.85356122471025542     
    12981896           2   1.4247821957645435     
    12981896           3   1.1818878925887166     
    12981896           4  0.56145955127771940     
    12981896           5  0.97830913565876576     
    12982102           1   1.0457263518221533     
    12982102           2  0.94008474322611779     
    12982102           3   1.4394085049960155     
    12982102           4  0.68090707620218038     
    12982102           5  0.89387332375353301     
    12982216           1  0.92868807490940708     
    12982216           2   1.1525550776813447     
    12982216           3   1.3240782187227511     
    12982216           4  0.44196997264409771     
    12982216           5   1.1527086560423994     
    12982369           1  0.96052161827142768     
    12982369           2  0.97563334036520144     
    12982369           3   1.0873650061837667     
    12982369           4  0.61345972115503078     
    12982369           5   1.3630203140245734     
    12982473           1  0.62713392813179669     
    12982473           2   1.1823781938115829     
    12982473           3   1.3986935486878733     
    12982473           4  0.72347937501755122     
    12982473           5   1.0683149543511954     
    12982610           1  0.92171073875381893     
    12982610           2   1.0659949364975181     
    12982610           3  0.96040991927881991     
    12982610           4  0.46291021847438124     
    12982610           5   1.5889741869954621     
    12982612           1   1.0028651154255814     
    12982612           2   1.0803339649625252     
    12982612           3  0.93788595722239743     
    12982612           4  0.54557687146481615     
    12982612           5   1.4333380909246800     
    12982817           1  0.33094960919290628     
    12982817           2  0.76650561117851523     
    12982817           3   1.3103159669789353     
    12982817           4   1.2456611882489472     
    12982817           5   1.3465676244006966     
    12982869           1   1.3140349343128883     
    12982869           2  0.47864972230860220     
    12982869           3   1.3850227054815092     
    12982869           4  0.71050411085950449     
    12982869           5   1.1117885270374956     
    12982876           1   1.2670375007690118     
    12982876           2  0.95557803597379520     
    12982876           3   1.0422787459289309     
    12982876           4  0.67143868430697307     
    12982876           5   1.0636670330212885     
    12983007           1   1.0827186527526829     
    12983007           2   1.3533375179624543     
    12983007           3  0.99664781315745776     
    12983007           4  0.98169229439684891     
    12983007           5  0.58560372173055597     
    12983666           1  0.74288016072239060     
    12983666           2   1.3243357932884197     
    12983666           3   1.2537891880541601     
    12983666           4  0.63068270305234730     
    12983666           5   1.0483121548826828     
    12983850           1   1.1465686627966842     
    12983850           2  0.57572750203588496     
    12983850           3  0.47809182978864118     
    12983850           4  0.83693511869752368     
    12983850           5   1.9626768866812656     
    12984218           1  0.42891029115799556     
    12984218           2   1.2197377388173420     
    12984218           3   1.1480592901150359     
    12984218           4  0.33963034173483692     
    12984218           5   1.8636623381747888     
    12984362           1  0.40104772989201087     
    12984362           2   1.5203347593346079     
    12984362           3   1.4631836408270367     
    12984362           4  0.78457362301447142     
    12984362           5  0.83086024693187333     
    12984865           1  0.89644496246361527     
    12984865           2  0.66608708319075582     
    12984865           3   1.1296930001558001     
    12984865           4   1.1577083168720401     
    12984865           5   1.1500666373177890     
    12985001           1  0.93299939086716754     
    12985001           2   1.1579056676510611     
    12985001           3   1.3070132206213756     
    12985001           4  0.44402176188032466     
    12985001           5   1.1580599589800720     
    12985098           1   1.0812159118198703     
    12985098           2   1.0102592950083598     
    12985098           3  0.98001272333728029     
    12985098           4  0.33678411272666309     
    12985098           5   1.5917279571078267     
    12985101           1   1.2345166945196571     
    12985101           2   1.2678147802054556     
    12985101           3   1.0282860209063200     
    12985101           4  0.45621764266449760     
    12985101           5   1.0131648617040707     
    12985303           1  0.39260617951528637     
    12985303           2   1.2911074789865160     
    12985303           3   1.4799521685109793     
    12985303           4   9.7616247024838607E-002
    12985303           5   1.7387179259623800     
    12985891           1  0.65272513781659558     
    12985891           2   1.2876839330458243     
    12985891           3   1.3264484036470299     
    12985891           4  0.50579078425215540     
    12985891           5   1.2273517412383950     
    12985936           1  0.65029557681744476     
    12985936           2   1.1761155212557470     
    12985936           3   1.3912851240846131     
    12985936           4  0.71964734018271592     
    12985936           5   1.0626564376594791     
    12985967           1   1.0995285499096534     
    12985967           2  0.75395952679499767     
    12985967           3   1.3033321266871647     
    12985967           4  0.44637910768854411     
    12985967           5   1.3968006889196405     
    12986213           1   1.3440713493191483     
    12986213           2  0.75015242191553833     
    12986213           3   1.3100459663383557     
    12986213           4  0.52094748289061144     
    12986213           5   1.0747827795363463     
    12986532           1  0.92442643935676894     
    12986532           2   1.0691357516904734     
    12986532           3  0.96323964197510858     
    12986532           4  0.46427412312099769     
    12986532           5   1.5789240438566514     
    12986641           1  0.55146601726991762     
    12986641           2   1.6960654729531579     
    12986641           3  0.97929855426023404     
    12986641           4  0.62449849942492852     
    12986641           5   1.1486714560917621     
    12986938           1  0.73106879472612818     
    12986938           2   1.4191000224101726     
    12986938           3   1.2794342458272836     
    12986938           4  0.64960361182383553     
    12986938           5  0.92079332521258006     
    12987144           1   1.0203030086278908     
    12987144           2  0.30565765905994208     
    12987144           3   1.4545541823910477     
    12987144           4   1.0929859927989005     
    12987144           5   1.1264991571222187     
    12987308           1  0.95879289373527321     
    12987308           2   1.2779059396231454     
    12987308           3   1.1148040697466874     
    12987308           4  0.33231401491768198     
    12987308           5   1.3161830819772107     
    12987557           1   1.2184949400158067     
    12987557           2   1.4210945809155384     
    12987557           3  0.83301740211209663     
    12987557           4  0.79546916830631187     
    12987557           5  0.73192390865024670     
    12987679           1   1.0457424159604427     
    12987679           2  0.51991485874810339     
    12987679           3   1.2748288686347298     
    12987679           4   1.3342959619550490     
    12987679           5  0.82521789470167539     
    12987874           1  0.73888076662181057     
    12987874           2   1.0683109866052920     
    12987874           3   1.4574339625142674     
    12987874           4  0.26658284483122874     
    12987874           5   1.4687914394274018     
    12988247           1  0.65287764703318085     
    12988247           2   1.2879848003733723     
    12988247           3   1.3286069596672030     
    12988247           4  0.50590896225970139     
    12988247           5   1.2246216306665427     
    12988602           1   1.2639092653461734     
    12988602           2  0.96465850407397269     
    12988602           3   1.0406103794860335     
    12988602           4  0.66978094467792637     
    12988602           5   1.0610409064158934     
    12988692           1  0.40793003976817066     
    12988692           2   1.5464249579552436     
    12988692           3   1.4223048674383152     
    12988692           4  0.79803755359375916     
    12988692           5  0.82530258124451139     
    12988773           1   1.0344397186135326     
    12988773           2  0.98208966875886927     
    12988773           3   1.2195827813849278     
    12988773           4  0.70286038353525437     
    12988773           5   1.0610274477074164     
    12988807           1   1.0883785345523156     
    12988807           2   1.3049723056952398     
    12988807           3  0.78939463700757173     
    12988807           4   1.3703582022638412     
    12988807           5  0.44689632048103178     
    12988842           1  0.85831938697196530     
    12988842           2   1.2281894862587424     
    12988842           3   1.2570775636557872     
    12988842           4  0.64926902312730983     
    12988842           5   1.0071445399861954     
    12988904           1   1.0455762610705752     
    12988904           2  0.34731449378467050     
    12988904           3   1.4081940861213393     
    12988904           4   1.2353518075228704     
    12988904           5  0.96356335150054395     
    12989243           1   1.1204834932565546     
    12989243           2   1.0707225199109640     
    12989243           3   1.3430412032965586     
    12989243           4  0.65579211478139976     
    12989243           5  0.80996066875452344     
    12989524           1   1.0036787503772364     
    12989524           2  0.94450511293354489     
    12989524           3   1.0738093949939551     
    12989524           4  0.60581203945358153     
    12989524           5   1.3721947022416823     
    12989575           1   1.4341804608122193     
    12989575           2  0.38611571003192730     
    12989575           3   1.1840574297665432     
    12989575           4  0.60109765798486559     
    12989575           5   1.3945487414044442     
    12990352           1   1.5207898229223904     
    12990352           2   1.0700863970214340     
    12990352           3   1.0135059124619485     
    12990352           4  0.51594485686949354     
    12990352           5  0.87967301072473381     
    12990462           1  0.76011059803752945     
    12990462           2   1.0751912781381541     
    12990462           3   1.0724169132506869     
    12990462           4   1.0329902796687913     
    12990462           5   1.0592909309048377     
    12991368           1  0.70366127401610123     
    12991368           2   1.3893022490747640     
    12991368           3  0.99258381804370888     
    12991368           4  0.70993471806059705     
    12991368           5   1.2045179408048294     
    12991705           1   1.6405313574546072     
    12991705           2   1.0248269306658426     
    12991705           3  0.68824682156868933     
    12991705           4  0.37198901089556174     
    12991705           5   1.2744058794152990     
    12991713           1  0.84348688667583449     
    12991713           2  0.68653396308626269     
    12991713           3   1.1970731105787467     
    12991713           4  0.80982133066964890     
    12991713           5   1.4630847089895072     
    12991722           1   1.5763170720559341     
    12991722           2   1.1188162226798877     
    12991722           3  0.12353841276920302     
    12991722           4  0.77999583344060952     
    12991722           5   1.4013324590543652     
    12991923           1  0.19248214758122578     
    12991923           2   1.2389241992836300     
    12991923           3   1.1340017529011892     
    12991923           4  0.99009310730598754     
    12991923           5   1.4444987929279673     
    12992178           1  0.90619679906991923     
    12992178           2  0.86147750414062452     
    12992178           3   1.3360624863789059     
    12992178           4  0.90304887279802670     
    12992178           5  0.99321433761252320     
    12992678           1   5.9829922016918176E-002
    12992678           2   1.4554051526917413     
    12992678           3   1.4816406643776618     
    12992678           4  0.62628746124359314     
    12992678           5   1.3768367996700857     
    12992685           1  0.80513962876840994     
    12992685           2  0.70522209930496793     
    12992685           3   1.2313685405112456     
    12992685           4  0.88542590587523140     
    12992685           5   1.3728438255401454     
    12992886           1  0.69235039007939958     
    12992886           2  0.84284438274908213     
    12992886           3   1.2350691993696741     
    12992886           4   1.0586009725559833     
    12992886           5   1.1711350552458610     
    12993007           1   1.6659282509398161     
    12993007           2   1.3518576192124481     
    12993007           3  0.31160252407802880     
    12993007           4   1.1376612056517517     
    12993007           5  0.53295040011795525     
    12993090           1   1.1185111613483487     
    12993090           2   1.0085832610356127     
    12993090           3  0.97838686884016901     
    12993090           4  0.33622538328244977     
    12993090           5   1.5582933254934204     
    12993094           1   1.0055483525885511     
    12993094           2  0.96526533400273840     
    12993094           3   1.0737102320016914     
    12993094           4  0.60694051560013529     
    12993094           5   1.3485355658068841     
    12993328           1   1.1090586118754124     
    12993328           2   1.5381595000760071     
    12993328           3  0.47997024155188944     
    12993328           4   1.5086695150214655     
    12993328           5  0.36414213147522534     
    12993401           1   1.3762650057401835     
    12993401           2  0.16806388868767316     
    12993401           3  0.63443686414283873     
    12993401           4  0.94357608578296170     
    12993401           5   1.8776581556463423     
    12993493           1  0.73153898142478813     
    12993493           2   1.3344229448688703     
    12993493           3   1.2422547102271599     
    12993493           4  0.63548646359185568     
    12993493           5   1.0562968998873263     
    12993808           1   1.7724105325222033     
    12993808           2  0.36207337701900921     
    12993808           3  0.81225316510335965     
    12993808           4  0.70923676769808774     
    12993808           5   1.3440261576573398     
    12993818           1   1.1186594897139512     
    12993818           2   1.2538805660637133     
    12993818           3   1.2529901649293445     
    12993818           4  0.47564956210983617     
    12993818           5  0.89882021718315475     
    12993897           1  0.55193963020475234     
    12993897           2   1.2245947103802415     
    12993897           3   1.5802155249311072     
    12993897           4  0.27377349331563455     
    12993897           5   1.3694766411682648     
    12994069           1  0.95397751784214035     
    12994069           2   1.6674195821158941     
    12994069           3  0.71110653385879485     
    12994069           4  0.58807202992039231     
    12994069           5   1.0794243362627784     
    12994206           1   1.1050650465887095     
    12994206           2  0.73257928252487925     
    12994206           3   1.3098948430365525     
    12994206           4  0.44862677688050889     
    12994206           5   1.4038340509693503     
    12994316           1  0.81676596374178845     
    12994316           2   1.0592529416300136     
    12994316           3   1.4948227278835864     
    12994316           4  0.78209643549778030     
    12994316           5  0.84706193124683182     
    12994625           1  0.93064152283727697     
    12994625           2   1.0345201725346225     
    12994625           3  0.96971567352476384     
    12994625           4  0.46075230648943832     
    12994625           5   1.6043703246138987     
    12994717           1  0.61566471012288770     
    12994717           2   1.0300219325229776     
    12994717           3   1.2405774016170961     
    12994717           4  0.58330736969576125     
    12994717           5   1.5304285860412776     
    12995009           1   1.6644690460979858     
    12995009           2  0.98890244588872100     
    12995009           3   6.5274010484711598E-003
    12995009           4  0.44277884488668917     
    12995009           5   1.8973222620781320     
    12995171           1   1.7719372201875569     
    12995171           2  0.37878628960102911     
    12995171           3  0.81203625743166352     
    12995171           4  0.70904736998002149     
    12995171           5   1.3281928627997286     
    12995545           1  0.96006619721796960     
    12995545           2   1.3461135362208423     
    12995545           3  0.91545332691725090     
    12995545           4  0.35057554503749405     
    12995545           5   1.4277913946064442     
    12995645           1   1.4427735374212629     
    12995645           2  0.65296562453654261     
    12995645           3   1.1930269385258534     
    12995645           4  0.37247082946101351     
    12995645           5   1.3387630700553275     
    12995693           1  0.68988816209938097     
    12995693           2  0.54747222993885836     
    12995693           3  0.93144602177017866     
    12995693           4   1.0413493739183051     
    12995693           5   1.7898442122732765     
    12995710           1   1.1156089041614492     
    12995710           2  0.98822596025223919     
    12995710           3  0.97584819920522636     
    12995710           4  0.33535296236366946     
    12995710           5   1.5849639740174164     
    12995739           1  0.85496771347798994     
    12995739           2  0.90907714853265953     
    12995739           3   1.5724746858263670     
    12995739           4  0.67166864665771442     
    12995739           5  0.99181180550526982     
    12995769           1  0.58215743319293212     
    12995769           2  0.94773839598536835     
    12995769           3   1.4433204066769438     
    12995769           4  0.96162234502296307     
    12995769           5   1.0651614191217924     
    12995794           1   1.6471483425833979     
    12995794           2   1.0382179176844855     
    12995794           3  0.71473781496682687     
    12995794           4  0.37348940632658151     
    12995794           5   1.2264065184387074     
    12995880           1  0.76814011353540146     
    12995880           2   1.8081997018882652     
    12995880           3  0.98168431707489745     
    12995880           4  0.59106229975664881     
    12995880           5  0.85091356774478688     
    12996013           1  0.87663064615073916     
    12996013           2   1.7068849949999145     
    12996013           3   1.2235680816404648     
    12996013           4   9.2760013414984480E-002
    12996013           5   1.1001562637938969     
    12996029           1   1.1282842949147953     
    12996029           2  0.85293818858747006     
    12996029           3  0.87399476160564105     
    12996029           4  0.75183807502638811     
    12996029           5   1.3929446798657055     
    12996053           1  0.96663208333884398     
    12996053           2   1.9968445994135411     
    12996053           3  0.82104889353487709     
    12996053           4  0.64282315765035214     
    12996053           5  0.57265126606238603     
    12996100           1  0.84803025849628777     
    12996100           2   1.6570872742117559     
    12996100           3  0.45712148231713495     
    12996100           4   1.4861293746965230     
    12996100           5  0.55163161027829732     
    12996110           1  0.72652201225954938     
    12996110           2   1.3781872010184375     
    12996110           3   1.1174522667888052     
    12996110           4  0.63831350536142384     
    12996110           5   1.1395250145717837     
    12996311           1   1.2272032363214964     
    12996311           2   1.1548031914639538     
    12996311           3   1.2609477765595485     
    12996311           4  0.74723483191333195     
    12996311           5  0.60981096374166854     
    12996414           1   1.2411396497694323     
    12996414           2  0.50593467119670810     
    12996414           3   1.1299868975826182     
    12996414           4  0.73389074291775369     
    12996414           5   1.3890480385334885     
    12996570           1   1.0682395702788523     
    12996570           2   1.0740216881423770     
    12996570           3  0.89416773668890637     
    12996570           4  0.67797097401073725     
    12996570           5   1.2856000308791269     
    12996666           1  0.70078420005864583     
    12996666           2   1.4293708570794936     
    12996666           3  0.98852542068842131     
    12996666           4  0.68172651802029993     
    12996666           5   1.1995930041531386     
    12996699           1  0.84750337358051497     
    12996699           2  0.68980307694672993     
    12996699           3   1.1972225603960702     
    12996699           4  0.81367751008529354     
    12996699           5   1.4517934789913922     
    12996736           1  0.77791800876599049     
    12996736           2  0.86369175427998057     
    12996736           3   1.3183885672232836     
    12996736           4  0.32631540993804165     
    12996736           5   1.7136862597927043     
    12996760           1  0.55562879697941314     
    12996760           2   1.0312963478750974     
    12996760           3   1.0569920703809434     
    12996760           4   1.3707981156191151     
    12996760           5  0.98528466914543111     
    12996883           1   1.2273393391979399     
    12996883           2   1.1651440503231993     
    12996883           3   1.2610876218715192     
    12996883           4  0.73655039382967502     
    12996883           5  0.60987859477766615     
    12996898           1  0.79549762395794921     
    12996898           2  0.84744733252399396     
    12996898           3   1.5207893715717515     
    12996898           4   1.0422571627251846     
    12996898           5  0.79400850922112054     
    12997012           1  0.75691090157294150     
    12997012           2   1.4439703521337315     
    12997012           3   1.2079183261222433     
    12997012           4  0.52472931824805313     
    12997012           5   1.0664711019230309     
    12997013           1   1.1050988123578283     
    12997013           2   1.0321452840109335     
    12997013           3   1.5261617831405356     
    12997013           4  0.39101927643247930     
    12997013           5  0.94557484405822356     
    12997102           1  0.89486653448709730     
    12997102           2   1.0685833284747734     
    12997102           3  0.94436291778324610     
    12997102           4   1.4681174581349954     
    12997102           5  0.62406976111988777     
    12997154           1   1.0696640778928230     
    12997154           2   1.2574768171575132     
    12997154           3   1.0296490686951141     
    12997154           4  0.15040150644527006     
    12997154           5   1.4928085298092799     
    12997177           1  0.82085114459036657     
    12997177           2   1.0662781361493674     
    12997177           3   1.4780959071060578     
    12997177           4  0.78728346814723438     
    12997177           5  0.84749134400697501     
    12997216           1  0.93098560298574917     
    12997216           2   1.2042298162246214     
    12997216           3   1.3771727862405372     
    12997216           4  0.66205585975752601     
    12997216           5  0.82555593479156575     
    12997284           1  0.38539203228684571     
    12997284           2   1.3436730433462833     
    12997284           3   1.4527580146953936     
    12997284           4  0.11140796403871829     
    12997284           5   1.7067689456327588     
    12997299           1   1.0143644327806682     
    12997299           2  0.95456080222798512     
    12997299           3   1.0852417244643300     
    12997299           4  0.58547427630359616     
    12997299           5   1.3603587642234203     
    12997416           1   1.4465100168471079     
    12997416           2  0.65465666790446120     
    12997416           3   1.1848575463851698     
    12997416           4  0.37343545041843412     
    12997416           5   1.3405403184448272     
    12997431           1  0.69013607392420229     
    12997431           2   1.4036323560074087     
    12997431           3   1.3022287148688672     
    12997431           4  0.34015244027380803     
    12997431           5   1.2638504149257139     
    12997435           1  0.84578727869218318     
    12997435           2  0.93615593744925096     
    12997435           3   1.3259514884676775     
    12997435           4  0.70466921222736145     
    12997435           5   1.1874360831635269     
    12997440           1   1.0477906410684308     
    12997440           2  0.51964555341200125     
    12997440           3   1.2741685331756374     
    12997440           4   1.3336048237495373     
    12997440           5  0.82479044859439299     
    12997473           1  0.87166221367448060     
    12997473           2   1.1057444291222751     
    12997473           3   1.2273576621992148     
    12997473           4  0.87909015111969613     
    12997473           5  0.91614554388433356     
    12997587           1   1.0857044236352582     
    12997587           2  0.91642015537120447     
    12997587           3  0.80755220954167439     
    12997587           4  0.75130371822889486     
    12997587           5   1.4390194932229670     
    12997595           1  0.74162142000399467     
    12997595           2  0.85501160607436277     
    12997595           3   1.2946541362121029     
    12997595           4  0.97866219399722976     
    12997595           5   1.1300506437123099     
    12997653           1   1.1369445109858931     
    12997653           2   1.0114395512759049     
    12997653           3   1.3462753787288062     
    12997653           4  0.47327084379238876     
    12997653           5   1.0320697152170069     
    12997768           1   1.1842779614211907     
    12997768           2   1.2875062189956317     
    12997768           3   1.1380451311051045     
    12997768           4  0.66667056275003067     
    12997768           5  0.72350012572804312     
    12997869           1   1.1622816102556315     
    12997869           2   1.6742704804157738     
    12997869           3  0.36819248898316825     
    12997869           4   1.2733158907804787     
    12997869           5  0.52193952956494849     
    12997878           1   1.0697275249601064     
    12997878           2   1.0777510167277431     
    12997878           3  0.89541322609657303     
    12997878           4  0.66971748449971358     
    12997878           5   1.2873907477158639     
    12997919           1   1.0909764313842678     
    12997919           2   1.0597333114065848     
    12997919           3   1.0150536645884187     
    12997919           4  0.72195061444986397     
    12997919           5   1.1122859781708652     
    12997928           1  0.91986227381626562     
    12997928           2   1.1601388908865913     
    12997928           3   1.2488123607228170     
    12997928           4  0.60220798561482991     
    12997928           5   1.0689784889594973     
    12997934           1  0.75270783143356135     
    12997934           2   1.4218613556625199     
    12997934           3   1.1861036901757711     
    12997934           4  0.35714700082738265     
    12997934           5   1.2821801219007654     
    12998008           1   1.5638496208617476     
    12998008           2   1.1099672500342177     
    12998008           3  0.12421506083596567     
    12998008           4  0.77382666851974358     
    12998008           5   1.4281413997483254     
    12998016           1  0.97192751296367885     
    12998016           2   1.3530047827079528     
    12998016           3  0.92013986661355562     
    12998016           4  0.31982705785396415     
    12998016           5   1.4351007798608495     
    12998021           1   1.1468556496577955     
    12998021           2  0.57462010383280304     
    12998021           3  0.47821149647586714     
    12998021           4  0.83714460408680935     
    12998021           5   1.9631681459467250     
    12998046           1  0.81893680688407933     
    12998046           2   1.4213509045939703     
    12998046           3   1.4762538232568632     
    12998046           4   7.7968375318870214E-002
    12998046           5   1.2054900899462166     
    12998089           1   1.5592182250332887     
    12998089           2   1.1513353101104933     
    12998089           3  0.47211996054101568     
    12998089           4  0.49815238501276843     
    12998089           5   1.3191741193024338     
    12998094           1  0.71394579561558302     
    12998094           2   1.1409321889752806     
    12998094           3   1.4813582049416603     
    12998094           4  0.72908173753977501     
    12998094           5  0.93468207292770145     
    12998198           1  0.63728527538414370     
    12998198           2   1.0482598268375198     
    12998198           3   1.4618618811658828     
    12998198           4  0.26895412908759903     
    12998198           5   1.5836388875248548     
    12998237           1   1.3662314095399670     
    12998237           2  0.96347903632357668     
    12998237           3   1.0628847392228711     
    12998237           4  0.34100579779748896     
    12998237           5   1.2663990171160964     
    12998283           1   1.1034022433933979     
    12998283           2   1.0361753941228560     
    12998283           3   1.0454761448198835     
    12998283           4  0.38539959950096248     
    12998283           5   1.4295466181629004     
    12998291           1  0.56573909635140596     
    12998291           2   1.6725815993540920     
    12998291           3   1.0717699893487784     
    12998291           4  0.35270126420175785     
    12998291           5   1.3372080507439659     
    12998308           1  0.65449186083897359     
    12998308           2   1.2806601936636781     
    12998308           3   1.3300386850640422     
    12998308           4  0.50715980188495868     
    12998308           5   1.2276494585483477     
    12998320           1  0.81663183872640721     
    12998320           2   1.0534174280491888     
    12998320           3   1.4865876237015134     
    12998320           4  0.77778780042914519     
    12998320           5  0.86557530909374614     
    12998326           1  0.67462710502884782     
    12998326           2   1.0409203130877605     
    12998326           3  0.91881514530349073     
    12998326           4   1.6249347770636602     
    12998326           5  0.74070265951623970     
    12998391           1  0.63661054688907714     
    12998391           2  0.83391660393567590     
    12998391           3   1.3566070607708607     
    12998391           4  0.82197238275516049     
    12998391           5   1.3508934056492257     
    12998507           1   1.6341146486077360     
    12998507           2   1.0695670402402440     
    12998507           3  0.70908217745545365     
    12998507           4  0.37053402793147144     
    12998507           5   1.2167021057650944     
    12998530           1   3.4579366107168136E-002
    12998530           2   1.1964245455288745     
    12998530           3   1.3582140685894972     
    12998530           4  0.85451349228049422     
    12998530           5   1.5562685274939660     
    12998542           1   1.2248422173453886     
    12998542           2   1.3875520151544878     
    12998542           3   1.1267600253863008     
    12998542           4  0.46931635800853144     
    12998542           5  0.79152938410529128     
    12998598           1  0.99304488032703553     
    12998598           2   1.0753021444745563     
    12998598           3  0.93351761009272660     
    12998598           4  0.57147326531523546     
    12998598           5   1.4266620997904467     
    12998622           1  0.85530327253309424     
    12998622           2   1.2238736568607336     
    12998622           3   1.2526602222231316     
    12998622           4  0.67683356289654995     
    12998622           5  0.99132928548649102     
    12998640           1  0.56371362039907258     
    12998640           2   1.6734883507237066     
    12998640           3   1.0897186639822694     
    12998640           4  0.33514637778199702     
    12998640           5   1.3379329871129537     
    12998665           1  0.69859233584287594     
    12998665           2   1.3840221245816513     
    12998665           3   1.3181849697394947     
    12998665           4  0.34432034025167130     
    12998665           5   1.2548802295843069     
    12998714           1  0.94602921364002501     
    12998714           2   1.0728180508400260     
    12998714           3   1.0599760718620357     
    12998714           4   1.0634699924912474     
    12998714           5  0.85770667116666666     
    12998717           1  0.69238368158911512     
    12998717           2   1.3717217966075184     
    12998717           3   1.3064697614560512     
    12998717           4  0.34126023518684745     
    12998717           5   1.2881645251604681     
    12998731           1   1.0306530950128492     
    12998731           2  0.44164243994738511     
    12998731           3  0.60916627898406428     
    12998731           4   1.0570666483932596     
    12998731           5   1.8614715376624422     
    12998760           1  0.85769344739285891     
    12998760           2   1.2047388210925165     
    12998760           3   1.2368276300374819     
    12998760           4  0.43069069768023244     
    12998760           5   1.2700494037969103     
    12998770           1  0.90171331561368817     
    12998770           2  0.85721527308695722     
    12998770           3   1.3541901196301434     
    12998770           4  0.89858096396683951     
    12998770           5  0.98830032770237153     
    12998778           1   1.1446921217376622     
    12998778           2  0.47655841230557838     
    12998778           3   1.3189819133572001     
    12998778           4  0.65179601137856458     
    12998778           5   1.4079715412209941     
    12998797           1  0.99599192536678660     
    12998797           2   1.0745112786533875     
    12998797           3  0.93283102430372278     
    12998797           4  0.57105295677630807     
    12998797           5   1.4256128148997962     
    12998800           1  0.93908914669184018     
    12998800           2  0.83649910632297597     
    12998800           3   1.0837797212596112     
    12998800           4  0.49741590008507258     
    12998800           5   1.6432161256404996     
    12998862           1  0.76122331702574419     
    12998862           2  0.87715577101461495     
    12998862           3   1.2396929407866084     
    12998862           4   1.0655579669609156     
    12998862           5   1.0563700042121176     
    12998911           1  0.87366404168269551     
    12998911           2   1.7447608601019118     
    12998911           3   1.2194274067121027     
    12998911           4  0.10560231152521754     
    12998911           5   1.0565453799780731     
    12998960           1   1.0836011123575191     
    12998960           2   1.3682086979229684     
    12998960           3   1.3407922968833350     
    12998960           4  0.50796326137973069     
    12998960           5  0.69943463145644669     
    12998961           1  0.92573531512074703     
    12998961           2   1.1592993175168611     
    12998961           3   1.3318261357125529     
    12998961           4  0.42368543709964124     
    12998961           5   1.1594537945501968     
    12998965           1  0.63378987869374259     
    12998965           2  0.78898805869756072     
    12998965           3   1.4467702833062865     
    12998965           4  0.50728290415779387     
    12998965           5   1.6231688751446165     
    12998968           1   1.2265562278003921     
    12998968           2   1.1644006230114101     
    12998968           3   1.2634732578600620     
    12998968           4  0.73608043333068762     
    12998968           5  0.60948945799744780     
    12998969           1  0.75577568674452977     
    12998969           2   1.4418046856700530     
    12998969           3   1.2061066904429649     
    12998969           4  0.53144132837833835     
    12998969           5   1.0648716087641139     
    12998991           1  0.53305642209933879     
    12998991           2  0.95283233795164790     
    12998991           3   1.3572928898321934     
    12998991           4  0.69611020442278382     
    12998991           5   1.4607081456940361     
    12999062           1  0.88086089292873659     
    12999062           2   1.1026260691776792     
    12999062           3   1.2238963352680603     
    12999062           4  0.87905482228244480     
    12999062           5  0.91356188034307861     
    12999073           1   1.6517628859611082     
    12999073           2   1.0192871044717273     
    12999073           3   6.4775724240254649E-003
    12999073           4  0.43963388117521918     
    12999073           5   1.8828385559679202     
    12999086           1   1.3250404812231276     
    12999086           2   1.1142879040357099     
    12999086           3   1.3863606262606203     
    12999086           4  0.42619778347815879     
    12999086           5  0.74811320500238288     
    12999103           1  0.78834104569555119     
    12999103           2  0.86763254949197011     
    12999103           3   1.3360531701362273     
    12999103           4  0.35418722290954657     
    12999103           5   1.6537860117667054     
    12999176           1   1.0922120930583625     
    12999176           2   1.0609335864996086     
    12999176           3   1.0258481114644022     
    12999176           4  0.72276831012064302     
    12999176           5   1.0982378988569836     
    12999293           1  0.55720688837721177     
    12999293           2   1.2203249159156579     
    12999293           3   1.5581470786266938     
    12999293           4  0.27638616251196418     
    12999293           5   1.3879349545684720     
    12999302           1  0.55453539798973639     
    12999302           2   1.2303539697718668     
    12999302           3   1.5587689891355734     
    12999302           4  0.27506104792385799     
    12999302           5   1.3812805951789653     
    12999335           1   1.1113009650409624     
    12999335           2   1.0025033931843466     
    12999335           3  0.97248902867191722     
    12999335           4  0.33419857401684722     
    12999335           5   1.5795080390859260     
    12999370           1  0.73605981885739624     
    12999370           2   1.0642323184012976     
    12999370           3   1.4555983129156809     
    12999370           4  0.28092575931076352     
    12999370           5   1.4631837905148619     
    12999373           1  0.84246298829361932     
    12999373           2  0.93351691609385667     
    12999373           3   1.3219717764376568     
    12999373           4  0.71927934613419942     
    12999373           5   1.1827689730406690     
    12999387           1  0.72685857422105415     
    12999387           2  0.61322896945899841     
    12999387           3   1.4119072703800992     
    12999387           4   1.3465036187852726     
    12999387           5  0.90150156715457563     
    12999394           1   1.2619350681215271     
    12999394           2   1.2967586601143912     
    12999394           3   1.0178492804376182     
    12999394           4  0.42138202785041468     
    12999394           5   1.0020749634760491     
    12999396           1   1.1202603669128888     
    12999396           2   1.0699698634656318     
    12999396           3   1.3265193992912763     
    12999396           4  0.46632580921322747     
    12999396           5   1.0169245611169764     
    12999400           1   1.2131885186107623     
    12999400           2   1.2670710661740927     
    12999400           3   1.0512198667118977     
    12999400           4  0.45595002040018712     
    12999400           5   1.0125705281030606     
    12999404           1  0.87602511151443940     
    12999404           2  0.90918993618425792     
    12999404           3   1.5726697800791469     
    12999404           4  0.65018031431748202     
    12999404           5  0.99193485790467406     
    12999434           1  0.84474503877541662     
    12999434           2   1.6481835391195874     
    12999434           3  0.45935478715817685     
    12999434           4   1.4933899827740531     
    12999434           5  0.55432665217276589     
    12999454           1  0.43717789046474076     
    12999454           2  0.95485497057807234     
    12999454           3   1.5705322676031808     
    12999454           4  0.35476303423010336     
    12999454           5   1.6826718371239029     
    12999471           1  0.62982954325512286     
    12999471           2   1.1741039516843150     
    12999471           3   1.3889055391116962     
    12999471           4  0.71841649111601213     
    12999471           5   1.0887444748328543     
    12999475           1  0.68479982697944919     
    12999475           2  0.85351179991919957     
    12999475           3  0.96814637144564852     
    12999475           4   1.3562995451695230     
    12999475           5   1.1372424564861801     
    12999489           1  0.76630768714663855     
    12999489           2   1.8038861752392752     
    12999489           3  0.97934247316342238     
    12999489           4  0.60157998220282749     
    12999489           5  0.84888368224783572     
    12999534           1   1.2877891289754517     
    12999534           2  0.93308302631364515     
    12999534           3   1.3788659828815895     
    12999534           4  0.53264172049393999     
    12999534           5  0.86762014133537246     
    12999538           1  0.72193672654467356     
    12999538           2  0.51713329368132754     
    12999538           3   1.1702498607381084     
    12999538           4  0.83997636302219747     
    12999538           5   1.7507037560136924     
    12999541           1  0.84187618947139020     
    12999541           2  0.95494796365778190     
    12999541           3   1.3198200240859252     
    12999541           4  0.70141068111723570     
    12999541           5   1.1819451416676667     
    12999542           1   1.3059631129607403     
    12999542           2  0.49171446771001631     
    12999542           3  0.98117926670038669     
    12999542           4  0.56171273559674317     
    12999542           5   1.6594304170321135     
    12999543           1   1.4540478638816678     
    12999543           2  0.62673615152289197     
    12999543           3   1.2023496595434837     
    12999543           4  0.36934037377610091     
    12999543           5   1.3475259512758546     
    12999559           1   1.2779134601162885     
    12999559           2   1.1130171761829528     
    12999559           3  0.77124469343540125     
    12999559           4   1.0912504995999939     
    12999559           5  0.74657417066536313     
    12999576           1   1.0512328695317543     
    12999576           2  0.34121813388245298     
    12999576           3  0.86723298729004106     
    12999576           4   1.1701257159442491     
    12999576           5   1.5701902933515020     
    12999608           1  0.66226947388457613     
    12999608           2   1.1125783646771110     
    12999608           3   1.2266172734284417     
    12999608           4  0.44557800097251754     
    12999608           5   1.5529568870373538     
    12999623           1  0.71470084740805728     
    12999623           2   1.1480939189418433     
    12999623           3   1.2443935170523117     
    12999623           4  0.93388229509236442     
    12999623           5  0.95892942150542315     
    12999684           1   1.2597244476774396     
    12999684           2   1.2425287868374524     
    12999684           3  0.99201867949290023     
    12999684           4  0.39268756242365876     
    12999684           5   1.1130405235685485     
    12999688           1  0.99488598007317153     
    12999688           2   1.1797983555981362     
    12999688           3  0.98329197210247499     
    12999688           4  0.53244514121364839     
    12999688           5   1.3095785510125688     
    12999696           1  0.63023604993234117     
    12999696           2   1.1748617457592663     
    12999696           3   1.4144984173799788     
    12999696           4  0.71888017387556169     
    12999696           5   1.0615236130528518     
    12999700           1  0.37962241507137034     
    12999700           2   1.2645007666532115     
    12999700           3   1.3641701988657438     
    12999700           4  0.77423801972645889     
    12999700           5   1.2174685996832155     
    12999708           1  0.63053367301305929     
    12999708           2  0.87368465911253490     
    12999708           3   1.3436573381376034     
    12999708           4  0.81412610605744906     
    12999708           5   1.3379982236793533     
    12999709           1   1.0504693009675621     
    12999709           2  0.94114642631529322     
    12999709           3   1.4318253972230872     
    12999709           4  0.68167605743851323     
    12999709           5  0.89488281805554393     
    12999717           1  0.89694565049657748     
    12999717           2  0.66645911030388472     
    12999717           3   1.1303239633379063     
    12999717           4   1.1555622961508065     
    12999717           5   1.1507089797108252     
    12999737           1  0.39637961433916624     
    12999737           2   1.3035166314063642     
    12999737           3   1.4941763538185833     
    12999737           4   9.8554460851107847E-002
    12999737           5   1.7073729395847788     
    12999738           1  0.96950528527506330     
    12999738           2   1.2613854840487100     
    12999738           3  0.90602499352380905     
    12999738           4  0.68310209259001065     
    12999738           5   1.1799821445624075     
    12999745           1  0.72853537827481774     
    12999745           2  0.52185999946813211     
    12999745           3   1.1499718319081342     
    12999745           4  0.83292723813366354     
    12999745           5   1.7667055522152531     
    12999756           1  0.46341596290470149     
    12999756           2  0.90057455744505233     
    12999756           3   1.1811781574425309     
    12999756           4   1.2896066022257764     
    12999756           5   1.1652247199819386     
    12999765           1  0.79852274628551856     
    12999765           2  0.87883832761207692     
    12999765           3   1.3125351530895488     
    12999765           4  0.33495853594179137     
    12999765           5   1.6751452370710638     
    12999766           1   1.3194330205901874     
    12999766           2   1.0872801765954829     
    12999766           3   1.1903649120667992     
    12999766           4  0.32691613593449115     
    12999766           5   1.0760057548130391     
    12999768           1  0.93949233951844158     
    12999768           2   1.6193790053223971     
    12999768           3  0.93549544681687724     
    12999768           4  0.22667087290918872     
    12999768           5   1.2789623354330959     
    12999800           1  0.61467461152713165     
    12999800           2   1.3028867102439203     
    12999800           3   1.0233688491268502     
    12999800           4  0.46854026811694938     
    12999800           5   1.5905295609851478     
    12999810           1  0.83853359001827266     
    12999810           2  0.96978243170335365     
    12999810           3   1.3158058632870835     
    12999810           4  0.69862578829281063     
    12999810           5   1.1772523266984800     
    12999830           1  0.67446926733863122     
    12999830           2  0.94531997909934162     
    12999830           3  0.95496620145313149     
    12999830           4  0.89700900936594330     
    12999830           5   1.5282355427429526     
    12999863           1  0.82586660424802050     
    12999863           2  0.44355344014382669     
    12999863           3   1.2395293608598006     
    12999863           4   1.2084868667042703     
    12999863           5   1.2825637280440820     
    12999871           1  0.75150132200801401     
    12999871           2   1.4387706080375011     
    12999871           3   1.2002092332796790     
    12999871           4  0.36139431280889711     
    12999871           5   1.2481245238659087     
    12999877           1   1.3084465015689815     
    12999877           2   1.0753583254900640     
    12999877           3   1.4164213628560318     
    12999877           4  0.43543911582993083     
    12999877           5  0.76433469425499112     
    12999879           1  0.97390669974404964     
    12999879           2   1.3415018547656596     
    12999879           3  0.91231705422016318     
    12999879           4  0.34937450018043914     
    12999879           5   1.4228998910896888     
    12999885           1  0.70043330961846206     
    12999885           2   1.3876693853737578     
    12999885           3   1.2839617848189637     
    12999885           4  0.34522771453031897     
    12999885           5   1.2827078056584977     
    12999898           1   1.0393183493231977     
    12999898           2  0.76305560488493973     
    12999898           3   1.0083989300010896     
    12999898           4  0.82902470949860962     
    12999898           5   1.3602024062921625     
    12999904           1   1.1881094091354594     
    12999904           2   1.2756716091533638     
    12999904           3   1.1443259526834977     
    12999904           4  0.67504323366891683     
    12999904           5  0.71684979535876336     
    12999908           1  0.27472257029915476     
    12999908           2   1.5978154138536651     
    12999908           3   1.1969610591012987     
    12999908           4  0.50922795076739880     
    12999908           5   1.4212730059784826     
    12999913           1   1.0964303891125315     
    12999913           2   1.0659876434785178     
    12999913           3   1.3502859603718174     
    12999913           4  0.65932964926046100     
    12999913           5  0.82796635777667205     
    12999921           1  0.51391391581323520     
    12999921           2   1.3483091413686679     
    12999921           3  0.95482490517243845     
    12999921           4  0.64489028851300068     
    12999921           5   1.5380617491326569     
    12999924           1   1.0375404647773689     
    12999924           2  0.82864891989614731     
    12999924           3   1.4215949150463907     
    12999924           4  0.54982885764710876     
    12999924           5   1.1623868426329844     
    12999926           1  0.91963628632153238     
    12999926           2   1.0814136780668273     
    12999926           3  0.95824836836130134     
    12999926           4  0.45530371217717086     
    12999926           5   1.5853979550731674     
    12999927           1  0.78761089959591468     
    12999927           2  0.86682896514812779     
    12999927           3   1.3629245142817772     
    12999927           4  0.33038131355385941     
    12999927           5   1.6522543074203213     
    12999935           1  0.67222287935213620     
    12999935           2   1.1461390384042984     
    12999935           3   1.2506508376625871     
    12999935           4  0.51641897310055840     
    12999935           5   1.4145682714804204     
    12999943           1  0.86058367861389173     
    12999943           2   1.6644498473516671     
    12999943           3  0.40704044543368856     
    12999943           4   1.5081285972511027     
    12999943           5  0.55979743134965032     
    12999945           1  0.66434202631593442     
    12999945           2   1.1327021953598857     
    12999945           3   1.2750796153515744     
    12999945           4  0.47772397964089941     
    12999945           5   1.4501521833317055     
    12999946           1  0.57347083802344268     
    12999946           2   1.7024544594693136     
    12999946           3   1.1085804082599500     
    12999946           4  0.25440326579972922     
    12999946           5   1.3610910284475641     
    12999947           1   1.6319474559966509     
    12999947           2   1.3455905259669154     
    12999947           3  0.31015796213142527     
    12999947           4   1.1818243670552480     
    12999947           5  0.53047968884976049     
    12999960           1  0.96240778267926708     
    12999960           2   1.3565015156391351     
    12999960           3  0.91112738035582486     
    12999960           4  0.34891891107377027     
    12999960           5   1.4210444102520032     
    12999968           1  0.56500513664596719     
    12999968           2   1.6704116812665821     
    12999968           3   1.0703795321738123     
    12999968           4  0.35873042151687101     
    12999968           5   1.3354732283967670     
    12999971           1  0.45015913897489768     
    12999971           2   1.2140677513002460     
    12999971           3   1.1427225020197933     
    12999971           4  0.33805155988954388     
    12999971           5   1.8549990478155196     
    12999977           1  0.96241325988950599     
    12999977           2   1.7279103304780896     
    12999977           3  0.90149759455663003     
    12999977           4  0.39164896421975914     
    12999977           5   1.0165298508560163     
    12999978           1  0.72344691229077862     
    12999978           2   1.3541194161387524     
    12999978           3   1.2493643182597911     
    12999978           4  0.62845689916987946     
    12999978           5   1.0446124541407986     
    12999980           1  0.84257484645450209     
    12999980           2   1.3509009411152446     
    12999980           3   1.3410483418571346     
    12999980           4  0.66777816070139984     
    12999980           5  0.79769770987171851     
    12999983           1  0.54775669286594875     
    12999983           2  0.87080026879292283     
    12999983           3   1.5836519044193436     
    12999983           4  0.74801883964318439     
    12999983           5   1.2497722942786007     
    12999984           1  0.88699139688550066     
    12999984           2   1.2173664171299918     
    12999984           3   1.2191753823770317     
    12999984           4  0.42454379517266705     
    12999984           5   1.2519230084348090     
    12999988           1  0.68146976193424580     
    12999988           2  0.86411334703322795     
    12999988           3  0.97300055987397660     
    12999988           4   1.3497040912452483     
    12999988           5   1.1317122399133017     
    12999990           1  0.65088043725774869     
    12999990           2   1.3011831555015430     
    12999990           3   1.3226996586244704     
    12999990           4  0.50436134253417486     
    12999990           5   1.2208754060820630     
    12999999           1   1.6472119721779381     
    12999999           2   1.0455937840572940     
    12999999           3  0.69593209390312460     
    12999999           4  0.37614280683701429     
    12999999           5   1.2351193430246288     
    13000000           1  0.99803430521490011     
    13000000           2   1.2934516014338751     
    13000000           3  0.83344223134665385     
    13000000           4   1.1465844314190754     
    13000000           5  0.72848743058549636     
    13000003           1   1.0298030987549061     
    13000003           2  0.92577009270118438     
    13000003           3   1.4936255564696115     
    13000003           4  0.67053891853764946     
    13000003           5  0.88026233353664907     
    13000005           1   1.5838048212555271     
    13000005           2  0.71664679223637484     
    13000005           3  0.75830797247851955     
    13000005           4  0.52524582871803727     
    13000005           5   1.4159945853115408     
    13000016           1   1.0919946524195585     
    13000016           2   1.0607223728733879     
    13000016           3   1.0256438827526986     
    13000016           4  0.70831500429949634     
    13000016           5   1.1133240876548580     
    13000021           1  0.85103492074498577     
    13000021           2   1.0795777399084414     
    13000021           3   1.1983130786090652     
    13000021           4  0.97660867751143232     
    13000021           5  0.89446558322607472     
    13000024           1  0.94733527861079003     
    13000024           2   1.1289757007707459     
    13000024           3   1.2503905630792411     
    13000024           4  0.60296903354472453     
    13000024           5   1.0703294239944985     
    13000026           1   1.3831846999648820     
    13000026           2  0.16538835502374158     
    13000026           3  0.64502744627236586     
    13000026           4  0.92855459840868881     
    13000026           5   1.8778449003303224     
    13000027           1   1.0871577474588774     
    13000027           2   1.3383863761509271     
    13000027           3   1.0007340215367810     
    13000027           4  0.98571718586435042     
    13000027           5  0.58800466898906389     
    13000029           1  0.60436669648544850     
    13000029           2   1.0485348243523231     
    13000029           3   1.5154532274673351     
    13000029           4  0.26902468575227473     
    13000029           5   1.5626205659426182     
    13000031           1  0.18996234098310327     
    13000031           2   1.2881608881806337     
    13000031           3   1.1191564016041966     
    13000031           4  0.97713168113791948     
    13000031           5   1.4255886880941468     
    13000032           1   1.3339597273979904     
    13000032           2   1.0992509247099069     
    13000032           3   1.2144809827463046     
    13000032           4  0.26445599145953580     
    13000032           5   1.0878523736862624     
    13000037           1  0.90246613068319259     
    13000037           2   1.1436769412365497     
    13000037           3   1.2632926421075010     
    13000037           4  0.60919073286979719     
    13000037           5   1.0813735531029598     
    13000045           1  0.42991737751877995     
    13000045           2   1.1664248719454069     
    13000045           3  0.90246324831744773     
    13000045           4   1.4079236498708207     
    13000045           5   1.0932708523475447     
    13000054           1  0.54547640485470805     
    13000054           2   1.1589847237507676     
    13000054           3   1.2869461608567403     
    13000054           4  0.56895411304707566     
    13000054           5   1.4396385974907087     
    13000055           1  0.85431672153237104     
    13000055           2   1.1073224185506640     
    13000055           3   1.0734841436993612     
    13000055           4  0.87032854735003828     
    13000055           5   1.0945481688675658     
    13000062           1  0.84749488134938666     
    13000062           2   1.2203075616493662     
    13000062           3   1.2221208973375051     
    13000062           4  0.45512901834673397     
    13000062           5   1.2549476413170082     
    13000064           1   1.5886849544762669     
    13000064           2  0.70271101728617813     
    13000064           3  0.95253022285855249     
    13000064           4  0.90084001635995159     
    13000064           5  0.85523378901905034     
    13000066           1  0.93772361422316519     
    13000066           2  0.83528275035323063     
    13000066           3   1.0822037937734030     
    13000066           4  0.49669260606725307     
    13000066           5   1.6480972355829480     
    13000067           1  0.55645365586292328     
    13000067           2   1.7114052424842783     
    13000067           3   1.0167152247182265     
    13000067           4  0.53858991464940353     
    13000067           5   1.1768359622851685     
    13000069           1  0.74082154293240032     
    13000069           2  0.51790099171125992     
    13000069           3   1.1412477537888133     
    13000069           4  0.84672698959881065     
    13000069           5   1.7533027219687154     
    13000074           1  0.73180766461882785     
    13000074           2   1.4565382886155203     
    13000074           3   1.2184317281290504     
    13000074           4  0.51746893397914639     
    13000074           5   1.0757533846574556     
    13000078           1   1.5919259927385063     
    13000078           2   1.1131734422477584     
    13000078           3  0.12457386183738664     
    13000078           4  0.77606190297297784     
    13000078           5   1.3942648002033711     
    13000081           1  0.82974389461073161     
    13000081           2   1.1946872736295977     
    13000081           3   1.3080062661661158     
    13000081           4   5.4765887058322069E-002
    13000081           5   1.6127966785352321     
    13000082           1   1.5150928817781437     
    13000082           2   1.0467750685041235     
    13000082           3   1.0477422239815610     
    13000082           4  0.51401210624283955     
    13000082           5  0.87637771949333210     
    13000083           1  0.86869450681664506     
    13000083           2   1.1684296981270750     
    13000083           3   1.2338557131863535     
    13000083           4  0.73812086355320117     
    13000083           5  0.99089921831672589     
    13000084           1   1.0927299932455627     
    13000084           2   1.3262704770237561     
    13000084           3   1.0032776489428754     
    13000084           4  0.98822264405270333     
    13000084           5  0.58949923673510207     
    13000085           1  0.45668088936728651     
    13000085           2  0.93470585061990941     
    13000085           3   1.4508876669945039     
    13000085           4   1.0375107032839195     
    13000085           5   1.1202148897343804     
    13000087           1  0.38669736081079298     
    13000087           2   1.8083717635881777     
    13000087           3   1.2433381046319152     
    13000087           4  0.22764800462974535     
    13000087           5   1.3339447663393689     
    13000089           1   1.1161790250242802     
    13000089           2  0.49180489531783900     
    13000089           3   1.3241608778526697     
    13000089           4  0.65435527952851702     
    13000089           5   1.4134999222766944     
    13000090           1  0.87952443194243479     
    13000090           2   1.2176589706154284     
    13000090           3   1.3492546759097703     
    13000090           4  0.48028126560297513     
    13000090           5   1.0732806559293906     
    13000092           1  0.84991990199718503     
    13000092           2  0.90370986975129686     
    13000092           3   1.5631906442804009     
    13000092           4  0.69722353060678099     
    13000092           5  0.98595605336433678     
    13000094           1  0.42636037370900493     
    13000094           2   1.1358801346670737     
    13000094           3  0.91439800771756974     
    13000094           4   1.4680109831018524     
    13000094           5   1.0553505008044997     
    13000096           1  0.97474204357442940     
    13000096           2  0.94262624596247790     
    13000096           3   1.5295003246091448     
    13000096           4  0.36200320646216932     
    13000096           5   1.1911281793917778     
    13000098           1  0.37856717644968130     
    13000098           2   1.5342657382341391     
    13000098           3   1.4765909383326348     
    13000098           4  0.79176274930408341     
    13000098           5  0.81881339767946115     
    13000099           1  0.99880099978998516     
    13000099           2  0.75805882315251583     
    13000099           3   1.1286360159274156     
    13000099           4  0.95921325529313650     
    13000099           5   1.1552909058369469     
    13000100           1   1.2760396959137110     
    13000100           2  0.96236733775105388     
    13000100           3   1.0141594684522608     
    13000100           4  0.67620919982854433     
    13000100           5   1.0712242980544302     
    13000102           1  0.68461039736778351     
    13000102           2   1.1422193511996888     
    13000102           3   1.4838530352107893     
    13000102           4  0.42625900508792913     
    13000102           5   1.2630582111338096     
    13000104           1  0.43433435975351614     
    13000104           2  0.97974280923008061     
    13000104           3   1.5603170741240424     
    13000104           4  0.35245555344243557     
    13000104           5   1.6731502034499250     
    13000106           1  0.95335051233008439     
    13000106           2   1.3195227402285368     
    13000106           3  0.97584729919282509     
    13000106           4  0.35169229397694624     
    13000106           5   1.3995871542716074     
    13000107           1  0.55383403528246644     
    13000107           2   1.7033484486300605     
    13000107           3  0.99160236029363713     
    13000107           4  0.59761125669861870     
    13000107           5   1.1536038990952169     
    13000108           1   1.2325253689763382     
    13000108           2  0.36091973393323795     
    13000108           3   1.3737496586382030     
    13000108           4   1.0604796790209052     
    13000108           5  0.97232555943131582     
    13000109           1   1.5869640372266014     
    13000109           2  0.71807628781642829     
    13000109           3  0.73581175801507670     
    13000109           4  0.52629353673644741     
    13000109           5   1.4328543802054454     
    13000110           1   4.6215915598665329E-002
    13000110           2   1.4351320126785825     
    13000110           3   1.5434304319659049     
    13000110           4  0.61756355823500841     
    13000110           5   1.3576580815218389     
    13000111           1  0.88558401700123435     
    13000111           2   1.0574988336932651     
    13000111           3  0.98643234454258810     
    13000111           4   1.4528885659468997     
    13000111           5  0.61759623881601267     
    13000112           1  0.48929332682664434     
    13000112           2  0.85910141458383116     
    13000112           3   1.1862445340662655     
    13000112           4   1.2951380563101265     
    13000112           5   1.1702226682131320     
    13000113           1  0.62360955860683231     
    13000113           2  0.34910987039460267     
    13000113           3   1.3973091245920055     
    13000113           4   1.3537045125413263     
    13000113           5   1.2762669338652335     
