    11393965           1  0.96345426326628569     
    11393965           2  0.97904755231627749     
    11393965           3  0.66028855870482883     
    11393965           4   1.3274277119614679     
    11393965           5   1.0697819137511393     
    11548308           1   1.2747144376175963     
    11548308           2  0.79027930932343393     
    11548308           3   1.1740230815711736     
    11548308           4  0.71326585261689102     
    11548308           5   1.0477173188709057     
    11599188           1  0.78983338652475277     
    11599188           2  0.96834615209094299     
    11599188           3   1.0913691028555323     
    11599188           4   1.1226385704686590     
    11599188           5   1.0278127880601131     
    11949011           1   1.1562822678764442     
    11949011           2  0.96245282792789177     
    11949011           3   1.0522646921502341     
    11949011           4  0.66986239078588072     
    11949011           5   1.1591378212595482     
    11966963           1  0.92531432819042825     
    11966963           2   1.0746436228150256     
    11966963           3   1.0645252528593727     
    11966963           4   1.0146740881414511     
    11966963           5  0.92084270799372292     
    11973820           1   1.0308699161521797     
    11973820           2   1.0020082909375210     
    11973820           3   1.3301156556309297     
    11973820           4  0.83606542682089813     
    11973820           5  0.80094071045847148     
    12014222           1  0.97733913313993714     
    12014222           2  0.79032367444229124     
    12014222           3  0.99902131665239269     
    12014222           4  0.88270657419580756     
    12014222           5   1.3506093015695717     
    12093643           1   1.1799989460334597     
    12093643           2   1.2025938777812004     
    12093643           3  0.68576628582987431     
    12093643           4  0.98486389679294750     
    12093643           5  0.94677699356251888     
    12165956           1   1.1812130808359416     
    12165956           2   1.1261588392282151     
    12165956           3  0.90889868576203636     
    12165956           4  0.97383189337104781     
    12165956           5  0.80989750080275902     
    12191146           1   1.0160594782146997     
    12191146           2  0.93962867201090217     
    12191146           3   1.1129701971827264     
    12191146           4  0.94556542607402705     
    12191146           5  0.98577622651764452     
    12193196           1   1.0121042060047325     
    12193196           2  0.99818599291565602     
    12193196           3  0.82586636752214537     
    12193196           4  0.83672902854137909     
    12193196           5   1.3271144050160864     
    12204422           1   1.5153670953973353     
    12204422           2  0.83354697726554827     
    12204422           3   1.2024454778460256     
    12204422           4  0.79596137928409605     
    12204422           5  0.65267907020699500     
    12209993           1  0.90783359509597095     
    12209993           2   1.0414166995016552     
    12209993           3  0.97924483856620048     
    12209993           4  0.77956032419518162     
    12209993           5   1.2919445426409912     
    12255739           1   1.0244669435238820     
    12255739           2   1.1314559132815314     
    12255739           3   1.2041829635425942     
    12255739           4   1.0228764142384428     
    12255739           5  0.61701776541354991     
    12260622           1  0.87701616519100156     
    12260622           2   1.0910501912623958     
    12260622           3   1.0028078684472095     
    12260622           4   1.0427395702055704     
    12260622           5  0.98638620489382201     
    12261457           1  0.96781985416136729     
    12261457           2   1.2212367577482874     
    12261457           3   1.0226845778074123     
    12261457           4  0.74680820736780251     
    12261457           5   1.0414506029151300     
    12282005           1  0.90798240496664151     
    12282005           2   1.1661604501065348     
    12282005           3  0.89134945496754014     
    12282005           4   1.0250643082170727     
    12282005           5   1.0094433817422104     
    12289982           1   1.3604327053221590     
    12289982           2   1.2220292749568624     
    12289982           3  0.97072838113268090     
    12289982           4  0.82136246827530723     
    12289982           5  0.62544717031299069     
    12293886           1   1.0740687302379841     
    12293886           2   1.1394115137153722     
    12293886           3  0.74381966593957405     
    12293886           4   1.0296659268548873     
    12293886           5   1.0130341632521827     
    12304728           1   1.0278219646261124     
    12304728           2  0.88776435853049174     
    12304728           3  0.93791032859885615     
    12304728           4  0.95300162327331805     
    12304728           5   1.1935017249712216     
    12305276           1   1.0437767485903178     
    12305276           2  0.72614466011473355     
    12305276           3  0.89201046514185311     
    12305276           4   1.1324153743066101     
    12305276           5   1.2056527518464859     
    12309058           1   1.0460184037365279     
    12309058           2  0.70834889901109299     
    12309058           3   1.2273409857543454     
    12309058           4   1.0135733106405473     
    12309058           5   1.0047184008574863     
    12325620           1   1.0205107940665783     
    12325620           2   1.3419556087272140     
    12325620           3   1.0502872476364136     
    12325620           4  0.91910075653580647     
    12325620           5  0.66814559303398735     
    12338445           1  0.97102052901693170     
    12338445           2   1.0849457746880189     
    12338445           3   1.2290800802405999     
    12338445           4  0.82117672022598498     
    12338445           5  0.89377689582846442     
    12360800           1  0.93916897042930958     
    12360800           2   1.0912987606153184     
    12360800           3  0.98002795231564821     
    12360800           4  0.96822825935948642     
    12360800           5   1.0212760572802373     
    12362760           1   1.0455182364852824     
    12362760           2   1.2728581330419089     
    12362760           3   1.2344507097278441     
    12362760           4  0.66966929996059232     
    12362760           5  0.77750362078437185     
    12367010           1  0.82978735292453021     
    12367010           2   1.1356279435429977     
    12367010           3   1.1090806837440297     
    12367010           4  0.98932248191462757     
    12367010           5  0.93618153787381486     
    12372709           1   1.1739454892410779     
    12372709           2  0.94768179984687795     
    12372709           3  0.87720807340569640     
    12372709           4   1.0405700989349269     
    12372709           5  0.96059453857142041     
    12385485           1   1.4398968479058554     
    12385485           2   1.0995712457729121     
    12385485           3  0.67997383200319184     
    12385485           4   1.3293192078546701     
    12385485           5  0.45123886646337052     
    12389189           1  0.80968792857513749     
    12389189           2  0.92511109660901336     
    12389189           3   1.0668992294132023     
    12389189           4   1.2659289752117220     
    12389189           5  0.93237277019092535     
    12403798           1   1.1293741641451371     
    12403798           2  0.82302130699840659     
    12403798           3   1.4106036531224877     
    12403798           4  0.67938600552406880     
    12403798           5  0.95761487020989922     
    12409239           1   1.1996573994610038     
    12409239           2   1.0011654770818275     
    12409239           3   1.0205936474959694     
    12409239           4   1.0624878331828467     
    12409239           5  0.71609564277835180     
    12428672           1   1.2187070468354895     
    12428672           2   1.2168762050522675     
    12428672           3   1.0621656368405041     
    12428672           4  0.73808744037058982     
    12428672           5  0.76416367090114901     
    12433996           1  0.62136803699572996     
    12433996           2   1.0496667205174721     
    12433996           3  0.84127024664184247     
    12433996           4   1.0822386670226005     
    12433996           5   1.4054563288223554     
    12469638           1   1.5577858083639473     
    12469638           2  0.69129547681127046     
    12469638           3   1.2244089158551326     
    12469638           4  0.86775472235887441     
    12469638           5  0.65875507661077592     
    12476424           1  0.52361126330661645     
    12476424           2   1.4436846721407894     
    12476424           3   1.1511613343811995     
    12476424           4  0.93088680019119074     
    12476424           5  0.95065592998020454     
    12499213           1  0.97273629109809256     
    12499213           2   1.0530530807599625     
    12499213           3   1.0673636361008736     
    12499213           4  0.90427553128096849     
    12499213           5   1.0025714607601022     
    12501102           1  0.58574709559582838     
    12501102           2  0.78322997567413022     
    12501102           3   1.3563547572935217     
    12501102           4   1.0913112224851194     
    12501102           5   1.1833569489514006     
    12503241           1   1.1427026556439832     
    12503241           2  0.82579066276666557     
    12503241           3  0.96005632129100782     
    12503241           4  0.80785353158146667     
    12503241           5   1.2635968287168766     
    12516190           1   1.0787769742996927     
    12516190           2   1.0493347967327600     
    12516190           3  0.81515255703499268     
    12516190           4   1.2270088231077825     
    12516190           5  0.82972684882477188     
    12516635           1  0.92370517422608933     
    12516635           2  0.85567780180252617     
    12516635           3  0.92531013659559735     
    12516635           4   1.1713633979946556     
    12516635           5   1.1239434893811313     
    12528025           1   1.1638921992338516     
    12528025           2  0.92720853610872023     
    12528025           3   1.0853190162567472     
    12528025           4  0.82261970512666016     
    12528025           5   1.0009605432740210     
    12530074           1   1.0311611948763331     
    12530074           2   1.0178998048623973     
    12530074           3  0.82800776785412689     
    12530074           4   1.0828159751125639     
    12530074           5   1.0401152572945791     
    12539053           1   1.0447064441964844     
    12539053           2   1.0944429044309123     
    12539053           3  0.96168913475482376     
    12539053           4   1.0989816052405470     
    12539053           5  0.80017991137723199     
    12548311           1   1.0060949238402974     
    12548311           2   1.0283489686031180     
    12548311           3   1.0743363015671388     
    12548311           4   1.1195279221345871     
    12548311           5  0.77169188385485965     
    12550881           1   1.0979109018334876     
    12550881           2   1.1032939653968521     
    12550881           3   1.0329368153231608     
    12550881           4  0.80654386526323407     
    12550881           5  0.95931445218326483     
    12552718           1  0.79183351560248838     
    12552718           2   1.3292597531784218     
    12552718           3   1.2447384659492140     
    12552718           4  0.80538586746685281     
    12552718           5  0.82878239780302188     
    12573435           1   1.3758933469424608     
    12573435           2  0.87421341815796638     
    12573435           3   1.4384505391505924     
    12573435           4  0.30883905198362605     
    12573435           5   1.0026036437653547     
    12575299           1   1.1928527551251358     
    12575299           2  0.96736440414007752     
    12575299           3   1.0308529179919639     
    12575299           4  0.64387680508189116     
    12575299           5   1.1650531176609318     
    12577472           1   1.0053145640962338     
    12577472           2  0.94568335078637289     
    12577472           3   1.1529639660872388     
    12577472           4  0.87555908041946906     
    12577472           5   1.0204790386106859     
    12581424           1  0.93976829595988887     
    12581424           2   1.2508352488487922     
    12581424           3  0.89872678993715283     
    12581424           4   1.0905623920907861     
    12581424           5  0.82010727316338006     
    12581964           1  0.90829690648136074     
    12581964           2   1.1344508629108079     
    12581964           3   1.0316246132901459     
    12581964           4   1.0794949082222500     
    12581964           5  0.84613270909543603     
    12584589           1   1.0090972295908101     
    12584589           2   1.0243772925786321     
    12584589           3   1.3678349876318410     
    12584589           4  0.81515274596815768     
    12584589           5  0.78353774423055911     
    12587617           1   1.2080271175328923     
    12587617           2   1.0371033051141882     
    12587617           3  0.81894106969845903     
    12587617           4   1.2413590521328015     
    12587617           5  0.69456945552165905     
    12598065           1   1.0322409834700337     
    12598065           2  0.95523039374252516     
    12598065           3   1.0915465656077532     
    12598065           4  0.89644809571591333     
    12598065           5   1.0245339614637750     
    12605252           1   1.1772521973413290     
    12605252           2  0.99011807543662822     
    12605252           3   1.0746884670986749     
    12605252           4  0.96688708549959312     
    12605252           5  0.79105417462377448     
    12614910           1   1.1252331916842877     
    12614910           2   1.2227705808365463     
    12614910           3  0.86971573460933971     
    12614910           4  0.86306779526720467     
    12614910           5  0.91921269760262181     
    12617152           1   1.2099844403373234     
    12617152           2   1.1182376133722196     
    12617152           3   1.0794726315352625     
    12617152           4  0.72282215420230367     
    12617152           5  0.86948316055289054     
    12620309           1   1.0487381462905421     
    12620309           2   1.1316508189015213     
    12620309           3   1.0701896459301297     
    12620309           4  0.83677915619097787     
    12620309           5  0.91264223268682898     
    12623623           1   1.2301350936566664     
    12623623           2  0.91115164250140379     
    12623623           3  0.93557334831029049     
    12623623           4   1.0826724520700952     
    12623623           5  0.84046746346154411     
    12626297           1   1.0324470058312336     
    12626297           2   1.1179102622539050     
    12626297           3  0.78045655848389450     
    12626297           4  0.84068729776972950     
    12626297           5   1.2284988756612374     
    12635809           1   1.2143754352938274     
    12635809           2  0.93528969619643854     
    12635809           3  0.82222421782616562     
    12635809           4  0.97336430141374586     
    12635809           5   1.0547463492698217     
    12637202           1   1.0138791109854637     
    12637202           2  0.68232429067514166     
    12637202           3  0.97901070948281188     
    12637202           4   1.2088731434366207     
    12637202           5   1.1159127454199615     
    12641998           1  0.74602001446660693     
    12641998           2   1.2977385298885380     
    12641998           3   1.1759422182287125     
    12641998           4  0.87841643582117501     
    12641998           5  0.90188280159496770     
    12643541           1   1.1078116783097129     
    12643541           2   1.0284505399748693     
    12643541           3   1.0089295785569057     
    12643541           4  0.76538257734617776     
    12643541           5   1.0894256258123340     
    12645292           1  0.94713443179665735     
    12645292           2   1.1575890205154080     
    12645292           3  0.99010952037911315     
    12645292           4   1.2559385389846442     
    12645292           5  0.64922848832417746     
    12645572           1   1.3051916793888845     
    12645572           2   1.1468108969621051     
    12645572           3  0.98550400819606265     
    12645572           4  0.88575028459180016     
    12645572           5  0.67674313086114768     
    12650435           1  0.91705370428776212     
    12650435           2   1.2792079684875255     
    12650435           3  0.93437775027238867     
    12650435           4  0.87738932518667834     
    12650435           5  0.99197125176564505     
    12651324           1  0.92758063706635219     
    12651324           2  0.85688124018004497     
    12651324           3  0.92919233315587890     
    12651324           4   1.1709903336011027     
    12651324           5   1.1153554559966221     
    12651350           1  0.73942222512951861     
    12651350           2   1.1851574883274869     
    12651350           3  0.87499431144998008     
    12651350           4   1.1543224515583663     
    12651350           5   1.0461035235346483     
    12652523           1  0.93888874681705603     
    12652523           2   1.2119536350418709     
    12652523           3  0.76391497249606732     
    12652523           4   1.1972519317822656     
    12652523           5  0.88799071386274042     
    12653909           1   1.0861661373219329     
    12653909           2  0.64067381958168135     
    12653909           3   1.1488272841291618     
    12653909           4  0.98560658092843756     
    12653909           5   1.1387261780387861     
    12654113           1   1.2812293397139021     
    12654113           2   1.1609497925605174     
    12654113           3  0.74881894661267834     
    12654113           4   1.0644255686804800     
    12654113           5  0.74457635243242304     
    12654165           1   1.0240513513192981     
    12654165           2  0.75626006922519995     
    12654165           3   1.4154894840475383     
    12654165           4   1.1049223470168206     
    12654165           5  0.69927674839114284     
    12654655           1  0.85924881779493600     
    12654655           2   1.2231179470730802     
    12654655           3   1.0485257119593707     
    12654655           4  0.95852995224408188     
    12654655           5  0.91057757092853153     
    12659826           1   1.2693773259240335     
    12659826           2  0.71439208677826771     
    12659826           3   1.2114142909872918     
    12659826           4  0.85946351685928235     
    12659826           5  0.94535277945112539     
    12665504           1   1.0773885088197606     
    12665504           2  0.89138458125186248     
    12665504           3   1.1683657670502858     
    12665504           4   1.0129767774343452     
    12665504           5  0.84988436544374701     
    12668758           1   1.2139358497251309     
    12668758           2   1.1217094478708869     
    12668758           3  0.92380487712651327     
    12668758           4  0.74451678075395411     
    12668758           5  0.99603304452351493     
    12668849           1   1.1751455054239406     
    12668849           2   1.0805170694656954     
    12668849           3   1.1378243674276536     
    12668849           4  0.88382986307301237     
    12668849           5  0.72268319460969854     
    12669265           1  0.98756275998286236     
    12669265           2   1.0435249115412670     
    12669265           3   1.2206577134382675     
    12669265           4  0.86509262870088988     
    12669265           5  0.88316198633671372     
    12670940           1  0.90712968715207121     
    12670940           2   1.0591115329025331     
    12670940           3   1.2509125064753159     
    12670940           4  0.71147299845436218     
    12670940           5   1.0713732750157174     
    12673849           1   1.7865184830317407     
    12673849           2  0.73182696573566097     
    12673849           3   1.3292959841393024     
    12673849           4  0.57719691167213272     
    12673849           5  0.57516165542116404     
    12674905           1   1.0619462869489316     
    12674905           2   1.0033888384272380     
    12674905           3  0.93552314330878916     
    12674905           4   1.3283145274403350     
    12674905           5  0.67082720387470618     
    12675027           1   1.0863018914898894     
    12675027           2  0.64612746806348331     
    12675027           3   1.2085276723384748     
    12675027           4  0.92995327978523512     
    12675027           5   1.1290896883229167     
    12679437           1   1.2323292986152992     
    12679437           2  0.96367145557167500     
    12679437           3   1.3452224961544872     
    12679437           4  0.57926308502998047     
    12679437           5  0.87951366462855785     
    12683156           1   1.2993520609376050     
    12683156           2  0.92334489899445216     
    12683156           3  0.86560066191457063     
    12683156           4   1.0216939380758545     
    12683156           5  0.89000844007751789     
    12683280           1   1.0851063758260056     
    12683280           2   1.0277712183657488     
    12683280           3   1.3297647274025721     
    12683280           4  0.29291364970316319     
    12683280           5   1.2644440287025100     
    12683675           1  0.89580436171126077     
    12683675           2   1.1174033009044610     
    12683675           3  0.97472062220373656     
    12683675           4   1.0365242017389258     
    12683675           5  0.97554751344161572     
    12686331           1  0.89036666203155268     
    12686331           2  0.80447523365652207     
    12686331           3   1.2370666800483332     
    12686331           4   1.0563918904013396     
    12686331           5   1.0116995338622514     
    12686399           1  0.98770192820871483     
    12686399           2   1.3241152581906057     
    12686399           3  0.75708558420537730     
    12686399           4   1.0815494023018586     
    12686399           5  0.84954782709344345     
    12686522           1  0.83725017999473528     
    12686522           2  0.81207985900201829     
    12686522           3   1.3301177672406959     
    12686522           4   1.1708421564425275     
    12686522           5  0.84971003732002348     
    12687638           1  0.85012952086057247     
    12687638           2   1.0478845276695510     
    12687638           3  0.83564769919922266     
    12687638           4   1.0945009330549174     
    12687638           5   1.1718373192157368     
    12688854           1   1.3893193039043112     
    12688854           2   1.2471702700706990     
    12688854           3  0.83828780246239321     
    12688854           4  0.70313714265431293     
    12688854           5  0.82208548090828359     
    12689362           1   1.1125057257768598     
    12689362           2   1.3493321368309925     
    12689362           3  0.38442317393350067     
    12689362           4   1.0256790823752879     
    12689362           5   1.1280598810833586     
    12691589           1  0.79344900522263295     
    12691589           2   1.0065009978733410     
    12691589           3  0.86806639571432198     
    12691589           4   1.3271070843593662     
    12691589           5   1.0048765168303375     
    12691685           1  0.91508350211133938     
    12691685           2   1.4337808360170772     
    12691685           3  0.93687487939038905     
    12691685           4  0.66121733332370025     
    12691685           5   1.0530434491574943     
    12693523           1   1.0026892850759423     
    12693523           2  0.57035307272312741     
    12693523           3   1.4215742278181080     
    12693523           4  0.85686700180857311     
    12693523           5   1.1485164125742491     
    12698378           1   1.1553927570535150     
    12698378           2   1.3758188171046828     
    12698378           3  0.69702046325793698     
    12698378           4   1.1336547524679594     
    12698378           5  0.63811321011590538     
    12699375           1  0.79112089535289420     
    12699375           2   1.0242006853101842     
    12699375           3   1.1199154656781554     
    12699375           4   1.3017882701107013     
    12699375           5  0.76297468354806486     
    12700511           1  0.87169523107711466     
    12700511           2  0.72194553942361350     
    12700511           3   1.2158717164224939     
    12700511           4  0.96869614709502194     
    12700511           5   1.2217913659817556     
    12702837           1   1.1423057973057682     
    12702837           2  0.81806873841807204     
    12702837           3  0.87431179963628081     
    12702837           4   1.1482921283504892     
    12702837           5   1.0170215362893906     
    12702839           1  0.83813217187125566     
    12702839           2   1.0363703422741550     
    12702839           3   1.0929758372869469     
    12702839           4   1.3010884711300110     
    12702839           5  0.73143317743763137     
    12703622           1   1.2535134407722019     
    12703622           2  0.66126736674842523     
    12703622           3   1.3715774831970646     
    12703622           4  0.63846419614723893     
    12703622           5   1.0751775131350696     
    12703698           1   1.0798971906429540     
    12703698           2   1.0173219407582526     
    12703698           3  0.96952599147899998     
    12703698           4  0.86485689832609536     
    12703698           5   1.0683979787936990     
    12711193           1  0.93322426946276127     
    12711193           2   1.0925780362511512     
    12711193           3  0.98196298588782782     
    12711193           4   1.0992567842821919     
    12711193           5  0.89297792411606713     
    12719711           1   1.2504374033370138     
    12719711           2  0.65514038338913105     
    12719711           3   1.3593691788149078     
    12719711           4  0.66251393442125828     
    12719711           5   1.0725391000376892     
    12723822           1   1.0388312733183733     
    12723822           2   1.2377237028403694     
    12723822           3   1.0362086459349422     
    12723822           4   1.2306384218209880     
    12723822           5  0.45659795608532699     
    12726410           1   1.0525780808006555     
    12726410           2   1.0810207526437750     
    12726410           3   1.0022853094308917     
    12726410           4  0.78186460423639548     
    12726410           5   1.0822512528882826     
    12743011           1   1.2011526467416962     
    12743011           2  0.81272185903057403     
    12743011           3  0.96897046775002638     
    12743011           4   1.1139091977826878     
    12743011           5  0.90324582869501568     
    12745824           1   1.3926554688884034     
    12745824           2  0.89238343146479371     
    12745824           3  0.80527789196192601     
    12745824           4   1.1002314267120821     
    12745824           5  0.80945178097279546     
    12746295           1  0.94191466956496528     
    12746295           2   1.2714189008428478     
    12746295           3  0.92868834582695003     
    12746295           4  0.87204692193955236     
    12746295           5  0.98593116182568497     
    12756664           1  0.77899759127585955     
    12756664           2   1.0743470391177516     
    12756664           3  0.79567245777189788     
    12756664           4  0.92867680718921364     
    12756664           5   1.4223061046452778     
    12758174           1   1.0218677809484278     
    12758174           2   1.1020334911428782     
    12758174           3  0.91177684204687015     
    12758174           4   1.0653239033551696     
    12758174           5  0.89899798250665341     
    12759893           1   1.4575000733339287     
    12759893           2  0.44661896072623675     
    12759893           3   1.4310641315326931     
    12759893           4  0.56995207287033423     
    12759893           5   1.0948647615368075     
    12759909           1  0.78464602298961350     
    12759909           2  0.93668201334286916     
    12759909           3   1.0696453752744801     
    12759909           4   1.2037525686622543     
    12759909           5   1.0052740197307830     
    12760250           1  0.66270660226846201     
    12760250           2   1.1480049129142109     
    12760250           3   1.0442830588814342     
    12760250           4   1.1411444639292023     
    12760250           5   1.0038609620066903     
    12761573           1  0.87864782915583495     
    12761573           2   1.3236721559502471     
    12761573           3   1.1658345005303092     
    12761573           4  0.69741132374779069     
    12761573           5  0.93443419061581812     
    12763906           1   1.0790143254186959     
    12763906           2   1.1562303240222680     
    12763906           3   1.1819104610573175     
    12763906           4  0.86662387940381702     
    12763906           5  0.71622101009790207     
    12765139           1  0.89162969907071765     
    12765139           2   1.1889346706406358     
    12765139           3  0.87800252406250823     
    12765139           4   1.2010827240288822     
    12765139           5  0.84035038219725500     
    12766935           1   1.0164224286923960     
    12766935           2   1.1225712792451636     
    12766935           3   1.1947272482837688     
    12766935           4   1.0148443888645302     
    12766935           5  0.65143465491414043     
    12768084           1   1.0239609949967476     
    12768084           2  0.96298613010544254     
    12768084           3   1.0605449320008342     
    12768084           4  0.84409268562514728     
    12768084           5   1.1084152572718282     
    12771498           1   1.0250094591112706     
    12771498           2   1.2069068404356471     
    12771498           3  0.72972880327796152     
    12771498           4   1.0312733076827809     
    12771498           5   1.0070815894923399     
    12773363           1   1.0018556131090952     
    12773363           2   1.1213247568217275     
    12773363           3  0.88495207792901553     
    12773363           4   1.1471688574750685     
    12773363           5  0.84469869466509317     
    12776189           1  0.75879811098807859     
    12776189           2  0.90265638055344544     
    12776189           3  0.89987812110421650     
    12776189           4   1.0573908040047295     
    12776189           5   1.3812765833495297     
    12777640           1   1.2369383764354627     
    12777640           2   1.4216192846420166     
    12777640           3  0.90017200345605008     
    12777640           4  0.76810049839788697     
    12777640           5  0.67316983706858369     
    12778781           1  0.99988945934479878     
    12778781           2   1.0552265435937060     
    12778781           3   1.1287957138599245     
    12778781           4  0.77342834438989783     
    12778781           5   1.0426599388116726     
    12779769           1  0.82282707780370812     
    12779769           2   1.0764314728491884     
    12779769           3   1.0444068732219587     
    12779769           4   1.0963849284593461     
    12779769           5  0.95994964766579893     
    12781902           1  0.94450394720038755     
    12781902           2  0.87343044770306544     
    12781902           3  0.94667839682917132     
    12781902           4  0.96144007341363580     
    12781902           5   1.2739471348537401     
    12784584           1   1.0533974334988532     
    12784584           2   1.1366784668453216     
    12784584           3   1.0527304592126729     
    12784584           4  0.84049676142199981     
    12784584           5  0.91669687902115249     
    12785983           1   1.0079724986974579     
    12785983           2  0.71122887989449646     
    12785983           3   1.4329737751452951     
    12785983           4   1.0395487891404700     
    12785983           5  0.80827605712228157     
    12788055           1  0.62239917107385945     
    12788055           2   1.3842090151963795     
    12788055           3   1.1373889634296428     
    12788055           4   1.1776796711367672     
    12788055           5  0.67832317916335039     
    12788899           1   1.3434234345861344     
    12788899           2   1.0457307756831946     
    12788899           3  0.52026058808684383     
    12788899           4   1.4320755663614406     
    12788899           5  0.65850963528238637     
    12789434           1  0.78207399259856758     
    12789434           2   1.1074097466048280     
    12789434           3   1.0346089569573871     
    12789434           4  0.77857926051343729     
    12789434           5   1.2973280433257792     
    12791480           1   1.1016994600753989     
    12791480           2  0.78708796157794614     
    12791480           3   1.0202956775604237     
    12791480           4  0.99477370153543732     
    12791480           5   1.0961431992507942     
    12792099           1   1.0161762651600523     
    12792099           2   1.0262101488487025     
    12792099           3   1.0721018346937010     
    12792099           4   1.0624162572000844     
    12792099           5  0.82309549409745919     
    12792303           1  0.96060437625416806     
    12792303           2   1.1029430687486601     
    12792303           3   1.0041906474067308     
    12792303           4   1.2738002297797713     
    12792303           5  0.65846167781067033     
    12792631           1  0.91331003960582435     
    12792631           2  0.82200113483051751     
    12792631           3  0.97392765510994983     
    12792631           4   1.4669155609410529     
    12792631           5  0.82384560951265629     
    12794153           1   1.1353265689780578     
    12794153           2  0.85952513963022503     
    12794153           3   1.1004002396667796     
    12794153           4  0.96360918297864484     
    12794153           5  0.94113886874629316     
    12794536           1   1.1896063697453909     
    12794536           2   1.0396156374368133     
    12794536           3   1.2784756231054977     
    12794536           4  0.95688577787173767     
    12794536           5  0.53541659184056101     
    12795118           1  0.54301410651804760     
    12795118           2  0.97820806050460629     
    12795118           3   1.2862484454317782     
    12795118           4   1.2146805958653426     
    12795118           5  0.97784879168022476     
    12799727           1  0.91606695083237799     
    12799727           2  0.93890362624308854     
    12799727           3   1.0539978618895838     
    12799727           4   1.1489190210034563     
    12799727           5  0.94211254003149347     
    12800244           1   1.0086877424778062     
    12800244           2   1.2796550360469912     
    12800244           3  0.90134309454948480     
    12800244           4  0.83495433953085352     
    12800244           5  0.97535978739486551     
    12800498           1   1.1741699910103185     
    12800498           2  0.99333438221563519     
    12800498           3   1.3354969892554762     
    12800498           4  0.79510679365876524     
    12800498           5  0.70189184385980496     
    12801733           1  0.80864638271290257     
    12801733           2  0.91385884825962505     
    12801733           3   1.0795795282732401     
    12801733           4   1.1582761993494894     
    12801733           5   1.0396390414047432     
    12802513           1   1.1767378566676472     
    12802513           2   1.0819811968367048     
    12802513           3   1.1393661476057086     
    12802513           4  0.87825235066574825     
    12802513           5  0.72366244822419235     
    12805370           1  0.84352867111917562     
    12805370           2   1.1175624581911525     
    12805370           3   1.0440942322828215     
    12805370           4  0.78571726043019929     
    12805370           5   1.2090973779766510     
    12805841           1   1.1226981387396311     
    12805841           2  0.88545450022880323     
    12805841           3   1.0264013147143041     
    12805841           4   1.0033454760332468     
    12805841           5  0.96210057028401552     
    12808083           1  0.79932016781323922     
    12808083           2   1.1229737621607478     
    12808083           3   1.0574239943057964     
    12808083           4  0.79574837043449365     
    12808083           5   1.2245337052857228     
    12808694           1  0.91389462023625356     
    12808694           2  0.84658975779592960     
    12808694           3  0.91548253650661970     
    12808694           4   1.2120268554911513     
    12808694           5   1.1120062299700466     
    12810644           1   1.0098268712710581     
    12810644           2  0.95463144234172548     
    12810644           3  0.98915459671572681     
    12810644           4  0.97084515263638305     
    12810644           5   1.0755419370351067     
    12811916           1   1.2378970429804068     
    12811916           2   1.0910963231356925     
    12811916           3  0.91029065438209755     
    12811916           4  0.97181011254420335     
    12811916           5  0.78890586695760023     
    12812694           1   1.1271122918419652     
    12812694           2   1.0132151578373993     
    12812694           3  0.82143428343491642     
    12812694           4  0.87185750575983456     
    12812694           5   1.1663807611258841     
    12812876           1  0.80658661806084442     
    12812876           2  0.92681390021650090     
    12812876           3   1.0283776723387239     
    12812876           4   1.1746961622043244     
    12812876           5   1.0635256471796062     
    12815221           1  0.75361955270362446     
    12815221           2   1.0754541743966701     
    12815221           3  0.89686598496840464     
    12815221           4   1.1312796967944181     
    12815221           5   1.1427805911368822     
    12821304           1   1.2207000318636618     
    12821304           2   1.2188661960547038     
    12821304           3   1.0557259884035990     
    12821304           4  0.73929445498657997     
    12821304           5  0.76541332869145540     
    12823003           1  0.90965234429774500     
    12823003           2  0.97315953217838014     
    12823003           3   1.0466174170801483     
    12823003           4   1.1350551528553683     
    12823003           5  0.93551555358835803     
    12826761           1   1.3299731711788039     
    12826761           2  0.85807051982255955     
    12826761           3  0.89541624363895833     
    12826761           4   1.1587956121346366     
    12826761           5  0.75774445322504114     
    12828634           1   1.5585318631744169     
    12828634           2  0.69162655205483847     
    12828634           3   1.2226007096976688     
    12828634           4  0.86817030746784618     
    12828634           5  0.65907056760522975     
    12828705           1  0.70749891534084408     
    12828705           2   1.2769157345521636     
    12828705           3   1.1322874519805386     
    12828705           4  0.90764170356160068     
    12828705           5  0.97565619456485331     
    12831752           1  0.87971594114219109     
    12831752           2   1.0944088420887115     
    12831752           3   1.0233496524236381     
    12831752           4   1.0459495033022785     
    12831752           5  0.95657606104318105     
    12837084           1  0.96485232381130892     
    12837084           2   1.0861496438414628     
    12837084           3   1.0950506798241528     
    12837084           4  0.91453219663733776     
    12837084           5  0.93941515588573710     
    12837680           1  0.95869673401082633     
    12837680           2   1.0887017289767573     
    12837680           3   1.0880644471858663     
    12837680           4  0.90869764048516266     
    12837680           5  0.95583944934138754     
    12839673           1   1.0916958718738154     
    12839673           2  0.97117903862688748     
    12839673           3  0.85069745946203257     
    12839673           4   1.2015208079861888     
    12839673           5  0.88490682205107540     
    12839940           1  0.99078801803164152     
    12839940           2   1.0688786201544231     
    12839940           3   1.1547990368848775     
    12839940           4  0.76638825348723982     
    12839940           5   1.0191460714418179     
    12842652           1   1.3976017784105714     
    12842652           2   1.2031737041410138     
    12842652           3  0.75337597559243141     
    12842652           4  0.77662159571478750     
    12842652           5  0.86922694614119567     
    12842937           1  0.89376764707037182     
    12842937           2   1.0252810186375505     
    12842937           3  0.96407244675561510     
    12842937           4  0.84495169706982409     
    12842937           5   1.2719271904666385     
    12843246           1   1.1701502195714186     
    12843246           2   1.1124437586920617     
    12843246           3  0.90038623341349244     
    12843246           4  0.96471129751402640     
    12843246           5  0.85230849080900051     
    12846557           1   1.1417691216807795     
    12846557           2  0.77717868444627280     
    12846557           3   1.4260851232456417     
    12846557           4  0.68684231270385510     
    12846557           5  0.96812475792345054     
    12847828           1   1.0349683800350198     
    12847828           2   1.0059920086950849     
    12847828           3   1.3155251741318301     
    12847828           4  0.83938940000299156     
    12847828           5  0.80412503713507399     
    12848667           1   1.2511169474091761     
    12848667           2  0.39694582722149846     
    12848667           3   1.2122124039098003     
    12848667           4   1.0039285989430298     
    12848667           5   1.1357962225164959     
    12851109           1   1.0690714008657602     
    12851109           2   1.2939667809347688     
    12851109           3   1.0670569271621282     
    12851109           4  0.82050064012158963     
    12851109           5  0.74940425091575225     
    12852447           1  0.99268839961135813     
    12852447           2   1.3484734668869784     
    12852447           3  0.65146736952277917     
    12852447           4  0.88222658044563929     
    12852447           5   1.1251441835332443     
    12852508           1   1.1714820075782060     
    12852508           2  0.95491615886648973     
    12852508           3   1.0122309407225649     
    12852508           4   1.0608017498487095     
    12852508           5  0.80056914298402981     
    12854147           1   1.0717934387405808     
    12854147           2   1.0403289720495101     
    12854147           3  0.99564400330909986     
    12854147           4  0.79022527594996483     
    12854147           5   1.1020083099508451     
    12855616           1   1.1130757460662715     
    12855616           2   1.1540474297325503     
    12855616           3  0.68231796755295826     
    12855616           4   1.0209066202529022     
    12855616           5   1.0296522363953173     
    12855634           1   1.0330407015686205     
    12855634           2   1.0352966128198162     
    12855634           3  0.69624667870650492     
    12855634           4  0.91467040126261723     
    12855634           5   1.3207456056424407     
    12856539           1   1.0959027531990841     
    12856539           2   1.0298245815608258     
    12856539           3  0.91475996070886401     
    12856539           4   1.1085619814703218     
    12856539           5  0.85095072306090380     
    12856677           1  0.90033941191148081     
    12856677           2   1.0254939730472676     
    12856677           3   1.0288782141887858     
    12856677           4  0.84328296666985347     
    12856677           5   1.2020054341826132     
    12858377           1   1.1115267364115431     
    12858377           2   1.3565798718751385     
    12858377           3  0.74160135322956677     
    12858377           4  0.97361008546608752     
    12858377           5  0.81668195301766344     
    12859068           1   1.1256044265154912     
    12859068           2  0.80610795754443965     
    12859068           3  0.88909440978317289     
    12859068           4   1.1770412904361214     
    12859068           5   1.0021519157207754     
    12863209           1   1.1438813302765922     
    12863209           2  0.76936670274881414     
    12863209           3   1.4287233004379327     
    12863209           4  0.68811293231452153     
    12863209           5  0.96991573422213939     
    12863721           1   1.0364196701066546     
    12863721           2   1.1222117732630894     
    12863721           3  0.78345961033149103     
    12863721           4  0.82468303518856922     
    12863721           5   1.2332259111101949     
    12866241           1   1.1613193015834988     
    12866241           2   1.1320255073154981     
    12866241           3  0.91363354795784157     
    12866241           4  0.97890502186074968     
    12866241           5  0.81411662128241180     
    12867185           1   1.0222607688699061     
    12867185           2   1.3356827838326597     
    12867185           3   1.0520882831867542     
    12867185           4  0.92067683311922799     
    12867185           5  0.66929133099145155     
    12867330           1   1.2335831037872029     
    12867330           2  0.79949098336589286     
    12867330           3  0.99850654827897378     
    12867330           4   1.1057649640098581     
    12867330           5  0.86265440055807330     
    12868671           1  0.83427301438652357     
    12868671           2   1.1147379351000384     
    12868671           3   1.1150761480804985     
    12868671           4  0.99467055779812652     
    12868671           5  0.94124234463481182     
    12870846           1   1.0487686457068019     
    12870846           2  0.76382347728266975     
    12870846           3   1.0980214603013150     
    12870846           4  0.73482015706938186     
    12870846           5   1.3545662596398309     
    12871425           1  0.96888799141622661     
    12871425           2  0.95637002278780692     
    12871425           3  0.66401248070643482     
    12871425           4   1.3349141922236900     
    12871425           5   1.0758153128658419     
    12873531           1   1.1107419060675268     
    12873531           2  0.75750131042579838     
    12873531           3   1.0889331367672617     
    12873531           4  0.72873805069146291     
    12873531           5   1.3140855960479498     
    12874228           1   1.1751144275512260     
    12874228           2   1.0373604393568507     
    12874228           3   1.2776830338903511     
    12874228           4  0.94522886871925604     
    12874228           5  0.56461323048231560     
    12874408           1   1.3548786235488524     
    12874408           2   1.2170402369133542     
    12874408           3  0.98717822387058618     
    12874408           4  0.81800918641397047     
    12874408           5  0.62289372925323683     
    12874906           1   1.2468052749354026     
    12874906           2   1.0382266821229764     
    12874906           3  0.81982813616976913     
    12874906           4   1.2427036763490589     
    12874906           5  0.65243623042279353     
    12878158           1  0.96518331874653629     
    12878158           2  0.95435795982325022     
    12878158           3   1.1566975330414928     
    12878158           4   1.0283777854546006     
    12878158           5  0.89538340293412122     
    12878748           1   1.2408668376114780     
    12878748           2  0.80421160534901426     
    12878748           3  0.97672241345381572     
    12878748           4   1.1104511704772859     
    12878748           5  0.86774797310840590     
    12884256           1  0.73886686620023179     
    12884256           2  0.87971780863234528     
    12884256           3   1.0932129429901187     
    12884256           4  0.89982894213251385     
    12884256           5   1.3883734400447905     
    12886607           1   1.2219461529791102     
    12886607           2  0.92797334633799289     
    12886607           3   1.0696698776159461     
    12886607           4  0.81382416851442962     
    12886607           5  0.96658645455252090     
    12889231           1  0.93788872043619376     
    12889231           2   1.0530438453355799     
    12889231           3   1.0506516971850011     
    12889231           4  0.94361968416054731     
    12889231           5   1.0147960528826783     
    12890124           1   1.4677347250396049     
    12890124           2  0.44975514547971551     
    12890124           3   1.4411131484917250     
    12890124           4  0.57395431003071584     
    12890124           5   1.0674426709582396     
    12891382           1  0.74335994805966499     
    12891382           2  0.86552279567106249     
    12891382           3   1.3034938775005411     
    12891382           4  0.96072454561640697     
    12891382           5   1.1268988331523244     
    12893008           1  0.96792322281097998     
    12893008           2  0.79801180495055823     
    12893008           3   1.0643239063595760     
    12893008           4  0.89915470834250544     
    12893008           5   1.2705863575363803     
    12894567           1   1.1120159692140428     
    12894567           2  0.83118797160662916     
    12894567           3   1.1287549645991186     
    12894567           4   1.0568838092858288     
    12894567           5  0.87115728529438030     
    12896261           1   1.3980711653921913     
    12896261           2   1.1333353096225420     
    12896261           3  0.40626311476526034     
    12896261           4   1.1913069169057919     
    12896261           5  0.87102349331421436     
    12897276           1  0.87008822246944262     
    12897276           2  0.68630105198989455     
    12897276           3   1.2097312671250426     
    12897276           4   1.0148233872774917     
    12897276           5   1.2190560711381278     
    12897977           1   1.4255492938034959     
    12897977           2   1.2299743799725735     
    12897977           3  0.84225078833902567     
    12897977           4  0.70168415916367377     
    12897977           5  0.80054137872123043     
    12898001           1  0.99853516082163907     
    12898001           2  0.74460015217004805     
    12898001           3   1.0156979399770565     
    12898001           4   1.0771937158428728     
    12898001           5   1.1639730311883840     
    12898178           1  0.98819843845472921     
    12898178           2   1.0660849385650464     
    12898178           3   1.1517807888369287     
    12898178           4  0.76346700207043539     
    12898178           5   1.0304688320728601     
    12899829           1   1.0128311083388006     
    12899829           2  0.95275404388036466     
    12899829           3   1.1615844565990530     
    12899829           4  0.88210546778914822     
    12899829           5  0.99072492339263352     
    12900626           1   1.2263986993072100     
    12900626           2   1.1122068453611507     
    12900626           3  0.69601078745473266     
    12900626           4   1.1411371051354562     
    12900626           5  0.82424656274145069     
    12900919           1   1.0737242086949959     
    12900919           2   1.1505616380470507     
    12900919           3   1.1761158722843377     
    12900919           4  0.88688870965287159     
    12900919           5  0.71270957132074397     
    12902864           1   1.2347102071032714     
    12902864           2  0.80022146430045826     
    12902864           3  0.99485045366741853     
    12902864           4   1.1067752821261663     
    12902864           5  0.86344259280268576     
    12906470           1   1.0220415059939347     
    12906470           2  0.94516071510350874     
    12906470           3   1.1195227846835154     
    12906470           4  0.92169503189894242     
    12906470           5  0.99157996232009926     
    12908062           1   1.1373288584107011     
    12908062           2   1.0206510818540422     
    12908062           3   1.0012781615086821     
    12908062           4  0.75957814716077654     
    12908062           5   1.0811637510657985     
    12908777           1   1.1728821900660453     
    12908777           2   1.1953408482892294     
    12908777           3  0.68163032340097829     
    12908777           4  0.97892403045819110     
    12908777           5  0.97122260778555602     
    12908982           1   1.1388008497377777     
    12908982           2  0.85875244001965967     
    12908982           3   1.0994109971217363     
    12908982           4  0.96274291344667384     
    12908982           5  0.94029279967415291     
    12909242           1   1.0184741392934262     
    12909242           2   1.0338961903540380     
    12909242           3   1.3805454230497478     
    12909242           4  0.77626557665523666     
    12909242           5  0.79081867064755140     
    12910260           1   1.1136367618830456     
    12910260           2   1.3591550848592413     
    12910260           3  0.74300914459774114     
    12910260           4  0.97545830198877548     
    12910260           5  0.80874070667119613     
    12910452           1  0.92394250037869152     
    12910452           2   1.2888172234434789     
    12910452           3  0.90383728952274101     
    12910452           4  0.88398016727728790     
    12910452           5  0.99942281937780009     
    12911114           1  0.96203758815974183     
    12911114           2   1.0354241463008791     
    12911114           3   1.0709427953600581     
    12911114           4  0.91601189151871720     
    12911114           5   1.0155835786606036     
    12911677           1  0.97007339881779941     
    12911677           2  0.79978453422879603     
    12911677           3   1.0755360259434206     
    12911677           4  0.90301388100015723     
    12911677           5   1.2515921600098268     
    12914594           1  0.87736700847321158     
    12914594           2   1.3290312049144795     
    12914594           3   1.1641350426915189     
    12914594           4  0.69639469476617688     
    12914594           5  0.93307204915461284     
    12914973           1  0.96512428455617616     
    12914973           2  0.98074460252252216     
    12914973           3  0.65276623950892487     
    12914973           4   1.3297286333692480     
    12914973           5   1.0716362400431290     
    12916164           1   1.0294302093767462     
    12916164           2  0.88915345354747344     
    12916164           3  0.93937788758713192     
    12916164           4  0.95449279578249113     
    12916164           5   1.1875456537061579     
    12916292           1  0.71306702288628676     
    12916292           2  0.99179972225754032     
    12916292           3   1.1430688389880677     
    12916292           4   1.0962201514721353     
    12916292           5   1.0558442643959705     
    12918511           1  0.88640386224427414     
    12918511           2   1.0096212677033121     
    12918511           3   1.0320127683986375     
    12918511           4  0.83023054276164343     
    12918511           5   1.2417315588921327     
    12918900           1  0.77219296935007509     
    12918900           2   1.0190600608148768     
    12918900           3   1.1285604810605987     
    12918900           4   1.0528055760311164     
    12918900           5   1.0273809127433329     
    12918911           1   1.1644149644268427     
    12918911           2  0.92762499422197253     
    12918911           3   1.0858064901012872     
    12918911           4  0.82074342395776534     
    12918911           5   1.0014101272921334     
    12919004           1   1.0344444802600092     
    12919004           2  0.94628837087492812     
    12919004           3   1.0365769567869860     
    12919004           4  0.98289310394854401     
    12919004           5  0.99979708812953338     
    12919327           1   1.5218501727771754     
    12919327           2  0.83711307657558209     
    12919327           3   1.2075898069670632     
    12919327           4  0.79936667904871184     
    12919327           5  0.63408026463146727     
    12921257           1  0.89887170456014887     
    12921257           2   1.1226789099554149     
    12921257           3   1.0209196662427993     
    12921257           4   1.1191184120829449     
    12921257           5  0.83841130715869150     
    12921494           1   1.1651186362456734     
    12921494           2  0.92691209947934983     
    12921494           3   1.0849720303323931     
    12921494           4  0.82235670645576264     
    12921494           5   1.0006405274868215     
    12921884           1   1.2334023922962984     
    12921884           2  0.91357170558016210     
    12921884           3  0.92477803343924181     
    12921884           4   1.0855480827614370     
    12921884           5  0.84269978592286021     
    12922511           1   1.1403379338795818     
    12922511           2  0.81353360920579143     
    12922511           3   1.0245810426693203     
    12922511           4  0.95835006950925450     
    12922511           5   1.0631973447360519     
    12923100           1   1.0365663637388669     
    12923100           2   1.0414020079110746     
    12923100           3  0.70035261414746208     
    12923100           4  0.92006443434341523     
    12923100           5   1.3016145798591812     
    12924823           1   1.3329097987538026     
    12924823           2   1.0791241410136683     
    12924823           3  0.51618902716253645     
    12924823           4   1.4208681386796815     
    12924823           5  0.65090889439031152     
    12925190           1   1.0124424187195751     
    12925190           2  0.99851955461076503     
    12925190           3  0.82614234553369770     
    12925190           4  0.83700863650531376     
    12925190           5   1.3258870446306488     
    12929060           1  0.89878076060101697     
    12929060           2   1.1225653221492939     
    12929060           3   1.0208163739977183     
    12929060           4   1.0681851361087169     
    12929060           5  0.88965240714325455     
    12929099           1   1.0238237257696274     
    12929099           2   1.0339331216827812     
    12929099           3   1.0425415629893913     
    12929099           4   1.0704117071593788     
    12929099           5  0.82928988239882107     
    12930761           1   1.0812850993699972     
    12930761           2   1.0509035194848775     
    12930761           3  0.89747151258686353     
    12930761           4   1.0856484733216041     
    12930761           5  0.88469139523665785     
    12932586           1   1.1817679286051148     
    12932586           2   1.0866062228985740     
    12932586           3   1.1160594359184379     
    12932586           4  0.88881060405054535     
    12932586           5  0.72675580852732713     
    12933206           1   1.0000783431215485     
    12933206           2  0.96680042064172955     
    12933206           3   1.1469587073176022     
    12933206           4  0.87099869605301949     
    12933206           5   1.0151638328661003     
    12933215           1   1.1590292047878372     
    12933215           2   1.1493907845597535     
    12933215           3  0.89182903413664061     
    12933215           4  0.95554275793500476     
    12933215           5  0.84420821858076434     
    12933828           1   1.5159939318306552     
    12933828           2  0.86906526576110399     
    12933828           3   1.1909399157329728     
    12933828           4  0.77105183368871266     
    12933828           5  0.65294905298655637     
    12934031           1  0.78598226517342085     
    12934031           2  0.99702933521962822     
    12934031           3  0.90694989537306525     
    12934031           4   1.3146183629025932     
    12934031           5  0.99542014133129142     
    12934780           1   1.0082292170448113     
    12934780           2  0.96818757158993229     
    12934780           3  0.65296437817407127     
    12934780           4   1.3127033614093295     
    12934780           5   1.0579154717818560     
    12935476           1  0.91059772647838066     
    12935476           2  0.96897452320610089     
    12935476           3   1.0477051441247198     
    12935476           4   1.1362347913428352     
    12935476           5  0.93648781484796351     
    12936058           1  0.58480511681220892     
    12936058           2  0.78197041156305369     
    12936058           3   1.3622143450566910     
    12936058           4   1.0895562124720333     
    12936058           5   1.1814539140960130     
    12936461           1   1.0629848016139434     
    12936461           2  0.99948041165212487     
    12936461           3  0.93643802433029111     
    12936461           4   1.3296135329865177     
    12936461           5  0.67148322941712257     
    12936633           1   1.1686894002842814     
    12936633           2  0.92739481588058226     
    12936633           3   1.1315183371457702     
    12936633           4  0.79953106875420332     
    12936633           5  0.97286637793516317     
    12936637           1  0.82881554098458809     
    12936637           2   1.0248501068448190     
    12936637           3   1.1364061018811560     
    12936637           4   1.2866256436151653     
    12936637           5  0.72330260667427015     
    12938373           1   1.2708456394511596     
    12938373           2   1.1515408957358995     
    12938373           3  0.78327256740696993     
    12938373           4   1.0557989507014962     
    12938373           5  0.73854194670447515     
    12938563           1   1.0949945426276004     
    12938563           2   1.0289711321384047     
    12938563           3  0.91400186911336379     
    12938563           4   1.1076432797809819     
    12938563           5  0.85438917633964984     
    12938750           1   1.0246660475279916     
    12938750           2  0.96364919814407024     
    12938750           3   1.0578324041008589     
    12938750           4  0.84467388909628782     
    12938750           5   1.1091784611307911     
    12940076           1   1.2098075664908514     
    12940076           2   1.1182897996983268     
    12940076           3   1.0795230087628744     
    12940076           4  0.72285588713366433     
    12940076           5  0.86952373791428383     
    12940314           1   1.0177161171599103     
    12940314           2   1.0277652055885196     
    12940314           3   1.0737264329162786     
    12940314           4   1.0564494811506520     
    12940314           5  0.82434276318463917     
    12941525           1  0.79776654980785444     
    12941525           2   1.0119778626810154     
    12941525           3  0.87278997006095238     
    12941525           4   1.3071210754090212     
    12941525           5   1.0103445420411570     
    12941840           1   1.3570078463564956     
    12941840           2   1.2189528435374575     
    12941840           3  0.98087198248465135     
    12941840           4  0.81929470659732984     
    12941840           5  0.62387262102406571     
    12941895           1   1.0409400355196170     
    12941895           2  0.70925867980992652     
    12941895           3   1.2289173434842997     
    12941895           4   1.0148751119668686     
    12941895           5   1.0060088292192879     
    12942275           1  0.65665056658055110     
    12942275           2   1.1375140581397036     
    12942275           3   1.0347400492732322     
    12942275           4   1.1307163022435311     
    12942275           5   1.0403790237629820     
    12942412           1   1.0202697692889524     
    12942412           2  0.96853706610598034     
    12942412           3  0.50201048331087161     
    12942412           4   1.3124841274017727     
    12942412           5   1.1966985538924226     
    12942787           1   1.1247133321172531     
    12942787           2   1.1661133886916695     
    12942787           3  0.61495974142656151     
    12942787           4   1.0537959365267928     
    12942787           5   1.0404176012377229     
    12943880           1  0.98692145597666170     
    12943880           2  0.68693876759249739     
    12943880           3  0.98563164088228239     
    12943880           4   1.2170486067648865     
    12943880           5   1.1234595287836731     
    12945030           1  0.93317926163829334     
    12945030           2   1.2349891593790343     
    12945030           3  0.75926952198013842     
    12945030           4   1.1899713118121897     
    12945030           5  0.88259074519034342     
    12945086           1   1.0153804110367326     
    12945086           2  0.68333464139789890     
    12945086           3  0.97305663531105280     
    12945086           4   1.2106631806240473     
    12945086           5   1.1175651316302684     
    12946395           1   1.0083843548431861     
    12946395           2  0.95725430072052864     
    12946395           3  0.55098216499816399     
    12946395           4   1.2971946242946371     
    12946395           5   1.1861845551434840     
    12947643           1  0.76962162591469796     
    12947643           2   1.0323162858590778     
    12947643           3   1.1248024611101664     
    12947643           4   1.0492998141113536     
    12947643           5   1.0239598130047043     
    12948171           1  0.82130511273765350     
    12948171           2   1.0744404213368206     
    12948171           3   1.0424750569039614     
    12948171           4   1.1036053590096713     
    12948171           5  0.95817405001189271     
    12948877           1   1.4833715838835555     
    12948877           2  0.85036403688866258     
    12948877           3   1.1653123353717405     
    12948877           4  0.77915542411141181     
    12948877           5  0.72179661974462994     
    12949491           1   1.2303316057280005     
    12949491           2  0.91049845565692911     
    12949491           3  0.93572280462408031     
    12949491           4   1.0828454072253701     
    12949491           5  0.84060172676561973     
    12950368           1   1.3034270757975039     
    12950368           2   1.1810636443923255     
    12950368           3  0.76179249072073063     
    12950368           4  0.99624039694275535     
    12950368           5  0.75747639214668416     
    12951163           1  0.53122320803702783     
    12951163           2   1.4057807999216756     
    12951163           3   1.1541005285090358     
    12951163           4  0.94441947102905133     
    12951163           5  0.96447599250320959     
    12951573           1   1.0430685937701145     
    12951573           2   1.1294110773962256     
    12951573           3  0.78848572406972417     
    12951573           4  0.79789720260501462     
    12951573           5   1.2411374021589210     
    12952399           1  0.62251476182694521     
    12952399           2   1.0423764432688045     
    12952399           3  0.84282279750405142     
    12952399           4   1.0842359212727168     
    12952399           5   1.4080500761274817     
    12952989           1   1.0877028615555451     
    12952989           2   1.0346769813792551     
    12952989           3  0.81677949912779879     
    12952989           4   1.2294577785644392     
    12952989           5  0.83138287937296085     
    12953293           1   1.0878947832687038     
    12953293           2   1.0248561083826517     
    12953293           3  0.93967677111976133     
    12953293           4  0.87126192763102717     
    12953293           5   1.0763104095978566     
    12953911           1   1.0558410768250572     
    12953911           2   1.1113186749258139     
    12953911           3  0.77585471544270457     
    12953911           4  0.83573031336232861     
    12953911           5   1.2212552194440951     
    12954204           1   1.1857366582815005     
    12954204           2  0.81600590156223196     
    12954204           3  0.99104669500576359     
    12954204           4   1.1267366728846275     
    12954204           5  0.88047407226587615     
    12954269           1   1.1807446221711153     
    12954269           2   1.1276951703841831     
    12954269           3  0.90853822457878131     
    12954269           4  0.97344568025172551     
    12954269           5  0.80957630261419533     
    12954497           1  0.98748764406871725     
    12954497           2  0.73636210209621988     
    12954497           3   1.0597791556255716     
    12954497           4   1.0652759425997913     
    12954497           5   1.1510951556096995     
    12955461           1  0.96634739095341815     
    12955461           2   1.0461366625677080     
    12955461           3   1.0931930631143385     
    12955461           4  0.89833627916762893     
    12955461           5  0.99598660419690577     
    12955647           1   1.0445990618388532     
    12955647           2   1.2761348757979891     
    12955647           3   1.2333654337804223     
    12955647           4  0.66908055552693702     
    12955647           5  0.77682007305579814     
    12956839           1   1.0462300144468535     
    12956839           2  0.71609950113291598     
    12956839           3  0.89410702345354243     
    12956839           4   1.1350769740950271     
    12956839           5   1.2084864868716607     
    12957190           1   1.5133663113397682     
    12957190           2  0.83244642050381601     
    12957190           3   1.2008578534680943     
    12957190           4  0.82278395867438803     
    12957190           5  0.63054545601393364     
    12957302           1   1.1387473495933313     
    12957302           2   1.1123912290207119     
    12957302           3  0.68979335620326832     
    12957302           4   1.2671449428075687     
    12957302           5  0.79192312237511897     
    12958685           1   1.2040915077836527     
    12958685           2  0.81471034618574989     
    12958685           3  0.97134124848817949     
    12958685           4   1.1166346002155265     
    12958685           5  0.89322229732689196     
    12959189           1  0.83419399314475606     
    12959189           2  0.80911555054856354     
    12959189           3   1.3435138178940398     
    12959189           4   1.1665682697508060     
    12959189           5  0.84660836866183442     
    12959457           1   1.1459655258291497     
    12959457           2  0.82068967363799017     
    12959457           3  0.86109388651611496     
    12959457           4   1.1519710359295372     
    12959457           5   1.0202798780872089     
    12959484           1  0.83932886853309663     
    12959484           2   1.0378500861267999     
    12959484           3   1.0873973343608370     
    12959484           4   1.3029461831740252     
    12959484           5  0.73247752780524111     
    12959599           1   1.2289698926271917     
    12959599           2   1.2271236331544282     
    12959599           3   1.0628782016424310     
    12959599           4  0.74430294359672167     
    12959599           5  0.73672532897922771     
    12960510           1   1.0394452631810911     
    12960510           2  0.73531747413455828     
    12960510           3   1.2196284208702157     
    12960510           4   1.0072040538375304     
    12960510           5  0.99840478797660481     
    12960591           1   1.0718179727888892     
    12960591           2   1.0425657215580304     
    12960591           3  0.80989415051438229     
    12960591           4   1.2190936038760043     
    12960591           5  0.85662855126269399     
    12960652           1   1.2070244555586493     
    12960652           2   1.2052111643231995     
    12960652           3   1.0519836599365933     
    12960652           4  0.73101209448265980     
    12960652           5  0.80476862569889762     
    12960760           1   1.3187860751747897     
    12960760           2  0.93715508828213567     
    12960760           3  0.80376370639338512     
    12960760           4   1.0369751040781494     
    12960760           5  0.90332002607154016     
    12961026           1  0.89973831989428821     
    12961026           2   1.0912222160769844     
    12961026           3   1.2407199685464332     
    12961026           4  0.70567585797924215     
    12961026           5   1.0626436375030524     
    12961097           1   1.1617844335364491     
    12961097           2  0.98285634225898799     
    12961097           3   1.3214096979405530     
    12961097           4  0.78671972793053024     
    12961097           5  0.74722979833348013     
    12961427           1  0.79151283106346826     
    12961427           2  0.97040517325219178     
    12961427           3   1.0936897111139123     
    12961427           4   1.1250256678594399     
    12961427           5   1.0193666167109878     
    12961685           1   1.0878642318453982     
    12961685           2   1.1657135439705686     
    12961685           3   1.1916043054657677     
    12961685           4  0.83272257611996336     
    12961685           5  0.72209534259830244     
    12962243           1  0.77544652877124720     
    12962243           2  0.89911309236972803     
    12962243           3  0.89634573870268808     
    12962243           4   1.0532401211733466     
    12962243           5   1.3758545189829907     
    12962377           1  0.88154048412996588     
    12962377           2   1.2903344420980682     
    12962377           3  0.94250491148213023     
    12962377           4  0.88502080451869336     
    12962377           5   1.0005993577711425     
    12962540           1  0.78422168419181626     
    12962540           2   1.1104508586039143     
    12962540           3   1.0374501471519033     
    12962540           4  0.76698661081588659     
    12962540           5   1.3008906992364799     
    12962719           1   1.1656442013844437     
    12962719           2  0.92733021371341662     
    12962719           3   1.0854614427046139     
    12962719           4  0.82047224284064058     
    12962719           5   1.0010918993568849     
    12963097           1   1.2602445953822630     
    12963097           2   1.1419350589577171     
    12963097           3  0.73655433975559281     
    12963097           4   1.0469917668415312     
    12963097           5  0.81427423906289675     
    12963138           1   1.1100103284892453     
    12963138           2  0.83870687368146324     
    12963138           3   1.1267191332909430     
    12963138           4   1.0549776053571380     
    12963138           5  0.86958605918121090     
    12963260           1  0.98131278498381169     
    12963260           2  0.78721859905310176     
    12963260           3   1.0030831236161966     
    12963260           4  0.88629547029872369     
    12963260           5   1.3420900220481666     
    12963264           1   1.0358512593215519     
    12963264           2  0.95857132408572054     
    12963264           3   1.0953642634803700     
    12963264           4  0.89958343423078502     
    12963264           5   1.0106297188815718     
    12963456           1   1.1306439634630401     
    12963456           2   1.0632929369680093     
    12963456           3   1.1422680709482254     
    12963456           4   1.0964128775596493     
    12963456           5  0.56738215106107603     
    12965057           1   1.1183251995735881     
    12965057           2  0.88208201967331079     
    12965057           3   1.1561726074165475     
    12965057           4   1.0024052698629535     
    12965057           5  0.84101490347360008     
    12965199           1  0.80140318814273737     
    12965199           2   1.1128702707231284     
    12965199           3   1.0601796306149165     
    12965199           4  0.79782208269589550     
    12965199           5   1.2277248278233213     
    12965368           1   1.5406142606847208     
    12965368           2  0.68367529361486212     
    12965368           3   1.2109121976512622     
    12965368           4  0.85818942043555757     
    12965368           5  0.70660882761359722     
    12965861           1   1.5096014613298967     
    12965861           2  0.84006106818982096     
    12965861           3   1.2118424757211366     
    12965861           4  0.80218174230895567     
    12965861           5  0.63631325245019132     
    12965874           1   1.2089953622240317     
    12965874           2   1.1214106841073637     
    12965874           3   1.0785902377472469     
    12965874           4  0.72223129737085168     
    12965874           5  0.86877241855050669     
    12966267           1  0.78607446806216930     
    12966267           2   1.1130743839171189     
    12966267           3   1.0399012026859253     
    12966267           4  0.78256185967621494     
    12966267           5   1.2783880856585719     
    12966291           1   1.3309191968436329     
    12966291           2  0.85868087554369477     
    12966291           3  0.89249660461081470     
    12966291           4   1.1596198771748094     
    12966291           5  0.75828344582704776     
    12966398           1  0.94398239147091090     
    12966398           2  0.85195348955293893     
    12966398           3  0.92128275167439133     
    12966398           4   1.1637298086175885     
    12966398           5   1.1190515586841701     
    12966409           1   1.3636253536036753     
    12966409           2   1.2248971196134857     
    12966409           3  0.96127253149056757     
    12966409           4  0.82329003254407440     
    12966409           5  0.62691496274819691     
    12966498           1  0.78613549111756265     
    12966498           2   1.1131607920152651     
    12966498           3   1.0399819303412219     
    12966498           4  0.78262261004739719     
    12966498           5   1.2780991764785536     
    12966651           1   1.0464408580037499     
    12966651           2  0.76212813779573940     
    12966651           3   1.0955843538303696     
    12966651           4  0.74428690956081356     
    12966651           5   1.3515597408093276     
    12967065           1  0.91705838783046945     
    12967065           2   1.2792145016110754     
    12967065           3  0.89710297691800178     
    12967065           4  0.87739380615693807     
    12967065           5   1.0292303274835144     
    12967167           1   1.2440109846620011     
    12967167           2  0.87842400984198266     
    12967167           3  0.93273212307518627     
    12967167           4   1.0948849684163657     
    12967167           5  0.84994791400446434     
    12967280           1  0.98292087651771987     
    12967280           2   1.3419086779043885     
    12967280           3  0.75342084972504919     
    12967280           4   1.0763140742630160     
    12967280           5  0.84543552158982604     
    12967391           1   1.0109103228403753     
    12967391           2  0.71330181876653342     
    12967391           3   1.4371503027372974     
    12967391           4   1.0280057071623949     
    12967391           5  0.81063184849339975     
    12967601           1   1.0260342408071554     
    12967601           2   1.1420228115178810     
    12967601           3  0.77560896389280121     
    12967601           4  0.83546559625006256     
    12967601           5   1.2208683875320989     
    12967853           1  0.95926338524098687     
    12967853           2   1.0893452214933341     
    12967853           3   1.0857522424868506     
    12967853           4  0.90923473904569563     
    12967853           5  0.95640441173313295     
    12968068           1   1.1689774395986234     
    12968068           2   1.0110531259828082     
    12968068           3   1.3295909987856414     
    12968068           4  0.79159057970723290     
    12968068           5  0.69878785592569381     
    12968500           1  0.88897425107228045     
    12968500           2   1.1853937901666949     
    12968500           3  0.87774139872136314     
    12968500           4   1.2100429059847255     
    12968500           5  0.83784765405493600     
    12968597           1  0.92549031826154848     
    12968597           2   1.0976473289131954     
    12968597           3   1.0970048107312926     
    12968597           4  0.91616419017329964     
    12968597           5  0.96369335192066408     
    12968885           1   1.0853591291875377     
    12968885           2   1.1630291721419712     
    12968885           3   1.1888603131316540     
    12968885           4  0.87171978807405270     
    12968885           5  0.69103159746478549     
    12969669           1   1.2398814787093846     
    12969669           2   1.0905207911653758     
    12969669           3  0.90981049386577240     
    12969669           4  0.97129750171692208     
    12969669           5  0.78848973454254490     
    12969683           1   1.4399129154094579     
    12969683           2   1.0995277217155111     
    12969683           3  0.67998141968699799     
    12969683           4   1.3293340414458348     
    12969683           5  0.45124390174219836     
    12969784           1  0.78524116695312385     
    12969784           2  0.93739247465871922     
    12969784           3   1.0666642516074691     
    12969784           4   1.2046655995753148     
    12969784           5   1.0060365072053732     
    12969932           1  0.94668729185550771     
    12969932           2   1.1594030137159086     
    12969932           3  0.98964209199955966     
    12969932           4   1.2553456133496381     
    12969932           5  0.64892198907938570     
    12969999           1  0.99717438992358287     
    12969999           2  0.56721607161748988     
    12969999           3   1.4137554219981980     
    12969999           4  0.85215414435130710     
    12969999           5   1.1696999721094223     
    12970029           1  0.88025472991545350     
    12970029           2  0.80645468006519838     
    12970029           3   1.2401105365832135     
    12970029           4   1.0589911887341239     
    12970029           5   1.0141888647020099     
    12970576           1  0.78307111302959376     
    12970576           2   1.0862899346347754     
    12970576           3   1.1007890437453312     
    12970576           4   1.1111972132487202     
    12970576           5  0.91865269534157956     
    12970583           1  0.75081321619236108     
    12970583           2   1.1819888762117254     
    12970583           3  0.87265494507564656     
    12970583           4   1.1512362793478992     
    12970583           5   1.0433066831723683     
    12970646           1  0.75044696308705960     
    12970646           2  0.89272196344217414     
    12970646           3  0.94500306768358455     
    12970646           4   1.0457534173724379     
    12970646           5   1.3660745884147436     
    12971746           1   1.1839379802925818     
    12971746           2   1.0580079562481153     
    12971746           3   1.1463376043922338     
    12971746           4  0.88362612653507411     
    12971746           5  0.72809033253199584     
    12971778           1  0.77024801217544714     
    12971778           2   1.0164933083898620     
    12971778           3   1.1257179250004370     
    12971778           4   1.0627475522200625     
    12971778           5   1.0247932022141917     
    12971819           1   1.1878987363103142     
    12971819           2   1.1325328881874182     
    12971819           3  0.91404304419549920     
    12971819           4  0.95104381789208492     
    12971819           5  0.81448151341468389     
    12972140           1   1.2026397448285420     
    12972140           2   1.1116641990052614     
    12972140           3   1.1027509011010623     
    12972140           4  0.71857313818247914     
    12972140           5  0.86437201688265519     
    12972668           1  0.82556023075541740     
    12972668           2  0.99881774844125060     
    12972668           3  0.86143990388174441     
    12972668           4   1.3169764488470601     
    12972668           5  0.99720566807452804     
    12972916           1  0.98879204816506949     
    12972916           2   1.3221972818784591     
    12972916           3  0.75578210157386705     
    12972916           4   1.0827431010823914     
    12972916           5  0.85048546730021291     
    12973091           1  0.78676977383260271     
    12973091           2   1.0850659699730369     
    12973091           3  0.80361100811715280     
    12973091           4  0.93794236302985035     
    12973091           5   1.3866108850473571     
    12973567           1  0.92979025636365409     
    12973567           2   1.0798418862818218     
    12973567           3   1.0454885841738313     
    12973567           4   1.0195822671238692     
    12973567           5  0.92529700605682441     
    12974225           1  0.91500400791917846     
    12974225           2  0.82352574730115780     
    12974225           3  0.97573405437822847     
    12974225           4   1.4603625473655606     
    12974225           5  0.82537364303587546     
    12974644           1   1.0375016773076089     
    12974644           2   1.0423416847736355     
    12974644           3  0.69647296043548201     
    12974644           4  0.92089462600278404     
    12974644           5   1.3027890514804901     
    12974807           1   1.1238853928045045     
    12974807           2  0.82418839882131978     
    12974807           3   1.4126039707022779     
    12974807           4  0.68034941418057193     
    12974807           5  0.95897282349132529     
    12974908           1   1.1855537253901196     
    12974908           2   1.0432497702896546     
    12974908           3  0.82379458114793458     
    12974908           4   1.2487160532594579     
    12974908           5  0.69868586991283332     
    12975039           1   1.2939774400294419     
    12975039           2  0.91952558862525147     
    12975039           3  0.88270213101843598     
    12975039           4   1.0174678181762458     
    12975039           5  0.88632702215062398     
    12975759           1  0.86033746248454945     
    12975759           2   1.2246676039713802     
    12975759           3   1.0498541652834930     
    12975759           4  0.95974438340853063     
    12975759           5  0.90539638485204754     
    12975870           1  0.96423227855877414     
    12975870           2  0.97983815961007170     
    12975870           3  0.66082175951748179     
    12975870           4   1.3284996456265676     
    12975870           5   1.0666081566871048     
    12976192           1   1.2845026967614912     
    12976192           2   1.1639158526307807     
    12976192           3  0.73795778926141808     
    12976192           4   1.0671450232143984     
    12976192           5  0.74647863813191151     
    12976234           1   1.2156784844986894     
    12976234           2  0.96793029758520599     
    12976234           3   1.3511675618208465     
    12976234           4  0.58182307572924818     
    12976234           5  0.88340058036600977     
    12976565           1  0.75449823203927602     
    12976565           2  0.92587478518590793     
    12976565           3  0.89477878449096959     
    12976565           4   1.0513988907501262     
    12976565           5   1.3734493075337206     
    12977055           1   1.2739220123833326     
    12977055           2  0.79713993376410175     
    12977055           3  0.96813380307860109     
    12977055           4   1.1006866434094515     
    12977055           5  0.86011760736451315     
    12977097           1   1.0910439947245516     
    12977097           2  0.97059912489868194     
    12977097           3  0.85018948810384809     
    12977097           4   1.2008033517978212     
    12977097           5  0.88736404047509687     
    12977145           1  0.92197673141202452     
    12977145           2   1.2860751513983975     
    12977145           3  0.91255223610802672     
    12977145           4  0.88209942169055433     
    12977145           5  0.99729645939099743     
    12977635           1  0.98999703269843853     
    12977635           2   1.0447866383819506     
    12977635           3   1.1176279505699682     
    12977635           4  0.81524401679043124     
    12977635           5   1.0323443615592114     
    12977875           1  0.80843022912706852     
    12977875           2   1.0298587295131574     
    12977875           3   1.1419599183117783     
    12977875           4   1.2929136093588738     
    12977875           5  0.72683751368912153     
    12978005           1   1.4024011639071421     
    12978005           2   1.1213597730535938     
    12978005           3  0.40752136164650499     
    12978005           4   1.1949965410885535     
    12978005           5  0.87372116030420599     
    12978080           1   1.4585013054329836     
    12978080           2  0.44692576636399073     
    12978080           3   1.4320472034175673     
    12978080           4  0.57034360239456627     
    12978080           5   1.0921821223908923     
    12978121           1  0.91934808994512529     
    12978121           2  0.85164160020505508     
    12978121           3  0.90327708904547266     
    12978121           4   1.1658381187268685     
    12978121           5   1.1598951020774784     
    12978394           1   1.0171406317050973     
    12978394           2  0.68451924152030030     
    12978394           3  0.98216006296995284     
    12978394           4   1.1966775683828828     
    12978394           5   1.1195024954217669     
    12978501           1  0.89377188707392496     
    12978501           2   1.1148680443620336     
    12978501           3  0.97250909586183232     
    12978501           4   1.0341724503509391     
    12978501           5  0.98467852235127040     
    12978589           1   1.1964963658479568     
    12978589           2   1.1615088311461113     
    12978589           3   1.0674394129433595     
    12978589           4  0.71476462987932377     
    12978589           5  0.85979076018324785     
    12978597           1   1.2533291210577113     
    12978597           2   1.1356687971467454     
    12978597           3  0.73251256671892939     
    12978597           4   1.0686835297273347     
    12978597           5  0.80980598534927917     
    12978600           1   1.0550686341878808     
    12978600           2   1.0835786055444452     
    12978600           3   1.0046568627796661     
    12978600           4  0.77188388015585707     
    12978600           5   1.0848120173321512     
    12978776           1  0.99150356252792826     
    12978776           2   1.0033424149552086     
    12978776           3  0.83013262207734861     
    12978776           4  0.84105139735292866     
    12978776           5   1.3339700030865864     
    12978791           1   1.2970092583303008     
    12978791           2  0.92168005780026163     
    12978791           3  0.86403993672808466     
    12978791           4   1.0288670408050755     
    12978791           5  0.88840370633627774     
    12978877           1   1.0379379973445824     
    12978877           2   1.0401542628298033     
    12978877           3   1.3457863238939980     
    12978877           4  0.29644280354945424     
    12978877           5   1.2796786123821624     
    12978890           1  0.77478713625332085     
    12978890           2   1.0955650575185776     
    12978890           3  0.79137187567300527     
    12978890           4  0.92365734118452303     
    12978890           5   1.4146185893705734     
    12978899           1   1.1176995282210940     
    12978899           2   1.1526746054728505     
    12978899           3  0.68150630016862657     
    12978899           4   1.0196921767741831     
    12978899           5   1.0284273893632458     
    12978973           1   1.2813473266490580     
    12978973           2   1.1610567030906218     
    12978973           3  0.74888790448755593     
    12978973           4   1.0640631461610779     
    12978973           5  0.74464491961168600     
    12978981           1  0.66216075633993421     
    12978981           2   1.1470593454406124     
    12978981           3   1.0434229231079717     
    12978981           4   1.1443228547524278     
    12978981           5   1.0030341203590536     
    12979031           1  0.92269489810210226     
    12979031           2   1.0802507101617744     
    12979031           3  0.97088370593426776     
    12979031           4   1.0868541032963082     
    12979031           5  0.93931658250554795     
    12979040           1  0.83991108001771586     
    12979040           2   1.0385700044593031     
    12979040           3   1.0952956427855152     
    12979040           4   1.2932376522823681     
    12979040           5  0.73298562045509730     
    12979162           1   1.3489080202694241     
    12979162           2   1.2116770521206990     
    12979162           3  0.97501726875315875     
    12979162           4  0.84424886282331024     
    12979162           5  0.62014879603340844     
    12979467           1   1.1854805769184726     
    12979467           2   1.1302274349055617     
    12979467           3  0.91218236221621363     
    12979467           4  0.95928612097705090     
    12979467           5  0.81282350498270051     
    12979540           1   1.1498614130865421     
    12979540           2   1.3931692744265260     
    12979540           3  0.69368353742837696     
    12979540           4   1.1282274773379983     
    12979540           5  0.63505829772055544     
    12979610           1  0.92808271987841751     
    12979610           2   1.0865585355459413     
    12979610           3  0.97655291293201096     
    12979610           4   1.1207477220081814     
    12979610           5  0.88805810963544907     
    12979615           1   1.1125445799726725     
    12979615           2   1.0114828969973573     
    12979615           3   1.0132400264188084     
    12979615           4  0.76865251983193406     
    12979615           5   1.0940799767792286     
    12979769           1   1.2523548524844768     
    12979769           2  0.65647389203397033     
    12979769           3   1.3703097715347463     
    12979769           4  0.63787408110281441     
    12979769           5   1.0829874028439925     
    12979925           1  0.74475736036278128     
    12979925           2   1.2955420809345137     
    12979925           3   1.1739519120185367     
    12979925           4  0.88539230014204184     
    12979925           5  0.90035634654212593     
    12979979           1   1.2310074611909310     
    12979979           2  0.83754947522347634     
    12979979           3  0.96896181123548031     
    12979979           4   1.1016280189879231     
    12979979           5  0.86085323336218877     
    12979998           1   1.1330735146107340     
    12979998           2  0.80933929747197253     
    12979998           3   1.4152241920427322     
    12979998           4  0.68161138575291247     
    12979998           5  0.96075161012164922     
    12980083           1   1.2707153874279591     
    12980083           2   1.1924535908682983     
    12980083           3  0.74267403060782478     
    12980083           4   1.0556907393301442     
    12980083           5  0.73846625176577418     
    12980099           1  0.78219303879652924     
    12980099           2   1.3739505695089977     
    12980099           3   1.2295839264228867     
    12980099           4  0.79558039242421863     
    12980099           5  0.81869207284736767     
    12980145           1   1.0268563778574273     
    12980145           2   1.1006515358521012     
    12980145           3  0.91063346950783053     
    12980145           4   1.0639879820637883     
    12980145           5  0.89787063471885198     
    12980223           1   1.2459455286709962     
    12980223           2  0.87797157244169777     
    12980223           3  0.93225171396500928     
    12980223           4   1.0943210415391731     
    12980223           5  0.84951014338312292     
    12980269           1  0.79667054685091077     
    12980269           2   1.3373797314777769     
    12980269           3   1.2523421335602376     
    12980269           4  0.77976245138967615     
    12980269           5  0.83384513672139837     
    12980304           1   1.0297150904188626     
    12980304           2  0.94987327302972757     
    12980304           3  0.98422435365211147     
    12980304           4  0.96600616933132366     
    12980304           5   1.0701811135679751     
    12980487           1   1.2005586201982636     
    12980487           2  0.82620614991614427     
    12980487           3  0.94093392097815998     
    12980487           4   1.1408211223608886     
    12980487           5  0.89148018654654304     
    12980629           1  0.91318517441827163     
    12980629           2   1.2738117150159498     
    12980629           3  0.95152830649128739     
    12980629           4  0.87368811685418168     
    12980629           5  0.98778668722030949     
    12980661           1   1.1229781604401983     
    12980661           2   1.1643143463343755     
    12980661           3  0.61401100124950359     
    12980661           4   1.0521701739344578     
    12980661           5   1.0465263180414643     
    12980714           1  0.71638708612318758     
    12980714           2  0.97313741147726573     
    12980714           3   1.1483910046580068     
    12980714           4   1.1013241881301772     
    12980714           5   1.0607603096113620     
    12980764           1  0.75054717267919635     
    12980764           2  0.86406138322605752     
    12980764           3   1.3012929624188185     
    12980764           4  0.95910238752397103     
    12980764           5   1.1249960941519570     
    12980808           1  0.99244962097602718     
    12980808           2   1.0706711850927517     
    12980808           3   1.1567356948227416     
    12980808           4  0.76767352637645669     
    12980808           5   1.0124699727320221     
    12980848           1   1.1286960599156188     
    12980848           2   1.0146388827229673     
    12980848           3  0.81556274869657741     
    12980848           4  0.87308260115839609     
    12980848           5   1.1680197075064405     
    12980868           1  0.92935380343663476     
    12980868           2   1.0575074135993023     
    12980868           3   1.0691724557361471     
    12980868           4   1.0191036649210847     
    12980868           5  0.92486266230683156     
    12980965           1  0.89610068855000180     
    12980965           2   1.0206660323805552     
    12980965           3   1.0475739265635879     
    12980965           4  0.83931286032565589     
    12980965           5   1.1963464921801992     
    12981014           1  0.74250639205283842     
    12981014           2   1.0964654631663715     
    12981014           3  0.81205358992381282     
    12981014           4  0.94779620406715115     
    12981014           5   1.4011783507898259     
    12981049           1  0.91993506564405758     
    12981049           2   1.1156918694590747     
    12981049           3  0.90308315985207277     
    12981049           4   1.0385582325284133     
    12981049           5   1.0227316725163815     
    12981198           1  0.76701295449335727     
    12981198           2  0.82578191621135100     
    12981198           3   1.3525605720213481     
    12981198           4   1.1905975364495991     
    12981198           5  0.86404702082434437     
    12981220           1  0.78386460996268481     
    12981220           2   1.0810593411506213     
    12981220           3  0.80064365763687495     
    12981220           4  0.90324000702265317     
    12981220           5   1.4311923842271652     
    12981258           1  0.95598039215223629     
    12981258           2   1.1217020185722051     
    12981258           3  0.99935685557348530     
    12981258           4   1.2676686399628410     
    12981258           5  0.65529209373923336     
    12981270           1   1.0302752193895974     
    12981270           2  0.88988331708204349     
    12981270           3  0.92821473813762923     
    12981270           4  0.95527629325738939     
    12981270           5   1.1963504321333402     
    12981320           1   1.1762650143744389     
    12981320           2   1.0334805100863724     
    12981320           3   1.2789340484541842     
    12981320           4  0.94615436827552912     
    12981320           5  0.56516605880947546     
    12981333           1  0.92067377148888419     
    12981333           2   1.1651467767085020     
    12981333           3  0.99657382353581958     
    12981333           4   1.2641384070750743     
    12981333           5  0.65346722119171996     
    12981347           1  0.98992452795782904     
    12981347           2  0.73817926806678047     
    12981347           3   1.0500556307259223     
    12981347           4   1.0679047894492402     
    12981347           5   1.1539357838002278     
    12981427           1   1.3894255148719188     
    12981427           2   1.1360556357198088     
    12981427           3  0.40723826143550823     
    12981427           4   1.1941663912982314     
    12981427           5  0.87311419667453249     
    12981540           1   1.0883679258220678     
    12981540           2  0.64031339849642677     
    12981540           3   1.1481809933586318     
    12981540           4  0.98505211251928015     
    12981540           5   1.1380855698035932     
    12981581           1   1.0843770206948833     
    12981581           2   1.0539085650590616     
    12981581           3  0.90003782124113230     
    12981581           4   1.0744554337009808     
    12981581           5  0.88722115930394152     
    12981630           1  0.83006569620022275     
    12981630           2  0.80511136293446695     
    12981630           3   1.3368649759760571     
    12981630           4   1.1855393299947263     
    12981630           5  0.84241863489452773     
    12981643           1   1.1353954511071325     
    12981643           2  0.82740926594292963     
    12981643           3   1.4181243222282121     
    12981643           4  0.68300816922065088     
    12981643           5  0.93606279150107596     
    12981708           1   1.0131312633584395     
    12981708           2   1.2852922353835414     
    12981708           3  0.88328748945490398     
    12981708           4  0.83863252147541334     
    12981708           5  0.97965649032770052     
    12981832           1  0.96769938207809059     
    12981832           2   1.0476002847559880     
    12981832           3   1.0618367388569869     
    12981832           4  0.89959311774118533     
    12981832           5   1.0232704765677485     
    12981881           1   1.0372744590045817     
    12981881           2   1.0395396157589025     
    12981881           3  0.69910013796397752     
    12981881           4  0.91841903634245392     
    12981881           5   1.3056667509300854     
    12981893           1   1.0823178245564591     
    12981893           2   1.0196023096786366     
    12981893           3  0.97169922381568330     
    12981893           4  0.86679551059081528     
    12981893           5   1.0595851313584057     
    12981905           1  0.66362648910069943     
    12981905           2   1.1495984304665017     
    12981905           3   1.0457326026640152     
    12981905           4   1.1427284586599866     
    12981905           5  0.99831401910879780     
    12982044           1  0.80180100172236424     
    12982044           2   1.1109407138971061     
    12982044           3   1.0607058998638319     
    12982044           4  0.79821811862801861     
    12982044           5   1.2283342658886789     
    12982056           1   1.0416659134175430     
    12982056           2   1.0125020288954691     
    12982056           3   1.3240382591103292     
    12982056           4  0.84482129399695693     
    12982056           5  0.77697250457970168     
    12982071           1   1.2109854299405605     
    12982071           2   1.2091661882041929     
    12982071           3   1.0554358520674225     
    12982071           4  0.76509053033433116     
    12982071           5  0.75932199945349244     
    12982096           1  0.97374337642761211     
    12982096           2   1.0739675358748217     
    12982096           3   1.2325265547630182     
    12982096           4  0.82347938926290232     
    12982096           5  0.89628314367164474     
    12982159           1  0.94800251871283459     
    12982159           2   1.2796364249160803     
    12982159           3  0.93469070966887846     
    12982159           4  0.87768319694637831     
    12982159           5  0.95998714975582888     
    12982183           1  0.77044003001996464     
    12982183           2   1.2902888486037549     
    12982183           3   1.1691917099149327     
    12982183           4  0.87337387729997207     
    12982183           5  0.89670553416137544     
    12982211           1  0.79949918115251872     
    12982211           2   1.0141757294196119     
    12982211           3  0.87468554121494524     
    12982211           4   1.3099599496975840     
    12982211           5   1.0016795985153397     
    12982224           1   1.0024706313036564     
    12982224           2  0.97166694299106926     
    12982224           3  0.64672431008035813     
    12982224           4   1.3174208176831830     
    12982224           5   1.0617172979417326     
    12982295           1  0.99193290066483053     
    12982295           2   1.0701137386125905     
    12982295           3   1.1561334387327920     
    12982295           4  0.76727383605962574     
    12982295           5   1.0145460859301616     
    12982319           1   1.3329344976240305     
    12982319           2   1.0791168728130907     
    12982319           3  0.51618555048618120     
    12982319           4   1.4208585687384359     
    12982319           5  0.65090451033826191     
    12982342           1   1.7887283395726001     
    12982342           2  0.73273220831913755     
    12982342           3   1.3309402735509088     
    12982342           4  0.57172606968168838     
    12982342           5  0.57587310887566567     
    12982365           1   1.0303572026059233     
    12982365           2  0.88995412874005109     
    12982365           3  0.92789072951772544     
    12982365           4  0.95535230850217756     
    12982365           5   1.1964456306341227     
    12982395           1   1.3004796454641596     
    12982395           2  0.92414618253574887     
    12982395           3  0.86635183470437327     
    12982395           4   1.0182415432306200     
    12982395           5  0.89078079406509714     
    12982404           1   1.0602217012504753     
    12982404           2  0.72312627267773588     
    12982404           3  0.88830261830424195     
    12982404           4   1.1277082291232658     
    12982404           5   1.2006411786442810     
    12982433           1   1.1359288610522924     
    12982433           2   1.0193947092509155     
    12982433           3   1.0062003965944268     
    12982433           4  0.75864314283756251     
    12982433           5   1.0798328902648033     
    12982435           1  0.86339644566565477     
    12982435           2   1.0445344941437134     
    12982435           3  0.83297617601686169     
    12982435           4   1.0910018692525831     
    12982435           5   1.1680910149211872     
    12982467           1   1.5603688192802851     
    12982467           2  0.69244173437340206     
    12982467           3   1.2264391446444400     
    12982467           4  0.86919357223702987     
    12982467           5  0.65155672946484233     
    12982509           1   1.2839771348825952     
    12982509           2   1.1634396295726837     
    12982509           3  0.75042490506207471     
    12982509           4   1.0662470052635866     
    12982509           5  0.73591132521906000     
    12982514           1   1.4044411860815069     
    12982514           2   1.2090616441742101     
    12982514           3  0.75706275211644625     
    12982514           4  0.78042212872869554     
    12982514           5  0.84901228889914160     
    12982526           1  0.66654464960407545     
    12982526           2   1.1546535522701482     
    12982526           3   1.0213736313695732     
    12982526           4   1.1477533711806791     
    12982526           5   1.0096747955755241     
    12982528           1   1.5137702584830595     
    12982528           2  0.83793742893135659     
    12982528           3   1.2011783859761673     
    12982528           4  0.79512262508609399     
    12982528           5  0.65199130152332274     
    12982563           1   1.1930470671023121     
    12982563           2   1.1240626801837725     
    12982563           3  0.90561167467047887     
    12982563           4  0.97031005283483962     
    12982563           5  0.80696852520859652     
    12982579           1   1.3462325053155406     
    12982579           2   1.0374624801865915     
    12982579           3  0.52134844226002097     
    12982579           4   1.4350700068723010     
    12982579           5  0.65988656536554635     
    12982584           1   1.4649635132816001     
    12982584           2  0.44567801115337147     
    12982584           3   1.4280491247781233     
    12982584           4  0.56875128157690380     
    12982584           5   1.0925580692100014     
    12982589           1   1.0362449614376714     
    12982589           2   1.1352288968403872     
    12982589           3   1.0735733946082089     
    12982589           4  0.83942490255413249     
    12982589           5  0.91552784455960057     
    12982626           1  0.54808028256310759     
    12982626           2  0.94068581985281641     
    12982626           3   1.2982487986160200     
    12982626           4   1.2260132401987136     
    12982626           5  0.98697185876934201     
    12982657           1   1.2142742882637176     
    12982657           2   1.1206282021139755     
    12982657           3  0.92406242876948097     
    12982657           4  0.74472434787645803     
    12982657           5  0.99631073297636774     
    12982671           1  0.99987533356944824     
    12982671           2  0.56875243141568466     
    12982671           3   1.4175847158132411     
    12982671           4  0.86849430800940042     
    12982671           5   1.1452932111922260     
    12982684           1  0.79358214278473660     
    12982684           2  0.97294217672273842     
    12982684           3   1.0965490266547582     
    12982684           4   1.1148950300600011     
    12982684           5   1.0220316237777660     
    12982725           1  0.78672386457935883     
    12982725           2  0.99797006428625479     
    12982725           3  0.90780563160710837     
    12982725           4   1.3158587473745618     
    12982725           5  0.99164169215271669     
    12982767           1   1.0151372519466615     
    12982767           2   1.0011773291408599     
    12982767           3  0.81503272578207842     
    12982767           4  0.83923651499332241     
    12982767           5   1.3294161781370786     
    12982796           1  0.81247858179511445     
    12982796           2  0.93358410166321149     
    12982796           3   1.0358897780628677     
    12982796           4   1.1832770970122113     
    12982796           5   1.0347704414665948     
    12982863           1   1.2437020571192146     
    12982863           2   1.1077308634114509     
    12982863           3  0.89402586106122406     
    12982863           4  0.95789652976556028     
    12982863           5  0.79664468864254956     
    12982899           1  0.78391309590966152     
    12982899           2  0.99440456549273415     
    12982899           3  0.91772521925350026     
    12982899           4   1.3111575113915335     
    12982899           5  0.99279960795257050     
    12982907           1   1.0936039444130226     
    12982907           2   1.0039949576554563     
    12982907           3  0.94460809921545896     
    12982907           4  0.87583422158836177     
    12982907           5   1.0819587771277008     
    12982966           1   1.4304761935870738     
    12982966           2   1.2169446387408016     
    12982966           3  0.84516172607006268     
    12982966           4  0.70410927876280005     
    12982966           5  0.80330816283926210     
    12982985           1   1.0113837742236214     
    12982985           2   1.0923020144931737     
    12982985           3   1.0127449079130140     
    12982985           4  0.79002394744011828     
    12982985           5   1.0935453559300730     
    12983030           1   1.1657285532271981     
    12983030           2  0.95022631600630281     
    12983030           3   1.0072596099872646     
    12983030           4   1.0555918751739450     
    12983030           5  0.82119364560528896     
    12983031           1  0.90459461298118127     
    12983031           2   1.1298267471331835     
    12983031           3  0.99558578129070241     
    12983031           4   1.1262435803935615     
    12983031           5  0.84374927820137235     
    12983052           1   1.1122782636727178     
    12983052           2  0.83138402634424569     
    12983052           3   1.1290212073335870     
    12983052           4   1.0571330995607111     
    12983052           5  0.87018340308873809     
    12983076           1  0.93720389930742609     
    12983076           2   1.2097787692010462     
    12983076           3  0.77151667965611681     
    12983076           4   1.1951034483304175     
    12983076           5  0.88639720350499229     
    12983095           1  0.93798998529961897     
    12983095           2   1.0142391875648717     
    12983095           3  0.95368980540617765     
    12983095           4  0.83585193443497474     
    12983095           5   1.2582290872943565     
    12983175           1  0.96206115257958147     
    12983175           2   1.0649521413931053     
    12983175           3   1.0549250221482587     
    12983175           4   1.0055234312485479     
    12983175           5  0.91253825263050703     
    12983189           1  0.79518946132945445     
    12983189           2   1.3348934166958253     
    12983189           3   1.2500139116757241     
    12983189           4  0.78760827016013379     
    12983189           5  0.83229494013886307     
    12983212           1   1.1217075523515085     
    12983212           2  0.82465147873967704     
    12983212           3   1.4133976588109183     
    12983212           4  0.68073167647839572     
    12983212           5  0.95951163361950020     
    12983218           1   1.0958906364065497     
    12983218           2  0.78293795938009869     
    12983218           3   1.0149160637039987     
    12983218           4  0.98952865492151565     
    12983218           5   1.1167266855878373     
    12983231           1   1.2110669587250988     
    12983231           2   1.1194539232568057     
    12983231           3   1.0754418487386965     
    12983231           4  0.72360836969035447     
    12983231           5  0.87042889958904446     
    12983240           1   1.0840910154975325     
    12983240           2  0.64481244898974810     
    12983240           3   1.2060680385683380     
    12983240           4  0.92806060943604618     
    12983240           5   1.1369678875083353     
    12983246           1  0.72464721335543425     
    12983246           2  0.98912059716920675     
    12983246           3   1.1399810942191393     
    12983246           4   1.0932589579526808     
    12983246           5   1.0529921373035394     
    12983247           1   1.0394976418823556     
    12983247           2   1.2385176529145079     
    12983247           3   1.0368733321887282     
    12983247           4   1.2314278269717502     
    12983247           5  0.45368354604265726     
    12983276           1   1.1238018199575219     
    12983276           2   1.0059280705271056     
    12983276           3  0.95866742951345130     
    12983276           4  0.85517061626213531     
    12983276           5   1.0564320637397862     
    12983301           1   1.2937726745683085     
    12983301           2  0.78623630910717679     
    12983301           3   1.1680168815901228     
    12983301           4  0.70961684654731827     
    12983301           5   1.0423572881870733     
    12983308           1  0.90448346961521686     
    12983308           2  0.92703137988660866     
    12983308           3   1.1038942604095254     
    12983308           4   1.1343911724791316     
    12983308           5  0.93019971760951781     
    12983311           1   1.1609169917665241     
    12983311           2  0.92927618028022352     
    12983311           3   1.1338137978067466     
    12983311           4  0.80115304168677037     
    12983311           5  0.97483998845973485     
    12983335           1   1.1308668979025096     
    12983335           2   1.0165903528377438     
    12983335           3  0.82417062316011225     
    12983335           4  0.85810594884767066     
    12983335           5   1.1702661772519640     
    12983342           1   1.1197946770217984     
    12983342           2  0.88316458528587538     
    12983342           3   1.0237468906785150     
    12983342           4   1.0136814096286886     
    12983342           5  0.95961243738512181     
    12983359           1  0.81163290132695753     
    12983359           2  0.91723394090740262     
    12983359           3   1.0835666658224419     
    12983359           4   1.1440878224693389     
    12983359           5   1.0434786694738591     
    12983382           1  0.87605944960718296     
    12983382           2  0.69101098755788892     
    12983382           3   1.2180333909615526     
    12983382           4   1.0217879005229722     
    12983382           5   1.1931082713504038     
    12983388           1  0.98361500336603336     
    12983388           2   1.3186363182506107     
    12983388           3  0.75395290642703527     
    12983388           4   1.0770741542592925     
    12983388           5  0.86672161769702805     
    12983421           1  0.91587637682056056     
    12983421           2   1.1665170198862427     
    12983421           3  0.99774582049801575     
    12983421           4   1.2656250670072315     
    12983421           5  0.65423571578794992     
    12983434           1  0.94977920927600024     
    12983434           2   1.0499614073546750     
    12983434           3   1.0475762614275534     
    12983434           4  0.94085754926286980     
    12983434           5   1.0118255726789018     
    12983442           1   1.4346285230295759     
    12983442           2   1.2059633359902944     
    12983442           3  0.84761502793874766     
    12983442           4  0.70615313919337053     
    12983442           5  0.80563997384801112     
    12983443           1  0.93848187521487092     
    12983443           2   1.1470138538207875     
    12983443           3  0.98106436442274625     
    12983443           4   1.2444648992277234     
    12983443           5  0.68897500731387207     
    12983501           1   1.1846672939213418     
    12983501           2  0.80156756766945736     
    12983501           3  0.95567172501595810     
    12983501           4   1.1792804369673826     
    12983501           5  0.87881297642585998     
    12983519           1   1.1807197361387107     
    12983519           2  0.81255333218470427     
    12983519           3  0.98685351764720997     
    12983519           4   1.1219693831801152     
    12983519           5  0.89790403084925985     
    12983521           1  0.93774711420105994     
    12983521           2   1.2410343520108922     
    12983521           3  0.73851141860349745     
    12983521           4   1.1957961449709735     
    12983521           5  0.88691097021357634     
    12983541           1  0.78790905048809323     
    12983541           2   1.3226717098252063     
    12983541           3   1.2633501975764108     
    12983541           4  0.80139423453111425     
    12983541           5  0.82467480757917544     
    12983559           1   1.1435617572263586     
    12983559           2  0.86575977865164189     
    12983559           3   1.0721141596992512     
    12983559           4  0.97059880449940550     
    12983559           5  0.94796549992334289     
    12983583           1   1.0199526203125711     
    12983583           2  0.95344814342493800     
    12983583           3   1.1172346632117642     
    12983583           4  0.91981123799876685     
    12983583           5  0.98955333505195997     
    12983586           1   1.2454768478398059     
    12983586           2  0.65702781376624042     
    12983586           3   1.3627839517125482     
    12983586           4  0.63437084008144051     
    12983586           5   1.1003405465999649     
    12983614           1  0.84757454704511925     
    12983614           2   1.0447352222235948     
    12983614           3  0.83313624895780947     
    12983614           4   1.1062384949292781     
    12983614           5   1.1683154868441985     
    12983627           1   1.3989089854742058     
    12983627           2   1.1310181390748573     
    12983627           3  0.40650657547352592     
    12983627           4   1.1920208296761383     
    12983627           5  0.87154547030127305     
    12983638           1  0.78145971338033715     
    12983638           2   1.1065399327510967     
    12983638           3   1.0514059548695598     
    12983638           4  0.76428534065902787     
    12983638           5   1.2963090583399792     
    12983648           1   1.0287371562747549     
    12983648           2  0.94106742918194897     
    12983648           3   1.0308578673230979     
    12983648           4  0.97747020354726144     
    12983648           5   1.0218673436729371     
    12983680           1  0.78716815742218649     
    12983680           2   1.0331725765216859     
    12983680           3  0.80401791932382416     
    12983680           4  0.93841729338156721     
    12983680           5   1.4372240533507361     
    12983685           1   1.2935935274866446     
    12983685           2  0.78770723579434210     
    12983685           3  0.97929252819051216     
    12983685           4   1.0894670250956504     
    12983685           5  0.84993968343285009     
    12983694           1  0.95911535680724280     
    12983694           2  0.94835805528263928     
    12983694           3   1.1808597959378120     
    12983694           4   1.0219125294351976     
    12983694           5  0.88975426253710810     
    12983699           1   1.0219725598230613     
    12983699           2  0.99546654841624038     
    12983699           3   1.0806881878204471     
    12983699           4  0.88753049898051906     
    12983699           5   1.0143422049597317     
    12983726           1   1.1649598216406651     
    12983726           2  0.98554268427500402     
    12983726           3   1.3250213736649932     
    12983726           4  0.78886998953957788     
    12983726           5  0.73560613087975979     
    12983739           1   1.0351099100514369     
    12983739           2   1.0399387597799583     
    12983739           3  0.70639394204390837     
    12983739           4  0.91877167462734743     
    12983739           5   1.2997857134973494     
    12983746           1   1.1581435821779764     
    12983746           2   1.2094742755606702     
    12983746           3  0.68968975901349350     
    12983746           4  0.99049859649811856     
    12983746           5  0.95219378674974131     
    12983757           1  0.73914605890063090     
    12983757           2  0.88005022412127409     
    12983757           3   1.0917367008168293     
    12983757           4  0.90016895693591570     
    12983757           5   1.3888980592253499     
    12983763           1   1.5561950210375513     
    12983763           2  0.69569546075763400     
    12983763           3   1.2231585679734078     
    12983763           4  0.86686858434982506     
    12983763           5  0.65808236588158253     
    12983772           1   1.1608702321114279     
    12983772           2  0.92480110205804489     
    12983772           3   1.0825010590725441     
    12983772           4  0.81824490253160065     
    12983772           5   1.0135827042263823     
    12983790           1   1.0676051597240752     
    12983790           2   1.0370429440423063     
    12983790           3   1.0165943860906923     
    12983790           4  0.78105555075717226     
    12983790           5   1.0977019593857535     
    12983809           1   1.1535680897261889     
    12983809           2  0.96019363178799866     
    12983809           3   1.0497946777644176     
    12983809           4  0.66829000148677997     
    12983809           5   1.1681535992346148     
    12983814           1   1.0186449780634270     
    12983814           2   1.0046368178535503     
    12983814           3  0.83120356860169420     
    12983814           4  0.80982368986050990     
    12983814           5   1.3356909456208188     
    12983823           1  0.92841269545632699     
    12983823           2   1.0782420115160289     
    12983823           3   1.0680897607208606     
    12983823           4   1.0180716719510536     
    12983823           5  0.90718386035573040     
    12983834           1   1.0862173944884588     
    12983834           2  0.99139694463458317     
    12983834           3  0.84642838882293259     
    12983834           4   1.1954911941127853     
    12983834           5  0.88046607794124054     
    12983836           1   1.1011567745012902     
    12983836           2   1.0066236228967977     
    12983836           3  0.91914553990915326     
    12983836           4   1.1138766941566971     
    12983836           5  0.85919736853606177     
    12983844           1   1.3642373005669481     
    12983844           2   1.2254468102383249     
    12983844           3  0.98609757429145484     
    12983844           4  0.79702201483124990     
    12983844           5  0.62719630007202276     
    12983858           1  0.89517091437173890     
    12983858           2  0.80353478430105096     
    12983858           3   1.2356205217164746     
    12983858           4   1.0551569448978748     
    12983858           5   1.0105168347128610     
    12983859           1   1.1330587163351715     
    12983859           2  0.82570639140658530     
    12983859           3   1.4152057087957881     
    12983859           4  0.68160248370641430     
    12983859           5  0.94442669975604210     
    12983860           1   1.0932734329867171     
    12983860           2   1.0273537979264329     
    12983860           3  0.91256524329699995     
    12983860           4   1.1137612761874753     
    12983860           5  0.85304624960237507     
    12983861           1   1.0536241379690559     
    12983861           2  0.71349939488242486     
    12983861           3   1.2362651397816464     
    12983861           4   1.0209431324318063     
    12983861           5  0.97566819493506640     
    12983864           1   1.2742449840633674     
    12983864           2   1.1818775774448407     
    12983864           3  0.74473691564531885     
    12983864           4   1.0586230737603688     
    12983864           5  0.74051744908610473     
    12983875           1  0.90044765438888774     
    12983875           2  0.82458828857778366     
    12983875           3  0.97699298005381785     
    12983875           4   1.4715325084483020     
    12983875           5  0.82643856853120901     
    12983876           1   1.0548639776181163     
    12983876           2   1.1382609551522356     
    12983876           3   1.0764407785724128     
    12983876           4  0.81246118057540451     
    12983876           5  0.91797310808183097     
    12983881           1   1.0921704078041405     
    12983881           2   1.0141368678892544     
    12983881           3  0.96649056011009959     
    12983881           4  0.86214916920706031     
    12983881           5   1.0650529949894454     
    12983882           1   1.1626885366984716     
    12983882           2  0.98362120319290958     
    12983882           3   1.3224380218290033     
    12983882           4  0.78344094409894649     
    12983882           5  0.74781129418066961     
    12983890           1   1.2356244236178671     
    12983890           2  0.91521754716193382     
    12983890           3  0.91743633302695093     
    12983890           4   1.0875037477220617     
    12983890           5  0.84421794847118603     
    12983892           1   1.0713977372238024     
    12983892           2   1.0093149929462970     
    12983892           3  0.96189522711121211     
    12983892           4  0.89740301149199420     
    12983892           5   1.0599890312266940     
    12983906           1   1.1009468607078385     
    12983906           2   1.0530611874104465     
    12983906           3   1.0026775073199452     
    12983906           4  0.76063970281975024     
    12983906           5   1.0826747417420195     
    12983910           1  0.86874370792189637     
    12983910           2  0.71950106238571310     
    12983910           3   1.2117548262562352     
    12983910           4  0.96541618294403220     
    12983910           5   1.2345842204921231     
    12983917           1  0.78886592191200089     
    12983917           2   1.0355331149219034     
    12983917           3   1.1167233118038433     
    12983917           4   1.2980777146292199     
    12983917           5  0.76079993673303170     
    12983932           1   1.1862165775006055     
    12983932           2  0.96198268205749904     
    12983932           3   1.0251179913305064     
    12983932           4  0.66811115182050418     
    12983932           5   1.1585715972908843     
    12983933           1  0.82165292785387833     
    12983933           2   1.0820302893120646     
    12983933           3   1.0429165354451944     
    12983933           4   1.0948204195321718     
    12983933           5  0.95857982785669105     
    12983936           1   1.0343546191567838     
    12983936           2   1.2636197481597460     
    12983936           3   1.2212697485036550     
    12983936           4  0.71155412996367984     
    12983936           5  0.76920175421613524     
    12983937           1  0.95025301190922573     
    12983937           2   1.0791129877983525     
    12983937           3   1.1225188220841127     
    12983937           4  0.90069428543195751     
    12983937           5  0.94742089277635133     
    12983938           1  0.62307615589735243     
    12983938           2   1.3802761121087821     
    12983938           3   1.1386261036805234     
    12983938           4   1.1789606356710229     
    12983938           5  0.67906099264231878     
    12983939           1   1.0716326785743242     
    12983939           2   1.1368272607384100     
    12983939           3  0.74213263876555546     
    12983939           4   1.0386708803107310     
    12983939           5   1.0107365416109790     
    12983941           1   1.0436654294710361     
    12983941           2   1.1261770558242896     
    12983941           3   1.0891980277183477     
    12983941           4  0.83273167902536127     
    12983941           5  0.90822780796096481     
    12983943           1  0.90642056338435917     
    12983943           2  0.96452956963364134     
    12983943           3   1.0658354114519848     
    12983943           4   1.1310225687570223     
    12983943           5  0.93219188677299192     
    12983945           1  0.77265693142051028     
    12983945           2   1.0940752725887519     
    12983945           3   1.0395623534483875     
    12983945           4  0.81199870572673305     
    12983945           5   1.2817067368156174     
    12983947           1  0.74719661428348927     
    12983947           2   1.2997852831753378     
    12983947           3   1.1777968781196022     
    12983947           4  0.87191600101669364     
    12983947           5  0.90330522340487673     
    12983948           1  0.92431600021590388     
    12983948           2   1.1210050412958490     
    12983948           3  0.90738384191540755     
    12983948           4   1.0435040768990416     
    12983948           5   1.0037910396737977     
    12983950           1   1.0730499343651254     
    12983950           2   1.1430734317154996     
    12983950           3  0.74311412412043698     
    12983950           4   1.0286892487642119     
    12983950           5   1.0120732610347263     
    12983953           1   1.1610609458233114     
    12983953           2   1.1514056297535926     
    12983953           3  0.89339238183987169     
    12983953           4  0.95721779375328009     
    12983953           5  0.83692324882994373     
    12983954           1   1.0857889104039593     
    12983954           2   1.0203205595168467     
    12983954           3  0.90631784446189145     
    12983954           4   1.0983313094727252     
    12983954           5  0.88924137614457832     
    12983957           1   1.0942069756708337     
    12983957           2  0.61444407586129002     
    12983957           3   1.2173222008757800     
    12983957           4  0.93672060571796001     
    12983957           5   1.1373061418741364     
    12983958           1  0.78740834148950778     
    12983958           2  0.99883833267975142     
    12983958           3  0.90859545383281459     
    12983958           4   1.3079316529076208     
    12983958           5  0.99722621909030451     
    12983959           1   1.0770407045681825     
    12983959           2   1.0476459135908387     
    12983959           3  0.81384058547362170     
    12983959           4   1.2250339772122802     
    12983959           5  0.83643881915507690     
    12983962           1  0.83497889298000483     
    12983962           2   1.1062351478087757     
    12983962           3   1.0335115759392475     
    12983962           4  0.82843208883224173     
    12983962           5   1.1968422944397299     
    12983964           1   1.1475551114164060     
    12983964           2  0.82182806432027633     
    12983964           3  0.90643285548983310     
    12983964           4   1.1999950580947223     
    12983964           5  0.92418891067876185     
    12983965           1   1.0961661399471381     
    12983965           2  0.97515581527476680     
    12983965           3  0.85418088904261946     
    12983965           4   1.2064407863847095     
    12983965           5  0.86805636935076591     
    12983967           1   1.2653476792331433     
    12983967           2  0.78447223981184999     
    12983967           3   1.1653962156486375     
    12983967           4  0.70802468745222102     
    12983967           5   1.0767591778541472     
    12983968           1   1.1279596041376836     
    12983968           2  0.76777883076904085     
    12983968           3   1.4693110603032298     
    12983968           4  0.67853506320260581     
    12983968           5  0.95641544158743985     
    12983969           1   1.2474894059611548     
    12983969           2  0.65808950083400142     
    12983969           3   1.3649860656373631     
    12983969           4  0.65942451668105984     
    12983969           5   1.0700105108864213     
    12983971           1  0.99577815684861726     
    12983971           2  0.64823306011544213     
    12983971           3  0.99447676686506936     
    12983971           4   1.2279704844801500     
    12983971           5   1.1335415316907214     
    12983972           1   1.0569249793207125     
    12983972           2  0.99378261270807478     
    12983972           3  0.93109961496879323     
    12983972           4   1.3220337240218554     
    12983972           5  0.69615906898056434     
    12983973           1  0.61565116259849562     
    12983973           2   1.3692015174355707     
    12983973           3   1.1792671233359933     
    12983973           4   1.1649113501436925     
    12983973           5  0.67096884648624777     
    12983974           1  0.61552615028591351     
    12983974           2   1.3689234914064097     
    12983974           3   1.1800429501055785     
    12983974           4   1.1646748066744657     
    12983974           5  0.67083260152763236     
    12983975           1  0.75223123563971017     
    12983975           2  0.89484451090371064     
    12983975           3  0.93536185373603142     
    12983975           4   1.0482398144281107     
    12983975           5   1.3693225852924378     
    12983976           1   1.2701927000377289     
    12983976           2  0.67006619530110101     
    12983976           3   1.3232976659137736     
    12983976           4  0.64695960554048471     
    12983976           5   1.0894838332069126     
    12983978           1  0.99786523404843686     
    12983978           2   1.0129752186787591     
    12983978           3   1.4082636599458322     
    12983978           4  0.80607949540261969     
    12983978           5  0.77481639192435225     
    12983979           1   1.4293699487573270     
    12983979           2   1.2198702277529088     
    12983979           3  0.84450812848210122     
    12983979           4  0.70356476271094259     
    12983979           5  0.80268693229672083     
    12983980           1  0.84270557607354679     
    12983980           2   1.0823972534820012     
    12983980           3  0.82835022013511483     
    12983980           4   1.0849429606554617     
    12983980           5   1.1616039896538750     
    12983981           1   1.1525245145335457     
    12983981           2  0.91815253049509515     
    12983981           3   1.0747187524314770     
    12983981           4  0.86341999753917864     
    12983981           5  0.99118420500070314     
    12983982           1  0.84980087456409226     
    12983982           2   1.1258722872937910     
    12983982           3   1.0146794101984449     
    12983982           4  0.79155959712405721     
    12983982           5   1.2180878308196148     
    12983983           1   1.1384649961493669     
    12983983           2  0.80343218339495137     
    12983983           3  0.88614317252532560     
    12983983           4   1.1731342496627946     
    12983983           5  0.99882539826756200     
    12983986           1   1.0104497164856343     
    12983986           2  0.95522024389025051     
    12983986           3  0.98668077081852468     
    12983986           4  0.97144395454452892     
    12983986           5   1.0762053142610615     
    12983987           1   1.1475001831430500     
    12983987           2   1.0023877458146804     
    12983987           3   1.0041290753073506     
    12983987           4  0.76174087466663254     
    12983987           5   1.0842421210682855     
    12983988           1   1.2656216125341533     
    12983988           2  0.40154776815797744     
    12983988           3   1.1682991704110439     
    12983988           4   1.0155675174048175     
    12983988           5   1.1489639314920086     
    12983990           1   1.0348896987528684     
    12983990           2  0.94669564752469582     
    12983990           3   1.0370230930845254     
    12983990           4  0.98331613504855198     
    12983990           5  0.99807542558935824     
    12983991           1   1.1441141409177393     
    12983991           2  0.81622761003623734     
    12983991           3   1.0114165195921794     
    12983991           4  0.96152362725032470     
    12983991           5   1.0667181022035190     
    12983992           1   1.0415091554901261     
    12983992           2  0.93649674183730325     
    12983992           3   1.1013472240780120     
    12983992           4  0.90449702546316024     
    12983992           5   1.0161498531313988     
    12983993           1  0.78268326931184973     
    12983993           2   1.0557735633369767     
    12983993           3  0.79943702974785125     
    12983993           4  0.93307066379303816     
    12983993           5   1.4290354738102842     
    12983994           1  0.58593877467703825     
    12983994           2  0.78185008559868019     
    12983994           3   1.3567986089756341     
    12983994           4   1.0916683416821462     
    12983994           5   1.1837441890665010     
    12983996           1  0.76422771686732871     
    12983996           2  0.94121910801913578     
    12983996           3   1.0748265170798310     
    12983996           4   1.2095832980805854     
    12983996           5   1.0101433599531195     
    12983997           1  0.70983816087233254     
    12983997           2   1.2811376766094167     
    12983997           3   1.1360312009884503     
    12983997           4  0.91064269303764278     
    12983997           5  0.96235026849215777     
    12983998           1   1.0436455071862047     
    12983998           2   1.3023363712153382     
    12983998           3   1.0739588271320322     
    12983998           4  0.82580777341430189     
    12983998           5  0.75425152105212367     
    12983999           1   1.2102164749781770     
    12983999           2   1.0389828902738478     
    12983999           3  0.82042527042721047     
    12983999           4   1.2345471118841660     
    12983999           5  0.69582825243659863     
    12984000           1   1.0314351691588091     
    12984000           2   1.0362468760009667     
    12984000           3  0.72163666129989845     
    12984000           4  0.91550994578970768     
    12984000           5   1.2951713477506190     
    12984001           1   1.0823294965827883     
    12984001           2   1.0527903629309916     
    12984001           3  0.81783693730262774     
    12984001           4   1.2145839794661819     
    12984001           5  0.83245922371741010     
