    11271950           1   1.0616279009514864     
    11271950           2  0.89162920548977231     
    11271950           3   1.1965120052949274     
    11271950           4  0.87262828051769648     
    11271950           5  0.97760260774611751     
    11636133           1  0.83133831772685207     
    11636133           2  0.91195852592228921     
    11636133           3   1.0430427101596504     
    11636133           4   1.0644419214169007     
    11636133           5   1.1492185247743079     
    11816180           1   1.4809277386233204     
    11816180           2   1.1797320774683346     
    11816180           3   1.3426536888457870     
    11816180           4  0.99525232167548938     
    11816180           5   1.4341733870680818E-003
    11861039           1   1.4248618537909024     
    11861039           2   1.6126133203692978     
    11861039           3  0.22212737711865677     
    11861039           4  0.95633943459975279     
    11861039           5  0.78405801412139020     
    11885998           1   1.1547795134656234     
    11885998           2  0.84310587245825397     
    11885998           3   1.1473853396444973     
    11885998           4   1.0123416197731110     
    11885998           5  0.84238765465851506     
    11906818           1  0.39641627334285395     
    11906818           2   1.1519244695263466     
    11906818           3  0.81505867397250498     
    11906818           4   1.3753953300395438     
    11906818           5   1.2612052531187508     
    11976631           1  0.68953894554122941     
    11976631           2   1.2218141927575823     
    11976631           3   1.0902852000972227     
    11976631           4   1.0760468994374308     
    11976631           5  0.92231476216653407     
    11985694           1   1.3870531508502622     
    11985694           2   1.1726985287125533     
    11985694           3   1.6812885655240750     
    11985694           4  0.22084557242425176     
    11985694           5  0.53811418248885845     
    12083800           1  0.95776261606206703     
    12083800           2  0.78694967622169820     
    12083800           3   1.2345027365448211     
    12083800           4  0.93865467757389842     
    12083800           5   1.0821302935975152     
    12103206           1   1.0163155057743705     
    12103206           2  0.87811009429680220     
    12103206           3  0.96523339344137726     
    12103206           4   1.1683458349302160     
    12103206           5  0.97199517155723414     
    12134704           1   1.0569179758426197     
    12134704           2   1.1752368732716238     
    12134704           3   1.1807447171948948     
    12134704           4  0.62538081605348717     
    12134704           5  0.96171961763737501     
    12137937           1  0.73101650822120623     
    12137937           2   1.2514232310956355     
    12137937           3  0.15454909851622223     
    12137937           4   1.4931349598529395     
    12137937           5   1.3698762023139963     
    12164710           1  0.83478096413380420     
    12164710           2  0.42087003236557363     
    12164710           3  0.80704446215219960     
    12164710           4   1.6906946266164455     
    12164710           5   1.2466099147319769     
    12171356           1  0.79216808783129533     
    12171356           2  0.70979596153862001     
    12171356           3  0.87938974509828460     
    12171356           4   1.2042664307283057     
    12171356           5   1.4143797748034941     
    12174529           1  0.75454251621529800     
    12174529           2   1.3170651136107461     
    12174529           3   1.1041633731347806     
    12174529           4  0.98803258121107973     
    12174529           5  0.83619641582809445     
    12215402           1  0.89062383963602343     
    12215402           2  0.94042187871846594     
    12215402           3  0.84641762735794945     
    12215402           4   1.1698388484420168     
    12215402           5   1.1526978058455448     
    12224718           1  0.33883355801354409     
    12224718           2  0.75311613207835115     
    12224718           3   1.1150704543402845     
    12224718           4   1.1502296703013895     
    12224718           5   1.6427501852664304     
    12238398           1   1.3811447455817030     
    12238398           2   1.2335723122950208     
    12238398           3  0.39382105040509213     
    12238398           4   1.2867891501168738     
    12238398           5  0.70467274160131066     
    12241150           1   1.0759461095879843     
    12241150           2   1.2174437675548644     
    12241150           3  0.70825769009710060     
    12241150           4   1.1096228701849173     
    12241150           5  0.88872956257513291     
    12252935           1  0.85717333004404628     
    12252935           2   1.4219826454148909     
    12252935           3   1.1873438089983053     
    12252935           4  0.95197735198151490     
    12252935           5  0.58152286356124328     
    12270579           1  0.96113429802617156     
    12270579           2   1.0832507874149779     
    12270579           3   1.2802763356711726     
    12270579           4  0.96919372906334733     
    12270579           5  0.70614484982433012     
    12271153           1  0.76138761624287721     
    12271153           2   1.1429450231172145     
    12271153           3   1.3826194144510875     
    12271153           4  0.81707822363692639     
    12271153           5  0.89596972255189511     
    12285172           1   1.7269058848281711     
    12285172           2   1.3132172515181255     
    12285172           3   1.2263886496892464     
    12285172           4  0.40461121181719106     
    12285172           5  0.32887700214726578     
    12289298           1  0.61492678416268476     
    12289298           2   1.0186652066954398     
    12289298           3   1.1783841395525809     
    12289298           4   1.3570495848059168     
    12289298           5  0.83097428478337787     
    12290056           1  0.71867985616223018     
    12290056           2   1.1666442597754547     
    12290056           3  0.93657193571890629     
    12290056           4   1.1551316115560333     
    12290056           5   1.0229723367873760     
    12290632           1   1.0688714532838657     
    12290632           2  0.51482065035436053     
    12290632           3  0.83345964972258890     
    12290632           4   1.2865090651578259     
    12290632           5   1.2963391814813590     
    12310270           1  0.65582888472356282     
    12310270           2   1.1968352833098777     
    12310270           3   1.3008895453053000     
    12310270           4  0.84745366380434117     
    12310270           5  0.99899262285691792     
    12324370           1  0.68686467094309200     
    12324370           2   1.5989250078188988     
    12324370           3  0.99594825893817895     
    12324370           4  0.97958546682294112     
    12324370           5  0.73867659547688869     
    12331425           1   1.1773817281397689     
    12331425           2   1.4639492596003161     
    12331425           3   1.3513553675444738     
    12331425           4   5.3812805780399355E-002
    12331425           5  0.95350083893504234     
    12342965           1  0.60931254602457896     
    12342965           2   1.1377751661954605     
    12342965           3  0.61310338109210549     
    12342965           4   1.2798458034354943     
    12342965           5   1.3599631032523614     
    12348769           1  0.82104591500921642     
    12348769           2  0.68553243047298273     
    12348769           3   1.2744561314486216     
    12348769           4   1.2784996650493117     
    12348769           5  0.94046585801986782     
    12354631           1  0.81427930893062339     
    12354631           2   1.0151814135217856     
    12354631           3  0.91989825602918418     
    12354631           4   1.2655690241754900     
    12354631           5  0.98507199734291762     
    12371272           1  0.77685883386958221     
    12371272           2  0.96246000858163228     
    12371272           3  0.78814713471686371     
    12371272           4   1.1766240956751548     
    12371272           5   1.2959099271567669     
    12378917           1   1.1893957069869530     
    12378917           2  0.94730352631079684     
    12378917           3  0.90619169637691266     
    12378917           4   1.0817084891530941     
    12378917           5  0.87540058117224306     
    12379853           1   1.0089574913945578     
    12379853           2   1.0967683198847449     
    12379853           3   1.1319037221690409     
    12379853           4  0.97279601037917030     
    12379853           5  0.78957445617248567     
    12384466           1  0.61829815764895402     
    12384466           2  0.77566154689869349     
    12384466           3  0.60965243314183093     
    12384466           4   1.4698601569002887     
    12384466           5   1.5265277054102335     
    12394909           1  0.76244310785307179     
    12394909           2  0.38882565418130294     
    12394909           3  0.38669899003227959     
    12394909           4   1.6634337564862771     
    12394909           5   1.7985984914470683     
    12405238           1   1.0794765177046686     
    12405238           2  0.82843173722596353     
    12405238           3   1.0517828798413480     
    12405238           4   1.0393941045994266     
    12405238           5   1.0009147606285933     
    12407719           1  0.95647985136921720     
    12407719           2   1.1324466796484054     
    12407719           3   1.1192065486270089     
    12407719           4   1.0060748743408565     
    12407719           5  0.78579204601451202     
    12414250           1  0.88379139582840960     
    12414250           2  0.89469316333697257     
    12414250           3   1.4577937374039913     
    12414250           4   1.0851276362558351     
    12414250           5  0.67859406717479120     
    12422069           1   1.1731010456498916     
    12422069           2   1.7734925814965081     
    12422069           3  0.66453044479911116     
    12422069           4  0.74701155129655672     
    12422069           5  0.64186437675793195     
    12434494           1   1.2833031532894676     
    12434494           2   1.0231295177232593     
    12434494           3   1.0939253722115894     
    12434494           4  0.96395063293425354     
    12434494           5  0.63569132384143023     
    12438245           1  0.96065342665231812     
    12438245           2  0.87587345040742026     
    12438245           3   1.0673079901709670     
    12438245           4   1.0363906374764336     
    12438245           5   1.0597744952928609     
    12438524           1  0.99356623568523550     
    12438524           2   1.1376874278190008     
    12438524           3   1.4180654917837416     
    12438524           4  0.78436317310284154     
    12438524           5  0.66631767160918143     
    12445580           1   1.0862611192814899     
    12445580           2  0.81955303849496297     
    12445580           3   1.1637313792147084     
    12445580           4   1.1738289659347991     
    12445580           5  0.75662549707404014     
    12447325           1  0.94899036745312348     
    12447325           2  0.96636051122974331     
    12447325           3  0.50304269046238370     
    12447325           4   1.3455121828455836     
    12447325           5   1.2360942480091657     
    12449442           1  0.79066941504664134     
    12449442           2  0.85175310164915818     
    12449442           3  0.81119833387348739     
    12449442           4   1.2660876755976300     
    12449442           5   1.2802914738330837     
    12453019           1  0.48909022045277162     
    12453019           2  0.94024856422748959     
    12453019           3   1.0000379130864165     
    12453019           4   1.2906845146752211     
    12453019           5   1.2799387875581010     
    12454897           1   1.4251733777208762     
    12454897           2  0.54946212482170509     
    12454897           3   1.1485558196931955     
    12454897           4   1.1308868859896055     
    12454897           5  0.74592179177461770     
    12467554           1   1.0069362276184433     
    12467554           2  0.79016784635624482     
    12467554           3   1.5356369630415747     
    12467554           4   1.0024066460228611     
    12467554           5  0.66485231696087610     
    12470188           1  0.79325263637661658     
    12470188           2  0.87062736439885868     
    12470188           3   1.1026458187794368     
    12470188           4   1.1713637834716906     
    12470188           5   1.0621103969733967     
    12471617           1  0.98406108080303523     
    12471617           2   1.2222353613254568     
    12471617           3   1.0796843994288512     
    12471617           4  0.75325453658708863     
    12471617           5  0.96076462185556855     
    12479237           1   1.0857330175723852     
    12479237           2   1.0122189777340247     
    12479237           3  0.96404843081446767     
    12479237           4   1.0257646697714053     
    12479237           5  0.91223490410771724     
    12481180           1  0.75105105902253644     
    12481180           2   1.3807127816833082     
    12481180           3   1.1775491626221830     
    12481180           4   1.0442914169411208     
    12481180           5  0.64639557973085171     
    12482298           1  0.98521208515303771     
    12482298           2  0.99864480977336723     
    12482298           3   1.1605693509035873     
    12482298           4  0.99080023482159896     
    12482298           5  0.86477351934840907     
    12484102           1  0.57251315167750882     
    12484102           2  0.78010579147002868     
    12484102           3   1.2346378540468737     
    12484102           4   1.2384000795155581     
    12484102           5   1.1743431232900310     
    12490709           1   1.2981488878444252     
    12490709           2   1.9136080736440164     
    12490709           3  0.38400495398523166     
    12490709           4  0.45466645516333404     
    12490709           5  0.94957162936299233     
    12491465           1  0.48701791034593406     
    12491465           2  0.95745002027748327     
    12491465           3  0.99580068120598508     
    12491465           4   1.2852157924381988     
    12491465           5   1.2745155957323993     
    12498293           1   1.3922144718981864     
    12498293           2  0.85421666057462620     
    12498293           3  0.97885722809782394     
    12498293           4  0.81948147820029338     
    12498293           5  0.95523016122907023     
    12504876           1  0.69668549730650164     
    12504876           2  0.73152495590950517     
    12504876           3   1.2799753849045112     
    12504876           4   1.1458587279337791     
    12504876           5   1.1459554339457030     
    12517417           1  0.85060968300440709     
    12517417           2  0.56767573557196616     
    12517417           3  0.86170233839238808     
    12517417           4   1.3755675404498549     
    12517417           5   1.3444447025813837     
    12523716           1  0.53504831871677572     
    12523716           2  0.92853564412063894     
    12523716           3   1.1892185378518698     
    12523716           4   1.2653254426324778     
    12523716           5   1.0818720566782380     
    12526981           1  0.88115071971540215     
    12526981           2   1.1437103396114405     
    12526981           3   1.3609403650608469     
    12526981           4   1.0214334596891521     
    12526981           5  0.59276511592315861     
    12527526           1   1.0747184931998091     
    12527526           2  0.40111614264566975     
    12527526           3  0.90629823453715741     
    12527526           4   1.3608764630884589     
    12527526           5   1.2569906665289043     
    12531286           1   1.4476475521720664     
    12531286           2  0.91762641022282498     
    12531286           3  0.52052375448303134     
    12531286           4   1.0290670712742183     
    12531286           5   1.0851352118478590     
    12543545           1   7.4660664671333504E-002
    12543545           2   1.2202759359963624     
    12543545           3   1.1214113841899906     
    12543545           4   1.3957325923607942     
    12543545           5   1.1879194227815193     
    12543638           1  0.86080386945461884     
    12543638           2   1.1970754851133929     
    12543638           3   1.2780984570120393     
    12543638           4  0.97145094599278337     
    12543638           5  0.69257124242716617     
    12545993           1  0.84675316136755441     
    12545993           2   1.1214431888108654     
    12545993           3   1.1857353333507681     
    12545993           4  0.84978051712467351     
    12545993           5  0.99628779934613909     
    12546479           1  0.79876592143474801     
    12546479           2  0.92453465183345473     
    12546479           3   1.3850687770100514     
    12546479           4   1.2452351727700233     
    12546479           5  0.64639547695172384     
    12548457           1  0.73788598265507099     
    12548457           2  0.83661969299675554     
    12548457           3   1.3408272450761312     
    12548457           4  0.82259181316877661     
    12548457           5   1.2620752661032657     
    12549813           1   1.0030690926165875     
    12549813           2  0.73172567782968045     
    12549813           3  0.75839520533036497     
    12549813           4   1.4103915679402754     
    12549813           5   1.0964184562830916     
    12550404           1  0.95355956323699753     
    12550404           2   1.1620516852945757     
    12550404           3   1.3121593274703349     
    12550404           4  0.93381674256033531     
    12550404           5  0.63841268143775687     
    12555222           1   1.1217956077384850     
    12555222           2   1.2347100815448027     
    12555222           3   1.3699034376585462     
    12555222           4  0.86004937404343051     
    12555222           5  0.41354149901473675     
    12557709           1   1.1928849435479187     
    12557709           2  0.53084741542601610     
    12557709           3  0.79339932654536138     
    12557709           4   1.1711078773482504     
    12557709           5   1.3117604371324525     
    12563582           1  0.94525231660740772     
    12563582           2  0.94472420425916837     
    12563582           3  0.49230198302010225     
    12563582           4   1.0259990557190979     
    12563582           5   1.5917224403942243     
    12567233           1   1.2092039456432029     
    12567233           2   1.1062952814542331     
    12567233           3   1.1128177910097277     
    12567233           4  0.60057019418347457     
    12567233           5  0.97111278770936182     
    12568344           1   1.0092147693259637     
    12568344           2  0.52183995273281558     
    12568344           3   1.0040111151167368     
    12568344           4   1.2731294017910213     
    12568344           5   1.1918047610334630     
    12571663           1   1.3599427387738314     
    12571663           2  0.91061110188179040     
    12571663           3  0.65802940737577098     
    12571663           4   1.1271945633736531     
    12571663           5  0.94422218859495410     
    12575100           1  0.85055059075280759     
    12575100           2  0.92143378099333950     
    12575100           3  0.99557434693840219     
    12575100           4   1.2028459074865709     
    12575100           5   1.0295953738288801     
    12576768           1  0.75480817314891457     
    12576768           2  0.83637045028638890     
    12576768           3   1.2634346506823515     
    12576768           4  0.79534294547818407     
    12576768           5   1.3500437804041610     
    12577105           1   1.0847630775797896     
    12577105           2  0.83601066512521782     
    12577105           3   1.0289253127555089     
    12577105           4   1.0444843674052324     
    12577105           5   1.0058165771342520     
    12589261           1  0.97359916967125859     
    12589261           2  0.49499774885713432     
    12589261           3  0.84383873989196456     
    12589261           4   1.2074589719982110     
    12589261           5   1.4801053695814321     
    12595285           1  0.83350403693700004     
    12595285           2  0.53195551612462522     
    12595285           3   1.1170466459770352     
    12595285           4  0.98202000134990386     
    12595285           5   1.5354737996114358     
    12596948           1   1.1400683248158232     
    12596948           2  0.78198646801281280     
    12596948           3  0.81256030696030690     
    12596948           4  0.93691862652742286     
    12596948           5   1.3284662736836346     
    12599244           1  0.79815516713641510     
    12599244           2   1.4157116639863994     
    12599244           3   1.1821075911024881     
    12599244           4   1.0250672455664869     
    12599244           5  0.57895833220821002     
    12599302           1  0.49434573110466334     
    12599302           2   1.2881671963183721     
    12599302           3  0.57983531405319066     
    12599302           4   1.2635763818559798     
    12599302           5   1.3740753766677936     
    12600152           1  0.95803601401662697     
    12600152           2   1.3334922368334809     
    12600152           3  0.38131046676729347     
    12600152           4   1.1354470717501488     
    12600152           5   1.1917142106324494     
    12600933           1   1.3872845741644426     
    12600933           2  0.58947095601937238     
    12600933           3  0.54205039104056330     
    12600933           4   1.1747438113617883     
    12600933           5   1.3064502674138343     
    12600976           1   1.2180202770432271     
    12600976           2  0.95891802435759532     
    12600976           3   1.1522625555218933     
    12600976           4  0.97514543921764729     
    12600976           5  0.69565370385963732     
    12601536           1   1.1365992179156892     
    12601536           2  0.87789431426690367     
    12601536           3   1.4360202555985284     
    12601536           4  0.93204054411773418     
    12601536           5  0.61744566810114376     
    12605673           1  0.82956518454250938     
    12605673           2   1.3501814867676365     
    12605673           3   1.1345490409873484     
    12605673           4   1.0071967368344756     
    12605673           5  0.67850755086803038     
    12630275           1   1.2148141889219717     
    12630275           2   1.4560468713467116     
    12630275           3  0.51241401819845245     
    12630275           4  0.84248086432992886     
    12630275           5  0.97424405720293505     
    12630333           1  0.61042734863640924     
    12630333           2  0.86549701220918884     
    12630333           3   1.0249102338780456     
    12630333           4   1.4324846431187426     
    12630333           5   1.0666807621576146     
    12631116           1   1.0307688557032173     
    12631116           2  0.65443683399455299     
    12631116           3  0.79565698513476502     
    12631116           4   1.1231157127704354     
    12631116           5   1.3960216123970284     
    12639836           1  0.27358240951146545     
    12639836           2   1.3684055178665260     
    12639836           3   1.0047072703431341     
    12639836           4   1.1191063291930941     
    12639836           5   1.2341984730857805     
    12652131           1  0.62759711849353161     
    12652131           2   1.0150844244282875     
    12652131           3   1.5086602368456274     
    12652131           4   1.1896997078010283     
    12652131           5  0.65895851243152537     
    12654335           1   1.5526628896422441     
    12654335           2  0.71709350023057727     
    12654335           3  0.83656420838709555     
    12654335           4  0.77955609587662489     
    12654335           5   1.1141233058634585     
    12657205           1   1.1867004029426120     
    12657205           2   1.5123309851936775     
    12657205           3  0.68339935393380302     
    12657205           4   1.0754003850892377     
    12657205           5  0.54216887284066928     
    12659707           1   1.2998862347555380     
    12659707           2   1.9588268396931299     
    12659707           3  0.35893786745293071     
    12659707           4  0.52140023450670570     
    12659707           5  0.86094882359169556     
    12662858           1  0.86003366247623292     
    12662858           2  0.84338534706082102     
    12662858           3  0.66481178181850997     
    12662858           4   1.1706207817134826     
    12662858           5   1.4611484269309531     
    12664340           1  0.64239132765080920     
    12664340           2   1.0431544311906149     
    12664340           3   1.0502015977233456     
    12664340           4   1.2549242711688806     
    12664340           5   1.0093283722663489     
    12664368           1  0.48750982801601683     
    12664368           2   1.1163245474795243     
    12664368           3  0.94642123206280704     
    12664368           4   1.3043324497053830     
    12664368           5   1.1454119427362683     
    12664915           1  0.86598695286600247     
    12664915           2  0.99432238647105731     
    12664915           3   1.0096237554954115     
    12664915           4   1.2303691391141107     
    12664915           5  0.89969776605341722     
    12668337           1  0.84625595469223980     
    12668337           2  0.75877429543330444     
    12668337           3  0.80733899114714691     
    12668337           4   1.4006311175219381     
    12668337           5   1.1869996412053712     
    12668826           1  0.88356804707799041     
    12668826           2  0.57918993881057335     
    12668826           3   1.0038047221874558     
    12668826           4   1.1807637871859089     
    12668826           5   1.3526735047380714     
    12669301           1  0.32754832290624791     
    12669301           2   1.2821813933210593     
    12669301           3  0.75863817093666641     
    12669301           4   1.4094724010132567     
    12669301           5   1.2221597118227696     
    12669695           1  0.95693942561294321     
    12669695           2   1.1334730719215727     
    12669695           3   1.0620455185290025     
    12669695           4   1.2471410085096144     
    12669695           5  0.60040097542686732     
    12670904           1   1.0206497004069288     
    12670904           2   1.1778638184270489     
    12670904           3  0.99946483865869806     
    12670904           4   1.0786419434450376     
    12670904           5  0.72337969906228661     
    12672163           1   1.1181827209186894     
    12672163           2  0.77406564109920384     
    12672163           3   1.2563194216648768     
    12672163           4   1.0609197928080520     
    12672163           5  0.79051242350917705     
    12673232           1  0.18962598501997180     
    12673232           2   1.2702215425298897     
    12673232           3  0.73080513034683148     
    12673232           4   1.4261820146628970     
    12673232           5   1.3831653274404090     
    12675891           1  0.80509180767628130     
    12675891           2   1.0391074808471672     
    12675891           3   1.0632017955632787     
    12675891           4   1.3371675168199526     
    12675891           5  0.75543139909332013     
    12678243           1  0.98758157265594781     
    12678243           2  0.93856500212843219     
    12678243           3  0.83683870096531188     
    12678243           4   1.2679526819997233     
    12678243           5  0.96906204225058479     
    12680591           1   1.1200574436032955     
    12680591           2  0.75542981215461502     
    12680591           3   1.0458613477860130     
    12680591           4  0.89664930197309178     
    12680591           5   1.1820020944829843     
    12681811           1  0.78792447264285548     
    12681811           2  0.40338479960070367     
    12681811           3   1.1970400990277481     
    12681811           4   1.2563048473183149     
    12681811           5   1.3553457814103775     
    12689109           1  0.94581794410161324     
    12689109           2   1.2306876716988753     
    12689109           3  0.92486670635407520     
    12689109           4  0.85516657931194651     
    12689109           5   1.0434610985334896     
    12694417           1  0.99311582345163640     
    12694417           2   1.1699906864424128     
    12694417           3   1.5637133541603285     
    12694417           4  0.59834075743662352     
    12694417           5  0.67483937850899767     
    12694641           1  0.80824415454055043     
    12694641           2  0.87153482993991460     
    12694641           3   1.4969796563497639     
    12694641           4  0.92354665056083940     
    12694641           5  0.89969470860893075     
    12696497           1  0.54897235471299632     
    12696497           2   1.1407537306495334     
    12696497           3  0.89054299610392407     
    12696497           4   1.4822092864435488     
    12696497           5  0.93752163208999695     
    12700275           1  0.90160144688930399     
    12700275           2   1.3131950790994937     
    12700275           3   1.4775901694310933     
    12700275           4  0.76218472445408925     
    12700275           5  0.54542858012601947     
    12700417           1  0.68996736542602566     
    12700417           2  0.81893869132881325     
    12700417           3   1.2148893675781549     
    12700417           4  0.97483384665781625     
    12700417           5   1.3013707290091909     
    12704730           1  0.59917257612113406     
    12704730           2  0.88458736236442748     
    12704730           3   1.2320549715408629     
    12704730           4   1.3412790851972851     
    12704730           5  0.94290600477628961     
    12710910           1  0.92894278125439278     
    12710910           2  0.88794213602502237     
    12710910           3  0.77541508027006278     
    12710910           4   1.1720457289978681     
    12710910           5   1.2356542734526546     
    12713774           1   1.3387756478700439     
    12713774           2  0.77035024164073518     
    12713774           3  0.86473035148508348     
    12713774           4   1.1455136561007473     
    12713774           5  0.88063010290338894     
    12714134           1   1.3227231673718429     
    12714134           2  0.76111341973529023     
    12714134           3  0.91431396580701940     
    12714134           4   1.1317784677932552     
    12714134           5  0.87007097929259136     
    12714270           1   1.2334023297276457     
    12714270           2  0.95492670171978422     
    12714270           3   1.0750361563111936     
    12714270           4  0.79017627118580580     
    12714270           5  0.94645854105556992     
    12715176           1  0.57521008902036963     
    12715176           2   1.2724912698548727     
    12715176           3   1.1795945044708716     
    12715176           4   1.0199789328170892     
    12715176           5  0.95272520383679560     
    12715761           1   1.0063445622593274     
    12715761           2   1.0167078306833648     
    12715761           3   1.3157737721080092     
    12715761           4  0.82780826592640588     
    12715761           5  0.83336556902289172     
    12718431           1  0.38925940307091472     
    12718431           2  0.96955155943052296     
    12718431           3   1.1964255429519446     
    12718431           4   1.2784397029700372     
    12718431           5   1.1663237915765807     
    12726801           1   1.3605769588071976     
    12726801           2  0.79825394797380211     
    12726801           3  0.79579213290232309     
    12726801           4  0.78161973494179793     
    12726801           5   1.2637572253748792     
    12726934           1  0.68042064804068658     
    12726934           2   1.0536640792502348     
    12726934           3   1.2737847513553577     
    12726934           4  0.90811765542291600     
    12726934           5   1.0840128659308050     
    12729235           1   1.0700638438238002     
    12729235           2  0.31401392470458767     
    12729235           3  0.96193241021943721     
    12729235           4   1.3231866303593118     
    12729235           5   1.3308031908928635     
    12731067           1  0.63560893781043581     
    12731067           2   1.1078818008604774     
    12731067           3   1.1221025126388979     
    12731067           4   1.2223333412950901     
    12731067           5  0.91207340739509835     
    12737012           1  0.94012303642514372     
    12737012           2  0.89259084081088280     
    12737012           3   1.2699777246085289     
    12737012           4  0.99121976848940185     
    12737012           5  0.90608862966604264     
    12738475           1   1.0532570836304478     
    12738475           2  0.82216163423413657     
    12738475           3   1.5211009129281052     
    12738475           4   1.2349728642207227     
    12738475           5  0.36850750498658796     
    12740135           1   1.3955194444280068     
    12740135           2  0.86808483622625709     
    12740135           3  0.88446799405076360     
    12740135           4  0.94853246749936160     
    12740135           5  0.90339525779561058     
    12744474           1  0.76320113791463229     
    12744474           2  0.66225548774075393     
    12744474           3   1.2809622379779351     
    12744474           4   1.1467421778975104     
    12744474           5   1.1468389584691692     
    12745213           1  0.85562535951448493     
    12745213           2   1.5198319614485676     
    12745213           3  0.34991339085960826     
    12745213           4   1.0383769773463392     
    12745213           5   1.2362523108310013     
    12745645           1  0.94675010409978544     
    12745645           2   1.0298488885978960     
    12745645           3  0.88886996609419278     
    12745645           4  0.74905394679973247     
    12745645           5   1.3854770944083938     
    12746941           1  0.49942501530161088     
    12746941           2   1.1507065705868258     
    12746941           3  0.64290978933461618     
    12746941           4   1.2748957541404893     
    12746941           5   1.4320628706364587     
    12749220           1  0.50795856518427351     
    12749220           2  0.87341253673189023     
    12749220           3  0.58630712268372331     
    12749220           4   1.5460647851566065     
    12749220           5   1.4862569902435068     
    12749533           1   1.2678727032410442     
    12749533           2   1.1843277317667322     
    12749533           3  0.82817784217452084     
    12749533           4  0.89704313695325566     
    12749533           5  0.82257858586444721     
    12751651           1  0.91598483798802699     
    12751651           2  0.58569147056266802     
    12751651           3   1.2575690915877211     
    12751651           4  0.99091506315340971     
    12751651           5   1.2498395367081745     
    12751743           1   1.1439120980568320     
    12751743           2  0.73105453802182940     
    12751743           3  0.98263483210722746     
    12751743           4  0.92386670122229719     
    12751743           5   1.2185318305918136     
    12753570           1   1.1906721894687462     
    12753570           2   1.2329790158600702     
    12753570           3   1.0263852408863627     
    12753570           4   1.0794686109648750     
    12753570           5  0.47049494281994636     
    12754961           1  0.54930311967063450     
    12754961           2  0.52737784442302771     
    12754961           3  0.74162197452400935     
    12754961           4   1.6577108058062850     
    12754961           5   1.5239862555760431     
    12755808           1   1.0001929877938409     
    12755808           2  0.51717501302782787     
    12755808           3   1.0397328859626833     
    12755808           4   1.2617483799568365     
    12755808           5   1.1811507332588114     
    12757290           1   1.1461663213892206     
    12757290           2  0.82030389610544896     
    12757290           3  0.96805595044047066     
    12757290           4   1.1591219863110698     
    12757290           5  0.90635184575379002     
    12758377           1  0.43388034446448120     
    12758377           2   1.0089083096270715     
    12758377           3  0.72486151496663365     
    12758377           4   1.3713226889558454     
    12758377           5   1.4610271419859682     
    12761361           1  0.89039156362347249     
    12761361           2  0.55333068301182753     
    12761361           3   1.0089731252126868     
    12761361           4   1.1868433193846379     
    12761361           5   1.3604613087673756     
    12761752           1  0.88799471597303914     
    12761752           2   1.0459944820567697     
    12761752           3   1.3752462657483862     
    12761752           4   1.1808981185973748     
    12761752           5  0.50986641762443008     
    12768278           1   1.2002039472492063     
    12768278           2  0.58994562241272408     
    12768278           3  0.72460640145639466     
    12768278           4   1.2673256717075625     
    12768278           5   1.2179183571741130     
    12768485           1  0.72580775062239700     
    12768485           2  0.67274927970965748     
    12768485           3   1.0490461332948702     
    12768485           4   1.3431345289119792     
    12768485           5   1.2092623074610962     
    12772363           1   1.3987709210025470     
    12772363           2   1.3588010405831232     
    12772363           3  0.90673552217524256     
    12772363           4  0.62974556956920680     
    12772363           5  0.70594694666988100     
    12772950           1  0.69506089607069188     
    12772950           2   1.0280140009621777     
    12772950           3   1.2398153244720140     
    12772950           4   1.0091854470332324     
    12772950           5   1.0279243314618842     
    12772989           1  0.78531917592301270     
    12772989           2   1.4972027790820910     
    12772989           3  0.97880008230459092     
    12772989           4  0.83948823013569696     
    12772989           5  0.89918973255460921     
    12775380           1  0.66221048409974836     
    12775380           2  0.76706078084273277     
    12775380           3   1.2302145019118673     
    12775380           4   1.3933378824082863     
    12775380           5  0.94717635073736495     
    12776709           1  0.46657338858817260     
    12776709           2   1.3608994668781291     
    12776709           3  0.54994476417459293     
    12776709           4   1.4817123987757466     
    12776709           5   1.1408699815833592     
    12776852           1  0.62872140715554869     
    12776852           2   1.1912793105318986     
    12776852           3  0.98075967566038647     
    12776852           4  0.80997379104183131     
    12776852           5   1.3892658156103357     
    12781321           1   1.4191191177780729     
    12781321           2  0.99532622240016899     
    12781321           3  0.97105057784631721     
    12781321           4  0.63714610015263118     
    12781321           5  0.97735798182280964     
    12784120           1   1.0053315629235935     
    12784120           2   1.1219148555018961     
    12784120           3   1.1167166120289815     
    12784120           4  0.96930003678210697     
    12784120           5  0.78673693276342194     
    12789954           1  0.80530455272588697     
    12789954           2   1.0771726887326789     
    12789954           3   1.2224919891984967     
    12789954           4   1.2515336884659547     
    12789954           5  0.64349708087698276     
    12790038           1  0.51994598735889308     
    12790038           2  0.83397259203636631     
    12790038           3  0.58410928727948452     
    12790038           4   1.4102113201771287     
    12790038           5   1.6517608131481274     
    12792487           1   1.1678675157455261     
    12792487           2   1.0784838793118536     
    12792487           3  0.58315292279413100     
    12792487           4   1.1708634798857527     
    12792487           5  0.99963220226273741     
    12794460           1   1.1551097562089485     
    12794460           2  0.83067023330916057     
    12794460           3  0.79618135844884852     
    12794460           4   1.1801151368025322     
    12794460           5   1.0379235152305095     
    12796370           1   1.0069486174511091     
    12796370           2  0.50048049929570848     
    12796370           3   1.0018984979679735     
    12796370           4   1.3013753924808300     
    12796370           5   1.1892969928043791     
    12798694           1  0.94010585315469275     
    12798694           2  0.62418939633774773     
    12798694           3   1.1608085294796819     
    12798694           4   1.1051249713466804     
    12798694           5   1.1697712496811974     
    12802014           1   1.0452306360475645     
    12802014           2   1.0509492316078843     
    12802014           3  0.78564461996439094     
    12802014           4  0.81625951468158164     
    12802014           5   1.3019159976985788     
    12802333           1  0.88022824479024597     
    12802333           2   1.0290118461639968     
    12802333           3   1.3144727409530328     
    12802333           4  0.98032245878805091     
    12802333           5  0.79596470930467322     
    12803135           1   1.3085663822801032     
    12803135           2  0.84440263196675369     
    12803135           3   1.1043687255605212     
    12803135           4  0.98427262686335759     
    12803135           5  0.75838963332926468     
    12804865           1   1.1898077348642220     
    12804865           2   1.2495680168857430     
    12804865           3  0.95059753042026884     
    12804865           4  0.70798513853315148     
    12804865           5  0.90204157929661377     
    12807368           1  0.81072078084476340     
    12807368           2  0.81526970081917072     
    12807368           3  0.65717332466488787     
    12807368           4   1.2873547143977149     
    12807368           5   1.4294814792734634     
    12808548           1  0.70513187678980238     
    12808548           2  0.57160369320818538     
    12808548           3  0.70993598737386399     
    12808548           4   1.5319434413501494     
    12808548           5   1.4813850012779994     
    12808932           1  0.97550694438095731     
    12808932           2   1.1926800883290483     
    12808932           3   1.2631774668443219     
    12808932           4  0.65466326896542426     
    12808932           5  0.91397223148024764     
    12809843           1   1.3143455306159639     
    12809843           2   1.2525892114099901     
    12809843           3  0.77599518469440909     
    12809843           4  0.79498121326276039     
    12809843           5  0.86208886001687635     
    12810821           1  0.91709606113311082     
    12810821           2  0.42879387233761951     
    12810821           3  0.31748780760573009     
    12810821           4   1.7544790711086107     
    12810821           5   1.5821431878149299     
    12813612           1   1.4351992236000612     
    12813612           2   1.2302140970527196     
    12813612           3   1.4455828506211321     
    12813612           4  0.38170947600480010     
    12813612           5  0.50729435272128642     
    12814221           1  0.67892017640744406     
    12814221           2  0.63155455574284680     
    12814221           3  0.50508709100845950     
    12814221           4   1.5091586632296980     
    12814221           5   1.6752795136115517     
    12816339           1   1.2623755976258293     
    12816339           2  0.92744531179548895     
    12816339           3   1.2473143357014906     
    12816339           4  0.73130196355556554     
    12816339           5  0.83156279132162592     
    12816972           1   1.2526844618315087     
    12816972           2  0.73532183702004517     
    12816972           3  0.94259283703358165     
    12816972           4   1.1027267989151368     
    12816972           5  0.96667406519972743     
    12816990           1   1.2778414103604254     
    12816990           2   1.7739096001338919     
    12816990           3   5.8116460030450602E-002
    12816990           4  0.79688913770080649     
    12816990           5   1.0932433917744262     
    12820212           1  0.77861079836585301     
    12820212           2  0.45173927456017915     
    12820212           3  0.47814734663257052     
    12820212           4   1.5439341834886082     
    12820212           5   1.7475683969527895     
    12823751           1  0.64550592799106199     
    12823751           2   1.0001846474405729     
    12823751           3   1.1493132134622199     
    12823751           4   1.2220274173437513     
    12823751           5  0.98296879376239377     
    12824941           1  0.69381372129540653     
    12824941           2  0.94914578631485569     
    12824941           3   1.1982220145424987     
    12824941           4   1.0669497417467622     
    12824941           5   1.0918687361004769     
    12827471           1   1.2068143086577565     
    12827471           2  0.95655590347635167     
    12827471           3  0.68518254681853008     
    12827471           4  0.89241919685284032     
    12827471           5   1.2590280441945216     
    12828302           1   1.2580796310158919     
    12828302           2   1.0030197485600689     
    12828302           3   1.0724240995614904     
    12828302           4  0.94500403391895438     
    12828302           5  0.72147248694359556     
    12828929           1  0.96319855882473138     
    12828929           2  0.70185456597216600     
    12828929           3   1.1116508541430361     
    12828929           4   1.1817699247185758     
    12828929           5   1.0415260963414912     
    12829696           1   1.1143255802670837     
    12829696           2   1.3460430178458243     
    12829696           3  0.37219262010440457     
    12829696           4   1.0369461947000695     
    12829696           5   1.1304925870826172     
    12830790           1  0.94811450750320958     
    12830790           2   1.1275324512100555     
    12830790           3   1.1156619022729830     
    12830790           4  0.77635826556501064     
    12830790           5   1.0323328734487418     
    12832555           1   1.0311184169698420     
    12832555           2  0.80260439806633832     
    12832555           3   1.2871905891029973     
    12832555           4   1.0527049579753069     
    12832555           5  0.82638163788551522     
    12833910           1   1.2307950216348611     
    12833910           2  0.95290806752605772     
    12833910           3   1.0833331975497951     
    12833910           4  0.78850590545279786     
    12833910           5  0.94445780783648781     
    12835667           1   1.0663471611593505     
    12835667           2  0.47994170211323001     
    12835667           3  0.72552850949743053     
    12835667           4   1.3704855642608815     
    12835667           5   1.3576970629691070     
    12836223           1  0.87402456857826172     
    12836223           2  0.56662828209679850     
    12836223           3   1.3734412814117227     
    12836223           4   1.1449827006556681     
    12836223           5   1.0409231672575492     
    12836916           1  0.80224956526335101     
    12836916           2  0.87537193573577021     
    12836916           3   1.1291332657895787     
    12836916           4   1.0728652034358783     
    12836916           5   1.1203800297754212     
    12837866           1   1.2013082821449137     
    12837866           2   1.5298876281675973     
    12837866           3   1.1088879746249505     
    12837866           4  0.77390750089881788     
    12837866           5  0.38600861416372068     
    12839181           1   1.1088634347977511     
    12839181           2   1.2621703991885669     
    12839181           3  0.12069060995185822     
    12839181           4   1.2941107292056728     
    12839181           5   1.2141648268561511     
    12839474           1  0.67774377442690958     
    12839474           2  0.56081694775684954     
    12839474           3   1.2680766843732425     
    12839474           4   1.2253320035502366     
    12839474           5   1.2680305898927617     
    12840035           1  0.44746588175874480     
    12840035           2   1.2611200987854916     
    12840035           3   1.1844443880668525     
    12840035           4   1.1013535342039324     
    12840035           5   1.0056160971849779     
    12842335           1  0.61745396245291195     
    12842335           2   1.3025622841845108     
    12842335           3  0.40781957825273013     
    12842335           4   1.3208827571457797     
    12842335           5   1.3512814179640671     
    12844535           1   1.0031609233764363     
    12844535           2   1.0669070983054647     
    12844535           3   1.0433998769532615     
    12844535           4   1.1319540053144772     
    12844535           5  0.75457809605036041     
    12844746           1  0.55661308853488722     
    12844746           2   1.1566310249019531     
    12844746           3  0.92421847385509304     
    12844746           4   1.3640384543275721     
    12844746           5  0.99849895838049396     
    12845451           1  0.87936506280517701     
    12845451           2   1.0677605388221922     
    12845451           3  0.90453232309940035     
    12845451           4   1.1132324052348535     
    12845451           5   1.0351096700383773     
    12848020           1  0.79060515910725471     
    12848020           2   1.1717446388675496     
    12848020           3  0.90047388548919705     
    12848020           4   1.2900978937804679     
    12848020           5  0.84707842275552936     
    12850480           1  0.77682087932179134     
    12850480           2   1.0497495246008197     
    12850480           3   1.3954737236105339     
    12850480           4   1.1836136024565012     
    12850480           5  0.59434227001035322     
    12853820           1  0.82888475746403145     
    12853820           2   1.0672229263731934     
    12853820           3   1.1538897279274472     
    12853820           4  0.82191072614879923     
    12853820           5   1.1280918620865288     
    12854500           1  0.92391086177421400     
    12854500           2  0.92790895627208470     
    12854500           3   1.1138313814329996     
    12854500           4  0.96627686856215222     
    12854500           5   1.0680719319585488     
    12855687           1   1.0704615593989355     
    12855687           2   1.0369086927489450     
    12855687           3   1.1526362289174452     
    12855687           4   1.0637539637053994     
    12855687           5  0.67623955522927404     
    12856236           1   1.1543035325552655     
    12856236           2  0.58972047563263530     
    12856236           3   1.1999727457025642     
    12856236           4   1.2102769538917448     
    12856236           5  0.84572629221779028     
    12856711           1   1.1153249599464528     
    12856711           2   1.1612273340993533     
    12856711           3   1.3790952229647373     
    12856711           4   1.1141333128297939     
    12856711           5  0.23021917015966376     
    12858049           1  0.98575629051430658     
    12858049           2  0.56142151187491496     
    12858049           3   1.0682559035084567     
    12858049           4   1.2215432204184478     
    12858049           5   1.1630230736838738     
    12860812           1   1.0713198191358653     
    12860812           2   1.5385984653370894     
    12860812           3   1.1454864362379318     
    12860812           4   1.0004347419165665     
    12860812           5  0.24416053737254773     
    12861222           1  0.47276436229736490     
    12861222           2  0.52100648033897945     
    12861222           3  0.58146263371485363     
    12861222           4   1.6884236743785632     
    12861222           5   1.7363428492702386     
    12861765           1  0.76028918040810856     
    12861765           2   1.0571987953253534     
    12861765           3  0.99372567306048953     
    12861765           4   1.3171627284347101     
    12861765           5  0.87162362277133831     
    12862024           1  0.65721351496720359     
    12862024           2   1.3643081941601274     
    12862024           3   1.3868365819044850     
    12862024           4  0.96285106149674515     
    12862024           5  0.62879064747143909     
    12862273           1  0.73158215508235225     
    12862273           2  0.89412307404809788     
    12862273           3   1.4154857449899467     
    12862273           4  0.83528436640362025     
    12862273           5   1.1235246594759833     
    12862362           1   1.0016886438445636     
    12862362           2  0.84512917329211379     
    12862362           3  0.88641749716037255     
    12862362           4  0.92235777306204492     
    12862362           5   1.3444069126409055     
    12863194           1  0.94619065982648820     
    12863194           2  0.62608537189843982     
    12863194           3   1.1643344858888252     
    12863194           4   1.0729000076048458     
    12863194           5   1.1904894747814010     
    12863829           1  0.88439884148323089     
    12863829           2   1.1479263157969706     
    12863829           3   1.3659571004791629     
    12863829           4   1.0251986955115509     
    12863829           5  0.57651904672908572     
    12864282           1   1.0802636543267445     
    12864282           2  0.82826541021320477     
    12864282           3   1.0515717098720991     
    12864282           4   1.0391854219660499     
    12864282           5   1.0007138036219014     
    12866458           1  0.79097487513551190     
    12866458           2  0.88248452630179752     
    12866458           3   1.0994796598617003     
    12866458           4   1.1680003064369180     
    12866458           5   1.0590606322640719     
    12867973           1   1.1956058589355789     
    12867973           2   1.4034652489598494     
    12867973           3  0.47925303482357534     
    12867973           4   1.0385350218110077     
    12867973           5  0.88314083546998856     
    12871377           1  0.43731641185975806     
    12871377           2   1.0168982473870136     
    12871377           3  0.69100502861935054     
    12871377           4   1.3821827273052210     
    12871377           5   1.4725975848286572     
    12871519           1  0.63440613455298001     
    12871519           2  0.87750524858945289     
    12871519           3   1.2221909899187959     
    12871519           4   1.3305406420660486     
    12871519           5  0.93535698487272312     
    12872834           1  0.82240096511307359     
    12872834           2   1.3774810756877662     
    12872834           3   1.4452753267922480     
    12872834           4  0.49065799590084874     
    12872834           5  0.86418463650606314     
    12875955           1   1.2153548238399230     
    12875955           2   1.5038547039083656     
    12875955           3  0.11800038634007343     
    12875955           4   1.0931254989905468     
    12875955           5   1.0696645869210919     
    12876001           1  0.41813517936180805     
    12876001           2  0.96686222150267154     
    12876001           3   1.3643146834811872     
    12876001           4   1.3742044446884509     
    12876001           5  0.87648347096588197     
    12877927           1   1.4594850263695167     
    12877927           2   1.9297047471339253     
    12877927           3  0.53492542340133975     
    12877927           4  0.62482453544896654     
    12877927           5  0.45106026764625179     
    12878036           1  0.89799865387580324     
    12878036           2  0.78559010497322801     
    12878036           3   1.1996804866828339     
    12878036           4   1.2609644198797116     
    12878036           5  0.85576633458842366     
    12881110           1   1.2868074325370251     
    12881110           2  0.79882874274539306     
    12881110           3   1.1085304380043051     
    12881110           4  0.68834701252278541     
    12881110           5   1.1174863741904919     
    12884090           1  0.97279437177973094     
    12884090           2   1.4388907498869890     
    12884090           3  0.97446626803407477     
    12884090           4  0.97414124617441977     
    12884090           5  0.63970736412478557     
    12885667           1   1.3789810532429618     
    12885667           2   1.1658738897418675     
    12885667           3   1.7006021459828571     
    12885667           4  0.21956033903888661     
    12885667           5  0.53498257199342791     
    12887200           1  0.56793829280653463     
    12887200           2  0.81382627526660067     
    12887200           3   1.2247720650733331     
    12887200           4   1.2285042272141977     
    12887200           5   1.1649591396393335     
    12887649           1  0.54461909605691983     
    12887649           2  0.99327190645491215     
    12887649           3   1.0869767444367735     
    12887649           4  0.93575229148380978     
    12887649           5   1.4393799615675842     
    12890248           1   1.2389690318520559     
    12890248           2  0.71517305565061273     
    12890248           3  0.88317869017445561     
    12890248           4  0.94283934630361932     
    12890248           5   1.2198398760192559     
    12890649           1   1.1901407702818718     
    12890649           2  0.77202053885170685     
    12890649           3  0.80220473331608344     
    12890649           4  0.92409815685825436     
    12890649           5   1.3115358006920834     
    12891543           1   1.3552177029513230     
    12891543           2  0.90122216637742258     
    12891543           3   1.1087660969452953     
    12891543           4  0.83186541768613287     
    12891543           5  0.80292861603982568     
    12891862           1   1.0077928302060666     
    12891862           2  0.52110470324413483     
    12891862           3   1.0476331673889252     
    12891862           4   1.2333437384963521     
    12891862           5   1.1901255606645220     
    12892458           1  0.65713522241528111     
    12892458           2  0.98032428559707285     
    12892458           3   1.2180403926335510     
    12892458           4   1.0488530635095779     
    12892458           5   1.0956470358445181     
    12894969           1  0.99991196451642028     
    12894969           2  0.65952444049593251     
    12894969           3  0.80184244023167872     
    12894969           4   1.1318468392982861     
    12894969           5   1.4068743154576826     
    12895213           1  0.85314803894393398     
    12895213           2   1.0921514221990587     
    12895213           3   1.1946902834362445     
    12895213           4  0.85619825799856430     
    12895213           5   1.0038119974221986     
    12895972           1   1.2017693137736405     
    12895972           2   1.2444704419010448     
    12895972           3  0.97343973656854899     
    12895972           4   1.1054405285586484     
    12895972           5  0.47487997919811747     
    12896729           1  0.92982298693791099     
    12896729           2  0.78680843329766115     
    12896729           3  0.66955005631520259     
    12896729           4   1.1587017513981566     
    12896729           5   1.4551167720510687     
    12897663           1   1.3033702402471443     
    12897663           2  0.84104962208653788     
    12897663           3   1.0999834251031066     
    12897663           4  0.98036421194639789     
    12897663           5  0.77523250061681359     
    12897877           1   1.2707564137052820     
    12897877           2  0.78886453608250140     
    12897877           3   1.0947031609105697     
    12897877           4  0.70954853893577352     
    12897877           5   1.1361273503658731     
    12898302           1  0.93581872317243919     
    12898302           2  0.84177666410421303     
    12898302           3   1.0555366392470240     
    12898302           4   1.0025251335896790     
    12898302           5   1.1643428398866449     
    12899853           1  0.90416611320223195     
    12899853           2  0.37953285180492441     
    12899853           3  0.74085521032400758     
    12899853           4   1.4497772232657140     
    12899853           5   1.5256686014031222     
    12900288           1  0.41751408491491643     
    12900288           2   1.1895842296840484     
    12900288           3  0.55187280599660626     
    12900288           4   1.3358478056081919     
    12900288           5   1.5051810737962372     
    12903710           1  0.58878177309706869     
    12903710           2   1.1630605703633368     
    12903710           3  0.40664569036169529     
    12903710           4   1.5826512539163571     
    12903710           5   1.2588607122615423     
    12904010           1  0.94502922392143385     
    12904010           2   1.1238633191251570     
    12904010           3   1.1039201973533219     
    12904010           4  0.79821372686406888     
    12904010           5   1.0289735327360188     
    12905176           1  0.94681874507314345     
    12905176           2   1.1210081870015847     
    12905176           3   1.1584052395279720     
    12905176           4  0.99591282410121784     
    12905176           5  0.77785500429608168     
    12907114           1   1.1124868296145891     
    12907114           2   1.1582723975226135     
    12907114           3   1.3883092189260455     
    12907114           4   1.1112982148427160     
    12907114           5  0.22963333909403602     
    12907705           1  0.98292322840738544     
    12907705           2  0.84909564779152702     
    12907705           3  0.89057775160363628     
    12907705           4  0.92668670726737457     
    12907705           5   1.3507166649300764     
    12908382           1  0.81314192853548295     
    12908382           2   1.0137634142866496     
    12908382           3  0.91861334772995995     
    12908382           4   1.2638012850459219     
    12908382           5  0.99068002440198477     
    12908549           1   1.4191659672383410     
    12908549           2  0.82322292161455601     
    12908549           3   1.0728749942300220     
    12908549           4  0.73198220914019174     
    12908549           5  0.95275390777688895     
    12908783           1  0.96317215284189173     
    12908783           2   1.0650985356685141     
    12908783           3   1.0969381476685114     
    12908783           4  0.94850848366204643     
    12908783           5  0.92628268015903659     
    12909624           1  0.73575196478521165     
    12909624           2   1.0522374107378227     
    12909624           3   1.0701791137332730     
    12909624           4   1.0486239138393063     
    12909624           5   1.0932075969043866     
    12910262           1  0.61858474125247764     
    12910262           2   1.0595233683275802     
    12910262           3   1.2059887485636918     
    12910262           4   1.2799857185485071     
    12910262           5  0.83591742330774366     
    12910589           1  0.96277757100844241     
    12910589           2   1.0828100506132783     
    12910589           3   1.2797554360752241     
    12910589           4  0.96879939808354343     
    12910589           5  0.70585754421951175     
    12910761           1  0.79267802621357464     
    12910761           2  0.76878055153160219     
    12910761           3   1.2996000378914212     
    12910761           4   1.2359721416959442     
    12910761           5  0.90296924266745748     
    12912947           1  0.95209756340173612     
    12912947           2   1.4722770528839302     
    12912947           3  0.92492488612179180     
    12912947           4   1.0289910033060676     
    12912947           5  0.62170949428647437     
    12913856           1  0.78737526154581983     
    12913856           2  0.70550150838651182     
    12913856           3  0.87406920473541383     
    12913856           4   1.1969803005589983     
    12913856           5   1.4360737247732567     
    12915225           1   1.4936963743993439     
    12915225           2  0.99608377024050787     
    12915225           3   1.2499878843816514     
    12915225           4   1.1345688749747187     
    12915225           5  0.12566309600377779     
    12915613           1  0.54000660142949641     
    12915613           2   1.0272057364267717     
    12915613           3   1.0777709078619120     
    12915613           4  0.92782720687271658     
    12915613           5   1.4271895474091032     
    12915873           1  0.72787531742487610     
    12915873           2   1.2210118116825479     
    12915873           3   1.0843381190887045     
    12915873           4   1.1418840568606305     
    12915873           5  0.82489069494324085     
    12917954           1  0.94248089031769255     
    12917954           2  0.88498932626738624     
    12917954           3  0.77283647393712129     
    12917954           4   1.1681481461210452     
    12917954           5   1.2315451633567540     
    12919782           1   1.3063994724152417     
    12919782           2  0.76759628332056162     
    12919782           3  0.65120267203551763     
    12919782           4  0.93014754783987019     
    12919782           5   1.3446540243888094     
    12920570           1  0.78164301361850008     
    12920570           2   1.1584619707642234     
    12920570           3  0.89026628960190102     
    12920570           4   1.2754735963222372     
    12920570           5  0.89415512969313860     
    12921045           1   1.0636605546038780     
    12921045           2   1.0016792388224376     
    12921045           3   1.1654573568137374     
    12921045           4  0.64880956329836703     
    12921045           5   1.1203932864615802     
    12921951           1  0.98707177170420912     
    12921951           2   1.2106774592334932     
    12921951           3   1.0829876456001633     
    12921951           4  0.75555908518047477     
    12921951           5  0.96370403828166051     
    12923883           1  0.77314574125853552     
    12923883           2   1.0320793813776135     
    12923883           3  0.96841978694213926     
    12923883           4   1.2924544059803267     
    12923883           5  0.93390068444138485     
    12924963           1  0.56971245557755423     
    12924963           2   1.2790077649831177     
    12924963           3   1.1177360663440681     
    12924963           4   1.0805676909065158     
    12924963           5  0.95297602218874378     
    12928804           1  0.73543357361899619     
    12928804           2   1.1508363177147833     
    12928804           3   1.5358395298241143     
    12928804           4  0.88608828634658032     
    12928804           5  0.69180229249552627     
    12930365           1  0.97582869978649012     
    12930365           2  0.49613128760945419     
    12930365           3  0.84577112022012713     
    12930365           4   1.2102240381823630     
    12930365           5   1.4720448542015652     
    12930448           1   1.0874817867096638     
    12930448           2   6.6492342099734758E-002
    12930448           3  0.74466505066906441     
    12930448           4   1.6680738627754994     
    12930448           5   1.4332869577460370     
    12930462           1  0.95353121354451198     
    12930462           2   1.2407240911504895     
    12930462           3  0.93240911570395424     
    12930462           4  0.86214057497985541     
    12930462           5   1.0111950046211895     
    12930765           1   1.1136172916324294     
    12930765           2  0.89302657298060484     
    12930765           3   1.0655143384253782     
    12930765           4  0.87794797344627284     
    12930765           5   1.0498938235153150     
    12931020           1  0.64088393834148161     
    12931020           2   1.0953461795066124     
    12931020           3   1.1310285606789776     
    12931020           4   1.2130984992660503     
    12931020           5  0.91964282220687799     
    12931244           1  0.95341623427120648     
    12931244           2  0.90521194058480292     
    12931244           3   1.2879350179618632     
    12931244           4  0.93453622104492051     
    12931244           5  0.91890058613720782     
    12931817           1   1.0656498467973048     
    12931817           2  0.71270438592023533     
    12931817           3  0.80202110663158321     
    12931817           4   1.1294868544405130     
    12931817           5   1.2901378062103637     
    12931965           1   1.0797214424860448     
    12931965           2   1.2414439561430279     
    12931965           3  0.45902024540870295     
    12931965           4   1.2680259882965208     
    12931965           5  0.95178836766570374     
    12932176           1  0.65667350174934946     
    12932176           2   1.3631871818235051     
    12932176           3   1.3898054131284370     
    12932176           4  0.96205991480211417     
    12932176           5  0.62827398849659344     
    12932960           1   1.2990317597157564     
    12932960           2  0.83387068185475510     
    12932960           3   1.1121525872058065     
    12932960           4  0.99121002174916195     
    12932960           5  0.76373494947451981     
    12933387           1  0.94392243025497857     
    12933387           2  0.62458450593650983     
    12933387           3   1.1615433170217537     
    12933387           4   1.0703280275295315     
    12933387           5   1.1996217192572258     
    12934975           1  0.92648168875421044     
    12934975           2   4.7922979927873824E-002
    12934975           3  0.62081965979521903     
    12934975           4   1.7291579531460630     
    12934975           5   1.6756177183766341     
    12935087           1  0.93895810763281162     
    12935087           2  0.77149887288928698     
    12935087           3   1.2102647711805605     
    12935087           4  0.96860940222021097     
    12935087           5   1.1106688460771303     
    12937382           1   1.0381896552811791     
    12937382           2  0.78681533903864120     
    12937382           3   1.0123309561077221     
    12937382           4   1.2249768813826849     
    12937382           5  0.93768716818977349     
    12937455           1   1.0460090082559175     
    12937455           2  0.90077965526707893     
    12937455           3   1.0151926210204050     
    12937455           4   1.3185191226206623     
    12937455           5  0.71949959283593656     
    12937758           1   1.0167479419705132     
    12937758           2  0.64553493291151953     
    12937758           3  0.78483415333530482     
    12937758           4   1.1758505813514604     
    12937758           5   1.3770323904312021     
    12937995           1   1.1851777515901527     
    12937995           2  0.78532065471229673     
    12937995           3  0.64473374051288734     
    12937995           4  0.96075546367510267     
    12937995           5   1.4240123895095604     
    12938078           1   1.0710826311595560     
    12938078           2  0.41667454919611790     
    12938078           3  0.90323215223844200     
    12938078           4   1.3562725048380659     
    12938078           5   1.2527381625678180     
    12938208           1  0.83079095286645133     
    12938208           2  0.53022398277495852     
    12938208           3   1.1134106210425943     
    12938208           4  0.99509866329637775     
    12938208           5   1.5304757800196176     
    12940275           1  0.73544154963811570     
    12940275           2   1.0517934697818114     
    12940275           3   1.0697276031387950     
    12940275           4   1.0481814974244785     
    12940275           5   1.0948558800167989     
    12940437           1   1.4396286340614541     
    12940437           2  0.77840012232874012     
    12940437           3   1.0883445616073317     
    12940437           4  0.72713520847970159     
    12940437           5  0.96649147352277276     
    12941442           1  0.75582520221688154     
    12941442           2   1.3193040609836209     
    12941442           3   1.1060403977844786     
    12941442           4  0.98121242948165710     
    12941442           5  0.83761790953336235     
    12941584           1  0.96280921287108645     
    12941584           2   1.0828015640541417     
    12941584           3   1.2797454059501967     
    12941584           4  0.96879180508661966     
    12941584           5  0.70585201203795545     
    12943062           1  0.80149782924877910     
    12943062           2   1.0957161314238870     
    12943062           3   1.2167131953991746     
    12943062           4   1.2456176127922878     
    12943062           5  0.64045523113587166     
    12943567           1   1.2517798330582834     
    12943567           2  0.73840158351034424     
    12943567           3  0.94191214159287184     
    12943567           4   1.1019304623900978     
    12943567           5  0.96597597944840274     
    12943666           1  0.93777872518887906     
    12943666           2   1.1103050441311564     
    12943666           3   1.1473450377165262     
    12943666           4  0.98640406460557295     
    12943666           5  0.81816712835786509     
    12944194           1   1.1183336974657669     
    12944194           2   1.1643598993821438     
    12944194           3   1.3693273504183765     
    12944194           4   1.1171388357224132     
    12944194           5  0.23084021701129884     
    12944796           1  0.72867329102705536     
    12944796           2   1.1828667590155844     
    12944796           3  0.94959521799901703     
    12944796           4   1.1116212661681810     
    12944796           5   1.0272434657901619     
    12947616           1  0.92061616392038348     
    12947616           2  0.82294659981136620     
    12947616           3   1.0811939834541759     
    12947616           4  0.98623891557792021     
    12947616           5   1.1890043372361543     
    12949508           1  0.98982529694891830     
    12949508           2   1.0033209197051955     
    12949508           3   1.1660036653016839     
    12949508           4  0.99543961287990845     
    12949508           5  0.84541050516429461     
    12949621           1  0.89500753429125024     
    12949621           2  0.59791847829976130     
    12949621           3  0.74546030528657692     
    12949621           4   1.4921759171961493     
    12949621           5   1.2694377649262620     
    12949643           1  0.57047635721505074     
    12949643           2   1.2620192136251891     
    12949643           3   1.2110347996753621     
    12949643           4   1.0115849445905363     
    12949643           5  0.94488468489386135     
    12950278           1  0.88368495165592253     
    12950278           2  0.57860502298430538     
    12950278           3   1.0039375352376352     
    12950278           4   1.1809200136278166     
    12950278           5   1.3528524764943206     
    12950626           1  0.80138009575076574     
    12950626           2  0.94122570353838964     
    12950626           3   1.2776807389240694     
    12950626           4   1.1448157905293752     
    12950626           5  0.83489767125740078     
    12951307           1   1.2511984230817201     
    12951307           2   1.0115405748522703     
    12951307           3   1.0717821024666989     
    12951307           4  0.94443831570673742     
    12951307           5  0.72104058389257375     
    12951433           1   1.0660303819226322     
    12951433           2  0.43829389194125135     
    12951433           3  0.89897164626144621     
    12951433           4   1.3498750276236229     
    12951433           5   1.2468290522510477     
    12951630           1  0.89621285050024380     
    12951630           2  0.37619438951313516     
    12951630           3  0.73433846962137783     
    12951630           4   1.4810058371029964     
    12951630           5   1.5122484532622464     
    12952020           1  0.80912430068484820     
    12952020           2   1.0443120967825348     
    12952020           3   1.0685270935807547     
    12952020           4   1.3438650370424257     
    12952020           5  0.73417147190943677     
    12952869           1  0.99935853083381243     
    12952869           2  0.52091501576391985     
    12952869           3   1.0388654410257059     
    12952869           4   1.2606957083921397     
    12952869           5   1.1801653039844224     
    12954168           1  0.85374172039374541     
    12954168           2   1.5164860871033294     
    12954168           3  0.34914306475301909     
    12954168           4   1.0360910148338272     
    12954168           5   1.2445381129160793     
    12954235           1   1.3302783360886141     
    12954235           2   1.2677733922647634     
    12954235           3  0.75230445765155074     
    12954235           4  0.77710451017416060     
    12954235           5  0.87253930382091205     
    12954294           1  0.99529567802208729     
    12954294           2   1.1396677334424272     
    12954294           3   1.4205338350202930     
    12954294           4  0.77702526190641352     
    12954294           5  0.66747749160877978     
    12954764           1  0.73947224905534426     
    12954764           2  0.83841821165682351     
    12954764           3   1.3329609582372817     
    12954764           4  0.82436017547005569     
    12954764           5   1.2647884055804950     
    12955033           1   1.2744136371486061     
    12955033           2   1.0506775325876314     
    12955033           3   1.0863476870572699     
    12955033           4  0.95727329041506948     
    12955033           5  0.63128785279142230     
    12956164           1  0.91773292266692919     
    12956164           2   9.4685440557902734E-002
    12956164           3  0.61495726008256291     
    12956164           4   1.7128295155269897     
    12956164           5   1.6597948611656157     
    12956706           1  0.51138060287309484     
    12956706           2  0.87929658087139850     
    12956706           3  0.59025698239387547     
    12956706           4   1.5227961619064931     
    12956706           5   1.4962696719551387     
    12957743           1  0.78674936626583380     
    12957743           2   1.4999294219828854     
    12957743           3  0.98058263195851880     
    12957743           4  0.84101707088791833     
    12957743           5  0.89172150890484414     
    12957819           1  0.62278988159226023     
    12957819           2   1.2636845067662577     
    12957819           3   1.1043449370391465     
    12957819           4   1.0676218603948648     
    12957819           5  0.94155881420747156     
    12957963           1   1.1186434860057135     
    12957963           2  0.77438460723578517     
    12957963           3   1.2547767781637786     
    12957963           4   1.0613569617890368     
    12957963           5  0.79083816680568630     
    12958851           1  0.92973584347848193     
    12958851           2   1.1281019857529548     
    12958851           3   1.1080836482113103     
    12958851           4  0.80122420138381967     
    12958851           5   1.0328543211734333     
    12959183           1  0.73447817695390427     
    12959183           2   1.2573492431921296     
    12959183           3  0.13160386309013711     
    12959183           4   1.5002055780210550     
    12959183           5   1.3763631387427733     
    12959187           1  0.62268111601047638     
    12959187           2  0.74571628616021135     
    12959187           3  0.61397410416155696     
    12959187           4   1.4802796216605452     
    12959187           5   1.5373488720072108     
    12959235           1   1.3088251253482734     
    12959235           2  0.76709218923618094     
    12959235           3  0.65077501569866569     
    12959235           4  0.92953670345896866     
    12959235           5   1.3437709662579116     
    12959972           1  0.89095823011869790     
    12959972           2   1.0494852904907586     
    12959972           3   1.3631493368221679     
    12959972           4   1.1848391423626010     
    12959972           5  0.51156800020577531     
    12960205           1   1.4970290127108001     
    12960205           2   1.3308926211395236     
    12960205           3  0.92734831486172786     
    12960205           4  0.90782253387384471     
    12960205           5  0.33690751741410346     
    12960457           1  0.53185740562034933     
    12960457           2  0.96554242255812883     
    12960457           3   1.3263153755783694     
    12960457           4   1.1291870780105171     
    12960457           5   1.0470977182326344     
    12961575           1   1.3209723241407334     
    12961575           2   2.0096391697266545     
    12961575           3  0.36476037388040067     
    12961575           4  0.47341765995041574     
    12961575           5  0.83121047230179501     
    12962960           1  0.46728719299670873     
    12962960           2   1.3629814888339280     
    12962960           3  0.55078611733943383     
    12962960           4   1.4839792508258156     
    12962960           5   1.1349659500041147     
    12963089           1  0.73716715182472059     
    12963089           2  0.83580467815335047     
    12963089           3   1.3395210433260092     
    12963089           4  0.82666134405327385     
    12963089           5   1.2608457826426456     
    12963263           1   1.4232258225444958     
    12963263           2  0.99820653800614600     
    12963263           3  0.97386064360226510     
    12963263           4  0.63898989951635288     
    12963263           5  0.96571709633073932     
    12963302           1   1.0776760423698766     
    12963302           2   1.5477270888708894     
    12963302           3   1.1522826957397241     
    12963302           4   1.0063703985123824     
    12963302           5  0.21594377450712607     
    12963569           1   1.0317326510685807     
    12963569           2  0.80308250706039430     
    12963569           3   1.2879573646143165     
    12963569           4   1.0503535663478358     
    12963569           5  0.82687391090887219     
    12963618           1  0.79890660538353964     
    12963618           2  0.81756884078808389     
    12963618           3  0.65902661745342450     
    12963618           4   1.2909851800890886     
    12963618           5   1.4335127562858636     
    12964011           1  0.99381594706522225     
    12964011           2  0.56601175858147856     
    12964011           3   1.0769900863623894     
    12964011           4   1.2315306979657992     
    12964011           5   1.1316515100251112     
    12964431           1   1.2414518577900373     
    12964431           2   1.4934848685771296     
    12964431           3  0.11718671426644248     
    12964431           4   1.0855878483176147     
    12964431           5   1.0622887110487762     
    12964501           1   1.2062117026553094     
    12964501           2  0.59289866136121283     
    12964501           3  0.72823350003045273     
    12964501           4   1.2486413519080657     
    12964501           5   1.2240147840449584     
    12964708           1  0.32984546163146422     
    12964708           2   1.2911734971584912     
    12964708           3  0.72889295221978079     
    12964708           4   1.4193572131404062     
    12964708           5   1.2307308758498585     
    12964821           1   1.0092975532150794     
    12964821           2  0.91823958275940398     
    12964821           3   1.0112959281767027     
    12964821           4   1.3440761477417225     
    12964821           5  0.71709078810709170     
    12965145           1  0.41439443173298107     
    12965145           2   1.0029437361092000     
    12965145           3   1.3521091643832832     
    12965145           4   1.3619104491776266     
    12965145           5  0.86864221859690915     
    12965462           1  0.51996401382239177     
    12965462           2  0.83400150576366627     
    12965462           3  0.58412953827670799     
    12965462           4   1.4100868626446572     
    12965462           5   1.6518180794925759     
    12965605           1  0.87064841947698990     
    12965605           2   1.2107657924086184     
    12965605           3   1.2927153803787315     
    12965605           4  0.92537860119154847     
    12965605           5  0.70049180654411147     
    12965854           1  0.97009118977081665     
    12965854           2   1.1823003381640458     
    12965854           3   1.2004438777740047     
    12965854           4  0.77784386420327212     
    12965854           5  0.86932073008786115     
    12966029           1   1.2515771971041945     
    12966029           2   1.0027227611314202     
    12966029           3   1.0721065619694270     
    12966029           4  0.95233461602183966     
    12966029           5  0.72125886377311865     
    12966055           1  0.66546776320384060     
    12966055           2   1.0891688265158321     
    12966055           3   1.1246499720713876     
    12966055           4   1.2062570661349030     
    12966055           5  0.91445637207403674     
    12966212           1  0.89818668795266587     
    12966212           2  0.96199523378694052     
    12966212           3   1.4471142140450024     
    12966212           4  0.90383100087360868     
    12966212           5  0.78887286334178264     
    12966568           1   1.3496900727337835     
    12966568           2  0.73586784381628179     
    12966568           3  0.87178010210139822     
    12966568           4   1.1548525044356348     
    12966568           5  0.88780947691290135     
    12966586           1  0.92378603625494049     
    12966586           2  0.88906687854857769     
    12966586           3  0.77639728651842266     
    12966586           4   1.1735303411335829     
    12966586           5   1.2372194575444768     
    12967048           1  0.99217294162342540     
    12967048           2  0.94292848798524476     
    12967048           3  0.81748373310824118     
    12967048           4   1.2738475252790558     
    12967048           5  0.97356731200403313     
    12967053           1   1.0118141657278144     
    12967053           2  0.65756203553759618     
    12967053           3  0.79945657022611549     
    12967053           4   1.1284790462141572     
    12967053           5   1.4026881822943171     
    12968559           1  0.95926097349346062     
    12968559           2   1.2027109738643629     
    12968559           3   1.1624276409979468     
    12968559           4  0.79127216768209341     
    12968559           5  0.88432824396213616     
    12968615           1  0.87479983879021006     
    12968615           2  0.93908892720333303     
    12968615           3   1.1272514507000988     
    12968615           4  0.97791911776024576     
    12968615           5   1.0809406655461113     
    12968892           1  0.47149986064447030     
    12968892           2  0.51961294561407767     
    12968892           3  0.57990739706830119     
    12968892           4   1.6972811392625191     
    12968892           5   1.7316986574106312     
    12968912           1   1.5242707175826375     
    12968912           2  0.79541122075307780     
    12968912           3  0.82126669911970551     
    12968912           4  0.76530104350698658     
    12968912           5   1.0937503190375923     
    12969183           1  0.90658585518614965     
    12969183           2   1.3204549392851928     
    12969183           3   1.4857588704965810     
    12969183           4  0.73875641065445263     
    12969183           5  0.54844392437762490     
    12969315           1  0.65684224530812041     
    12969315           2   1.3663620503675011     
    12969315           3   1.3860531373567970     
    12969315           4  0.96230713265595180     
    12969315           5  0.62843543431162896     
    12970225           1  0.60684727428265317     
    12970225           2  0.86042098856184690     
    12970225           3   1.0482236010745851     
    12970225           4   1.4240833132234900     
    12970225           5   1.0604248228574245     
    12970436           1  0.57580293133098726     
    12970436           2  0.78458844161146057     
    12970436           3   1.2417323399634970     
    12970436           4   1.2455161839622753     
    12970436           5   1.1523601031317794     
    12971468           1  0.85196910408116233     
    12971468           2   1.2361063805521824     
    12971468           3   1.2649808347608380     
    12971468           4  0.96148056657858971     
    12971468           5  0.68546311402722770     
    12971599           1  0.69573295922165168     
    12971599           2   1.1878753779472482     
    12971599           3   1.1000790507399349     
    12971599           4   1.0857128497930846     
    12971599           5  0.93059976229807972     
    12971779           1  0.97008262265590661     
    12971779           2   1.1443559547122195     
    12971779           3   1.4263774478070526     
    12971779           4  0.78896069856193340     
    12971779           5  0.67022327626288747     
    12972583           1  0.78954393681249013     
    12972583           2  0.70744467798626864     
    12972583           3  0.87647666196482488     
    12972583           4   1.2002771549298323     
    12972583           5   1.4262575683065839     
    12972812           1  0.64370023826955125     
    12972812           2   1.0350921225030478     
    12972812           3   1.0523414460742051     
    12972812           4   1.2574812541690357     
    12972812           5   1.0113849389841598     
    12972921           1  0.80184107297789786     
    12972921           2  0.94176712404187257     
    12972921           3   1.2539907790614124     
    12972921           4   1.1448125703607384     
    12972921           5  0.85758845355807900     
    12973781           1  0.78592707281058727     
    12973781           2   1.4983617281277479     
    12973781           3  0.98478364023048248     
    12973781           4  0.84013805799919605     
    12973781           5  0.89078950083198694     
    12974136           1   1.4103425727911560     
    12974136           2   1.5961808600012406     
    12974136           3  0.21986390870061906     
    12974136           4  0.99754416182326322     
    12974136           5  0.77606849668372146     
    12974325           1   1.1945326509191163     
    12974325           2  0.58715796582235025     
    12974325           3  0.74480882128735959     
    12974325           4   1.2613372066242263     
    12974325           5   1.2121633553469471     
    12974641           1  0.99618331856313236     
    12974641           2   1.0594860994098660     
    12974641           3   1.0361423853245753     
    12974641           4   1.1240805649402881     
    12974641           5  0.78410763176213916     
    12974710           1  0.65444219933583447     
    12974710           2  0.99813207342012389     
    12974710           3   1.1469545985311189     
    12974710           4   1.2195195786806257     
    12974710           5  0.98095155003229673     
    12974829           1  0.50378891813435756     
    12974829           2  0.86624301099346201     
    12974829           3  0.58149434083102236     
    12974829           4   1.5744168826824116     
    12974829           5   1.4740568473587470     
    12974991           1  0.69334509441459868     
    12974991           2   1.6140105284289799     
    12974991           3   1.0053448209491023     
    12974991           4  0.98882764933733647     
    12974991           5  0.69847190686998284     
    12975310           1  0.88338528404370542     
    12975310           2   1.1466107450354215     
    12975310           3   1.3643916574727686     
    12975310           4   1.0240237756495068     
    12975310           5  0.58158853779859765     
    12976253           1   1.0778128193893557     
    12976253           2  0.82878328734211482     
    12976253           3   1.0522292103921453     
    12976253           4   1.0398351778970556     
    12976253           5   1.0013395049793286     
    12976513           1  0.96120918382616272     
    12976513           2  0.91261088213409780     
    12976513           3   1.2984622276571236     
    12976513           4  0.90130629165199683     
    12976513           5  0.92641141473061939     
    12976524           1   1.2269908235005749     
    12976524           2  0.94996277523212747     
    12976524           3   1.0954390123122810     
    12976524           4  0.78606875495927964     
    12976524           5  0.94153863399573645     
    12976774           1  0.45043263329309541     
    12976774           2   1.2694814736759452     
    12976774           3   1.1922973939582489     
    12976774           4   1.1086556379411368     
    12976774           5  0.97913286113157416     
    12976972           1  0.55685183254416160     
    12976972           2   1.1549825165626142     
    12976972           3  0.92461489217230231     
    12976972           4   1.3646235214345059     
    12976972           5  0.99892723728641686     
    12977035           1  0.87661742204387028     
    12977035           2   1.0644242425513082     
    12977035           3  0.90170604538381860     
    12977035           4   1.1097540287757373     
    12977035           5   1.0474982612452661     
    12977120           1  0.65733162009707224     
    12977120           2  0.73821476286469678     
    12977120           3   1.2916807794549434     
    12977120           4   1.1563376235966998     
    12977120           5   1.1564352139865879     
    12977395           1   1.2693976889465353     
    12977395           2   1.0120432120514979     
    12977395           3   1.0820719452032277     
    12977395           4   1.0076839787272465     
    12977395           5  0.62880317507149219     
    12977629           1  0.91898169307486799     
    12977629           2  0.82148553245504274     
    12977629           3   1.0792744211940728     
    12977629           4  0.99336498584526767     
    12977629           5   1.1868933674307491     
    12977705           1  0.65561780888024268     
    12977705           2   1.1964500867706214     
    12977705           3   1.3020800888707740     
    12977705           4  0.84718091430987874     
    12977705           5  0.99867110116848401     
    12977914           1   1.3303342396707531     
    12977914           2  0.76549293723991374     
    12977914           3  0.85927795033720256     
    12977914           4   1.1382908265068623     
    12977914           5  0.90660404624526902     
    12978133           1  0.96695199928310405     
    12978133           2   1.1783723258476924     
    12978133           3   1.2603647964738387     
    12978133           4  0.94693189706737957     
    12978133           5  0.64737898132798566     
    12978140           1  0.96150329960701808     
    12978140           2   1.0813769118258572     
    12978140           3   1.2780616328520147     
    12978140           4  0.97413483982534244     
    12978140           5  0.70492331588976742     
    12978254           1  0.66695645464483444     
    12978254           2   1.3612474007079944     
    12978254           3   1.3837252465425474     
    12978254           4  0.96069092771097497     
    12978254           5  0.62737997039364890     
    12978374           1   1.0942367929049275     
    12978374           2  0.47421154843936947     
    12978374           3  0.71686622856647186     
    12978374           4   1.3731982792388397     
    12978374           5   1.3414871508503916     
    12978450           1  0.94911128438637904     
    12978450           2   1.1566308074235867     
    12978450           3   1.3060382094929597     
    12978450           4  0.95278516119315393     
    12978450           5  0.63543453750392020     
    12978519           1  0.48730964128362225     
    12978519           2  0.95802354701288961     
    12978519           3  0.99340210653933103     
    12978519           4   1.2859856557230898     
    12978519           5   1.2752790494410671     
    12978695           1  0.92532271071795136     
    12978695           2   5.4117758054405704E-002
    12978695           3  0.62004304827778256     
    12978695           4   1.7269948709035918     
    12978695           5   1.6735216120462690     
    12978947           1   1.0622244846436839     
    12978947           2  0.49741700365938124     
    12978947           3  0.72272349490509125     
    12978947           4   1.3651870377991095     
    12978947           5   1.3524479789927342     
    12978980           1  0.90797761610641559     
    12978980           2   1.2910721142773243     
    12978980           3   1.2895776728511226     
    12978980           4   1.0838139309816948     
    12978980           5  0.42755866578344309     
    12979499           1  0.77992072816204971     
    12979499           2  0.45249927780840105     
    12979499           3  0.47895177865129024     
    12979499           4   1.5381197206014157     
    12979499           5   1.7505084947768432     
    12979502           1   1.1444902574505502     
    12979502           2  0.76562624530964474     
    12979502           3  0.81571194871792885     
    12979502           4  0.94055261140407009     
    12979502           5   1.3336189371178064     
    12979708           1  0.91921953904729825     
    12979708           2   1.3163795612106441     
    12979708           3   1.4811733076388542     
    12979708           4  0.73647635429747982     
    12979708           5  0.54675123780572421     
    12979728           1  0.90486864447761817     
    12979728           2   1.2991392914853708     
    12979728           3   1.2851620789786466     
    12979728           4   1.0801028849134373     
    12979728           5  0.43072710014492749     
    12980036           1  0.55001366344175018     
    12980036           2   1.1334333860234616     
    12980036           3  0.89223220720392282     
    12980036           4   1.4850207895266514     
    12980036           5  0.93929995380421383     
    12980093           1  0.96392013319476044     
    12980093           2  0.70238035607188476     
    12980093           3   1.1124836406515097     
    12980093           4   1.1826552405043351     
    12980093           5   1.0385606295775092     
    12980198           1   1.2122908075172949     
    12980198           2  0.52814154691941728     
    12980198           3  0.78935516208591328     
    12980198           4   1.1651384333403083     
    12980198           5   1.3050740501370661     
    12980355           1   1.4726000362384677     
    12980355           2   1.9470451763576337     
    12980355           3  0.53973229163246683     
    12980355           4  0.58550897663250301     
    12980355           5  0.45511351913892900     
    12980664           1  0.80396600370855631     
    12980664           2  0.86692167259522734     
    12980664           3   1.5155216393798785     
    12980664           4  0.91865818727992865     
    12980664           5  0.89493249703640909     
    12980714           1  0.95427585497284084     
    12980714           2   1.1629245914568018     
    12980714           3   1.3093891074456179     
    12980714           4  0.93451820394908947     
    12980714           5  0.63889224217565044     
    12981323           1  0.88467112319154839     
    12981323           2  0.89558374233685401     
    12981323           3   1.4542678196480636     
    12981323           4   1.0862077740333902     
    12981323           5  0.67926954079014334     
    12981654           1  0.66048059676358306     
    12981654           2   1.0362717326018014     
    12981654           3   1.2497743933393648     
    12981654           4   1.0172919344822500     
    12981654           5   1.0361813428130013     
    12981691           1  0.85719853823546888     
    12981691           2  0.84060510444232539     
    12981691           3  0.66262021179001551     
    12981691           4   1.1832444339291219     
    12981691           5   1.4563317116030683     
    12981694           1   1.1640358166337064     
    12981694           2  0.83708920142514287     
    12981694           3  0.80233381528369041     
    12981694           4   1.1505971425848893     
    12981694           5   1.0459440240725704     
    12981743           1  0.54993612634271272     
    12981743           2   1.1427564290962848     
    12981743           3  0.88332846509905305     
    12981743           4   1.4848114416291653     
    12981743           5  0.93916753783278462     
    12982319           1  0.39643728036327935     
    12982319           2   1.1519855126834697     
    12982319           3  0.81510186582754074     
    12982319           4   1.3752032538069161     
    12982319           5   1.2612720873187937     
    12982337           1  0.77210053645589782     
    12982337           2   1.0433707340567875     
    12982337           3   1.3869941440689311     
    12982337           4   1.1764213884300090     
    12982337           5  0.62111319698837442     
    12982367           1  0.99949240701527275     
    12982367           2  0.52098479864065950     
    12982367           3   1.0390046096363741     
    12982367           4   1.2608645938543794     
    12982367           5   1.1796535908533148     
    12982769           1   1.2680705582167144     
    12982769           2   1.7603456255446439     
    12982769           3   5.7672079895741045E-002
    12982769           4  0.82902769139470034     
    12982769           5   1.0848840449481998     
    12983210           1   1.0617839991627092     
    12983210           2  0.51140698659825545     
    12983210           3  0.82793316006745243     
    12983210           4   1.2779785033697411     
    12983210           5   1.3208973508018425     
    12983435           1  0.88553615712588385     
    12983435           2   1.0569417940992607     
    12983435           3   1.3714386711615558     
    12983435           4   1.1776286086950718     
    12983435           5  0.50845476891822772     
    12983465           1  0.60370976684614619     
    12983465           2  0.85597246030021690     
    12983465           3   1.0686549820240960     
    12983465           4   1.4167205513313388     
    12983465           5   1.0549422394982018     
    12983730           1  0.51668389160169836     
    12983730           2  0.82874032076157966     
    12983730           3  0.61198645614054725     
    12983730           4   1.4011915215665947     
    12983730           5   1.6413978099295798     
    12984045           1  0.62771746758258051     
    12984045           2  0.87884970264392781     
    12984045           3   1.2240635480993658     
    12984045           4   1.3325792062384509     
    12984045           5  0.93679007543567416     
    12984081           1   1.3090480236209801     
    12984081           2   1.2475406150137471     
    12984081           3  0.77286751406044274     
    12984081           4  0.79177701890135321     
    12984081           5  0.87876682840347720     
    12984237           1  0.80096748159625053     
    12984237           2  0.88196354825016487     
    12984237           3   1.1273287857615049     
    12984237           4   1.0711506460040223     
    12984237           5   1.1185895383880571     
    12984328           1  0.79454359428590493     
    12984328           2  0.85592658315810566     
    12984328           3  0.81517310219538142     
    12984328           4   1.2722913436471883     
    12984328           5   1.2620653767134198     
    12984403           1   1.0701734628554185     
    12984403           2   1.0004582207529027     
    12984403           3   1.2947443181112623     
    12984403           4  0.81457775760084772     
    12984403           5  0.82004624067956844     
    12984491           1  0.94677280304900291     
    12984491           2   1.2319301234223727     
    12984491           3  0.92580041379239608     
    12984491           4  0.85098212573727572     
    12984491           5   1.0445145339989523     
    12984501           1  0.53566452946694409     
    12984501           2  0.92960503098871450     
    12984501           3   1.1848296921693899     
    12984501           4   1.2667827075428353     
    12984501           5   1.0831180398321161     
    12984504           1  0.89075786993231987     
    12984504           2  0.61882039055314830     
    12984504           3  0.74192071934009385     
    12984504           4   1.4850907848708841     
    12984504           5   1.2634102353035539     
    12984518           1  0.94363833309755385     
    12984518           2  0.79849886364842126     
    12984518           3  0.67949825713315093     
    12984518           4   1.1016275923889993     
    12984518           5   1.4767369537318751     
    12984578           1   7.3858943552706127E-002
    12984578           2   1.2071723694429735     
    12984578           3   1.1093694449260949     
    12984578           4   1.3807449372122882     
    12984578           5   1.2288543048659373     
    12984759           1  0.61788173537203939     
    12984759           2   1.3034647010520575     
    12984759           3  0.40810211619413950     
    12984759           4   1.3183338598700456     
    12984759           5   1.3522175875117186     
    12984808           1   1.2103257065642157     
    12984808           2   1.2177317112083739     
    12984808           3  0.98037046166576458     
    12984808           4   1.1133110768082690     
    12984808           5  0.47826104375337752     
    12984846           1  0.59700569856033947     
    12984846           2   1.1793058481164582     
    12984846           3  0.41232559419075543     
    12984846           4   1.6047572472423670     
    12984846           5   1.2066056118900805     
    12985002           1  0.54340892687115372     
    12985002           2   1.1798643305897738     
    12985002           3  0.88151800303032435     
    12985002           4   1.4671881941410980     
    12985002           5  0.92802054536765000     
    12985047           1  0.88223670344396254     
    12985047           2   1.0535722798181033     
    12985047           3   1.1391305427092142     
    12985047           4  0.81139782153886653     
    12985047           5   1.1136626524898530     
    12985064           1  0.76483388439689270     
    12985064           2  0.78106719696464422     
    12985064           3   1.2802161740402502     
    12985064           4  0.80590705831921916     
    12985064           5   1.3679756862789938     
    12985113           1  0.88761372223964274     
    12985113           2   1.0455456985948162     
    12985113           3   1.3768014647073592     
    12985113           4   1.1803914547908541     
    12985113           5  0.50964765966732750     
    12985170           1   1.4792721321825182     
    12985170           2  0.98646484512530452     
    12985170           3   1.2862007881543218     
    12985170           4   1.1236126347743716     
    12985170           5  0.12444959976348356     
    12985280           1  0.75529482336525089     
    12985280           2   1.3885144079509864     
    12985280           3   1.1842028262953732     
    12985280           4   1.0219399471797932     
    12985280           5  0.65004799520859580     
    12985493           1   1.3675196163496919     
    12985493           2  0.90940296051796643     
    12985493           3   1.0734436373995500     
    12985493           4  0.83941662979411136     
    12985493           5  0.81021715593867982     
    12985592           1   1.0765564035066615     
    12985592           2  0.82542296743642452     
    12985592           3   1.0651219334290865     
    12985592           4   1.0356191435002591     
    12985592           5  0.99727955212756803     
    12985599           1   1.2203313334581833     
    12985599           2  0.96073746340420008     
    12985599           3   1.1544488440598124     
    12985599           4  0.96750873059524123     
    12985599           5  0.69697362848256361     
    12985722           1   1.5435760613930209     
    12985722           2  0.79099324517455538     
    12985722           3  0.81670511370891719     
    12985722           4  0.76105030975793231     
    12985722           5   1.0876752699655738     
    12985723           1   1.0021949486776545     
    12985723           2   1.1227957832118995     
    12985723           3   1.1175934580774436     
    12985723           4  0.97006113131394367     
    12985723           5  0.78735467871905818     
    12985782           1   1.1377596144123325     
    12985782           2  0.78761780956809013     
    12985782           3   1.2133162404937263     
    12985782           4   1.0794941397377178     
    12985782           5  0.78181219578813366     
    12985791           1  0.99926853884856959     
    12985791           2  0.56911719382150772     
    12985791           3   1.0143615453087762     
    12985791           4   1.2382875166549117     
    12985791           5   1.1789652053662343     
    12985985           1  0.85860208232279489     
    12985985           2  0.67937156578432822     
    12985985           3   1.2630026225722235     
    12985985           4   1.2670098170264772     
    12985985           5  0.93201391229417530     
    12986071           1  0.82008747567876761     
    12986071           2  0.68473218138623571     
    12986071           3   1.2729684084614141     
    12986071           4   1.2770072218855999     
    12986071           5  0.94520471258798333     
    12986435           1  0.91628843540322613     
    12986435           2   1.1931751602286003     
    12986435           3   1.2761976287056274     
    12986435           4  0.95882735297279875     
    12986435           5  0.65551142268974738     
    12986509           1  0.31219822017235244     
    12986509           2  0.75741966915672443     
    12986509           3   1.1214423096768700     
    12986509           4   1.1568024362055358     
    12986509           5   1.6521373647885167     
    12986518           1  0.27225486829505019     
    12986518           2   1.3617654172512059     
    12986518           3   1.0240941738349740     
    12986518           4   1.1136759370117841     
    12986518           5   1.2282096036069865     
    12986560           1  0.27462724383635567     
    12986560           2   1.3736315740957594     
    12986560           3   1.0085443322521792     
    12986560           4   1.1233802907684409     
    12986560           5   1.2198165590472652     
    12986630           1  0.93097522226692320     
    12986630           2  0.78158745227304993     
    12986630           3  0.67037976179706971     
    12986630           4   1.1601376129680516     
    12986630           5   1.4569199506949060     
    12986660           1   1.0265846906467981     
    12986660           2  0.79907542542205434     
    12986660           3   1.3064790703596409     
    12986660           4   1.0451126945165174     
    12986660           5  0.82274811905498968     
    12986665           1  0.84791210329896760     
    12986665           2   1.3442416576753835     
    12986665           3   1.1295578398293635     
    12986665           4   1.0027657943739965     
    12986665           5  0.67552260482228976     
    12986820           1   1.2338802786700529     
    12986820           2  0.72784297012215138     
    12986820           3  0.99993988929696398     
    12986820           4   1.0861736465965321     
    12986820           5  0.95216321531429970     
    12987064           1  0.77272213511686338     
    12987064           2   1.1452404638743809     
    12987064           3  0.88010569548761941     
    12987064           4   1.3179815532085037     
    12987064           5  0.88395015231263219     
    12987110           1  0.60684579201202893     
    12987110           2   1.1331689727485932     
    12987110           3  0.61062128018135886     
    12987110           4   1.2746644481660716     
    12987110           5   1.3746995068919476     
    12987143           1  0.45829243246406526     
    12987143           2  0.96418376788069893     
    12987143           3  0.99978981632570341     
    12987143           4   1.2942547172683820     
    12987143           5   1.2834792660611511     
    12987260           1  0.41692485038049654     
    12987260           2  0.96406355392964882     
    12987260           3   1.3603655548678846     
    12987260           4   1.3846996282020752     
    12987260           5  0.87394641261989525     
    12987278           1  0.52156212959761017     
    12987278           2  0.83656481962286744     
    12987278           3  0.57055730624025958     
    12987278           4   1.4144207819154442     
    12987278           5   1.6568949626238183     
    12987450           1   1.4462433394832905     
    12987450           2  0.91673631605117567     
    12987450           3  0.52001884839607826     
    12987450           4   1.0280688800798792     
    12987450           5   1.0889326159895760     
    12987481           1  0.80680334776930385     
    12987481           2  0.86998119880345626     
    12987481           3   1.4943110834771112     
    12987481           4  0.92190030117468580     
    12987481           5  0.90700406877544248     
    12987562           1   1.3455734912903705     
    12987562           2  0.89480874858693926     
    12987562           3   1.1364575027626838     
    12987562           4  0.82594556721183610     
    12987562           5  0.79721469014817004     
    12987626           1  0.38987790277301398     
    12987626           2  0.96314752361237033     
    12987626           3   1.1983265602069213     
    12987626           4   1.2804710336693108     
    12987626           5   1.1681769797383834     
    12987825           1  0.78041263411237016     
    12987825           2  0.92857352464731813     
    12987825           3   1.3911195146624511     
    12987825           4   1.2506750407903224     
    12987825           5  0.64921928578753896     
    12987852           1  0.83859143593077545     
    12987852           2  0.53520237497297685     
    12987852           3   1.1238646837199926     
    12987852           4  0.98801388661660761     
    12987852           5   1.5143276187596471     
    12987894           1   1.1916039953661404     
    12987894           2   1.5185801233438576     
    12987894           3  0.68622324434951731     
    12987894           4   1.0798440721121012     
    12987894           5  0.52374856482838394     
    12987924           1   1.2868349818211451     
    12987924           2  0.84481169017398927     
    12987924           3   1.1049037204479157     
    12987924           4  0.98474944299458866     
    12987924           5  0.77870016456236091     
    12988067           1  0.95199539307843362     
    12988067           2   1.0078530210737977     
    12988067           3  0.89379458117098587     
    12988067           4  0.75320393780004757     
    12988067           5   1.3931530668767358     
    12988070           1   1.0600647285217832     
    12988070           2  0.70896907051357483     
    12988070           3  0.79781767831649053     
    12988070           4   1.1497723860997899     
    12988070           5   1.2833761365483614     
    12988088           1   1.0046727852415733     
    12988088           2  0.49934934958180860     
    12988088           3  0.99963407967209983     
    12988088           4   1.2984341182354746     
    12988088           5   1.1979096672690432     
    12988099           1   1.0085200586138945     
    12988099           2  0.91753223306266141     
    12988099           3   1.0143685561363054     
    12988099           4   1.3430407623441043     
    12988099           5  0.71653838984303497     
    12988110           1   1.2461804625984194     
    12988110           2  0.96481980795310829     
    12988110           3   1.0861736047456096     
    12988110           4  0.74656220814021290     
    12988110           5  0.95626391656264964     
    12988170           1  0.33815884070893315     
    12988170           2  0.75161645627978513     
    12988170           3   1.1228064920781595     
    12988170           4   1.1479392246106521     
    12988170           5   1.6394789863224704     
    12988238           1   1.0599252817946265     
    12988238           2  0.79571163019066959     
    12988238           3   1.5307310426208067     
    12988238           4   1.2427915097480065     
    12988238           5  0.37084053564589076     
    12988364           1  0.79325119145048417     
    12988364           2   1.4173639419392117     
    12988364           3   1.1834872295983176     
    12988364           4   1.0262636021785603     
    12988364           5  0.57963403483342602     
    12988423           1  0.81385525610780296     
    12988423           2  0.81842176349019369     
    12988423           3  0.65971414214281798     
    12988423           4   1.2730005802949294     
    12988423           5   1.4350082579642562     
    12988468           1   1.0882298624354305     
    12988468           2  0.83868246431613125     
    12988468           3   1.0322136461857034     
    12988468           4   1.0478224258824373     
    12988468           5  0.99305160118029856     
    12988486           1   1.4069026814323504     
    12988486           2  0.98675799208965209     
    12988486           3  0.96269132355671949     
    12988486           4  0.63166125065837109     
    12988486           5   1.0119867522629060     
    12988553           1  0.49019152370285352     
    12988553           2  0.87686708117358558     
    12988553           3  0.58862610017329786     
    12988553           4   1.5521798216204159     
    12988553           5   1.4921354733298478     
    12988628           1  0.70259240301740167     
    12988628           2   1.5930945707443942     
    12988628           3  0.99231656037520344     
    12988628           4  0.97601343474171087     
    12988628           5  0.73598303112128938     
    12988636           1   1.4596339192218666     
    12988636           2   1.9299016105746614     
    12988636           3  0.53497999509659233     
    12988636           4  0.62488827841694516     
    12988636           5  0.45059619668993522     
    12988640           1  0.51593432483707724     
    12988640           2  0.88712650662664339     
    12988640           3  0.59551307965298095     
    12988640           4   1.5363562975279503     
    12988640           5   1.4650697913553483     
    12988784           1   1.4040502705815878     
    12988784           2  0.99951469424531381     
    12988784           3  0.97513689438654971     
    12988784           4  0.63982729998608656     
    12988784           5  0.98147084080046310     
    12988825           1  0.84981308578459402     
    12988825           2  0.91330107821277517     
    12988825           3   1.3682394758633705     
    12988825           4   1.2301049221508269     
    12988825           5  0.63854143798843410     
    12988855           1   1.0242802999172602     
    12988855           2   1.0565166206593826     
    12988855           3  0.78980656149687234     
    12988855           4  0.82058363819634628     
    12988855           5   1.3088128797301382     
    12988913           1  0.76808479009780295     
    12988913           2  0.66649319821817676     
    12988913           3   1.2891589946640603     
    12988913           4   1.1540800730635545     
    12988913           5   1.1221829439564048     
    12988963           1  0.77500693608236570     
    12988963           2   1.0345639075153052     
    12988963           3  0.95871455825888341     
    12988963           4   1.2955657332787627     
    12988963           5  0.93614886486468307     
    12989028           1  0.79424873005566621     
    12989028           2   1.1310281934264828     
    12989028           3   1.2057087056536631     
    12989028           4   1.2343516987719305     
    12989028           5  0.63466267209225768     
    12989042           1   1.0064637837367916     
    12989042           2  0.82532253022634072     
    12989042           3  0.89064312912482579     
    12989042           4  0.92675473555545085     
    12989042           5   1.3508158213565911     
    12989231           1   1.1381563415672398     
    12989231           2  0.72737613309140448     
    12989231           3   1.0028487765837648     
    12989231           4  0.91921813445732348     
    12989231           5   1.2124006143002668     
    12989273           1  0.68833123839876109     
    12989273           2   1.2196742212057154     
    12989273           3   1.0883755976998535     
    12989273           4   1.0829195876545417     
    12989273           5  0.92069935504112765     
    12989299           1   1.3152740153298108     
    12989299           2   1.2534740700019151     
    12989299           3  0.77654336601372309     
    12989299           4  0.79201068871348523     
    12989299           5  0.86269785994106540     
    12989367           1  0.41421110717435855     
    12989367           2   1.2197286461872405     
    12989367           3  0.54750690874981645     
    12989367           4   1.3252798374219306     
    12989367           5   1.4932735004666546     
    12989378           1  0.75171735511821114     
    12989378           2  0.92937682973952174     
    12989378           3   1.0629647069429324     
    12989378           4   1.0847726406941700     
    12989378           5   1.1711684675051646     
    12989403           1   1.0835720032121978     
    12989403           2   1.0102042837796783     
    12989403           3  0.96212961424613275     
    12989403           4   1.0336748829457183     
    12989403           5  0.91041921581627272     
    12989413           1   1.1140925674248883     
    12989413           2  0.77488125066007518     
    12989413           3   1.2576431674525894     
    12989413           4   1.0620376519150694     
    12989413           5  0.79134536254737808     
    12989429           1  0.86227786557250408     
    12989429           2  0.84292816266536630     
    12989429           3  0.66445139901885486     
    12989429           4   1.1699862087317969     
    12989429           5   1.4603563640114774     
    12989431           1   1.4400317068901600     
    12989431           2  0.91279892251259975     
    12989431           3  0.51778536116778562     
    12989431           4   1.0236533118354860     
    12989431           5   1.1057306975939678     
    12989440           1  0.27568996448195915     
    12989440           2   1.2964120000463821     
    12989440           3  0.76705810396147411     
    12989440           4   1.4251157784117257     
    12989440           5   1.2357241530984580     
    12989466           1  0.89868371471330499     
    12989466           2  0.58029345377290364     
    12989466           3   1.0068671313817921     
    12989466           4   1.1843660634038746     
    12989466           5   1.3297896367281252     
    12989489           1  0.54356360116183755     
    12989489           2   1.1295144473984233     
    12989489           3  0.88176891567658655     
    12989489           4   1.4676058101978218     
    12989489           5  0.97754722556533102     
    12989495           1   1.1170854857745427     
    12989495           2  0.89580777039235004     
    12989495           3   1.0688327231295593     
    12989495           4  0.86511046023648452     
    12989495           5   1.0531635604670635     
    12989496           1   1.1290129798553015     
    12989496           2   1.2426539191328807     
    12989496           3   1.3787170778666944     
    12989496           4  0.86558273175002765     
    12989496           5  0.38403329139509607     
    12989498           1   1.1701336462021563     
    12989498           2  0.95209201042049774     
    12989498           3  0.91077236605450029     
    12989498           4   1.0871763711653255     
    12989498           5  0.87982560615751992     
    12989500           1  0.97233264615450876     
    12989500           2   1.0802473155684542     
    12989500           3   1.2767265815656297     
    12989500           4  0.96650649715649073     
    12989500           5  0.70418695955491595     
    12989514           1  0.61138778546420458     
    12989514           2   1.0128026309652396     
    12989514           3   1.2003781295763374     
    12989514           4   1.3492395546721005     
    12989514           5  0.82619189932211801     
    12989524           1  0.65721202481632091     
    12989524           2   1.0396065504413319     
    12989524           3   1.0466297488004817     
    12989524           4   1.2506561383494605     
    12989524           5   1.0058955375924052     
    12989545           1   1.3065297487544818     
    12989545           2  0.76717422094680987     
    12989545           3  0.65126761105455999     
    12989545           4  0.93024030370822774     
    12989545           5   1.3447881155359209     
    12989554           1  0.56211467319411568     
    12989554           2   1.0309336130111022     
    12989554           3   1.1925761383809905     
    12989554           4   1.3733933605503628     
    12989554           5  0.84098221486342961     
    12989557           1   1.0749383111761506     
    12989557           2   1.2496281133470692     
    12989557           3   1.3864549045611698     
    12989557           4  0.87044067488827892     
    12989557           5  0.41853799602733122     
    12989578           1   1.0924321057652842     
    12989578           2  0.70785280111256577     
    12989578           3  0.79656151708333034     
    12989578           4   1.1217981108720410     
    12989578           5   1.2813554651667787     
    12989601           1  0.88787618235429522     
    12989601           2  0.58134928962596333     
    12989601           3   1.0086991120971842     
    12989601           4   1.1865210009527278     
    12989601           5   1.3355544149698291     
    12989610           1   1.0461570186490077     
    12989610           2  0.81431018049619397     
    12989610           3   1.3059639387358908     
    12989610           4   1.0680583939028669     
    12989610           5  0.76551046821604030     
    12989627           1   1.0132334653291681     
    12989627           2  0.87544717042071596     
    12989627           3  0.96230626270220820     
    12989627           4   1.1648027529868830     
    12989627           5  0.98421034856102485     
    12989639           1  0.77653262835068737     
    12989639           2   1.2380804926594093     
    12989639           3  0.15290128813056150     
    12989639           4   1.4772150786135123     
    12989639           5   1.3552705122458297     
    12989655           1   1.0123781835135144     
    12989655           2  0.65792858178275337     
    12989655           3  0.79711505210525191     
    12989655           4   1.1291080967596165     
    12989655           5   1.4034700858388640     
    12989679           1   1.1411705587902574     
    12989679           2  0.82136726413471595     
    12989679           3  0.96931085091470626     
    12989679           4   1.1606245675716433     
    12989679           5  0.90752675858867649     
    12989684           1   1.0082464116905043     
    12989684           2   1.1655726282855334     
    12989684           3   1.5578085408832452     
    12989684           4  0.59608133409708886     
    12989684           5  0.67229108504362756     
    12989691           1  0.94048735392989180     
    12989691           2  0.89897716716777631     
    12989691           3  0.78505166492145284     
    12989691           4   1.1244732657936252     
    12989691           5   1.2510105481872538     
    12989693           1   1.0796800399154376     
    12989693           2  0.82781793831331130     
    12989693           3   1.0510035963361619     
    12989693           4   1.0413252592724300     
    12989693           5   1.0001731661626587     
    12989726           1  0.99759474699127959     
    12989726           2  0.51999564452748226     
    12989726           3   1.0370319308059872     
    12989726           4   1.2672952662968977     
    12989726           5   1.1780824113783537     
    12989750           1  0.87748368136636223     
    12989750           2   1.0258033734838252     
    12989750           3   1.3259642641718963     
    12989750           4  0.97726580026802956     
    12989750           5  0.79348288070988593     
    12989751           1  0.48027671744376382     
    12989751           2  0.44983404708998487     
    12989751           3  0.59070223415258483     
    12989751           4   1.7152531888070248     
    12989751           5   1.7639338125066419     
    12989766           1  0.43994875376273440     
    12989766           2  0.96743595951449946     
    12989766           3   1.0061866072429602     
    12989766           4   1.2986202381407765     
    12989766           5   1.2878084413390292     
    12989787           1  0.29770827426340424     
    12989787           2  0.75976084537362032     
    12989787           3   1.1249086760401297     
    12989787           4   1.1603781003473277     
    12989787           5   1.6572441039755175     
    12989809           1   1.1632113574505589     
    12989809           2   1.5216465950496845     
    12989809           3  0.68760893624046937     
    12989809           4   1.0820246032825904     
    12989809           5  0.54550850797669603     
    12989814           1  0.97418971230038709     
    12989814           2   1.0797492380107330     
    12989814           3   1.2761379118707743     
    12989814           4  0.96606086291265814     
    12989814           5  0.70386227490544773     
    12989816           1   1.3965525629702122     
    12989816           2   1.2473338365553601     
    12989816           3  0.39821445149343127     
    12989816           4   1.3011443524270887     
    12989816           5  0.65675479655390812     
    12989833           1   7.4466378025092567E-002
    12989833           2   1.2301117701045132     
    12989833           3   1.1184931774227485     
    12989833           4   1.3921005298066675     
    12989833           5   1.1848281446409790     
    12989859           1   1.2109713298427227     
    12989859           2   1.5259959259129012     
    12989859           3   1.1060672041633826     
    12989859           4  0.77193884809666313     
    12989859           5  0.38502669198433009     
    12989861           1   1.3280794318669908     
    12989861           2  0.85699417539319866     
    12989861           3   1.0260472142752211     
    12989861           4  0.99894988040974264     
    12989861           5  0.78992929805484735     
    12989864           1   1.1501127412894550     
    12989864           2  0.82707674660652186     
    12989864           3  0.81436711470080936     
    12989864           4   1.1750099483876437     
    12989864           5   1.0334334490155705     
    12989885           1  0.82093326524965315     
    12989885           2  0.68543837353651438     
    12989885           3   1.2742812725592987     
    12989885           4   1.2783242513760484     
    12989885           5  0.94102283727848579     
    12989893           1  0.70204068856426771     
    12989893           2   1.0263472353624836     
    12989893           3   1.2378051558061502     
    12989893           4   1.0075492090196911     
    12989893           5   1.0262577112474069     
    12989895           1  0.80044136780747244     
    12989895           2   1.1008624028329219     
    12989895           3   1.2151094348783595     
    12989895           4   1.2439757531009634     
    12989895           5  0.63961104138028324     
    12989899           1  0.57240926685735483     
    12989899           2  0.77996423812822258     
    12989899           3   1.2344138240293150     
    12989899           4   1.2381753668270161     
    12989899           5   1.1750373041580917     
    12989903           1  0.92948715082221600     
    12989903           2   3.1858680090840384E-002
    12989903           3  0.62283356893258746     
    12989903           4   1.7347672584360128     
    12989903           5   1.6810533417183438     
    12989904           1   1.0660934939428910     
    12989904           2  0.31284881184169577     
    12989904           3  0.95836326969347596     
    12989904           4   1.3368290271270713     
    12989904           5   1.3258653973948664     
    12989907           1   1.1778234604455622     
    12989907           2  0.95018034823011766     
    12989907           3  0.90894366769638646     
    12989907           4   1.0849934792386162     
    12989907           5  0.87805904438931792     
    12989927           1  0.62085720819034307     
    12989927           2   1.2597629763964997     
    12989927           3   1.1009178773687154     
    12989927           4   1.0643087616534159     
    12989927           5  0.95415317639102581     
    12989929           1  0.43754660490708930     
    12989929           2   1.0174335186460919     
    12989929           3  0.73098654720788714     
    12989929           4   1.3406606037653055     
    12989929           5   1.4733727254736257     
    12989943           1  0.84981347825470788     
    12989943           2   1.1074253930132130     
    12989943           3   1.1900207922423385     
    12989943           4  0.85285177541526025     
    12989943           5  0.99988856107447988     
    12989953           1  0.87913392490691133     
    12989953           2   1.0277325551049914     
    12989953           3   1.3128385583815918     
    12989953           4  0.98531981383087908     
    12989953           5  0.79497514777562639     
    12989957           1  0.85386800677519581     
    12989957           2  0.92502766385212587     
    12989957           3  0.97995582175441343     
    12989957           4   1.2075373865465389     
    12989957           5   1.0336111210717263     
    12989972           1  0.78101144954863211     
    12989972           2  0.96760473545844028     
    12989972           3  0.79236009079888592     
    12989972           4   1.1829136137381866     
    12989972           5   1.2761101104558554     
    12989976           1   1.0088722149107920     
    12989976           2  0.49188496211402166     
    12989976           3   1.0038124480664699     
    12989976           4   1.3038614402847455     
    12989976           5   1.1915689346239706     
    12989980           1   1.1148193677043927     
    12989980           2  0.77173734885021550     
    12989980           3   1.2525405706005637     
    12989980           4   1.0577286792910050     
    12989980           5  0.80317403355382277     
    12989991           1   1.4366592373910729     
    12989991           2  0.77679458415258806     
    12989991           3   1.0964127927883642     
    12989991           4  0.72563540997896936     
    12989991           5  0.96449797568900586     
    12990002           1   1.4035244558127833     
    12990002           2   1.6126361790970878     
    12990002           3  0.21880100534808369     
    12990002           4  0.99272166485152147     
    12990002           5  0.77231669489052479     
    12990007           1  0.82019494185612274     
    12990007           2   1.0353663311030012     
    12990007           3   1.0593738978734022     
    12990007           4   1.3323532468761163     
    12990007           5  0.75271158229135782     
    12990022           1  0.86314167994390911     
    12990022           2   1.2557848818483242     
    12990022           3  0.94372736013600089     
    12990022           4  0.87260584993058365     
    12990022           5   1.0647402281411820     
    12990023           1  0.63817949923239392     
    12990023           2   1.0921411019853573     
    12990023           3   1.1266405756818880     
    12990023           4   1.2272767628629651     
    12990023           5  0.91576206023739504     
    12990028           1  0.73816744742212248     
    12990028           2  0.83656444366132199     
    12990028           3   1.3407386984941634     
    12990028           4  0.82253749021727174     
    12990028           5   1.2619919202051197     
    12990037           1   1.0358272015533878     
    12990037           2  0.79640265649795849     
    12990037           3   1.0100273451741615     
    12990037           4   1.2221893837562547     
    12990037           5  0.93555341301823691     
    12990066           1   1.0131723877332688     
    12990066           2   1.1013500439071384     
    12990066           3   1.1366322235132842     
    12990066           4  0.95597245983728107     
    12990066           5  0.79287288500902786     
    12990068           1  0.95458626914274225     
    12990068           2  0.90632281902230349     
    12990068           3   1.2125935545365418     
    12990068           4   1.0064690939824357     
    12990068           5  0.92002826331597654     
    12990069           1  0.85923162634343320     
    12990069           2  0.97113133549344488     
    12990069           3   1.4608575073338872     
    12990069           4  0.91241471486662595     
    12990069           5  0.79636481596260833     
    12990087           1  0.43205430995016658     
    12990087           2   1.0046622048687843     
    12990087           3  0.72181085327772687     
    12990087           4   1.3865943879295690     
    12990087           5   1.4548782439737531     
    12990089           1  0.94727944072528547     
    12990089           2  0.86132442202272552     
    12990089           3   1.2796450486686137     
    12990089           4  0.99876513131826805     
    12990089           5  0.91298595726510734     
    12990090           1  0.89371203943584310     
    12990090           2   1.3017040471356023     
    12990090           3   1.4646606084414897     
    12990090           4  0.75551527436972132     
    12990090           5  0.58440803061734314     
    12990100           1   1.3425989697580900     
    12990100           2  0.73200168612392102     
    12990100           3  0.86719987838852741     
    12990100           4   1.1487850536955524     
    12990100           5  0.90941441203390971     
    12990101           1   1.3752249627066224     
    12990101           2  0.80684796896391386     
    12990101           3  0.75052953100935316     
    12990101           4  0.79003467159876739     
    12990101           5   1.2773628657213438     
    12990105           1   1.1101632882062176     
    12990105           2   1.1558532283188305     
    12990105           3   1.3854095945242750     
    12990105           4   1.1194201623409634     
    12990105           5  0.22915372660971342     
    12990107           1   1.0018844887074516     
    12990107           2  0.49796349133899764     
    12990107           3  0.99685976719874125     
    12990107           4   1.3199764520208379     
    12990107           5   1.1833158007339719     
    12990111           1  0.96705935631407736     
    12990111           2   1.0693970971602000     
    12990111           3   1.1013652085670316     
    12990111           4  0.93215733413662549     
    12990111           5  0.93002100382206576     
    12990116           1  0.88918922063887917     
    12990116           2  0.55933525659103922     
    12990116           3   1.0076106552519364     
    12990116           4   1.1852406618604963     
    12990116           5   1.3586242056576490     
    12990122           1  0.68630676970664650     
    12990122           2  0.93887618332222844     
    12990122           3   1.1852574472823374     
    12990122           4   1.1095047056782066     
    12990122           5   1.0800548940105812     
    12990123           1  0.76091990990686065     
    12990123           2   1.1453143406797381     
    12990123           3   1.3817700969068527     
    12990123           4  0.81657630759040345     
    12990123           5  0.89541934491614594     
    12990128           1  0.55876111445095378     
    12990128           2   1.1610945804093444     
    12990128           3  0.90848962283323020     
    12990128           4   1.3693024159748257     
    12990128           5   1.0023522663316460     
    12990137           1  0.69961714524606788     
    12990137           2   1.1665927852742273     
    12990137           3   1.1062206480554013     
    12990137           4   1.0917742424895198     
    12990137           5  0.93579517893478337     
    12990144           1  0.83717914078054168     
    12990144           2  0.42207911681562227     
    12990144           3  0.79499884960986167     
    12990144           4   1.6955516903787025     
    12990144           5   1.2501912024152722     
    12990146           1  0.67997479425858454     
    12990146           2  0.97516865950753984     
    12990146           3   1.2116345931255423     
    12990146           4   1.0433370375396376     
    12990146           5   1.0898849155686960     
    12990156           1   1.0092394191984588     
    12990156           2  0.52173057455333005     
    12990156           3   1.0040356378910003     
    12990156           4   1.2731604977265722     
    12990156           5   1.1918338706306386     
    12990161           1   1.3350556373515050     
    12990161           2  0.76820969553323637     
    12990161           3  0.87622088510357754     
    12990161           4   1.1423306561286428     
    12990161           5  0.87818312588303860     
    12990165           1  0.98457631942388457     
    12990165           2  0.52506170654544526     
    12990165           3   1.0102097141720798     
    12990165           4   1.2809894927685537     
    12990165           5   1.1991627670900358     
    12990199           1  0.97013888512462720     
    12990199           2   1.0728025129179002     
    12990199           3   1.0687068632320573     
    12990199           4  0.95536915197983319     
    12990199           5  0.93298258674558221     
    12990206           1  0.89253823294380907     
    12990206           2   1.0513464212013051     
    12990206           3   1.3822828557584617     
    12990206           4   1.1613572881181773     
    12990206           5  0.51247520197824670     
    12990213           1   1.3147146060540928     
    12990213           2  0.75650518148705292     
    12990213           3  0.90877815934391060     
    12990213           4   1.1551990066448379     
    12990213           5  0.86480304647010620     
    12990217           1  0.89183814138063611     
    12990217           2  0.78020074538245454     
    12990217           3   1.1914503556057778     
    12990217           4   1.2866152104591710     
    12990217           5  0.84989554717196003     
    12990226           1   1.1221000116375361     
    12990226           2   1.3554340964042206     
    12990226           3  0.33990531421482162     
    12990226           4   1.0441807652495629     
    12990226           5   1.1383798124938587     
    12990229           1  0.97777970713304196     
    12990229           2  0.99111109612348902     
    12990229           3   1.1518140886972810     
    12990229           4  0.98332570015188792     
    12990229           5  0.89596940789430091     
    12990239           1  0.97164135392961815     
    12990239           2   1.1841896034501205     
    12990239           3   1.2023621356590368     
    12990239           4  0.77908682537243445     
    12990239           5  0.86272008158878921     
    12990240           1   1.2073898868654935     
    12990240           2   1.2502907245453001     
    12990240           3  0.97799243160510085     
    12990240           4   1.0872260044241711     
    12990240           5  0.47710095255993473     
    12990248           1  0.85061671553746465     
    12990248           2  0.92111669895745085     
    12990248           3  0.99565174637826759     
    12990248           4   1.2029394209441746     
    12990248           5   1.0296754181826417     
    12990250           1   1.1587281594614496     
    12990250           2  0.83327232359348669     
    12990250           3  0.79867541167756251     
    12990250           4   1.1681492749102944     
    12990250           5   1.0411748303572064     
    12990251           1  0.85089216924492106     
    12990251           2  0.56786425985939992     
    12990251           3  0.86198850848764819     
    12990251           4   1.3743638716932538     
    12990251           5   1.3448911907147771     
    12990252           1  0.75855179635218462     
    12990252           2  0.65822109652833338     
    12990252           3   1.3036182273106118     
    12990252           4   1.1397563444071692     
    12990252           5   1.1398525354017008     
    12990258           1  0.62487106366110556     
    12990258           2   1.2679073716744602     
    12990258           3   1.0913267944792311     
    12990258           4   1.0711895411453618     
    12990258           5  0.94470522903984155     
    12990259           1   1.0939566016723534     
    12990259           2  0.74052532635956503     
    12990259           3  0.99536483517013996     
    12990259           4  0.93583536501478870     
    12990259           5   1.2343178717831536     
    12990267           1  0.79769575023052208     
    12990267           2  0.92329597810545694     
    12990267           3   1.3832130885270397     
    12990267           4   1.2435668306579886     
    12990267           5  0.65222835247899291     
    12990275           1  0.78228621784133923     
    12990275           2   1.2054606850116056     
    12990275           3   1.0705277044123362     
    12990275           4   1.1273407220281042     
    12990275           5  0.81438467070661447     
    12990282           1  0.76162256795285788     
    12990282           2   1.0590528999770257     
    12990282           3  0.98669950929800865     
    12990282           4   1.3194727552268315     
    12990282           5  0.87315226754527642     
    12990284           1  0.66471501266273947     
    12990284           2   1.0893579755124760     
    12990284           3   1.1248452828520619     
    12990284           4   1.2064665490986082     
    12990284           5  0.91461517987411456     
    12990285           1  0.74375737484052185     
    12990285           2  0.97000387919544995     
    12990285           3  0.79432472127208820     
    12990285           4   1.1858466086728163     
    12990285           5   1.3060674160191246     
    12990286           1  0.53360546659605701     
    12990286           2  0.96871588035231981     
    12990286           3   1.3306745893921270     
    12990286           4   1.1328983883062556     
    12990286           5   1.0341056753532403     
    12990289           1  0.84584348081349359     
    12990289           2   1.2631686228587093     
    12990289           3   1.2558856739182120     
    12990289           4  0.95456756034182355     
    12990289           5  0.68053466206776103     
    12990290           1   1.2115338550951207     
    12990290           2  0.59551470052761946     
    12990290           3  0.73144667537140440     
    12990290           4   1.2320892802131906     
    12990290           5   1.2294154887926652     
    12990292           1   1.5661730145649007     
    12990292           2  0.67982681328266126     
    12990292           3  0.84384337184010827     
    12990292           4  0.78633921686816122     
    12990292           5   1.1238175834441682     
    12990294           1  0.68292069117294996     
    12990294           2  0.60581363492571405     
    12990294           3  0.50806330004696232     
    12990294           4   1.5180513309180985     
    12990294           5   1.6851510429362753     
    12990295           1   1.3439016422360723     
    12990295           2   1.2425444101802197     
    12990295           3  0.76977230067584079     
    12990295           4  0.78860607591055754     
    12990295           5  0.85517557099730923     
    12990299           1   1.1918975236654610     
    12990299           2  0.78393732006075478     
    12990299           3  0.64359804833553536     
    12990299           4  0.95906310232361502     
    12990299           5   1.4215040056146337     
    12990302           1  0.89878909041829824     
    12990302           2  0.89451898602033864     
    12990302           3  0.78115845977660592     
    12990302           4   1.1807268903422068     
    12990302           5   1.2448065734425500     
    12990303           1  0.73496649828485039     
    12990303           2   1.0511140739665745     
    12990303           3   1.0722663245664181     
    12990303           4   1.0475044347278384     
    12990303           5   1.0941486684543187     
    12990305           1  0.87264913031369717     
    12990305           2   1.0596057826246690     
    12990305           3  0.89762418190157012     
    12990305           4   1.1429166284097485     
    12990305           5   1.0272042767503158     
    12990306           1   1.3092956052143712     
    12990306           2  0.80095346691456881     
    12990306           3   1.1209398722283550     
    12990306           4  0.99904172135451885     
    12990306           5  0.76976933428818595     
    12990308           1   1.1175650063890805     
    12990308           2   1.1635595720140828     
    12990308           3   1.3946464441800335     
    12990308           4   1.1163709659386576     
    12990308           5  0.20785801147814600     
    12990309           1  0.66215873680637405     
    12990309           2  0.76700084020419668     
    12990309           3   1.2301183689265518     
    12990309           4   1.3932290024284282     
    12990309           5  0.94749305163444941     
    12990310           1  0.80579627830041567     
    12990310           2  0.88866434862897026     
    12990310           3   1.3972594921176562     
    12990310           4   1.2561951391523269     
    12990310           5  0.65208474180063158     
    12990311           1  0.96356199320735803     
    12990311           2   1.0859869323242008     
    12990311           3   1.2708808170284798     
    12990311           4  0.97164178127677392     
    12990311           5  0.70792847616318699     
    12990312           1  0.80877205453825574     
    12990312           2  0.89194615362519514     
    12990312           3   1.4024195204110483     
    12990312           4   1.2423694044796396     
    12990312           5  0.65449286694586206     
    12990315           1   1.0651969571647759     
    12990315           2  0.71240149428241328     
    12990315           3  0.80168025635571216     
    12990315           4   1.1311317805684149     
    12990315           5   1.2895895116286844     
    12990316           1  0.88440835359527370     
    12990316           2   1.4126345036936434     
    12990316           3   1.1795381875765871     
    12990316           4  0.94571903425138215     
    12990316           5  0.57769992088311373     
