    10012806           1   1.1441495464335063     
    10012806           2  0.74938273145399015     
    10012806           3  0.67884795972129797     
    10012806           4   1.0765895476940037     
    10012806           5   1.3510302146972022     
    11656959           1   1.1831018095364374     
    11656959           2  0.66860527680246784     
    11656959           3  0.98169035340363964     
    11656959           4   1.2931497854584826     
    11656959           5  0.87345277479897243     
    11696794           1   1.3016679072261204     
    11696794           2   1.0947481973155127     
    11696794           3  0.38121394846961715     
    11696794           4   1.2444151863022952     
    11696794           5  0.97795476068645470     
    11869415           1   1.0075133605114963     
    11869415           2   1.3627565965746689     
    11869415           3  0.89632290398225944     
    11869415           4  0.64788716702537519     
    11869415           5   1.0855199719062005     
    11898849           1   1.1791269272008760     
    11898849           2  0.90329162913905459     
    11898849           3  0.88838157290105324     
    11898849           4   1.1254922688858404     
    11898849           5  0.90370760187317545     
    11939186           1   1.1654645223209319     
    11939186           2   1.1029256306898534     
    11939186           3  0.57147614604212149     
    11939186           4   1.2315697327237205     
    11939186           5  0.92856396822337317     
    11945555           1   1.0568701386583403     
    11945555           2  0.69415788431087544     
    11945555           3   1.0395888149984389     
    11945555           4   1.0294630032979646     
    11945555           5   1.1799201587343806     
    11956745           1   1.0043769984291155     
    11956745           2   1.1615431576187911     
    11956745           3   1.1720689673108924     
    11956745           4  0.88053162854704159     
    11956745           5  0.78147924809415936     
    11974414           1  0.87259774689052338     
    11974414           2  0.96746884547338974     
    11974414           3   1.2108789878858948     
    11974414           4  0.89931097256541770     
    11974414           5   1.0497434471847742     
    11988444           1   1.3326895406830279     
    11988444           2  0.97904635447444377     
    11988444           3  0.90867779393454817     
    11988444           4  0.83524302704185538     
    11988444           5  0.94434328386612443     
    12015257           1   1.3544235655095533     
    12015257           2  0.74705807294261406     
    12015257           3  0.81212358398726403     
    12015257           4   1.0727433451454251     
    12015257           5   1.0136514324151440     
    12078787           1  0.93432624615028181     
    12078787           2  0.79937364026533886     
    12078787           3   1.2185735064610488     
    12078787           4   1.0223253405705948     
    12078787           5   1.0254012665527359     
    12094558           1  0.96589226199227984     
    12094558           2  0.92854393779013644     
    12094558           3  0.76540646824047698     
    12094558           4   1.1546137185903282     
    12094558           5   1.1855436133867787     
    12117956           1   1.0035472893308059     
    12117956           2   1.1064187722945527     
    12117956           3  0.76647690214003017     
    12117956           4   1.0203552942412941     
    12117956           5   1.1032017419933169     
    12135744           1   1.2467463173147797     
    12135744           2  0.72252540879484706     
    12135744           3  0.74342408709771557     
    12135744           4   1.4343956824704376     
    12135744           5  0.85290850432222021     
    12184207           1   1.0907980649186593     
    12184207           2  0.67167454232866508     
    12184207           3   1.0927350005165908     
    12184207           4   1.2276104433547719     
    12184207           5  0.91718194888131221     
    12210963           1   1.1974682011694631     
    12210963           2  0.69806032722804767     
    12210963           3  0.71789809877011268     
    12210963           4   1.4056782276867628     
    12210963           5  0.98089514514561338     
    12233106           1  0.98062645462885800     
    12233106           2  0.84229691284719577     
    12233106           3   1.0557773836891069     
    12233106           4   1.0533919804968184     
    12233106           5   1.0679072683380202     
    12242258           1   1.2106702696978533     
    12242258           2   1.0687628447878681     
    12242258           3  0.96830770013113543     
    12242258           4  0.77607279611600855     
    12242258           5  0.97618638926713475     
    12256733           1   1.3448765763159625     
    12256733           2  0.60653738416391345     
    12256733           3   1.0014578174170707     
    12256733           4   1.3235766795766983     
    12256733           5  0.72355154252635434     
    12261753           1   1.4558479716895774     
    12261753           2   1.0573732115701382     
    12261753           3  0.64152704202246935     
    12261753           4  0.89667001854315809     
    12261753           5  0.94858175617465701     
    12263143           1   1.3210738824097019     
    12263143           2  0.69460058628815746     
    12263143           3  0.64998020637778731     
    12263143           4   1.4527830108246196     
    12263143           5  0.88156231409973362     
    12264263           1   1.1605596018972322     
    12264263           2  0.58064884076789935     
    12264263           3   1.0688023285815442     
    12264263           4   1.0374906237199832     
    12264263           5   1.1524986050333408     
    12296152           1  0.70267140578045983     
    12296152           2  0.76463598398784427     
    12296152           3   1.0877060536031202     
    12296152           4   1.1184509928977342     
    12296152           5   1.3265355637308418     
    12313256           1  0.58872066017626268     
    12313256           2  0.74039467815641780     
    12313256           3   1.0136609325443093     
    12313256           4   1.2945261879066969     
    12313256           5   1.3626975412163136     
    12334895           1   1.3048779981618706     
    12334895           2  0.97087187373886485     
    12334895           3   1.0181314666746228     
    12334895           4  0.96536110491037752     
    12334895           5  0.74075755651426434     
    12338429           1   1.2392614075829351     
    12338429           2   1.0139552714828235     
    12338429           3  0.92393508408878033     
    12338429           4   1.0159253453639563     
    12338429           5  0.80692289148150553     
    12341503           1   1.0457697098618555     
    12341503           2  0.84135868559743321     
    12341503           3   1.2783136008106490     
    12341503           4  0.88458216988000604     
    12341503           5  0.94997583385005635     
    12343814           1   1.0441621815276838     
    12343814           2  0.79965838616844154     
    12343814           3  0.88814048575890581     
    12343814           4   1.4285239805763723     
    12343814           5  0.83951496596859654     
    12348013           1   1.5249930920297827     
    12348013           2  0.28358159724088255     
    12348013           3  0.68433901842011646     
    12348013           4   1.4240596596353432     
    12348013           5   1.0830266326738749     
    12352599           1   1.5149991240781309     
    12352599           2  0.81544275113186704     
    12352599           3  0.91112297898423811     
    12352599           4   1.0170868325349793     
    12352599           5  0.74134831327078454     
    12360549           1   1.2095506051878240     
    12360549           2   1.0678804867987062     
    12360549           3  0.95815440257315887     
    12360549           4  0.78740358582078174     
    12360549           5  0.97701091961952979     
    12362425           1   1.4337295761507345     
    12362425           2  0.70345822221359644     
    12362425           3  0.54146225406373449     
    12362425           4   1.0775643138509476     
    12362425           5   1.2437856337209869     
    12385573           1   1.0632089700877978     
    12385573           2  0.93975092543295780     
    12385573           3   1.1120050221001689     
    12385573           4  0.98236602029210840     
    12385573           5  0.90266906208696684     
    12394414           1   1.1874419098879840     
    12394414           2  0.90423389759888284     
    12394414           3  0.83213837171581351     
    12394414           4  0.88351552636952480     
    12394414           5   1.1926702944277947     
    12398120           1   1.0316503503417054     
    12398120           2  0.66803433211252816     
    12398120           3  0.58736951782464408     
    12398120           4   1.5705380255813004     
    12398120           5   1.1424077741398215     
    12407336           1   1.5152938902084019     
    12407336           2  0.78691403548770511     
    12407336           3  0.86449027915390697     
    12407336           4   1.1342219713437049     
    12407336           5  0.69907982380628231     
    12441243           1   1.3375461690941379     
    12441243           2  0.80005374480076241     
    12441243           3  0.80200375735821072     
    12441243           4   1.0593759502262392     
    12441243           5   1.0010203785206500     
    12446697           1   1.1512037337066459     
    12446697           2  0.62184271285550474     
    12446697           3   1.4172047556685046     
    12446697           4  0.94182492571296716     
    12446697           5  0.86792387205637711     
    12446799           1   1.4288102074798692     
    12446799           2  0.51339568572903993     
    12446799           3  0.69419005397731681     
    12446799           4   1.3910540810347336     
    12446799           5  0.97254997177904012     
    12453656           1   1.2655394544556138     
    12453656           2  0.57630803273456965     
    12453656           3  0.86301300386184343     
    12453656           4   1.1464006001506359     
    12453656           5   1.1487389087973376     
    12474437           1  0.90379606897959119     
    12474437           2  0.72126262990062440     
    12474437           3   1.1868501458374801     
    12474437           4   1.0408044274925343     
    12474437           5   1.1472867277897696     
    12478608           1   1.3104443914632158     
    12478608           2  0.95410145298454241     
    12478608           3  0.94417602795745426     
    12478608           4  0.69167737411821295     
    12478608           5   1.0996007534765746     
    12481539           1  0.95794961578427396     
    12481539           2  0.70400797443480811     
    12481539           3  0.93334222392611765     
    12481539           4   1.2826802987825523     
    12481539           5   1.1220198870722480     
    12498999           1   1.0340706973910165     
    12498999           2  0.98633664564206747     
    12498999           3  0.75310268448064843     
    12498999           4   1.1050677143842367     
    12498999           5   1.1214222581020308     
    12512940           1   1.1747130918252269     
    12512940           2  0.77108730475022458     
    12512940           3  0.74042180107127320     
    12512940           4   1.0785566223893772     
    12512940           5   1.2352211799638986     
    12520300           1   1.4553271894792528     
    12520300           2  0.59150002527262480     
    12520300           3  0.94876421499071628     
    12520300           4   1.1105735458838424     
    12520300           5  0.89383502437356444     
    12520558           1   1.3079387492010990     
    12520558           2  0.64484966727753090     
    12520558           3   1.1193685709493488     
    12520558           4   1.0389696598291711     
    12520558           5  0.88887335274285006     
    12522173           1   1.3364137015943269     
    12522173           2  0.98232382915268091     
    12522173           3  0.80701291672230435     
    12522173           4  0.85049722611321621     
    12522173           5   1.0237523264174717     
    12522501           1   1.5270527894569628     
    12522501           2  0.29565938475691339     
    12522501           3  0.68526330543684166     
    12522501           4   1.4075351222500787     
    12522501           5   1.0844893980992032     
    12523781           1   1.2739352889956854     
    12523781           2  0.78638668700612990     
    12523781           3  0.99355591058969006     
    12523781           4  0.92309720156833364     
    12523781           5   1.0230249118401618     
    12524063           1  0.98632023038570427     
    12524063           2  0.96144581391832884     
    12524063           3  0.64218509694565684     
    12524063           4   1.3403635949485475     
    12524063           5   1.0696852638017622     
    12534400           1  0.95350758479652054     
    12534400           2  0.92030622171809018     
    12534400           3  0.92394537421712331     
    12534400           4   1.3847715413132788     
    12534400           5  0.81746927795498681     
    12553110           1   1.0716551909759926     
    12553110           2  0.98052045879160454     
    12553110           3   1.2325424572625583     
    12553110           4  0.74471795667083407     
    12553110           5  0.97056393629901105     
    12553291           1   1.3138610576831966     
    12553291           2  0.95619574106080707     
    12553291           3  0.91005947465756309     
    12553291           4   1.0400647648700918     
    12553291           5  0.77981896172834175     
    12563352           1   1.4756112565464123     
    12563352           2  0.83693288709200342     
    12563352           3  0.65652879843233836     
    12563352           4   1.0285320051619737     
    12563352           5   1.0023950527672723     
    12564471           1   1.3849982844192568     
    12564471           2  0.88327154170018185     
    12564471           3  0.68049207059797623     
    12564471           4   1.1734053514936456     
    12564471           5  0.87783275178894071     
    12569034           1   1.1028564985849192     
    12569034           2  0.74935827474429995     
    12569034           3   1.0480079069316071     
    12569034           4  0.82308882197063638     
    12569034           5   1.2766884977685371     
    12589935           1  0.92799967465089783     
    12589935           2  0.92460643330415926     
    12589935           3  0.98485937638275922     
    12589935           4  0.95047891766949510     
    12589935           5   1.2120555979926888     
    12599339           1   1.1664455571508587     
    12599339           2   1.1264789617582387     
    12599339           3  0.69111123162186450     
    12599339           4   1.0045575653651007     
    12599339           5   1.0114066841039375     
    12600501           1   1.4313874224100567     
    12600501           2   1.1850903208319974     
    12600501           3  0.62550921988372277     
    12600501           4  0.93230989043967161     
    12600501           5  0.82570314643455156     
    12601850           1   1.3025681290277238     
    12601850           2  0.95226863755614466     
    12601850           3  0.88449422188893467     
    12601850           4  0.94834425808756118     
    12601850           5  0.91232475343963626     
    12602431           1   1.4017192975179762     
    12602431           2   1.0218143647259095     
    12602431           3  0.79663114192010265     
    12602431           4  0.78351690021664921     
    12602431           5  0.99631829561936325     
    12609181           1  0.97212609076350476     
    12609181           2  0.70699894001602404     
    12609181           3  0.93730751206010465     
    12609181           4   1.2881297436250521     
    12609181           5   1.0954377135353144     
    12615502           1   1.0912755344994634     
    12615502           2   1.0287703941603088     
    12615502           3  0.81838664580031351     
    12615502           4   1.1306773663890319     
    12615502           5  0.93089005915088208     
    12617325           1   1.0437059244488582     
    12617325           2  0.69273295163501281     
    12617325           3   1.0047486034436883     
    12617325           4   1.3210821373269768     
    12617325           5  0.93773038314546486     
    12617372           1  0.99306930575019559     
    12617372           2  0.94213430965648692     
    12617372           3   1.0067575025856328     
    12617372           4  0.73958114161090938     
    12617372           5   1.3184577403967750     
    12618930           1   1.1372372871658156     
    12618930           2  0.87367603029615548     
    12618930           3   1.3777689186329705     
    12618930           4  0.82756259046505931     
    12618930           5  0.78375517343999901     
    12623255           1   1.2513249271942817     
    12623255           2  0.98824684527540974     
    12623255           3  0.76256862865387787     
    12623255           4   1.0579078658276675     
    12623255           5  0.93995173304876334     
    12624245           1  0.92800098765927019     
    12624245           2   1.0850783665435986     
    12624245           3  0.72542238144365911     
    12624245           4   1.1058331077180306     
    12624245           5   1.1556651566354410     
    12624819           1   1.3314937748150404     
    12624819           2  0.84216514865577830     
    12624819           3  0.70501302408174860     
    12624819           4   1.1347218869127460     
    12624819           5  0.98660616553468683     
    12638313           1   1.2428299755824401     
    12638313           2  0.69266425282609623     
    12638313           3  0.71269921244897572     
    12638313           4   1.3844116223000189     
    12638313           5  0.96739493684246969     
    12639690           1  0.71682723578035257     
    12639690           2  0.86273480375510914     
    12639690           3  0.93964461238201402     
    12639690           4   1.2876509030055765     
    12639690           5   1.1931424450769474     
    12641012           1   1.3683146931869299     
    12641012           2  0.99841852722951985     
    12641012           3  0.82210987352465714     
    12641012           4  0.85533590935523285     
    12641012           5  0.95582099670365961     
    12643039           1   1.2833239389594135     
    12643039           2  0.76802794024769794     
    12643039           3  0.56932858120136465     
    12643039           4   1.0453456129528034     
    12643039           5   1.3339739266387212     
    12645659           1   1.1590643638623261     
    12645659           2  0.50494128256739101     
    12645659           3  0.88477812842816750     
    12645659           4   1.3372883657297070     
    12645659           5   1.1139278594124078     
    12647184           1   1.1593163929704056     
    12647184           2  0.90797503248645961     
    12647184           3  0.89298767030977522     
    12647184           4   1.1313277422695609     
    12647184           5  0.90839316196379882     
    12651001           1   1.3238140869377972     
    12651001           2  0.64052623595039393     
    12651001           3  0.86865243944810366     
    12651001           4   1.1173077130070674     
    12651001           5   1.0496995246566376     
    12662891           1  0.97440081758098629     
    12662891           2  0.92241437836508589     
    12662891           3   1.0567153393599489     
    12662891           4   1.0157086717635819     
    12662891           5   1.0307607929303964     
    12663112           1  0.98411281326378353     
    12663112           2   1.0194837445065543     
    12663112           3  0.95085683879397465     
    12663112           4   1.2351197282650548     
    12663112           5  0.81042687517063272     
    12666859           1   1.1281745476100531     
    12666859           2  0.90769867476595889     
    12666859           3  0.95067402539783330     
    12666859           4   1.1698766567845840     
    12666859           5  0.84357609544157164     
    12678133           1   1.1192589049102755     
    12678133           2  0.86680276511428012     
    12678133           3  0.79791755978759371     
    12678133           4   1.2666414194224012     
    12678133           5  0.94937935076544910     
    12680426           1  0.92743405302775306     
    12680426           2   1.1202514217188608     
    12680426           3  0.69219785607300943     
    12680426           4   1.1051575318363445     
    12680426           5   1.1549591373440318     
    12681479           1   1.0262665814219660     
    12681479           2  0.81243978246687121     
    12681479           3  0.84506797901796482     
    12681479           4   1.2038493262132341     
    12681479           5   1.1123763308799635     
    12682870           1   1.6136934748005547     
    12682870           2  0.83961728250467416     
    12682870           3  0.94591673059441050     
    12682870           4  0.81571036137671415     
    12682870           5  0.78506215072364549     
    12684645           1  0.97882115226447264     
    12684645           2  0.84074627080495856     
    12684645           3   1.0538337308353198     
    12684645           4   1.0514527190950493     
    12684645           5   1.0751461270002003     
    12688627           1   1.2824733187714648     
    12688627           2  0.55568526371190108     
    12688627           3  0.50723662258998070     
    12688627           4   1.4839447888019681     
    12688627           5   1.1706600061246859     
    12690585           1  0.72059059016447435     
    12690585           2  0.83357436120460204     
    12690585           3  0.94457776153569351     
    12690585           4   1.3018508252127907     
    12690585           5   1.1994064618824387     
    12697348           1  0.68893848973126093     
    12697348           2  0.96054104553885977     
    12697348           3   1.1217549432659983     
    12697348           4   1.1875592584305292     
    12697348           5   1.0412062630333512     
    12697485           1   1.3257327541056816     
    12697485           2   1.1861892852332065     
    12697485           3  0.90041338466793941     
    12697485           4  0.68754933431517440     
    12697485           5  0.90011524167799761     
    12706705           1   1.2312506386585162     
    12706705           2  0.88580984823627573     
    12706705           3  0.65688296131519175     
    12706705           4  0.99332590014711153     
    12706705           5   1.2327306516429044     
    12708473           1   1.1663889465866608     
    12708473           2   1.0790906975877348     
    12708473           3   1.1890589802446523     
    12708473           4  0.76819975154018927     
    12708473           5  0.79726162404076284     
    12715374           1   1.1367651935176937     
    12715374           2  0.67980688141574841     
    12715374           3  0.82339873012834652     
    12715374           4  0.80629665750282908     
    12715374           5   1.5537325374353823     
    12717103           1   1.2001490124496743     
    12717103           2   1.0627681245442113     
    12717103           3  0.70100810167115724     
    12717103           4   1.0707245241250163     
    12717103           5  0.96535023720994095     
    12717230           1   1.3135828997111263     
    12717230           2  0.79137926774115785     
    12717230           3   1.1112771478742949     
    12717230           4   1.2546381578910129     
    12717230           5  0.52912252678240868     
    12718758           1   1.3493010769858593     
    12718758           2  0.78855040729784376     
    12718758           3  0.93876154019584701     
    12718758           4  0.80010518307522627     
    12718758           5   1.1232817924452241     
    12718822           1   1.3685683347405262     
    12718822           2  0.56276459753579189     
    12718822           3  0.77053101580142769     
    12718822           4   1.0708079658304002     
    12718822           5   1.2273280860918541     
    12721082           1  0.82806697457708234     
    12721082           2   1.1590562027475273     
    12721082           3  0.98450434252700036     
    12721082           4  0.93123069014772442     
    12721082           5   1.0971417900006657     
    12721175           1   1.3252968496216047     
    12721175           2   1.1540603167376751     
    12721175           3  0.95669608052930344     
    12721175           4  0.68695112247307244     
    12721175           5  0.87699563063834407     
    12731243           1  0.85373703060335282     
    12731243           2   1.0978672202064834     
    12731243           3  0.81027443596876170     
    12731243           4   1.1232344409782880     
    12731243           5   1.1148868722431133     
    12736085           1  0.96079679005379315     
    12736085           2  0.75646106714089256     
    12736085           3   1.0161587201938329     
    12736085           4   1.3859540954483107     
    12736085           5  0.88062932716317177     
    12738113           1   1.2659492432699553     
    12738113           2  0.89202413546425352     
    12738113           3   1.3124256649969115     
    12738113           4  0.56454656368549028     
    12738113           5  0.96505439258338932     
    12738438           1   1.0381412720817687     
    12738438           2  0.79504734890242734     
    12738438           3  0.88301923780087133     
    12738438           4   1.4202867414955769     
    12738438           5  0.86350539971935625     
    12739323           1   1.1067867193695384     
    12739323           2  0.85135093080746782     
    12739323           3  0.85898220265038194     
    12739323           4   1.2504246607656280     
    12739323           5  0.93245548640698384     
    12743354           1   1.5987879023843985     
    12743354           2   1.0562914947217206     
    12743354           3  0.71387351336549976     
    12743354           4  0.79305101422267221     
    12743354           5  0.83799607530570819     
    12750828           1   1.2342407990123043     
    12750828           2  0.83080024234240846     
    12750828           3   1.1038507254995298     
    12750828           4  0.90953114555248860     
    12750828           5  0.92157708759326917     
    12751415           1   1.5648785887669010     
    12751415           2  0.82074617392589277     
    12751415           3  0.60410323119219489     
    12751415           4  0.98316397635594621     
    12751415           5   1.0271080297590645     
    12754573           1   1.3850606121107936     
    12754573           2  0.94088738100535285     
    12754573           3  0.98760494602451232     
    12754573           4   1.0744710488663911     
    12754573           5  0.61197601199294982     
    12756557           1   1.0533746260640928     
    12756557           2   1.0216210931581069     
    12756557           3  0.94253397888171564     
    12756557           4   1.0659251217168428     
    12756557           5  0.91654518017924169     
    12759359           1  0.63784685623469062     
    12759359           2  0.90314902657503870     
    12759359           3   1.1155642279575189     
    12759359           4   1.0355695707487964     
    12759359           5   1.3078703184839555     
    12762179           1   1.0456084252132236     
    12762179           2   1.0069032710986716     
    12762179           3   1.1421071628111596     
    12762179           4   1.0528774620721491     
    12762179           5  0.75250367880479663     
    12767655           1   1.1089285762313887     
    12767655           2  0.56701515283114212     
    12767655           3   1.1080632972849793     
    12767655           4   1.1997495068247781     
    12767655           5   1.0162434668277123     
    12768379           1  0.91607287132866966     
    12768379           2   1.2128982957637693     
    12768379           3   1.1092555558703767     
    12768379           4  0.82509614118297936     
    12768379           5  0.93667713585420542     
    12776887           1  0.97501499986000606     
    12776887           2  0.99102675128134576     
    12776887           3   1.2244304580958127     
    12776887           4   1.1241022836383814     
    12776887           5  0.68542550712445394     
    12778022           1   1.2183740718158200     
    12778022           2  0.96214213178789065     
    12778022           3  0.66867758835501823     
    12778022           4   1.2246888251865109     
    12778022           5  0.92611738285475909     
    12778580           1   1.1728495447282334     
    12778580           2  0.69959244939084009     
    12778580           3   1.0400077628917019     
    12778580           4   1.1489092601595654     
    12778580           5  0.93864098282965913     
    12787903           1   1.3519224624942281     
    12787903           2  0.90414976584797702     
    12787903           3  0.74548156603481408     
    12787903           4   1.2488056968253589     
    12787903           5  0.74964050879762223     
    12788785           1   1.0219944551350102     
    12788785           2  0.97125372900347584     
    12788785           3  0.98445904163642772     
    12788785           4   1.3879640365666608     
    12788785           5  0.63432873765842557     
    12788793           1   1.0660902150944236     
    12788793           2   1.0610766135964409     
    12788793           3  0.72099386043951552     
    12788793           4   1.4912551459282375     
    12788793           5  0.66058416494138150     
    12789130           1   1.0915230071744257     
    12789130           2  0.79303994279819845     
    12789130           3   1.0372380664069523     
    12789130           4  0.81463035969032438     
    12789130           5   1.2635686239300992     
    12795056           1   1.4873536599598487     
    12795056           2  0.80966664695394641     
    12795056           3   1.1234518488959553     
    12795056           4  0.81997625748588354     
    12795056           5  0.75955158670436729     
    12796496           1   1.0356247206976594     
    12796496           2  0.97948268583231224     
    12796496           3   1.3348651812102301     
    12796496           4  0.83351339206538622     
    12796496           5  0.81651402019441233     
    12797092           1   1.3473721865919979     
    12797092           2  0.85977315964742373     
    12797092           3   1.0609052998660138     
    12797092           4  0.80829443511111154     
    12797092           5  0.92365491878345263     
    12798401           1   1.1655156227217862     
    12798401           2  0.50775174506130738     
    12798401           3  0.86187313506856278     
    12798401           4   1.3447316050234410     
    12798401           5   1.1201278921249029     
    12801787           1   1.1574620528476447     
    12801787           2  0.59223265811912151     
    12801787           3   1.2552960282883170     
    12801787           4  0.99545655396652566     
    12801787           5  0.99955270677839070     
    12804119           1  0.86380996694096401     
    12804119           2   1.0309179611396897     
    12804119           3   1.0920150781586546     
    12804119           4  0.94119961135271979     
    12804119           5   1.0720573824079720     
    12804563           1   1.2024033184170191     
    12804563           2  0.73851357588792521     
    12804563           3  0.87265355551925838     
    12804563           4   1.1816329548207636     
    12804563           5   1.0047965953550340     
    12804936           1   1.3358303103199267     
    12804936           2  0.84490799217273793     
    12804936           3  0.70730917752096567     
    12804936           4   1.1221330816996007     
    12804936           5  0.98981943828676955     
    12807168           1  0.97082347649793321     
    12807168           2  0.92509229179616481     
    12807168           3  0.73463766220538829     
    12807168           4   1.3034172978686027     
    12807168           5   1.0660292716319109     
    12808532           1   1.3914512498415101     
    12808532           2  0.74864223253077855     
    12808532           3  0.62546925099255091     
    12808532           4   1.2742805167949820     
    12808532           5  0.96015674984017829     
    12808923           1   1.3514742532401496     
    12808923           2  0.98613055916685100     
    12808923           3  0.81199181221633232     
    12808923           4  0.90634608052829468     
    12808923           5  0.94405729484837253     
    12809441           1   1.1775047584192426     
    12809441           2  0.88510275940309147     
    12809441           3  0.70700848782569159     
    12809441           4   1.2422609096149408     
    12809441           5  0.98812308473703414     
    12809683           1   1.2670820961897025     
    12809683           2  0.65415660813422616     
    12809683           3   1.1090168187469656     
    12809683           4  0.91798385557163587     
    12809683           5   1.0517606213574699     
    12809837           1  0.23681559328368704     
    12809837           2  0.87891244493195098     
    12809837           3   1.3362499007311726     
    12809837           4   1.3483724236162071     
    12809837           5   1.1996496374369816     
    12810585           1   1.6000193890724195     
    12810585           2  0.90990222798736364     
    12810585           3  0.60853619670474535     
    12810585           4   1.0754485860181835     
    12810585           5  0.80609360021728804     
    12812813           1   1.3206358220420875     
    12812813           2   1.1500015226899292     
    12812813           3  0.95333141032893565     
    12812813           4  0.69486367804055127     
    12812813           5  0.88116756689849673     
    12813015           1   1.3739388185563122     
    12813015           2   1.3564953407027924     
    12813015           3   1.0131577072801907     
    12813015           4  0.73511248320000933     
    12813015           5  0.52129565026069458     
    12813181           1  0.92998920674987862     
    12813181           2   1.1139250391936741     
    12813181           3   1.1014843844745801     
    12813181           4  0.81448066553777676     
    12813181           5   1.0401207040440901     
    12813981           1  0.99730997353257578     
    12813981           2  0.73284600224171792     
    12813981           3   1.0403468956178106     
    12813981           4  0.95897486624472439     
    12813981           5   1.2705222623631711     
    12816491           1   1.3487224429112823     
    12816491           2   1.0691257403988965     
    12816491           3   1.0336725697801210     
    12816491           4  0.46093957698784865     
    12816491           5   1.0875396699218505     
    12819165           1   1.1763189578795412     
    12819165           2  0.91171323693746620     
    12819165           3   1.0257909702506887     
    12819165           4  0.73012253364773472     
    12819165           5   1.1560543012845685     
    12823131           1   1.2510400730952909     
    12823131           2  0.67136622481586250     
    12823131           3  0.99830495297978894     
    12823131           4   1.1137721461662915     
    12823131           5  0.96551660294276664     
    12824302           1   1.1464942880487909     
    12824302           2  0.86859526691061084     
    12824302           3   1.3889838235963019     
    12824302           4  0.83429886944316456     
    12824302           5  0.76162775200113186     
    12824771           1   1.2813506861920869     
    12824771           2  0.44913109041350252     
    12824771           3  0.85370183739632166     
    12824771           4   1.2356060443104633     
    12824771           5   1.1802103416876246     
    12825868           1   1.4133436000203738     
    12825868           2   1.0347588835027144     
    12825868           3  0.54768652722964162     
    12825868           4   1.0993125349884367     
    12825868           5  0.90489845425883397     
    12826687           1   1.1493409626061422     
    12826687           2  0.61060971867273972     
    12826687           3  0.85573178501174130     
    12826687           4   1.2247877566487115     
    12826687           5   1.1595297770606661     
    12826783           1  0.98844341244472422     
    12826783           2   1.2393196489631733     
    12826783           3  0.97191419981249527     
    12826783           4  0.95078038622362848     
    12826783           5  0.84954235255597899     
    12828119           1   1.0833372446920402     
    12828119           2  0.99624645842427850     
    12828119           3  0.80618686290614539     
    12828119           4   1.0098478782886715     
    12828119           5   1.1043815556888641     
    12829043           1   1.2348140114082520     
    12829043           2  0.72446449563017867     
    12829043           3   1.0061944265606468     
    12829043           4  0.90683254046941553     
    12829043           5   1.1276945259315081     
    12829117           1   1.3623558823597979     
    12829117           2  0.98048883403076370     
    12829117           3  0.68160571067727382     
    12829117           4  0.93505987530109169     
    12829117           5   1.0404896976310734     
    12829300           1   1.4151207562116395     
    12829300           2  0.83262918615356518     
    12829300           3  0.48384162810695719     
    12829300           4   1.3976013118635351     
    12829300           5  0.87080711766430263     
    12831177           1   1.4234789578919302     
    12831177           2  0.51148007753722824     
    12831177           3  0.71025611186261572     
    12831177           4   1.3858637090332642     
    12831177           5  0.96892114367496174     
    12831904           1   1.1709439017280709     
    12831904           2  0.76861319030191155     
    12831904           3  0.73804608010609696     
    12831904           4   1.0750959604042321     
    12831904           5   1.2473008674596884     
    12833968           1  0.98631423560198384     
    12833968           2  0.90998555375710866     
    12833968           3  0.72650920169380895     
    12833968           4   1.3076774641314373     
    12833968           5   1.0695135448156616     
    12834780           1   1.4172120815443736     
    12834780           2   1.0909952949965802     
    12834780           3  0.64004667833930129     
    12834780           4  0.90535310054253104     
    12834780           5  0.94639284457721340     
    12835860           1  0.95944290362875440     
    12835860           2   1.1223263028817565     
    12835860           3   1.1037122177213106     
    12835860           4  0.95390015727113231     
    12835860           5  0.86061841849704634     
    12836447           1   1.0050403432417860     
    12836447           2   1.1099736306482049     
    12836447           3   1.2455013601763139     
    12836447           4  0.93708767770218038     
    12836447           5  0.70239698823151620     
    12836806           1   1.3172267289039585     
    12836806           2   1.1785785839640703     
    12836806           3  0.89463624827432231     
    12836806           4  0.68313795355460938     
    12836806           5  0.92642048530303922     
    12839525           1   1.0323516902139092     
    12839525           2   1.1675312420033970     
    12839525           3   1.0091273596042059     
    12839525           4  0.95960716683194180     
    12839525           5  0.83138254134654566     
    12841124           1   1.3516034601873368     
    12841124           2  0.68883644154981061     
    12841124           3  0.64458634397602443     
    12841124           4   1.4407270873009235     
    12841124           5  0.87424666698590459     
    12842095           1  0.90916876947978742     
    12842095           2  0.71085084244489205     
    12842095           3   1.0746675905339378     
    12842095           4   1.1458133186266397     
    12842095           5   1.1594994789147430     
    12842671           1   1.0867632409329477     
    12842671           2   1.2006982545434974     
    12842671           3   1.0623171766967163     
    12842671           4  0.91442296418227365     
    12842671           5  0.73579836364456452     
    12843313           1   1.2785646872721537     
    12843313           2  0.78924436526099151     
    12843313           3  0.99716642837641767     
    12843313           4  0.90828200102288947     
    12843313           5   1.0267425180675476     
    12845383           1   1.3594120531630773     
    12845383           2  0.76517976188809111     
    12845383           3   1.2168735312134287     
    12845383           4  0.97573728110974389     
    12845383           5  0.68279737262565887     
    12848015           1  0.97233341773757298     
    12848015           2  0.98830113206577419     
    12848015           3   1.2210629090559890     
    12848015           4   1.1347621586413990     
    12848015           5  0.68354038249926508     
    12848342           1   1.1409843377618654     
    12848342           2  0.66947382936971112     
    12848342           3  0.84134043822261195     
    12848342           4   1.1093431681617196     
    12848342           5   1.2388582264840919     
    12849030           1   1.3621857024040813     
    12849030           2  0.75133942714967938     
    12849030           3  0.81677782553673983     
    12849030           4   1.0788911861235020     
    12849030           5  0.99080585878599847     
    12849253           1   1.3387178428946513     
    12849253           2  0.79083638423791414     
    12849253           3  0.94148297336391340     
    12849253           4  0.80242465686055897     
    12849253           5   1.1265381426429621     
    12849809           1  0.88804413226858803     
    12849809           2  0.88354729470376980     
    12849809           3  0.96109083549961072     
    12849809           4   1.1893526001120593     
    12849809           5   1.0779651374159718     
    12850737           1  0.90150859437986963     
    12850737           2  0.95255247684829270     
    12850737           3   1.3624334982103348     
    12850737           4  0.84161950456433998     
    12850737           5  0.94188592599716292     
    12851362           1   1.1754155076448025     
    12851362           2   1.4028765887929993     
    12851362           3   1.0535047672729561     
    12851362           4  0.67471567254342824     
    12851362           5  0.69348746374581460     
    12854811           1  0.98973172130668530     
    12854811           2   1.0943262636991471     
    12854811           3  0.83423599941441384     
    12854811           4   1.0314991146241435     
    12854811           5   1.0502069009556110     
    12856578           1   1.1672118810688434     
    12856578           2  0.91415876809663876     
    12856578           3  0.89906933495778174     
    12856578           4   1.1390326145362553     
    12856578           5  0.88052740134048002     
    12856874           1   1.2558089653833977     
    12856874           2  0.75844543449389901     
    12856874           3  0.46856415441231081     
    12856874           4   1.4670323272018335     
    12856874           5   1.0501491185085592     
    12857435           1  0.99466163883012348     
    12857435           2   1.0945795479030793     
    12857435           3  0.84359645208258205     
    12857435           4   1.0199193392440564     
    12857435           5   1.0472430219401589     
    12858541           1  0.85434227727530143     
    12858541           2   1.0285120598273230     
    12858541           3  0.99865114990217740     
    12858541           4   1.0282459687760650     
    12858541           5   1.0902485442191332     
    12861368           1  0.91067436523931622     
    12861368           2   1.3966057034326484     
    12861368           3  0.94836835602362457     
    12861368           4  0.72939166874621786     
    12861368           5   1.0149599065581927     
    12861386           1   1.2048476206629180     
    12861386           2   1.1854571714638376     
    12861386           3  0.57461727544432339     
    12861386           4  0.97059238503775658     
    12861386           5   1.0644855473911647     
    12861569           1   1.0977224891547293     
    12861569           2  0.56128527868721401     
    12861569           3   1.0968659541359513     
    12861569           4   1.2381522848326858     
    12861569           5   1.0059739931894196     
    12861669           1   1.1492839875564260     
    12861669           2  0.75439551880751754     
    12861669           3  0.76475972563982453     
    12861669           4   1.1328870535794877     
    12861669           5   1.1986737144167441     
    12861734           1   1.1405705602662328     
    12861734           2  0.97227698458574685     
    12861734           3  0.81638726570302556     
    12861734           4  0.68894287489549122     
    12861734           5   1.3818223145495026     
    12865040           1  0.82999402648804455     
    12865040           2   1.1501176768653976     
    12865040           3  0.98679545065335228     
    12865040           4  0.93339782147416372     
    12865040           5   1.0996950245190416     
    12867957           1   1.2220506265797659     
    12867957           2  0.38326789182861620     
    12867957           3  0.67789273301049524     
    12867957           4   1.5472848048094412     
    12867957           5   1.1695039437716808     
    12868873           1   1.2940425744110187     
    12868873           2  0.62296122406222798     
    12868873           3  0.77774600751536771     
    12868873           4   1.1849756562214218     
    12868873           5   1.1202745377899641     
    12869350           1   1.2428300508320156     
    12869350           2  0.63268242782681972     
    12869350           3  0.78988260145431788     
    12869350           4   1.2034669994467564     
    12869350           5   1.1311379204400906     
    12871458           1   1.1058552561208064     
    12871458           2   1.1164968291247364     
    12871458           3  0.74144802997427639     
    12871458           4  0.93046255364768615     
    12871458           5   1.1057373311324949     
    12872361           1  0.92371917589558972     
    12872361           2   1.2066981260560949     
    12872361           3  0.97325569921109478     
    12872361           4   1.0799085240764374     
    12872361           5  0.81641847476078377     
    12872624           1   1.0083154245632735     
    12872624           2  0.70270557074139117     
    12872624           3   1.0523900514435161     
    12872624           4   1.0421395530323865     
    12872624           5   1.1944494002194330     
    12872944           1   1.2533488895887972     
    12872944           2  0.98984529057755899     
    12872944           3  0.75571477194683201     
    12872944           4   1.0596189847311310     
    12872944           5  0.94147206315568133     
    12873408           1  0.94811345328158902     
    12873408           2   1.1275253005908132     
    12873408           3   1.1088249886477848     
    12873408           4  0.95831894770630943     
    12873408           5  0.85721730977350397     
    12874287           1   1.3345312466702461     
    12874287           2   1.1272625966114178     
    12874287           3  0.96336214290243061     
    12874287           4  0.69173765721790148     
    12874287           5  0.88310635659800385     
    12877365           1  0.70132014563837963     
    12877365           2  0.71970250187488516     
    12877365           3  0.93183751555903960     
    12877365           4   1.4329389853156944     
    12877365           5   1.2142008516120018     
    12877832           1   1.3109303241887558     
    12877832           2  0.88389745693747657     
    12877832           3  0.81875453171140566     
    12877832           4  0.82343883102858362     
    12877832           5   1.1629788561337786     
    12877870           1   1.0068445908237598     
    12877870           2   1.1528264495131859     
    12877870           3   1.1749485518436509     
    12877870           4  0.88269495282990029     
    12877870           5  0.78268545498950282     
    12877980           1   1.0308545595065046     
    12877980           2  0.69760168451632498     
    12877980           3  0.98374787119249041     
    12877980           4   1.3303670948647077     
    12877980           5  0.95742878991997149     
    12879124           1   1.1205650455348763     
    12879124           2  0.58623968533532389     
    12879124           3  0.86402833070953133     
    12879124           4   1.2597444725124247     
    12879124           5   1.1694224659078440     
    12880393           1   1.3426560161358221     
    12880393           2  0.94163856396736556     
    12880393           3  0.87314842199007459     
    12880393           4  0.92405214780346401     
    12880393           5  0.91850485010327376     
    12881179           1   1.3221216415068491     
    12881179           2  0.87352005604951277     
    12881179           3  0.90491322929030427     
    12881179           4   1.1423411274230431     
    12881179           5  0.75710394573029149     
    12881542           1   1.0353833155284260     
    12881542           2  0.98461370041005702     
    12881542           3  0.84162165601744054     
    12881542           4   1.0812926373905423     
    12881542           5   1.0570886906535337     
    12881644           1  0.79724845272671441     
    12881644           2  0.87850562315730418     
    12881644           3   1.0105134925139261     
    12881644           4   1.1808878690380138     
    12881644           5   1.1328445625640409     
    12882027           1   1.1684329230162034     
    12882027           2   1.2316506080399086     
    12882027           3  0.57246413805727681     
    12882027           4  0.96695549690175053     
    12882027           5   1.0604968339848606     
    12883009           1  0.89957212248201346     
    12883009           2  0.74115074469514064     
    12883009           3  0.87490263917981825     
    12883009           4   1.1073145148348813     
    12883009           5   1.3770599788081463     
    12883463           1  0.77494742823555640     
    12883463           2  0.85610418424441137     
    12883463           3   1.2555896264519950     
    12883463           4   1.1753710363942333     
    12883463           5  0.93798772467380431     
    12883962           1  0.59181372953875333     
    12883962           2  0.74428462503626924     
    12883962           3   1.0189865883034732     
    12883962           4   1.3013274768058449     
    12883962           5   1.3435875803156589     
    12885490           1  0.82158758415149857     
    12885490           2   1.0067364185695526     
    12885490           3   1.0406555558083899     
    12885490           4   1.0343256330758592     
    12885490           5   1.0966948083946997     
    12886515           1   1.1727408932829939     
    12886515           2   1.0552255855479538     
    12886515           3  0.84326820880229736     
    12886515           4   1.1284099944502490     
    12886515           5  0.80035531791650594     
    12889546           1   1.1678396528980690     
    12889546           2  0.57070062948715450     
    12889546           3   1.0755067972268140     
    12889546           4   1.0439986778011558     
    12889546           5   1.1419542425868063     
    12889998           1   1.1250551769193002     
    12889998           2  0.86550810914995058     
    12889998           3  0.79672579071463034     
    12889998           4   1.2647495647418201     
    12889998           5  0.94796135847429885     
    12890046           1   1.0967173994037700     
    12890046           2  0.84934564306936400     
    12890046           3  0.85695894007334983     
    12890046           4   1.2667188539558711     
    12890046           5  0.93025916349764481     
    12890553           1   1.0984855953984110     
    12890553           2  0.76620465819080030     
    12890553           3   1.0438543827824809     
    12890553           4  0.81982670984694028     
    12890553           5   1.2716286537813684     
    12891220           1   1.3453032978705715     
    12891220           2  0.90707350486629146     
    12891220           3  0.78160796281876510     
    12891220           4  0.77806034273718094     
    12891220           5   1.1879548917071909     
    12891275           1   1.1841768516706934     
    12891275           2  0.94713497752510911     
    12891275           3  0.83932075223516656     
    12891275           4  0.93395529727016291     
    12891275           5   1.0954121212988679     
    12892604           1   1.1657219382468120     
    12892604           2  0.76518546844004687     
    12892604           3  0.73475467590465526     
    12892604           4   1.0703014422075920     
    12892604           5   1.2640364752008935     
    12896929           1   1.1248261687867263     
    12896929           2  0.90500465988414225     
    12896929           3  0.94785246132224543     
    12896929           4   1.1812443160890065     
    12896929           5  0.84107239391788002     
    12898591           1   1.3097773595074258     
    12898591           2  0.98981276812795016     
    12898591           3  0.98315094244110968     
    12898591           4  0.43193905749130945     
    12898591           5   1.2853198724322046     
    12901173           1   1.5985930930358407     
    12901173           2   1.0563519953468121     
    12901173           3  0.71391440150481611     
    12901173           4  0.79309643736801572     
    12901173           5  0.83804407274451509     
    12902854           1  0.98783738391735398     
    12902854           2  0.91560348138902981     
    12902854           3   1.0400013597554936     
    12902854           4  0.91048681966514455     
    12902854           5   1.1460709552729789     
    12904328           1   1.0256566362199482     
    12904328           2  0.97035958569600267     
    12904328           3  0.98355274142127813     
    12904328           4   1.3866862666933004     
    12904328           5  0.63374476996947049     
    12905784           1   1.3072519287998146     
    12905784           2  0.39091665310638307     
    12905784           3  0.89426800636495674     
    12905784           4   1.1143975820514127     
    12905784           5   1.2931658296774329     
    12907179           1   1.3192393220423713     
    12907179           2  0.39450132683499833     
    12907179           3  0.85593018467229487     
    12907179           4   1.1246165167114435     
    12907179           5   1.3057126497388916     
    12907762           1   1.1895737817175125     
    12907762           2  0.67226277670374945     
    12907762           3  0.98706053592423570     
    12907762           4   1.3002237577658446     
    12907762           5  0.85087914788865782     
    12907925           1  0.93240906188071093     
    12907925           2   1.1262607554525048     
    12907925           3  0.69591099389743927     
    12907925           4   1.1110858978337426     
    12907925           5   1.1343332909356032     
    12908015           1   1.0221123036690996     
    12908015           2  0.97078916499349477     
    12908015           3  0.98457256187554942     
    12908015           4   1.3881240858959467     
    12908015           5  0.63440188356590899     
    12908159           1  0.96901415418751247     
    12908159           2  0.86543671952302015     
    12908159           3  0.89452404488546411     
    12908159           4   1.1429584277807314     
    12908159           5   1.1280666536232720     
    12909098           1  0.95887862824616921     
    12909098           2  0.79944704208477502     
    12909098           3  0.94969514754409290     
    12909098           4   1.2355127137179782     
    12909098           5   1.0564664684069847     
    12909956           1   1.2300544606605164     
    12909956           2  0.72167207061715832     
    12909956           3  0.97986565393887970     
    12909956           4  0.94505995100067197     
    12909956           5   1.1233478637827743     
    12911348           1  0.71683893255130904     
    12911348           2  0.86274888136110972     
    12911348           3  0.93217735733651885     
    12911348           4   1.2950729146679136     
    12911348           5   1.1931619140831484     
    12912544           1   1.4612520298004763     
    12912544           2   1.0612981449363614     
    12912544           3  0.62534853877370078     
    12912544           4  0.89999842712752731     
    12912544           5  0.95210285936193362     
    12914043           1   1.3167214566680172     
    12914043           2   1.2121125964098236     
    12914043           3  0.89429307663378332     
    12914043           4  0.68287591010098447     
    12914043           5  0.89399696018739117     
    12914076           1   1.3679688802397019     
    12914076           2  0.94533597422130378     
    12914076           3  0.99227442374482122     
    12914076           4   1.0795512366924997     
    12914076           5  0.61486948510167361     
    12916166           1   1.2185707310077136     
    12916166           2   1.1575908317018755     
    12916166           3  0.88362284564952054     
    12916166           4  0.98345703458113842     
    12916166           5  0.75675855705975115     
    12918138           1  0.97242643516745098     
    12918138           2  0.83525360798322068     
    12918138           3   1.0469489505458864     
    12918138           4   1.0445834941462913     
    12918138           5   1.1007875121571500     
    12918870           1   1.0028171323302049     
    12918870           2   1.1185786076810513     
    12918870           3   1.2427462347398546     
    12918870           4  0.93501478225655499     
    12918870           5  0.70084324299233391     
    12919260           1   1.3317699303532062     
    12919260           2  0.87989463880291685     
    12919260           3  0.91151690624633075     
    12919260           4   1.1141895520272158     
    12919260           5  0.76262897257033113     
    12919608           1   1.3015493026414491     
    12919608           2   1.0112663370142227     
    12919608           3  0.97697476157836649     
    12919608           4  0.42922560462706733     
    12919608           5   1.2809839941388936     
    12920275           1  0.59523451451646081     
    12920275           2  0.74858671797089416     
    12920275           3   1.0248765057551528     
    12920275           4   1.2535272586926829     
    12920275           5   1.3777750030648099     
    12920317           1  0.90994195603473060     
    12920317           2  0.70720321114463758     
    12920317           3   1.0755815226441547     
    12920317           4   1.1467877553672945     
    12920317           5   1.1604855548091817     
    12920454           1   1.3459988435027499     
    12920454           2   1.0164353260936922     
    12920454           3  0.91775257658710319     
    12920454           4  0.84358443142420236     
    12920454           5  0.87622882239225253     
    12922445           1   1.0475656711861201     
    12922445           2  0.99942870193532984     
    12922445           3   1.1442450421464112     
    12922445           4   1.0548483147574399     
    12922445           5  0.75391226997469862     
    12922976           1   1.2943518551066608     
    12922976           2  0.62949133292178538     
    12922976           3   1.1788499518565085     
    12922976           4   1.0296037348594369     
    12922976           5  0.86770312525560866     
    12923670           1   1.2229586387035754     
    12923670           2  0.97352407720843370     
    12923670           3  0.80221983584910361     
    12923670           4   1.1994733075961870     
    12923670           5  0.80182414064270080     
    12924970           1   1.1642147361508159     
    12924970           2  0.59119189817424256     
    12924970           3   1.2530900340607152     
    12924970           4  0.99370718858784834     
    12924970           5  0.99779614302637776     
    12925152           1   1.1787294371832506     
    12925152           2  0.94277799588773392     
    12925152           3  0.85846058289466720     
    12925152           4  0.92965894439871855     
    12925152           5   1.0903730396356306     
    12925905           1   1.3430071192233457     
    12925905           2   1.2336310727034696     
    12925905           3   1.0740387936365741     
    12925905           4  0.67582520438328419     
    12925905           5  0.67349781005332654     
    12926299           1   1.3174654338759524     
    12926299           2  0.98023733726458384     
    12926299           3   1.0279528173321584     
    12926299           4  0.97467340909977429     
    12926299           5  0.69967100242753111     
    12926932           1  0.96336820874027518     
    12926932           2  0.77977956794489489     
    12926932           3  0.95414172992080060     
    12926932           4   1.2412975269532818     
    12926932           5   1.0614129664407477     
    12928488           1  0.97581168415096098     
    12928488           2  0.69072300989816016     
    12928488           3  0.94086109878232560     
    12928488           4   1.2930133924751324     
    12928488           5   1.0995908146934212     
    12928678           1   1.3044183831989706     
    12928678           2  0.63438705904271753     
    12928678           3   1.1491318237039454     
    12928678           4   1.0376112444713077     
    12928678           5  0.87445148958305863     
    12928787           1   1.2304735154887960     
    12928787           2   1.0690311478996515     
    12928787           3   1.2376425891794962     
    12928787           4  0.81716416027832262     
    12928787           5  0.64568858715373334     
    12930578           1   1.3680091667277230     
    12930578           2  0.77001886662827190     
    12930578           3   1.1929485058277127     
    12930578           4  0.98190798129990375     
    12930578           5  0.68711547951638852     
    12931576           1   1.1976739951975819     
    12931576           2  0.86322722675239161     
    12931576           3  0.67896652883213238     
    12931576           4  0.96058855182146585     
    12931576           5   1.2995436973964272     
    12932187           1   1.3726614779784838     
    12932187           2  0.73470205797365340     
    12932187           3  0.68609375324487998     
    12932187           4  0.97266327110625317     
    12932187           5   1.2338794396967299     
    12932594           1   1.1399363426206375     
    12932594           2  0.99927038759538334     
    12932594           3  0.59188224649250698     
    12932594           4   1.2122280331868716     
    12932594           5   1.0566829901046007     
    12933025           1   1.3001734599738952     
    12933025           2  0.95051796656514675     
    12933025           3  0.89206025556354218     
    12933025           4  0.94660080175955053     
    12933025           5  0.91064751613786499     
    12933200           1   1.3385621892666717     
    12933200           2  0.84663589603741418     
    12933200           3  0.70875568089492069     
    12933200           4   1.1407457112337802     
    12933200           5  0.96530052256721266     
    12933318           1   1.3841154445144896     
    12933318           2   1.3665427645836086     
    12933318           3  0.97100769919185681     
    12933318           4  0.74055738706157603     
    12933318           5  0.53777670464846916     
    12933644           1   1.5143289014352441     
    12933644           2  0.81508200623960914     
    12933644           3  0.91071990597827768     
    12933644           4   1.0188488392233401     
    12933644           5  0.74102034712352871     
    12933966           1   1.5573226958996120     
    12933966           2  0.81678326574506843     
    12933966           3  0.60118636637697109     
    12933966           4   1.0025589523483251     
    12933966           5   1.0221487196300232     
    12934041           1  0.63464988738091277     
    12934041           2  0.89862232979812806     
    12934041           3   1.1350335097393998     
    12934041           4   1.0303791655108565     
    12934041           5   1.3013151075707026     
    12934073           1   1.2418620179167275     
    12934073           2   1.1198337885424337     
    12934073           3  0.90484227277766061     
    12934073           4  0.76488000944027656     
    12934073           5  0.96858191132290250     
    12935084           1  0.71049897809508267     
    12935084           2  0.85511845231127814     
    12935084           3  0.93134928968371322     
    12935084           4   1.2762833289010309     
    12935084           5   1.2267499510088953     
    12935401           1   1.1739750065328283     
    12935401           2  0.98501794759999162     
    12935401           3  0.98911108967028616     
    12935401           4  0.82939258969143215     
    12935401           5   1.0225033665054615     
    12936480           1   1.0365227699593744     
    12936480           2   1.1722484967547397     
    12936480           3   1.0132046045296903     
    12936480           4  0.94328249678983811     
    12936480           5  0.83474163196635720     
    12938444           1   1.1203522767889078     
    12938444           2  0.95504195119312207     
    12938444           3  0.80191560586866228     
    12938444           4  0.71445469931183980     
    12938444           5   1.4082354668374670     
    12940510           1   1.0300084849191422     
    12940510           2  0.97417091063549799     
    12940510           3   1.3276261520132839     
    12940510           4  0.85610842160700551     
    12940510           5  0.81208603082507058     
    12941415           1   1.3775853268848546     
    12941415           2   1.0904572154649141     
    12941415           3  0.87658701954301377     
    12941415           4  0.62269799328043407     
    12941415           5   1.0326724448267843     
    12941863           1  0.68986291699803359     
    12941863           2  0.96182991290014896     
    12941863           3   1.1232601296819826     
    12941863           4   1.1891527419936696     
    12941863           5   1.0358942984261645     
    12941946           1  0.94170263370396456     
    12941946           2  0.92149497871588315     
    12941946           3  0.98154516060934938     
    12941946           4  0.94728039786375029     
    12941946           5   1.2079768291070527     
    12943292           1   1.2848804468932513     
    12943292           2  0.75018495570283661     
    12943292           3   1.0020921576152648     
    12943292           4  0.93102809469394265     
    12943292           5   1.0318143450947044     
    12944070           1   1.0670565860869579     
    12944070           2  0.92505740822289440     
    12944070           3   1.1160292247118395     
    12944070           4  0.98592107609303437     
    12944070           5  0.90593570488527386     
    12946697           1   1.2815031062761166     
    12946697           2  0.96200369874697045     
    12946697           3  0.92887444285741616     
    12946697           4  0.71891067010113974     
    12946697           5   1.1087080820183575     
    12947289           1   1.2304351484851013     
    12947289           2  0.62637260541443740     
    12947289           3  0.78200500169399778     
    12947289           4   1.2413303064750920     
    12947289           5   1.1198569379313714     
    12947588           1   1.4658849462529451     
    12947588           2  0.69537271348843954     
    12947588           3  0.53690976494524656     
    12947588           4   1.0685044028849287     
    12947588           5   1.2333281724284404     
    12948063           1  0.97564488750461464     
    12948063           2  0.92359207440612079     
    12948063           3   1.0516807357778368     
    12948063           4   1.0170054816460352     
    12948063           5   1.0320768206653930     
    12948424           1   1.1024810648221046     
    12948424           2  0.98799266904909944     
    12948424           3  0.82679007471010424     
    12948424           4   1.1422874860276140     
    12948424           5  0.94044870539107750     
    12949907           1   1.2600750410361286     
    12949907           2  0.44167368331088996     
    12949907           3  0.83952690655407836     
    12949907           4   1.2150899466998784     
    12949907           5   1.2436344223990250     
    12950232           1  0.96189443671212138     
    12950232           2  0.91057524058255601     
    12950232           3   1.0431524561341157     
    12950232           4   1.0668468316915920     
    12950232           5   1.0175310348796143     
    12951103           1   1.1622470216277427     
    12951103           2  0.93153832680750293     
    12951103           3  0.89524504825519802     
    12951103           4   1.1341876185918827     
    12951103           5  0.87678198471767299     
    12951488           1  0.98524853576147953     
    12951488           2  0.84626699202521449     
    12951488           3   1.0607536809349780     
    12951488           4   1.0583570343920368     
    12951488           5   1.0493737568862906     
    12952155           1   1.1558310950362150     
    12952155           2   1.0938091336535107     
    12952155           3  0.56675247252618832     
    12952155           4   1.2213898969251795     
    12952155           5  0.96221740185890636     
    12952438           1   1.2903066267387835     
    12952438           2  0.86161375857784339     
    12952438           3  0.93500644273673339     
    12952438           4  0.89460911141688915     
    12952438           5   1.0184640605297512     
    12952532           1  0.96864649656539958     
    12952532           2  0.95283252516478389     
    12952532           3   1.0441369326723449     
    12952532           4   1.0097104073428349     
    12952532           5   1.0246736382546364     
    12953707           1   1.3426735970783228     
    12953707           2  0.79317321298203880     
    12953707           3  0.94426494510688119     
    12953707           4  0.80479572759088835     
    12953707           5   1.1150925172418691     
    12953924           1   1.1364436634681196     
    12953924           2  0.67961460042269128     
    12953924           3  0.82316583468430315     
    12953924           4  0.80606859932006925     
    12953924           5   1.5547073021048166     
    12954276           1   1.2686771018309833     
    12954276           2   1.0019509052447400     
    12954276           3  0.70380799217275058     
    12954276           4   1.0725779180566610     
    12954276           5  0.95298608269486451     
    12955267           1   1.2529410702038004     
    12955267           2  0.73509962803574525     
    12955267           3  0.96263191550590266     
    12955267           4  0.96264390259411026     
    12955267           5   1.0866834836604409     
    12955539           1   1.1648473846059519     
    12955539           2  0.90959269743282034     
    12955539           3  0.83706990876613308     
    12955539           4  0.88875154203821682     
    12955539           5   1.1997384671568787     
    12955810           1   1.2311286363172416     
    12955810           2   1.1549382185998731     
    12955810           3  0.88028706766753406     
    12955810           4  0.97974437104110290     
    12955810           5  0.75390170637424825     
    12956002           1   1.3054449727108730     
    12956002           2  0.95007072155445826     
    12956002           3  0.93625804930268497     
    12956002           4   1.0334025128863840     
    12956002           5  0.77482374354560035     
    12956574           1   1.4869370606893944     
    12956574           2  0.80497997093897888     
    12956574           3  0.66156787396953287     
    12956574           4   1.0364263282728701     
    12956574           5   1.0100887661292230     
    12957441           1   1.0832917677164100     
    12957441           2   1.0212439146960248     
    12957441           3  0.81239933286982435     
    12957441           4   1.1589853129511341     
    12957441           5  0.92407967176660677     
    12958303           1   1.4249044537744529     
    12958303           2  0.83838572113726917     
    12958303           3  0.48718675617247315     
    12958303           4   1.4072638855263435     
    12958303           5  0.84225918338946215     
    12958828           1  0.95115087260152698     
    12958828           2  0.91803157080766840     
    12958828           3  0.93401984850260378     
    12958828           4   1.3813489067892026     
    12958828           5  0.81544880129899855     
    12958957           1   1.1923259483743269     
    12958957           2  0.80904251864164944     
    12958957           3  0.83052649947573287     
    12958957           4   1.1717296616761264     
    12958957           5  0.99637537183216451     
    12960129           1  0.85315337793911339     
    12960129           2   1.0340387667471882     
    12960129           3  0.99726143090923614     
    12960129           4   1.0268150657501551     
    12960129           5   1.0887313586543077     
    12960758           1   1.3173649722310634     
    12960758           2  0.95231182386204816     
    12960758           3  0.94240501617342654     
    12960758           4  0.69037997962392705     
    12960758           5   1.0975382081095357     
    12960779           1   1.2070085367262091     
    12960779           2  0.38479389164942646     
    12960779           3  0.68059179601879216     
    12960779           4   1.5534453947915976     
    12960779           5   1.1741603808139742     
    12960785           1   1.0859561236678077     
    12960785           2  0.99865480256405004     
    12960785           3  0.80813575355506340     
    12960785           4   1.0122891027459047     
    12960785           5   1.0949642174671745     
    12960788           1  0.96430540035964651     
    12960788           2  0.91285757398588152     
    12960788           3   1.0975702967382690     
    12960788           4   1.0051852786877813     
    12960788           5   1.0200814502284219     
    12960803           1   1.0921503069877139     
    12960803           2  0.79062219691373448     
    12960803           3   1.0378341685881394     
    12960803           4  0.81509852890817291     
    12960803           5   1.2642947986022393     
    12961919           1   1.5927194582502364     
    12961919           2  0.91185583422203143     
    12961919           3  0.60984275478465366     
    12961919           4   1.0777576286802255     
    12961919           5  0.80782432406285287     
    12964014           1  0.99359351242230809     
    12964014           2   1.0985961677062317     
    12964014           3  0.83749106854225586     
    12964014           4   1.0355238761134178     
    12964014           5   1.0347953752157866     
    12964612           1   1.2398126628410269     
    12964612           2   1.0144063047930312     
    12964612           3  0.92212194587317009     
    12964612           4   1.0163772550135537     
    12964612           5  0.80728183147921861     
    12964669           1  0.23537103940200718     
    12964669           2  0.87355115783772541     
    12964669           3   1.3280988961700699     
    12964669           4   1.3706470243583784     
    12964669           5   1.1923318822318187     
    12964695           1  0.71571598632996958     
    12964695           2  0.95457479232754050     
    12964695           3   1.1147873346836712     
    12964695           4   1.1801829164489450     
    12964695           5   1.0347389702098742     
    12964858           1   1.6028668225630955     
    12964858           2   1.0589863666843999     
    12964858           3  0.71569478876692183     
    12964858           4  0.78231800261854212     
    12964858           5  0.84013401936704091     
    12965039           1  0.90244965092285778     
    12965039           2  0.85599173513360705     
    12965039           3  0.97668129036120532     
    12965039           4   1.1694258402388995     
    12965039           5   1.0954514833434303     
    12965456           1   1.1950178867592876     
    12965456           2  0.70686315369275499     
    12965456           3  0.71642910272100158     
    12965456           4   1.4028018643612004     
    12965456           5  0.97888799246575575     
    12965671           1   1.3045528745940436     
    12965671           2   1.0136000259496281     
    12965671           3  0.97922931619747633     
    12965671           4  0.43021612414467364     
    12965671           5   1.2724016591141782     
    12965976           1  0.98827706101028900     
    12965976           2   1.2391110759697848     
    12965976           3  0.97259211201510953     
    12965976           4  0.95062037333964355     
    12965976           5  0.84939937766517404     
    12966059           1   1.3357023088159350     
    12966059           2   1.2541168992820904     
    12966059           3   1.0681969409424079     
    12966059           4  0.67214929312718874     
    12966059           5  0.66983455783237711     
    12966065           1   1.0510696834319642     
    12966065           2   1.0121623706163931     
    12966065           3   1.1480724381275986     
    12966065           4   1.0322614696213999     
    12966065           5  0.75643403820264410     
    12966814           1   1.3936684259168195     
    12966814           2   1.2047076592360160     
    12966814           3  0.61450968960206076     
    12966814           4  0.94774283955474703     
    12966814           5  0.83937138569035585     
    12966866           1  0.95576118600520532     
    12966866           2  0.75249640109316307     
    12966866           3   1.0370383145942252     
    12966866           4   1.3786902118399926     
    12966866           5  0.87601388646741363     
    12967254           1   1.1923150740467734     
    12967254           2  0.69603420481859224     
    12967254           3   1.0347181089215551     
    12967254           4   1.1430657149032841     
    12967254           5  0.93386689730979511     
    12968173           1   1.2093680824034836     
    12968173           2   1.0676132919888845     
    12968173           3  0.96726619608522713     
    12968173           4  0.78061601855642870     
    12968173           5  0.97513641096597625     
    12968395           1   1.5201482676591420     
    12968395           2  0.78943498391508715     
    12968395           3  0.86725974991111543     
    12968395           4   1.1378555513359452     
    12968395           5  0.68530144717870989     
    12968920           1   1.2502026298541049     
    12968920           2  0.73349298704493504     
    12968920           3  0.91401625492779570     
    12968920           4  0.96053993859457198     
    12968920           5   1.1417481895785915     
    12969032           1   1.4054241784405348     
    12969032           2  0.72806611172598190     
    12969032           3  0.67989684496351033     
    12969032           4  0.96387802120243848     
    12969032           5   1.2227348436675349     
    12969436           1   1.4898939079926667     
    12969436           2  0.81104947483310641     
    12969436           3   1.1253705898288957     
    12969436           4  0.82137669312611472     
    12969436           5  0.75230933421921664     
    12969720           1   1.3081710828353057     
    12969720           2  0.88203703280173884     
    12969720           3  0.81703122016651430     
    12969720           4  0.83222964170707647     
    12969720           5   1.1605310224893641     
    12969751           1   1.2903954153469481     
    12969751           2  0.75340490225517354     
    12969751           3   1.0063933411614132     
    12969751           4  0.91356323891611535     
    12969751           5   1.0362431023203498     
    12972300           1   1.2869662368938044     
    12972300           2  0.96017279158592872     
    12972300           3  0.95018420701127504     
    12972300           4  0.69607880074643280     
    12972300           5   1.1065979637625587     
    12972602           1   1.2327417004375316     
    12972602           2   1.1116096545178094     
    12972602           3  0.89819705078256873     
    12972602           4  0.79598301309054409     
    12972602           5  0.96146858117154621     
    12972705           1   1.1127051244899051     
    12972705           2  0.86892041013590238     
    12972705           3  0.79693983918510825     
    12972705           4   1.2697358914337666     
    12972705           5  0.95169873475531719     
    12973703           1  0.81603391413445914     
    12973703           2  0.99993120148652470     
    12973703           3   1.0336210561764032     
    12973703           4   1.0611323269132229     
    12973703           5   1.0892815012893902     
    12974965           1   1.2823812718727434     
    12974965           2  0.55600424530974657     
    12974965           3  0.50720021671911852     
    12974965           4   1.4838382817006635     
    12974965           5   1.1705759843977277     
    12975391           1  0.88698954418757603     
    12975391           2  0.80082781961237726     
    12975391           3   1.1647800936597306     
    12975391           4   1.0214501660449913     
    12975391           5   1.1259523764953248     
    12975841           1   1.2020259838890803     
    12975841           2  0.73828181781867697     
    12975841           3  0.87394878674360166     
    12975841           4   1.1812621383847353     
    12975841           5   1.0044812731639061     
    12975892           1   1.6088276146836162     
    12975892           2  0.85216231701859435     
    12975892           3  0.94306445501344061     
    12975892           4  0.81325070433751911     
    12975892           5  0.78269490894682903     
    12976270           1  0.96642578681749003     
    12976270           2  0.96211102283618122     
    12976270           3   1.0417431542683970     
    12976270           4   1.0073955548635223     
    12976270           5   1.0223244812144092     
    12976465           1   1.2216237193689574     
    12976465           2  0.97246142793130097     
    12976465           3  0.80680191878000351     
    12976465           4   1.1981640236523199     
    12976465           5  0.80094891026741843     
    12976753           1   1.3909840991287290     
    12976753           2   1.0708045234209249     
    12976753           3  0.72073522209552976     
    12976753           4  0.88859796169619643     
    12976753           5  0.92887819365861979     
    12976893           1  0.91769241095114995     
    12976893           2  0.87044980112266279     
    12976893           3  0.99317785448295404     
    12976893           4   1.1047258066934194     
    12976893           5   1.1139541267498136     
    12977070           1   1.1007679971335371     
    12977070           2  0.74793919996311431     
    12977070           3   1.0460232733573434     
    12977070           4  0.83099872236910211     
    12977070           5   1.2742708071769020     
    12977113           1   1.2002778267217880     
    12977113           2  0.38547671314302656     
    12977113           3  0.68179951453193577     
    12977113           4   1.5562020027516437     
    12977113           5   1.1762439428516063     
    12977682           1   1.4337830177041071     
    12977682           2  0.49778057345638316     
    12977682           3  0.69660610292483338     
    12977682           4   1.3958954853867072     
    12977682           5  0.97593482052796898     
    12978336           1  0.64114893533255479     
    12978336           2  0.90782455251635108     
    12978336           3   1.0954548332893761     
    12978336           4   1.0409306266206397     
    12978336           5   1.3146410522410783     
    12978609           1  0.94398057752428288     
    12978609           2   1.0781863253552828     
    12978609           3  0.70454748755846730     
    12978609           4   1.1248748541767903     
    12978609           5   1.1484107553851766     
    12978945           1  0.82667615979168785     
    12978945           2   1.1571094610546735     
    12978945           3  0.98285077676733346     
    12978945           4  0.92966660239608812     
    12978945           5   1.1036969999902169     
    12979073           1   1.3367110929895123     
    12979073           2  0.78965091349254890     
    12979073           3  0.94007168204698965     
    12979073           4  0.80122181519188107     
    12979073           5   1.1323444962790679     
    12979133           1   1.2321917370788269     
    12979133           2  0.88648691123441481     
    12979133           3  0.65738504553574995     
    12979133           4  0.99408514234048051     
    12979133           5   1.2298511638105281     
    12979244           1   1.2480544678562735     
    12979244           2  0.57900634433983711     
    12979244           3  0.86705368674590388     
    12979244           4   1.1517681221492349     
    12979244           5   1.1541173789087507     
    12979469           1  0.56900536855934059     
    12979469           2  0.75304434241240614     
    12979469           3   1.0309793585735529     
    12979469           4   1.2609916627654616     
    12979469           5   1.3859792676892388     
    12979929           1   1.3098196473085304     
    12979929           2  0.39168449586372217     
    12979929           3  0.84981864463571732     
    12979929           4   1.1165864939470169     
    12979929           5   1.3320907182450132     
    12979967           1   1.4197851702216790     
    12979967           2   1.0929761048394444     
    12979967           3  0.64120874637585590     
    12979967           4  0.90699685862384138     
    12979967           5  0.93903311993918015     
    12979981           1   1.3287743913001411     
    12979981           2  0.36121415286931535     
    12979981           3  0.86211659335061641     
    12979981           4   1.1327449102455858     
    12979981           5   1.3151499522343417     
    12980407           1   1.0282582049539406     
    12980407           2  0.68227816710508482     
    12980407           3  0.58543820185102702     
    12980407           4   1.5653739762325842     
    12980407           5   1.1386514498573632     
    12980435           1   1.1184158758691125     
    12980435           2  0.58511531638092007     
    12980435           3  0.86237118150063818     
    12980435           4   1.2669180353090792     
    12980435           5   1.1671795909402494     
    12980661           1   1.1557989746802675     
    12980661           2  0.50351873015953674     
    12980661           3  0.88228547571692029     
    12980661           4   1.3335208726560734     
    12980661           5   1.1248759467872025     
    12981107           1   1.0059827162386454     
    12981107           2   1.1070378747429186     
    12981107           3  0.85319813004295286     
    12981107           4  0.97461870685455887     
    12981107           5   1.0591625721209255     
    12981131           1  0.62101582172501657     
    12981131           2  0.90142894909056592     
    12981131           3   1.1385784994868875     
    12981131           4   1.0335972939153648     
    12981131           5   1.3053794357821651     
    12981663           1   1.4102046846632967     
    12981663           2   1.0279999758469820     
    12981663           3  0.80145359365004620     
    12981663           4  0.78825996414179611     
    12981663           5  0.97208178169787962     
    12981713           1   1.3995314303958930     
    12981713           2  0.89847863687197604     
    12981713           3  0.99792323216045720     
    12981713           4   1.0856968935440838     
    12981713           5  0.61836980702759003     
    12981764           1   1.3246253287969598     
    12981764           2  0.96442623517518578     
    12981764           3  0.95439340243874582     
    12981764           4  0.69916234147847367     
    12981764           5   1.0573926921106354     
    12981793           1   1.2848610267905907     
    12981793           2  0.45036151321478424     
    12981793           3  0.84234279343549767     
    12981793           4   1.2389910645924513     
    12981793           5   1.1834436019666759     
    12981832           1   1.3050506181599384     
    12981832           2  0.98624071910494615     
    12981832           3  0.97960293470015658     
    12981832           4  0.44842433445694391     
    12981832           5   1.2806813935780144     
    12981846           1   1.2305733012071363     
    12981846           2   1.0687123644835588     
    12981846           3   1.2377429562765976     
    12981846           4  0.81723042851710126     
    12981846           5  0.64574094951560634     
    12981898           1  0.93327491722680989     
    12981898           2   1.1001952914501660     
    12981898           3   1.1053759982223272     
    12981898           4  0.81735827705906317     
    12981898           5   1.0437955160416339     
    12981939           1   1.0572966873116822     
    12981939           2  0.70175347077972028     
    12981939           3   1.0178320780951977     
    12981939           4   1.3382847933914277     
    12981939           5  0.88483297042197218     
    12982042           1   1.5855975180367456     
    12982042           2   1.0477645057343661     
    12982042           3  0.70811071813591653     
    12982042           4  0.82729596631651137     
    12982042           5  0.83123129177646027     
    12982100           1   1.1058311756117132     
    12982100           2   1.1948476410242683     
    12982100           3   1.0571408493287264     
    12982100           4  0.90996727738811534     
    12982100           5  0.73221305664717717     
    12982153           1  0.95073452374269862     
    12982153           2  0.74853877515330147     
    12982153           3   1.0315841891944144     
    12982153           4   1.3977358704412519     
    12982153           5  0.87140664146833324     
    12982168           1  0.96965915084952403     
    12982168           2  0.86268466527978882     
    12982168           3  0.89511945932863501     
    12982168           4   1.1437192054923375     
    12982168           5   1.1288175190497152     
    12982379           1  0.95362790617287463     
    12982379           2  0.92717422436441699     
    12982379           3   1.0621682056621842     
    12982379           4   1.0209499353119111     
    12982379           5   1.0360797284886138     
    12982469           1  0.97462140036318812     
    12982469           2  0.97886126592357137     
    12982469           3   1.2239361731747969     
    12982469           4   1.1374323498081471     
    12982469           5  0.68514881073029676     
    12983174           1   1.0868769498898021     
    12983174           2  0.99444774264135738     
    12983174           3   1.1790296007799279     
    12983174           4  0.75529590869372709     
    12983174           5  0.98434979799518463     
    12983193           1   1.1698627121431464     
    12983193           2  0.91352651804938290     
    12983193           3  0.89844752105701164     
    12983193           4   1.1382448373475444     
    12983193           5  0.87991841140291505     
    12983540           1   1.0991944017926398     
    12983540           2  0.84551084750780514     
    12983540           3  0.85308977047596946     
    12983540           4   1.2418470179692578     
    12983540           5  0.96035796225432790     
    12983554           1   1.0278627667865652     
    12983554           2  0.98255753521401668     
    12983554           3   1.3248604354688400     
    12983554           4  0.85432497283877684     
    12983554           5  0.81039428969180138     
    12983846           1   1.3303371122304661     
    12983846           2  0.78588553759691848     
    12983846           3  0.93558903890523892     
    12983846           4  0.82870259778753685     
    12983846           5   1.1194857134798402     
    12983922           1   1.3247851455804420     
    12983922           2  0.39390692938958344     
    12983922           3  0.85464054968093905     
    12983922           4   1.1229220504596626     
    12983922           5   1.3037453248893724     
    12984042           1   1.3731970280949126     
    12984042           2  0.56466794769126061     
    12984042           3  0.75622634830124447     
    12984042           4   1.0744295911372599     
    12984042           5   1.2314790847753230     
    12984471           1   1.1685657965841179     
    12984471           2  0.59791405359290528     
    12984471           3   1.2193724028281636     
    12984471           4   1.0050061495224605     
    12984471           5   1.0091415974723530     
    12984536           1   1.1799891524804900     
    12984536           2  0.92141642787761313     
    12984536           3  0.84795092066588951     
    12984536           4  0.83530971725696435     
    12984536           5   1.2153337817190424     
    12984570           1  0.78400633674737319     
    12984570           2  0.85426861667455845     
    12984570           3   1.2528975246707228     
    12984570           4   1.1728509307848280     
    12984570           5  0.93597659112251708     
    12984592           1   1.2778348910882191     
    12984592           2  0.78879386984868027     
    12984592           3  0.99659725243919584     
    12984592           4  0.92592286454348038     
    12984592           5   1.0108511220804244     
    12984604           1  0.97350503115228482     
    12984604           2  0.83618005460715839     
    12984604           3   1.0481102054167397     
    12984604           4   1.0401962251383037     
    12984604           5   1.1020084836855140     
    12984631           1   1.3327728466752784     
    12984631           2  0.84797456830380191     
    12984631           3  0.70987634159227531     
    12984631           4   1.1425494200698652     
    12984631           5  0.96682682335877890     
    12984669           1   1.3542679951021455     
    12984669           2  0.74708995271001244     
    12984669           3  0.81215824034383644     
    12984669           4   1.0727891231238180     
    12984669           5   1.0136946887201874     
    12984714           1   1.1567153182449010     
    12984714           2   1.1116093693946669     
    12984714           3   1.1791973344488995     
    12984714           4  0.76182856728781867     
    12984714           5  0.79064941062371363     
    12984788           1   1.1178672874493667     
    12984788           2  0.89192305424370466     
    12984788           3  0.79163557199559509     
    12984788           4   1.2566691787616373     
    12984788           5  0.94190490754969669     
    12984793           1   1.2552339399135177     
    12984793           2   1.0055607210178983     
    12984793           3  0.70634366251160763     
    12984793           4   1.0764421879188619     
    12984793           5  0.95641948863811477     
    12984828           1   1.2245041639781575     
    12984828           2  0.74097689822596491     
    12984828           3  0.97544426833186038     
    12984828           4  0.94079561695821623     
    12984828           5   1.1182790525058002     
    12984855           1  0.93336679699411473     
    12984855           2  0.79855277242846179     
    12984855           3   1.2224566109690116     
    12984855           4   1.0212755261301034     
    12984855           5   1.0243482934783088     
    12984944           1   1.1333335322275078     
    12984944           2  0.67775468367688430     
    12984944           3  0.82091305800829684     
    12984944           4  0.81895658895132573     
    12984944           5   1.5490421371359853     
    12984993           1   1.1186147485633207     
    12984993           2  0.58521935948501191     
    12984993           3  0.87122681780601718     
    12984993           4   1.2575519395225150     
    12984993           5   1.1673871346231344     
    12984998           1   1.3168581773986179     
    12984998           2  0.94623151596869559     
    12984998           3  0.88803742553924647     
    12984998           4  0.94233201598797167     
    12984998           5  0.90654086510546872     
    12985012           1   1.5594799336851091     
    12985012           2  0.81791469196011446     
    12985012           3  0.60201914300643189     
    12985012           4  0.99702160874189327     
    12985012           5   1.0235646226064514     
    12985026           1   1.0508477890472854     
    12985026           2   1.0191704265752324     
    12985026           3  0.94027302661600931     
    12985026           4   1.0633681785476656     
    12985026           5  0.92634057921380675     
    12985093           1   1.0358969726909508     
    12985093           2   1.1664879973076756     
    12985093           3   1.0082256563115317     
    12985093           4  0.95874971218682603     
    12985093           5  0.83063966150301627     
    12985112           1   1.2664229572670036     
    12985112           2  0.82923128070110408     
    12985112           3  0.98769696182218536     
    12985112           4  0.89965661434144906     
    12985112           5   1.0169921858682582     
    12985532           1   1.1557966431644398     
    12985532           2  0.50351771444494042     
    12985532           3  0.88228369594154732     
    12985532           4   1.3476145555349153     
    12985532           5   1.1107873909141575     
    12985537           1   1.1748981061911206     
    12985537           2  0.69208112858888005     
    12985537           3   1.0418242958253077     
    12985537           4   1.1509160062467307     
    12985537           5  0.94028046314796110     
    12985585           1   1.2813637932672308     
    12985585           2  0.55520451533032389     
    12985585           3  0.50679778931274400     
    12985585           4   1.4869866867299932     
    12985585           5   1.1696472153597082     
    12985628           1   1.4080635903529859     
    12985628           2   1.0308932015070333     
    12985628           3  0.56431960794556146     
    12985628           4   1.0952056916050330     
    12985628           5  0.90151790858938585     
    12985629           1   1.0342407396392570     
    12985629           2  0.98629435570496837     
    12985629           3  0.75307039462779080     
    12985629           4   1.1050203337618720     
    12985629           5   1.1213741762661118     
    12985630           1   1.2461922607212295     
    12985630           2  0.63439401430973996     
    12985630           3  0.79201945925893069     
    12985630           4   1.1931962944612737     
    12985630           5   1.1341979712488257     
    12985675           1   1.3956443731540145     
    12985675           2   1.0975628811650309     
    12985675           3  0.64389963877927936     
    12985675           4  0.91080315566921766     
    12985675           5  0.95208995123245843     
    12985736           1  0.98563020489655584     
    12985736           2   1.0897913003025290     
    12985736           3  0.87085213449676013     
    12985736           4   1.0272245112598304     
    12985736           5   1.0265018490443243     
    12985774           1  0.71122465458538986     
    12985774           2  0.72986661866710545     
    12985774           3  0.87438422268612526     
    12985774           4   1.4531759014927710     
    12985774           5   1.2313486025686091     
    12985815           1   1.1282428075855933     
    12985815           2  0.68130655122432482     
    12985815           3  0.82521516689848051     
    12985815           4  0.80807536670255786     
    12985815           5   1.5571601075890444     
    12985945           1   1.2016571740463027     
    12985945           2   1.0175442112905713     
    12985945           3  0.65950288975966920     
    12985945           4   1.2078852848258719     
    12985945           5  0.91341044007758521     
    12986039           1  0.99686502367745000     
    12986039           2  0.67389011462087478     
    12986039           3  0.59251821749931022     
    12986039           4   1.5843048765600658     
    12986039           5   1.1524217676422996     
    12986112           1  0.78220067112661396     
    12986112           2  0.81731873664915033     
    12986112           3   1.2673415159354973     
    12986112           4   1.1863721073100917     
    12986112           5  0.94676696897864698     
    12986173           1   1.4678213953671657     
    12986173           2  0.50778742161536783     
    12986173           3  0.68660681696148440     
    12986173           4   1.3758583968875908     
    12986173           5  0.96192596916839113     
    12986182           1  0.92598340638407672     
    12986182           2   1.0935898581115493     
    12986182           3  0.72384522944396279     
    12986182           4   1.1034288988849683     
    12986182           5   1.1531526071754428     
    12986375           1  0.98802120671977189     
    12986375           2  0.68862733307684088     
    12986375           3  0.93800649459433161     
    12986375           4   1.2890903463952499     
    12986375           5   1.0962546192138058     
    12986424           1   1.1648454501588033     
    12986424           2  0.50745978733743557     
    12986424           3  0.86137755721732279     
    12986424           4   1.3468333877373708     
    12986424           5   1.1194838175490676     
    12986498           1   1.4745415854794390     
    12986498           2  0.82438578860894984     
    12986498           3  0.92111535053451232     
    12986498           4   1.0304785253099236     
    12986498           5  0.74947875006717546     
    12986500           1   1.1026016456455678     
    12986500           2  0.91019495530894212     
    12986500           3  0.95328849332457344     
    12986500           4   1.1880188745428300     
    12986500           5  0.84589603117808632     
    12986551           1   1.1460596041653934     
    12986551           2   1.0046380504274230     
    12986551           3  0.56820368049227277     
    12986551           4   1.2187396154757770     
    12986551           5   1.0623590494391335     
    12986624           1   1.1168453650819576     
    12986624           2  0.87571548057352488     
    12986624           3  0.79619695180153005     
    12986624           4   1.2639100678999238     
    12986624           5  0.94733213464306443     
    12986627           1   1.1014667559106566     
    12986627           2   1.1177550634461355     
    12986627           3  0.74228360364946433     
    12986627           4  0.93151113693895626     
    12986627           5   1.1069834400547871     
    12986721           1  0.77766326127117114     
    12986721           2  0.85910443424948946     
    12986721           3   1.2599898885374601     
    12986721           4   1.1619674772496091     
    12986721           5  0.94127493869227052     
    12986786           1  0.70186040203337441     
    12986786           2  0.72025691897176991     
    12986786           3  0.93255534917612259     
    12986786           4   1.4340428384636021     
    12986786           5   1.2112844913551304     
    12986821           1  0.96061583128435024     
    12986821           2  0.92347153174672114     
    12986821           3  0.78853900612880201     
    12986821           4   1.1483063492073282     
    12986821           5   1.1790672816327992     
    12986967           1  0.82680235756915299     
    12986967           2   1.1456950006470501     
    12986967           3   1.0022278752450113     
    12986967           4  0.92980852236996936     
    12986967           5   1.0954662441688161     
    12986971           1  0.92771560436839684     
    12986971           2   1.1205915087456562     
    12986971           3  0.71757644064740289     
    12986971           4   1.1054930366452258     
    12986971           5   1.1286234095933187     
    12987089           1   1.3481291749932642     
    12987089           2  0.69991825079456671     
    12987089           3  0.64292944026340237     
    12987089           4   1.4370237105816785     
    12987089           5  0.87199942336708802     
    12987103           1   1.3365791982848270     
    12987103           2  0.80026497712008171     
    12987103           3  0.80221550452503609     
    12987103           4   1.0596556494845097     
    12987103           5   1.0012846705855456     
    12987109           1   1.0011296246103167     
    12987109           2  0.70018790955614274     
    12987109           3   1.0155613683660263     
    12987109           4   1.3352991768382112     
    12987109           5  0.94782192062930293     
    12987126           1   1.3404965153235406     
    12987126           2   1.1672960918165123     
    12987126           3  0.96766830958617445     
    12987126           4  0.70531354934621238     
    12987126           5  0.81922553392755981     
    12987153           1   1.2906085044689304     
    12987153           2  0.63457680580044395     
    12987153           3  0.77568206136722551     
    12987153           4   1.1818310229894058     
    12987153           5   1.1173016053739946     
    12987212           1   1.1735358730388774     
    12987212           2   1.2370296515214971     
    12987212           3  0.55312756016561071     
    12987212           4  0.97117852543650118     
    12987212           5   1.0651283898375141     
    12987214           1  0.83062290317867427     
    12987214           2   1.0178078915244979     
    12987214           3  0.99711310107583340     
    12987214           4   1.0457005153806807     
    12987214           5   1.1087555888403133     
    12987356           1  0.97662049238940063     
    12987356           2   1.0117221350273236     
    12987356           3  0.98168407670936708     
    12987356           4   1.2257164228739257     
    12987356           5  0.80425687299998283     
    12987386           1  0.78322553438130027     
    12987386           2  0.86524921918584818     
    12987386           3   1.2690020255703842     
    12987386           4   1.1879265283481302     
    12987386           5  0.89459669251433727     
    12987394           1   1.1060254446737441     
    12987394           2  0.77146377825665924     
    12987394           3   1.0510192511654124     
    12987394           4  0.79113459346001858     
    12987394           5   1.2803569324441657     
    12987415           1   1.1671562662019661     
    12987415           2  0.76612696818561388     
    12987415           3  0.76782329161560092     
    12987415           4   1.0716183628458953     
    12987415           5   1.2272751111509239     
    12987474           1   1.2761308876554742     
    12987474           2  0.65882822866360102     
    12987474           3   1.0812295936651328     
    12987474           4  0.92453958270485959     
    12987474           5   1.0592717073109323     
    12987500           1   1.0153290310124696     
    12987500           2  0.70759342646865286     
    12987500           3   1.0597102306970181     
    12987500           4   1.0146096007182142     
    12987500           5   1.2027577111036447     
    12987590           1   1.2002168249708698     
    12987590           2   1.3937793424078000     
    12987590           3   1.0466730954691590     
    12987590           4  0.67034033777619539     
    12987590           5  0.68899039937597539     
    12987612           1  0.73611837808859537     
    12987612           2  0.95150776182812224     
    12987612           3   1.1112055443584699     
    12987612           4   1.1763910113737905     
    12987612           5   1.0247773043510218     
    12987642           1   1.0957497570228938     
    12987642           2  0.56926215375472566     
    12987642           3   1.0948947612949387     
    12987642           4   1.2359271843901543     
    12987642           5   1.0041661435372879     
    12987659           1  0.98517317439338126     
    12987659           2  0.69734949000943591     
    12987659           3  0.90191957980528958     
    12987659           4   1.3054179705854125     
    12987659           5   1.1101397852064807     
    12987676           1  0.82076706786236386     
    12987676           2   1.0368418617796507     
    12987676           3   1.0067391117482896     
    12987676           4   1.0365736156872951     
    12987676           5   1.0990783429224014     
    12987736           1   1.1830079379301968     
    12987736           2  0.99259698420327092     
    12987736           3  0.99672162019065480     
    12987736           4  0.79730263001338542     
    12987736           5   1.0303708276624923     
    12987758           1   1.5622715653557933     
    12987758           2  0.81560913485822906     
    12987758           3  0.60032215733754368     
    12987758           4   1.0011177677878704     
    12987758           5   1.0206793746605640     
    12987763           1   1.1301740955844908     
    12987763           2  0.77227955295909312     
    12987763           3  0.74156663455601124     
    12987763           4   1.0802242768732280     
    12987763           5   1.2757554400271773     
    12987773           1  0.93036501646784642     
    12987773           2   1.0751053302560478     
    12987773           3  0.72727035297701315     
    12987773           4   1.1086501535605320     
    12987773           5   1.1586091467385604     
    12987789           1  0.96483193693320357     
    12987789           2  0.84367112967510671     
    12987789           3   1.0574998962913307     
    12987789           4   1.0551106012870717     
    12987789           5   1.0788864358132875     
    12987792           1   1.0123606743046221     
    12987792           2   1.1591423069875337     
    12987792           3   1.1813856071317816     
    12987792           4  0.86013794794220011     
    12987792           5  0.78697346363386234     
    12987795           1  0.72313632036319675     
    12987795           2  0.83651924482251727     
    12987795           3  0.94791480224286417     
    12987795           4   1.2887858613315857     
    12987795           5   1.2036437712398367     
    12987825           1   1.1555172853592770     
    12987825           2  0.51869748683323380     
    12987825           3  0.88207044663139678     
    12987825           4   1.3331958692624262     
    12987825           5   1.1105189119136658     
    12987832           1   1.1310659429148442     
    12987832           2  0.86893493043280434     
    12987832           3   1.3702923028104601     
    12987832           4  0.82307173029663006     
    12987832           5  0.80663509354526153     
    12987910           1   1.1094401640637479     
    12987910           2   1.1201162344029991     
    12987910           3  0.72764286270823852     
    12987910           4  0.93347888203308638     
    12987910           5   1.1093218567919279     
    12987932           1  0.90875573054162684     
    12987932           2   1.4041974371969266     
    12987932           3  0.94637030655225363     
    12987932           4  0.72785496559822238     
    12987932           5   1.0128215601109702     
    12987944           1   1.3222778562411996     
    12987944           2  0.83633611243905526     
    12987944           3  0.73474072615175456     
    12987944           4   1.1268679226573026     
    12987944           5  0.97977738251068813     
    12987957           1  0.82764887232546891     
    12987957           2   1.1584709795433743     
    12987957           3  0.98653182077124546     
    12987957           4  0.93076049913627745     
    12987957           5   1.0965878282236334     
    12987974           1   1.1455931316709909     
    12987974           2  0.65198147476153145     
    12987974           3  0.84473887635962219     
    12987974           4   1.1138241534542810     
    12987974           5   1.2438623637535744     
    12987983           1   1.2339043599203090     
    12987983           2  0.87694251161284986     
    12987983           3  0.65829874476838912     
    12987983           4  0.99546682091364347     
    12987983           5   1.2353875627848085     
    12988052           1   1.2933850423339981     
    12988052           2  0.51787150718578101     
    12988052           3  0.51155236602532717     
    12988052           4   1.4965707008427585     
    12988052           5   1.1806203836121356     
    12988053           1   1.3037840181963811     
    12988053           2  0.87907904548066185     
    12988053           3  0.81429123544897941     
    12988053           4  0.84620661933785868     
    12988053           5   1.1566390815361189     
    12988101           1   1.2807784114261613     
    12988101           2  0.90247319254495129     
    12988101           3   1.3277992520362221     
    12988101           4  0.51259022720059677     
    12988101           5  0.97635891679206865     
    12988129           1   1.3609600594645912     
    12988129           2  0.69360497517746056     
    12988129           3  0.64904855223297730     
    12988129           4   1.4160876931713062     
    12988129           5  0.88029871995366527     
    12988147           1   1.2789299250525523     
    12988147           2  0.96007205313293176     
    12988147           3  0.92700931879825177     
    12988147           4  0.71746714067958417     
    12988147           5   1.1165215623366800     
    12988160           1   1.1572736966349368     
    12988160           2  0.57900484327022161     
    12988160           3   1.0657762167040514     
    12988160           4   1.0487097204299909     
    12988160           5   1.1492355229607991     
    12988169           1   1.5285413003336412     
    12988169           2  0.29594758187297987     
    12988169           3  0.68593127310015611     
    12988169           4   1.4089071320150597     
    12988169           5   1.0806727126781630     
    12988170           1   1.4013943227523211     
    12988170           2   1.0382062783534236     
    12988170           3  0.54951119551118666     
    12988170           4   1.1029749962949884     
    12988170           5  0.90791320708807943     
    12988207           1   1.3055870246227903     
    12988207           2  0.62102063381545580     
    12988207           3  0.77532324626096971     
    12988207           4   1.1812843314450083     
    12988207           5   1.1167847638557760     
    12988219           1   1.4254069032509338     
    12988219           2   1.1801388623672489     
    12988219           3  0.62289576260782742     
    12988219           4  0.94930521836608284     
    12988219           5  0.82225325340790645     
    12988221           1   1.4112108544551576     
    12988221           2   1.0331974249728659     
    12988221           3  0.54686006435673451     
    12988221           4   1.1051987001730226     
    12988221           5  0.90353295604221928     
    12988251           1  0.94714926434549185     
    12988251           2  0.92488879394885404     
    12988251           3   1.0505482153368224     
    12988251           4  0.91972024316563816     
    12988251           5   1.1576934832031938     
    12988259           1   1.2981972364414371     
    12988259           2  0.94518460883813904     
    12988259           3  0.93535194487726303     
    12988259           4  0.68521309369466610     
    12988259           5   1.1360531161484950     
    12988261           1   1.0449732389497328     
    12988261           2   1.0062915974443249     
    12988261           3   1.1414133554892607     
    12988261           4   1.0552752602879543     
    12988261           5  0.75204654782872815     
    12988292           1   1.5254872652411118     
    12988292           2  0.82108795484735086     
    12988292           3  0.91743056442672943     
    12988292           4  0.98951364461931801     
    12988292           5  0.74648057086548980     
    12988293           1   1.1605137571216635     
    12988293           2  0.50557270435390478     
    12988293           3  0.87963210286884685     
    12988293           4   1.3389606255312421     
    12988293           5   1.1153208101243428     
    12988299           1   1.1245247495227102     
    12988299           2  0.68196081160021749     
    12988299           3  0.82600762307597808     
    12988299           4  0.80885136348729203     
    12988299           5   1.5586554523138023     
    12988303           1   1.4553301106403977     
    12988303           2  0.59150121254302246     
    12988303           3  0.94876611936876987     
    12988303           4   1.1105657389511348     
    12988303           5  0.89383681849667429     
    12988326           1   1.1739977054769197     
    12988326           2  0.88246658981275372     
    12988326           3  0.71979463446882663     
    12988326           4   1.2385609884494022     
    12988326           5  0.98518008179209793     
    12988339           1   1.2115085558974616     
    12988339           2  0.71661752349982510     
    12988339           3  0.65731789511514482     
    12988339           4   1.4221598519427319     
    12988339           5  0.99239617354483600     
    12988350           1   1.1247429264103386     
    12988350           2  0.71051706536046444     
    12988350           3  0.81469058219603041     
    12988350           4  0.81274894306686429     
    12988350           5   1.5373004829663024     
    12988386           1   1.2075705643817809     
    12988386           2   1.0660264681256773     
    12988386           3  0.96582852095178762     
    12988386           4  0.78688740843142380     
    12988386           5  0.97368703810933022     
    12988397           1   1.6117813456944623     
    12988397           2   1.0562074475285919     
    12988397           3  0.71381671174838246     
    12988397           4  0.78026509754648077     
    12988397           5  0.83792939748208239     
    12988414           1   1.1998089248558705     
    12988414           2  0.74770847145274522     
    12988414           3  0.87077065422409794     
    12988414           4   1.1790833769190128     
    12988414           5   1.0026285725482731     
    12988424           1   1.1269985297168543     
    12988424           2  0.85836643597037454     
    12988424           3  0.79810200703364542     
    12988424           4   1.2669342172417770     
    12988424           5  0.94959881003734903     
    12988440           1   1.3370550657693383     
    12988440           2  0.88338650493685833     
    12988440           3  0.85865903737720850     
    12988440           4   1.1552439225764874     
    12988440           5  0.76565546934010786     
    12988464           1   1.3063657522913839     
    12988464           2   1.1688608078548912     
    12988464           3  0.88725967205091549     
    12988464           4  0.67750525177752630     
    12988464           5  0.96000851602528237     
    12988467           1   1.4755351068255096     
    12988467           2  0.83688969671548408     
    12988467           3  0.65649491790686565     
    12988467           4   1.0284789272088304     
    12988467           5   1.0026013513433101     
    12988470           1   1.2153642188090346     
    12988470           2  0.97211719521607054     
    12988470           3  0.66702569728442040     
    12988470           4   1.2216633723078474     
    12988470           5  0.92382951638262767     
    12988480           1   1.3695305342223778     
    12988480           2   1.3521430237883039     
    12988480           3   1.0099069895710127     
    12988480           4  0.74879637987166703     
    12988480           5  0.51962307254663953     
    12988482           1   1.3502271359601681     
    12988482           2   1.1407526268431809     
    12988482           3  0.94566423533168709     
    12988482           4  0.68927523171323424     
    12988482           5  0.87408077015172914     
    12988508           1   1.4398775752893804     
    12988508           2   1.1822708503008292     
    12988508           3  0.62402105920817363     
    12988508           4  0.93009181455481771     
    12988508           5  0.82373870064679877     
    12988540           1   1.0022667568154280     
    12988540           2  0.95086001909062967     
    12988540           3  0.96977352548664264     
    12988540           4  0.74643087638707029     
    12988540           5   1.3306688222202290     
    12988542           1   1.1465937020843291     
    12988542           2  0.57785256962866827     
    12988542           3  0.84788079147110884     
    12988542           4   1.3257301043035714     
    12988542           5   1.1019428325123226     
    12988546           1   1.3308149950583632     
    12988546           2  0.93333415691947896     
    12988546           3  0.86544803652702051     
    12988546           4  0.95999834984513510     
    12988546           5  0.91040446165000311     
    12988551           1  0.95734860262392596     
    12988551           2  0.79817141196644237     
    12988551           3  0.95615797820858361     
    12988551           4   1.2335412795313039     
    12988551           5   1.0547807276697445     
    12988569           1   1.3286148871145038     
    12988569           2   1.2204109605529880     
    12988569           3   1.0625289398236939     
    12988569           4  0.72216488974080406     
    12988569           5  0.66628032276800997     
    12988572           1   1.0322882439441063     
    12988572           2  0.68515475998964204     
    12988572           3  0.99375709877461837     
    12988572           4   1.3613278691708441     
    12988572           5  0.92747202812078944     
    12988609           1   1.1574660255046201     
    12988609           2  0.59223469078809288     
    12988609           3   1.2553003367323914     
    12988609           4  0.99545997058602786     
    12988609           5  0.99953897638886802     
    12988617           1   1.3307443272796828     
    12988617           2  0.67820571196886437     
    12988617           3  0.63463852080487704     
    12988617           4   1.4184925202234600     
    12988617           5  0.93791891972311636     
    12988621           1   1.4219877321237322     
    12988621           2   1.0410875586274273     
    12988621           3  0.55103622555673948     
    12988621           4   1.1060360258474047     
    12988621           5  0.87985245784469568     
    12988627           1   1.1443925977193636     
    12988627           2  0.49854959230001922     
    12988627           3  0.87357835540999884     
    12988627           4   1.3203605895169088     
    12988627           5   1.1631188650537092     
    12988642           1   1.3215018718018066     
    12988642           2  0.87336670841180963     
    12988642           3  0.69972240846421030     
    12988642           4   1.1262066153767596     
    12988642           5  0.97920239594541447     
    12988649           1   1.1002588994278222     
    12988649           2  0.56258219094059625     
    12988649           3   1.0878473274894189     
    12988649           4   1.2410131738150381     
    12988649           5   1.0082984083271240     
    12988651           1   1.3140830935733436     
    12988651           2  0.63581790370548663     
    12988651           3  0.86226721420560848     
    12988651           4   1.1090946912175241     
    12988651           5   1.0787370972980368     
    12988655           1   1.3015405826148647     
    12988655           2  0.95151742907745307     
    12988655           3  0.89299825023120327     
    12988655           4  0.94233868290587564     
    12988655           5  0.91160505517060275     
    12988659           1   1.2248056159940717     
    12988659           2  0.62730804095476345     
    12988659           3  0.78317286131137887     
    12988659           4   1.2431841303427440     
    12988659           5   1.1215293513970412     
    12988666           1   1.3131381762895904     
    12988666           2  0.88538610573994392     
    12988666           3  0.82013346763160833     
    12988666           4  0.81640472007620757     
    12988666           5   1.1649375302626497     
    12988669           1   1.1843192944301493     
    12988669           2  0.77739286218979065     
    12988669           3  0.70558915003914457     
    12988669           4   1.0873765065871901     
    12988669           5   1.2453221867537250     
    12988676           1   1.5129912564843542     
    12988676           2  0.81436202372512745     
    12988676           3  0.90991544409238734     
    12988676           4   1.0223654905557522     
    12988676           5  0.74036578514237850     
    12988697           1   1.0435271320138630     
    12988697           2   1.0074332289672636     
    12988697           3   1.1427082818015137     
    12988697           4   1.0534316172841780     
    12988697           5  0.75289973993318282     
    12988700           1   1.1927705344707573     
    12988700           2  0.69532183717903906     
    12988700           3  0.71508178516081355     
    12988700           4   1.4197787488344142     
    12988700           5  0.97704709435497650     
    12988704           1   1.0011172946894173     
    12988704           2  0.94976951342270222     
    12988704           3   1.0149164228124208     
    12988704           4  0.74557482283021270     
    12988704           5   1.2886219462452464     
    12988713           1   1.2967130027745035     
    12988713           2   1.0075086712529469     
    12988713           3   1.0033926348261557     
    12988713           4  0.42763068714654268     
    12988713           5   1.2647550039998507     
    12988739           1   1.0076083107846572     
    12988739           2   1.1128097120812679     
    12988739           3   1.2359082819365648     
    12988739           4  0.93948202013564097     
    12988739           5  0.70419167506186864     
    12988741           1   1.1643751908453892     
    12988741           2  0.59576986789828945     
    12988741           3   1.2627934962616536     
    12988741           4  0.97153874051226841     
    12988741           5   1.0055227044823998     
    12988763           1   1.3768890010220900     
    12988763           2  0.93761014609332427     
    12988763           3  0.68887683329833993     
    12988763           4  0.94503475506639956     
    12988763           5   1.0515892645198457     
    12988765           1   1.2246530749342064     
    12988765           2   1.0639743692132098     
    12988765           3   1.2317882371536535     
    12988765           4  0.81329877401980422     
    12988765           5  0.66628554467912593     
    12988766           1   1.1337360274702601     
    12988766           2  0.87218631187308115     
    12988766           3  0.80287327366584671     
    12988766           4   1.2359286220324388     
    12988766           5  0.95527576495837363     
    12988772           1   1.0550990214031579     
    12988772           2  0.70137367269417694     
    12988772           3   1.0378466580188921     
    12988772           4   1.0277378152904506     
    12988772           5   1.1779428325933232     
    12988778           1   1.1622774837311678     
    12988778           2  0.91029415476921249     
    12988778           3  0.89526851232672777     
    12988778           4   1.1214464969527140     
    12988778           5  0.91071335222017791     
    12988779           1   1.1762412730198459     
    12988779           2  0.66980703558349830     
    12988779           3  0.98345485488663387     
    12988779           4   1.2954741076913170     
    12988779           5  0.87502272881870446     
    12988780           1   1.1181181014421808     
    12988780           2  0.89960753064400512     
    12988780           3  0.94219980287627336     
    12988780           4   1.2040180308290098     
    12988780           5  0.83605653420853066     
    12988785           1   1.4353371619654063     
    12988785           2   1.1049483071944670     
    12988785           3  0.64823239568477642     
    12988785           4  0.91693188819926807     
    12988785           5  0.89455024695608321     
    12988787           1   1.3209438658073160     
    12988787           2   1.1999657522078420     
    12988787           3  0.89716085952048852     
    12988787           4  0.68506572896450768     
    12988787           5  0.89686379349984635     
    12988788           1   1.2303898707563283     
    12988788           2   1.1542451727590777     
    12988788           3  0.87975883223370044     
    12988788           4  0.97915645408549634     
    12988788           5  0.75644967016539721     
    12988793           1   1.2409268491301719     
    12988793           2  0.62462924401142561     
    12988793           3  0.77982847397689958     
    12988793           4   1.2378753543810974     
    12988793           5   1.1167400785004056     
    12988795           1  0.96857661765278169     
    12988795           2  0.86504595104801640     
    12988795           3  0.89412014268327111     
    12988795           4   1.1424423506236832     
    12988795           5   1.1298149379922473     
    12988796           1   1.2701484058546104     
    12988796           2  0.89498298582430080     
    12988796           3   1.3001939548726713     
    12988796           4  0.56641916862611208     
    12988796           5  0.96825548482230561     
    12988800           1  0.71996910048189589     
    12988800           2  0.86211837766581112     
    12988800           3  0.93149611476272709     
    12988800           4   1.2941264651551758     
    12988800           5   1.1922899419343904     
    12988803           1   1.0105290560511175     
    12988803           2   1.1160354037158493     
    12988803           3   1.2523032754582311     
    12988803           4  0.91489935555517166     
    12988803           5  0.70623290921963000     
    12988804           1   1.2446165235596465     
    12988804           2  0.66791904970580129     
    12988804           3  0.99317908894469142     
    12988804           4   1.1337262448900334     
    12988804           5  0.96055909289982688     
    12988815           1   1.3416939511965764     
    12988815           2  0.81031321689973246     
    12988815           3  0.71041391842533108     
    12988815           4   1.1434146525939879     
    12988815           5  0.99416426088437226     
    12988816           1   1.3159931848539264     
    12988816           2   1.1774748798197172     
    12988816           3  0.89379844776755590     
    12988816           4  0.71923099245716460     
    12988816           5  0.89350249510163571     
    12988817           1   1.3511718156687345     
    12988817           2  0.86219774516974856     
    12988817           3   1.0497969373010232     
    12988817           4  0.81057384912067398     
    12988817           5  0.92625965273981947     
    12988819           1   1.5941778401131197     
    12988819           2  0.84445608372975034     
    12988819           3  0.95136814653140289     
    12988819           4  0.82041138454308160     
    12988819           5  0.78958654508264481     
    12988820           1   1.1607120521279570     
    12988820           2   1.0984281783139687     
    12988820           3  0.56914581054237345     
    12988820           4   1.2054332109883361     
    12988820           5  0.96628074802736508     
    12988822           1   1.3268642424286496     
    12988822           2  0.64200205089668927     
    12988822           3  0.85913354055529423     
    12988822           4   1.1198820641107661     
    12988822           5   1.0521181020086001     
    12988823           1   1.2194509209664151     
    12988823           2  0.82084478286110429     
    12988823           3   1.0906233085934696     
    12988823           4  0.89863225553651760     
    12988823           5  0.97044873204249293     
    12988826           1   1.2869380731058728     
    12988826           2  0.94487820303142700     
    12988826           3  0.93281388066385917     
    12988826           4  0.72195963317147627     
    12988826           5   1.1134102100273660     
    12988835           1   1.0413977626142512     
    12988835           2   1.0668552384849348     
    12988835           3  0.93181737295388756     
    12988835           4   1.0538055592034947     
    12988835           5  0.90612406674343227     
    12988837           1   1.4172314121615379     
    12988837           2   1.0238513359289045     
    12988837           3  0.54919309812300732     
    12988837           4   1.1023365134607630     
    12988837           5  0.90738764032578711     
    12988839           1  0.94007209083821552     
    12988839           2  0.92855684413641326     
    12988839           3  0.97984563105324407     
    12988839           4  0.94564019718965275     
    12988839           5   1.2058852367824742     
    12988845           1   1.0368428899308837     
    12988845           2  0.98898087015954517     
    12988845           3  0.75512164280616589     
    12988845           4   1.1080302395593464     
    12988845           5   1.1110243575440588     
    12988848           1  0.98941712930395964     
    12988848           2   1.0888082055269186     
    12988848           3  0.83914845745157496     
    12988848           4   1.0145416545302122     
    12988848           5   1.0680845531873344     
    12988851           1   1.3493231973618762     
    12988851           2  0.78856333475474372     
    12988851           3  0.93869496045070355     
    12988851           4  0.80011829996055650     
    12988851           5   1.1233002074721190     
    12988854           1   1.3508301153412234     
    12988854           2   1.1390291785947868     
    12988854           3  0.94608654652668533     
    12988854           4  0.68958304566655082     
    12988854           5  0.87447111387075360     
    12988857           1   1.3808163657574495     
    12988857           2   1.3382569919980007     
    12988857           3   1.0182292867857012     
    12988857           4  0.73879224734457705     
    12988857           5  0.52390510811427116     
    12988862           1   1.1131068179292731     
    12988862           2  0.55031247014126372     
    12988862           3   1.1122382787687690     
    12988862           4   1.2042699453127710     
    12988862           5   1.0200724878479228     
    12988864           1   1.3527893539696541     
    12988864           2  0.86322991432810858     
    12988864           3   1.0450680015163738     
    12988864           4  0.81154421738285365     
    12988864           5  0.92736851280300958     
    12988868           1   1.1880298025408527     
    12988868           2  0.73196805143166543     
    12988868           3  0.71223965337315231     
    12988868           4   1.3945987255809791     
    12988868           5  0.97316376707335117     
    12988871           1   1.1594994496368960     
    12988871           2   1.0727168442592148     
    12988871           3   1.2115690242639936     
    12988871           4  0.76366223439332814     
    12988871           5  0.79255244744656805     
    12988872           1   1.1306723337705997     
    12988872           2  0.96383926214648419     
    12988872           3  0.76324520633543635     
    12988872           4  0.72103585540041260     
    12988872           5   1.4212073423470666     
    12988874           1  0.90404575846606317     
    12988874           2   1.2125220319570196     
    12988874           3  0.97795293830292096     
    12988874           4   1.0851205033527982     
    12988874           5  0.82035876792119777     
    12988875           1   1.1955058682811843     
    12988875           2  0.86371944814080648     
    12988875           3  0.67935368280173813     
    12988875           4  0.96113628967775633     
    12988875           5   1.3002847110985143     
    12988877           1  0.96898307419762719     
    12988877           2  0.91728568357651918     
    12988877           3   1.0786403049320437     
    12988877           4   1.0100612535383708     
    12988877           5   1.0250296837554387     
    12988878           1  0.98049090000167782     
    12988878           2  0.83365109873320653     
    12988878           3   1.0556314407472704     
    12988878           4   1.0532463672956685     
    12988878           5   1.0769801932221759     
    12988879           1   1.4419139453259435     
    12988879           2  0.50060346769097319     
    12988879           3  0.70055652898921872     
    12988879           4   1.3754567491288465     
    12988879           5  0.98146930886501837     
    12988886           1   1.2625950319670387     
    12988886           2  0.76254387729882256     
    12988886           3  0.44407744806182142     
    12988886           4   1.4749597901577187     
    12988886           5   1.0558238525145991     
    12988893           1   1.1422629334241032     
    12988893           2  0.65584558199481990     
    12988893           3   1.4061980638824176     
    12988893           4  0.93451026166578999     
    12988893           5  0.86118315903286935     
    12988894           1   1.1959672465841158     
    12988894           2  0.38127393228432521     
    12988894           3  0.67436598132111492     
    12988894           4   1.5392350219550355     
    12988894           5   1.2091578178554088     
    12988895           1   1.2201663177653548     
    12988895           2  0.96355745683334537     
    12988895           3  0.66966122279619433     
    12988895           4   1.2191352876336252     
    12988895           5  0.92747971497148041     
    12988897           1   1.1369478624292908     
    12988897           2  0.62414600693912914     
    12988897           3   1.4224540562738397     
    12988897           4  0.94531342808560614     
    12988897           5  0.87113864627213344     
    12988899           1   1.1721505805803503     
    12988899           2  0.88634252486518750     
    12988899           3  0.70799879623373019     
    12988899           4   1.2440009473159770     
    12988899           5  0.98950715100475528     
    12988904           1  0.81601704084894766     
    12988904           2   1.1421897524976254     
    12988904           3  0.97017795052402256     
    12988904           4  0.91767953010101899     
    12988904           5   1.1539357260283847     
    12988912           1   1.0203104761223247     
    12988912           2  0.97789204698426713     
    12988912           3  0.98283691114772076     
    12988912           4   1.3856770355988999     
    12988912           5  0.63328353014678718     
    12988913           1   1.3587324823404170     
    12988913           2   1.0260511741360587     
    12988913           3  0.92643484991074643     
    12988913           4  0.85156504710651626     
    12988913           5  0.83721644650626226     
    12988914           1   1.0024609815518617     
    12988914           2  0.90142766116737760     
    12988914           3   1.0326730146675100     
    12988914           4   1.0561293580751485     
    12988914           5   1.0073089845381016     
    12988918           1   1.4936157584573684     
    12988918           2  0.84714462795406287     
    12988918           3  0.60353243153565594     
    12988918           4   1.0410815207408661     
    12988918           5   1.0146256613120461     
    12988920           1  0.92478602357228423     
    12988920           2  0.99996822081817460     
    12988920           3   1.2354777962497763     
    12988920           4   1.1481582485457598     
    12988920           5  0.69160971081400580     
    12988921           1  0.98371351233727167     
    12988921           2  0.91178116079558236     
    12988921           3   1.0356597220319497     
    12988921           4  0.90668585932411472     
    12988921           5   1.1621597455110819     
    12988923           1   1.1778309976348162     
    12988923           2  0.88396268685702273     
    12988923           3  0.70720437144554371     
    12988923           4   1.2426050901558625     
    12988923           5  0.98839685390675514     
    12988924           1   1.3018186152870599     
    12988924           2  0.87834215696552853     
    12988924           3  0.90990863023348334     
    12988924           4   1.1486472038076669     
    12988924           5  0.76128339370626141     
    12988927           1   1.3140633629843463     
    12988927           2  0.95673633471559016     
    12988927           3  0.94678349926899685     
    12988927           4  0.69358753584277821     
    12988927           5   1.0888292671882882     
    12988928           1   1.4400707662240213     
    12988928           2  0.58529923770658732     
    12988928           3  0.99123395532790870     
    12988928           4   1.0989312291632087     
    12988928           5  0.88446481157827350     
    12988930           1   1.2008077244375679     
    12988930           2  0.40850377097546192     
    12988930           3  0.67709536509565360     
    12988930           4   1.5454648188464732     
    12988930           5   1.1681283206448434     
    12988931           1   1.0642153906479463     
    12988931           2  0.94064048212348905     
    12988931           3   1.1130576324041788     
    12988931           4  0.98329591590833110     
    12988931           5  0.89879057891605474     
    12988932           1  0.96259054320536153     
    12988932           2  0.94246143511326785     
    12988932           3  0.76279007196600457     
    12988932           4   1.1506668914375358     
    12988932           5   1.1814910582778306     
    12988933           1   1.2802473562275705     
    12988933           2  0.55472077223663074     
    12988933           3  0.51503461951538632     
    12988933           4   1.4813691363741699     
    12988933           5   1.1686281156462432     
    12988934           1  0.90046892202816065     
    12988934           2  0.74188961113492691     
    12988934           3  0.87577484527661753     
    12988934           4   1.1034338270177022     
    12988934           5   1.3784327945425927     
    12988935           1  0.89467655882168085     
    12988935           2  0.80776812145595422     
    12988935           3   1.1748745549576676     
    12988935           4  0.98697042386929412     
    12988935           5   1.1357103408954037     
    12988936           1   1.2856641694663862     
    12988936           2  0.55742761684442044     
    12988936           3  0.50849864988208149     
    12988936           4   1.4876369094810242     
    12988936           5   1.1607726543260879     
    12988937           1   1.1620113649515404     
    12988937           2  0.57156860141385935     
    12988937           3   1.0771425229624101     
    12988937           4   1.0455864832056507     
    12988937           5   1.1436910274665382     
    12988938           1  0.79966692308331810     
    12988938           2  0.88117058889094591     
    12988938           3   1.0135789069631289     
    12988938           4   1.1844701178288062     
    12988938           5   1.1211134632338011     
    12988939           1   1.1871961685607963     
    12988939           2  0.90939231321626124     
    12988939           3  0.89438155689453591     
    12988939           4   1.1330936597792283     
    12988939           5  0.87593630154917801     
    12988940           1   1.3383445157236076     
    12988940           2  0.84649821828388616     
    12988940           3  0.70864042486762191     
    12988940           4   1.1405602060979780     
    12988940           5  0.96595663502690687     
    12988941           1   1.0270711977141915     
    12988941           2  0.80915664021446199     
    12988941           3  0.84573053149337896     
    12988941           4   1.2047931714078364     
    12988941           5   1.1132484591701315     
    12988943           1  0.71445606200258538     
    12988943           2  0.85988098620783904     
    12988943           3  0.92907867244355624     
    12988943           4   1.2907679153623814     
    12988943           5   1.2058163639836377     
    12988945           1   1.1658194082895834     
    12988945           2  0.61948128603422503     
    12988945           3   1.4118229681970182     
    12988945           4  0.93824837718300924     
    12988945           5  0.86462796029616462     
    12988946           1   1.0440421168443264     
    12988946           2  0.69295609068689934     
    12988946           3   1.0050722471367268     
    12988946           4   1.3198971060073204     
    12988946           5  0.93803243932472757     
    12988947           1  0.97248549382352178     
    12988947           2   1.0074385165593447     
    12988947           3  0.99869757449027341     
    12988947           4   1.2205267553518389     
    12988947           5  0.80085165977502104     
    12988948           1   1.3450004211175357     
    12988948           2  0.80451250845603650     
    12988948           3  0.80647338858978823     
    12988948           4   1.0374145365007064     
    12988948           5   1.0065991453359320     
    12988949           1   1.3196738580761469     
    12988949           2   1.1147127380095776     
    12988949           3  0.95263699446573591     
    12988949           4  0.68403651480995786     
    12988949           5  0.92893989463858240     
    12988950           1   1.1758760651353943     
    12988950           2  0.66342070588367363     
    12988950           3  0.83373336331849957     
    12988950           4   1.0993129162075890     
    12988950           5   1.2276569494548442     
    12988951           1   1.3558690043908732     
    12988951           2  0.98223730397739972     
    12988951           3  0.68282119326025781     
    12988951           4  0.93672733344393266     
    12988951           5   1.0423451649275375     
    12988952           1   1.0380373004867338     
    12988952           2  0.99961240573342369     
    12988952           3   1.1700417003947030     
    12988952           4   1.0452537031248810     
    12988952           5  0.74705489026025940     
    12988953           1   1.1479356124145694     
    12988953           2  0.70414664686360096     
    12988953           3   1.0467779913719224     
    12988953           4   1.1563884141350067     
    12988953           5  0.94475133521490107     
    12988954           1   1.3147121209145931     
    12988954           2  0.88644734112807277     
    12988954           3  0.82111649035265288     
    12988954           4  0.82581430302557035     
    12988954           5   1.1519097445791109     
    12988955           1   1.1626843518760039     
    12988955           2   1.0461767667887896     
    12988955           3  0.83603697664556886     
    12988955           4   1.1187336013968077     
    12988955           5  0.83636830329283063     
