    11678284           1   1.0102954233985513     
    11678284           2  0.69326045865748487     
    11678284           3   1.4514944590316763     
    11678284           4   1.2529880975774024     
    11678284           5  0.78206783319657724     
    11678284           6   1.2282241896527333     
    11678284           7   1.0818711486749371     
    11678284           8   1.1371974862213661     
    11678284           9   1.1032460650281315     
    11678284          10  0.25935483856113961     
    11815758           1  0.85041992419087820     
    11815758           2  0.74342923339173417     
    11815758           3  0.28337258300015356     
    11815758           4  0.97721116663487906     
    11815758           5   1.0439827886564395     
    11815758           6  0.89984631631278356     
    11815758           7   1.2063096425467608     
    11815758           8   1.0766149446252431     
    11815758           9   1.6439109725687142     
    11815758          10   1.2749024280724148     
    12091100           1   1.1689730792798467     
    12091100           2   1.0466749452475614     
    12091100           3   1.2148995003042780     
    12091100           4   1.2925345481490083     
    12091100           5  0.94116483122293648     
    12091100           6   1.2418325763856304     
    12091100           7   1.0335230566110210     
    12091100           8   1.0759063844323915     
    12091100           9  0.58097044252765173     
    12091100          10  0.40352063583967468     
    12109056           1   1.4114513957771415     
    12109056           2   1.4740223621621822     
    12109056           3   1.3737418256731715     
    12109056           4  0.85826915639319135     
    12109056           5   1.0257360564137101     
    12109056           6  0.45477876118870586     
    12109056           7  0.89565874277372159     
    12109056           8  0.29482150668966256     
    12109056           9   1.0509276829422654     
    12109056          10   1.1605925099862471     
    12138948           1   1.2174504314348416     
    12138948           2   1.0197621557290915     
    12138948           3  0.79302949908271869     
    12138948           4  0.74584411372100134     
    12138948           5   1.1825969779659755     
    12138948           6   1.0057003141181893     
    12138948           7   1.2489801981351534     
    12138948           8   1.2278673209439661     
    12138948           9   1.1160112708440599     
    12138948          10  0.44275771802500419     
    12141437           1   1.1798024434580197     
    12141437           2   1.0107144107367823     
    12141437           3   1.2588884383133134     
    12141437           4  0.82066977800715002     
    12141437           5  0.88120965695781350     
    12141437           6   1.0009857274417342     
    12141437           7  0.63036778812503880     
    12141437           8  0.79385891678917242     
    12141437           9   1.2607983987777778     
    12141437          10   1.1627044413931993     
    12161396           1   1.3173292354043058     
    12161396           2   1.3877136783748119     
    12161396           3   1.3329113528025773     
    12161396           4  0.84000745112833808     
    12161396           5  0.61271677889866449     
    12161396           6   1.1401589245627628     
    12161396           7   3.8441115871301730E-002
    12161396           8   1.3101166810853775     
    12161396           9   1.0770353691116690     
    12161396          10  0.94356941276019068     
    12214753           1   1.3792478510153259     
    12214753           2   1.1758001964726765     
    12214753           3  0.69843117748790928     
    12214753           4  0.19526689471988740     
    12214753           5   1.3310395915579178     
    12214753           6   1.4693334505352216     
    12214753           7  0.20487024543046642     
    12214753           8   1.7082148327888547     
    12214753           9  0.76375781830036416     
    12214753          10   1.0740379416913770     
    12242559           1   1.0520553925072000     
    12242559           2   1.1377797343458309     
    12242559           3  0.28033139977753069     
    12242559           4  0.99883759174359177     
    12242559           5   1.2906815420978621     
    12242559           6  0.82355211759234792     
    12242559           7  0.95212817937679872     
    12242559           8   1.0710636700440892     
    12242559           9   1.2188973790896029     
    12242559          10   1.1746729934251445     
    12254545           1   1.2633348725332509     
    12254545           2   1.2020632442807797     
    12254545           3  0.45475241129988470     
    12254545           4   1.1758019797828760     
    12254545           5   1.2668264668179603     
    12254545           6   1.3102156316551230     
    12254545           7   1.0441003714797916     
    12254545           8   1.3736298433074099     
    12254545           9   8.3926771431657901E-002
    12254545          10  0.82534840741126536     
    12256944           1   1.0790789365642437     
    12256944           2   1.2797582247564891     
    12256944           3  0.85649261152841050     
    12256944           4   1.0972873585779648     
    12256944           5   1.1815079367715748     
    12256944           6  0.54073168575553310     
    12256944           7   1.1959245416993727     
    12256944           8  0.50740294582739731     
    12256944           9   1.2682599434456168     
    12256944          10  0.99355581507339619     
    12279525           1   1.2259405451819352     
    12279525           2   1.1731240144720931     
    12279525           3  0.86655626186332069     
    12279525           4   1.2398364175723453     
    12279525           5   1.4676768592955662     
    12279525           6   1.1117501603132984     
    12279525           7  0.91223026040491273     
    12279525           8   1.0349840722993182     
    12279525           9  0.77910077064718974     
    12279525          10  0.18880063795002247     
    12279656           1  0.95806683372671642     
    12279656           2  0.34201162959226605     
    12279656           3   1.3248483886029963     
    12279656           4   1.2568104095202624     
    12279656           5   1.1126158149270118     
    12279656           6  0.90166413332675766     
    12279656           7   1.3624753553272257     
    12279656           8   1.4097150590512206     
    12279656           9   1.1903435044772881     
    12279656          10  0.14144887144825441     
    12283672           1   1.0978636098180801     
    12283672           2  0.96648082280253500     
    12283672           3  0.23779947584560435     
    12283672           4   1.2314970118469508     
    12283672           5   1.3437588791184105     
    12283672           6  0.63888170288105983     
    12283672           7  0.84560565184611869     
    12283672           8   1.0840918237668875     
    12283672           9   1.3870041047489632     
    12283672          10   1.1670169173253919     
    12307251           1  0.37184557043922489     
    12307251           2  0.91992863020482618     
    12307251           3   1.2162014291475756     
    12307251           4   1.2211226636594552     
    12307251           5  0.12854024544591250     
    12307251           6   1.2459340690992626     
    12307251           7   1.3812882547686582     
    12307251           8   1.1051296635122050     
    12307251           9   1.2908739551206110     
    12307251          10   1.1191355186022685     
    12311082           1   1.3736603088766457     
    12311082           2   1.3459161988377781     
    12311082           3  0.10177998210490245     
    12311082           4  0.20426267103651016     
    12311082           5   1.4593804667415768     
    12311082           6   1.2772074275387246     
    12311082           7   1.1560124252871276     
    12311082           8   1.3037890905504788     
    12311082           9  0.66026194977962260     
    12311082          10   1.1177294792466352     
    12311629           1   1.3508426945047138     
    12311629           2  0.92687307618335268     
    12311629           3   1.3796324152817234     
    12311629           4  0.78590692497197012     
    12311629           5  0.82998786262622226     
    12311629           6  0.96238802611349195     
    12311629           7  0.70717160942158741     
    12311629           8  0.56568285436324439     
    12311629           9   1.3832806472522698     
    12311629          10   1.1082338892814227     
    12339075           1  0.79240127675921113     
    12339075           2  0.40274311445857480     
    12339075           3   1.2509450776559654     
    12339075           4   1.4773987271697335     
    12339075           5  0.77375733960483861     
    12339075           6   1.2546109822063098     
    12339075           7   1.0623965785945053     
    12339075           8   1.1440807849328636     
    12339075           9  0.96354315849584149     
    12339075          10  0.87812296012215763     
    12344630           1   1.2432267008502018     
    12344630           2   1.1599376069638712     
    12344630           3  0.90024182208080905     
    12344630           4   1.0439621812877671     
    12344630           5  0.68685398000971098     
    12344630           6  0.63512661772531342     
    12344630           7   1.0406742414761943     
    12344630           8   1.2298214151365578     
    12344630           9   1.0136340281772833     
    12344630          10   1.0465214062922916     
    12358115           1  0.96004193350921485     
    12358115           2   1.0888663475502782     
    12358115           3   1.2178557892256501     
    12358115           4   1.3927084318552272     
    12358115           5  0.83662433908469314     
    12358115           6  0.99206431553959151     
    12358115           7  0.76096525546367211     
    12358115           8   1.3293430625331109     
    12358115           9   1.2389289441853104     
    12358115          10  0.18260158105325067     
    12371680           1   1.2129700090407867     
    12371680           2   1.4117469219087628     
    12371680           3  0.94896245270630453     
    12371680           4   1.2871321457912697     
    12371680           5   1.3703993323252022     
    12371680           6   1.2732573822156688     
    12371680           7  0.59052908788748082     
    12371680           8   1.5263132746005872     
    12371680           9   9.1242211946273369E-003
    12371680          10  0.36956517232931063     
    12385828           1   1.2637235463537142     
    12385828           2  0.92152470264243203     
    12385828           3   1.1236635365256979     
    12385828           4  0.32381992816935601     
    12385828           5   1.3053892184766991     
    12385828           6   1.4227865070482264     
    12385828           7  0.35637790591597523     
    12385828           8   1.4045529459834032     
    12385828           9  0.76598025873273168     
    12385828          10   1.1121814501517644     
    12396444           1   1.1563957122182877     
    12396444           2   1.3470935329991405     
    12396444           3   1.3153593008926592     
    12396444           4  0.95422791513112881     
    12396444           5   1.0092522667244732     
    12396444           6  0.91804298013642949     
    12396444           7  0.78291567871335477     
    12396444           8  0.11555402063307188     
    12396444           9   1.1459819918209992     
    12396444          10   1.2551766007304543     
    12399341           1  0.53615913747161215     
    12399341           2   1.0835402828987051     
    12399341           3   1.1807588886427514     
    12399341           4   1.2389633820688917     
    12399341           5  0.32591859822836217     
    12399341           6   1.3426212250207590     
    12399341           7   1.2896020175597922     
    12399341           8  0.81107647065829036     
    12399341           9   1.2740150385836262     
    12399341          10  0.91734495886720913     
    12444775           1   1.4510121148827209     
    12444775           2   1.1496431804325853     
    12444775           3  0.99039738002468058     
    12444775           4  0.30572287317890989     
    12444775           5  0.70786901758094478     
    12444775           6   1.5515945040409591     
    12444775           7  0.35375167100590316     
    12444775           8   1.4761807770020414     
    12444775           9   1.0982652032348921     
    12444775          10  0.91556327861636266     
    12448411           1  0.77319332253070205     
    12448411           2  0.74035104068566704     
    12448411           3   1.3590668497356042     
    12448411           4   1.2675587675977247     
    12448411           5  0.36077486805226261     
    12448411           6   1.1853342205408326     
    12448411           7   1.0649037106825525     
    12448411           8   1.2841693280878097     
    12448411           9  0.99508235793603694     
    12448411          10  0.96956553415080726     
    12450228           1   1.3075107633202678     
    12450228           2   1.0409220309936653     
    12450228           3   1.1728817741998672     
    12450228           4  0.34606029957386608     
    12450228           5  0.79763206949272325     
    12450228           6   1.2877791617884695     
    12450228           7  0.53794595648676891     
    12450228           8   1.1881411178886090     
    12450228           9   1.3081704692807115     
    12450228          10   1.0129563569750508     
    12453055           1  0.78728045287233217     
    12453055           2  0.91656361096927697     
    12453055           3  0.86407350595584309     
    12453055           4  0.72203324539210334     
    12453055           5  0.83730867786444407     
    12453055           6   1.1560438168058453     
    12453055           7   1.0952985685291017     
    12453055           8   1.2427581892119555     
    12453055           9   1.2495957087522138     
    12453055          10   1.1290442236468827     
    12464447           1   1.4519612326516960     
    12464447           2   1.1483301313120196     
    12464447           3   1.3259831536648625     
    12464447           4  0.85812176739600265     
    12464447           5  0.70759502266571406     
    12464447           6   1.0893268479593563     
    12464447           7  0.45505580769579779     
    12464447           8  0.71261121083700452     
    12464447           9   1.2167472038949376     
    12464447          10   1.0342676219226075     
    12473048           1   1.1979987771297558     
    12473048           2   1.2148316136055617     
    12473048           3  0.94777527325108823     
    12473048           4   1.3828953057799418     
    12473048           5   1.1431056123104035     
    12473048           6   1.1674932858807290     
    12473048           7  0.77970622366816611     
    12473048           8   1.4823658480954356     
    12473048           9  0.62973563745809302     
    12473048          10   5.4092422820824007E-002
    12476143           1   1.4538730704265241     
    12476143           2   1.0049771336008662     
    12476143           3   1.3127846415082081     
    12476143           4  0.86410626656453016     
    12476143           5  0.81770132663278361     
    12476143           6  0.93935351103598219     
    12476143           7  0.68728105204189216     
    12476143           8  0.56734132667165116     
    12476143           9   1.1834936333288366     
    12476143          10   1.1690880381887248     
    12477511           1   1.4675372911871494     
    12477511           2  0.99932839717648625     
    12477511           3   1.3962440002382714     
    12477511           4  0.54942872657220820     
    12477511           5   1.0154088565526853     
    12477511           6   1.2838275944001369     
    12477511           7  0.86258879597941662     
    12477511           8  0.20407841074435035     
    12477511           9   1.2736621957191487     
    12477511          10  0.94789573143014749     
    12485468           1  0.62782292451555788     
    12485468           2  0.82315861764291554     
    12485468           3  0.75353562990281142     
    12485468           4   1.1739508674341579     
    12485468           5  0.38582667542465365     
    12485468           6  0.57871588737721646     
    12485468           7   1.4486098124458568     
    12485468           8   1.5753805231835070     
    12485468           9   1.2903257909073764     
    12485468          10   1.3426732711659455     
    12486327           1   1.2105171249800322     
    12486327           2   1.0587911655185316     
    12486327           3   1.3043801565461302     
    12486327           4  0.81927965410125647     
    12486327           5  0.47358072124745010     
    12486327           6  0.93634265270720285     
    12486327           7  0.40779929062364290     
    12486327           8   1.3023288282590277     
    12486327           9   1.4268316061302886     
    12486327          10   1.0601487998864345     
    12489498           1   1.2913965675851786     
    12489498           2   1.1680511362613744     
    12489498           3  0.81492230424132839     
    12489498           4   1.0613143180548859     
    12489498           5   1.3143700158039220     
    12489498           6   1.0802620542325883     
    12489498           7   1.0418161177720782     
    12489498           8  0.60883623654525010     
    12489498           9   1.0540819355411384     
    12489498          10  0.56494931396225700     
    12496990           1  0.73859655435660632     
    12496990           2  0.91754005123280591     
    12496990           3  0.63903793553229704     
    12496990           4   1.0091513560761578     
    12496990           5  0.45864068936371083     
    12496990           6   1.0896662950441478     
    12496990           7   1.2685610099167597     
    12496990           8   1.3857681310646619     
    12496990           9   1.2446464572713551     
    12496990          10   1.2483915201414972     
    12499661           1   1.4187280195961471     
    12499661           2   1.0702972199610115     
    12499661           3   9.5663360990052210E-002
    12499661           4   8.1318794476317735E-002
    12499661           5   1.4123727570034816     
    12499661           6   1.4045947794431646     
    12499661           7   1.3580329854293922     
    12499661           8   1.4071693107784700     
    12499661           9  0.67280715888760156     
    12499661          10   1.0790156134343614     
    12508484           1   1.0085773422471076     
    12508484           2   1.1019389904495731     
    12508484           3  0.22053212842110867     
    12508484           4  0.96794735760228301     
    12508484           5   1.3170035615535611     
    12508484           6  0.78305242022714971     
    12508484           7  0.88103908738557613     
    12508484           8   1.1360634646686838     
    12508484           9   1.3495843500511111     
    12508484          10   1.2342612973938463     
    12514370           1   1.0964238631527550     
    12514370           2   1.2068938479254017     
    12514370           3   1.2496291656187195     
    12514370           4   1.4164581767719624     
    12514370           5  0.82272964863856168     
    12514370           6  0.63681996092062620     
    12514370           7   9.8654054843647865E-002
    12514370           8   1.2878715183941720     
    12514370           9   1.3567129425133575     
    12514370          10  0.82780682122079752     
    12519236           1   1.1708753146888804     
    12519236           2   1.1754746678433245     
    12519236           3  0.88829701861626797     
    12519236           4   1.1874578974108039     
    12519236           5   1.4467166764212005     
    12519236           6   1.3089846908359830     
    12519236           7   1.0303262757143981     
    12519236           8  0.42049897053580415     
    12519236           9  0.86940670383798102     
    12519236          10  0.50196178409535630     
    12521399           1   1.1938634687631657     
    12521399           2   1.2020796211831513     
    12521399           3  0.84810438501267171     
    12521399           4  0.61341646718673859     
    12521399           5   1.5070108426957673     
    12521399           6   1.4478066855935283     
    12521399           7   1.2948089977612782     
    12521399           8   1.2940059477490655     
    12521399           9  0.44269198440008883     
    12521399          10  0.15621159965454473     
    12521968           1   1.3558170335288320     
    12521968           2   1.2644443380777217     
    12521968           3   1.1711409050638764     
    12521968           4   1.3235977333457061     
    12521968           5   1.0697223591056011     
    12521968           6   1.0783251765349189     
    12521968           7  0.78920644530963202     
    12521968           8   1.5286593356646234     
    12521968           9  0.41667615229824589     
    12521968          10   2.4105210708427155E-003
    12523143           1  0.79768318529887627     
    12523143           2   4.8031043262260702E-002
    12523143           3   1.1895216697869058     
    12523143           4   1.0711025761931936     
    12523143           5   1.2256107480351561     
    12523143           6   1.1828932031085255     
    12523143           7   1.4720606194323624     
    12523143           8   1.5827436013808309     
    12523143           9  0.81669666733059509     
    12523143          10  0.61365668617129221     
    12525171           1   1.1186764148764281     
    12525171           2  0.86671227606744494     
    12525171           3   1.1856799973872718     
    12525171           4   1.3054858176858115     
    12525171           5  0.82115926531464900     
    12525171           6   1.3157904104907154     
    12525171           7   1.0092766199827996     
    12525171           8   1.3995824979361564     
    12525171           9  0.58393862823461573     
    12525171          10  0.39369807202410984     
    12525284           1   1.2933719568808346     
    12525284           2   1.2683213806185565     
    12525284           3   1.0198058832392494     
    12525284           4   1.1769584362455570     
    12525284           5   1.2905588836285684     
    12525284           6   1.2711353462377670     
    12525284           7  0.74891073910639105     
    12525284           8  0.98011082754618783     
    12525284           9  0.79180661668134689     
    12525284          10  0.15901992981554122     
    12528726           1  0.78553713461441144     
    12528726           2  0.13763255171974370     
    12528726           3   1.4012882936636319     
    12528726           4   1.2134477798401577     
    12528726           5   1.0747010052566559     
    12528726           6   1.2057918870464417     
    12528726           7   1.2650821115452116     
    12528726           8   1.5772879734575207     
    12528726           9  0.70415616015035520     
    12528726          10  0.63507510270587042     
    12528884           1   1.2170397070299772     
    12528884           2  0.93465014020582005     
    12528884           3   1.2249977468698465     
    12528884           4  0.89045163958675067     
    12528884           5  0.67089673456481902     
    12528884           6   1.0172944899077352     
    12528884           7  0.50751791195499785     
    12528884           8   1.0207824466533151     
    12528884           9   1.3341599987168442     
    12528884          10   1.1822091845098937     
    12530465           1  0.80560515124909060     
    12530465           2   1.2746018520398730     
    12530465           3   1.4961490530220432     
    12530465           4   1.5272404706493103     
    12530465           5  0.90893989837495104     
    12530465           6  0.52215197376500933     
    12530465           7  0.31195028911271039     
    12530465           8   1.1556757422221358     
    12530465           9   1.5725669392775978     
    12530465          10  0.42511863028727914     
    12542511           1  0.24718995292943072     
    12542511           2   1.8586967801646375E-003
    12542511           3   1.4378988011818068     
    12542511           4   1.3145202848445667     
    12542511           5  0.57989633344718683     
    12542511           6   1.3839502983887619     
    12542511           7   1.3393193591331558     
    12542511           8   1.3455827167811596     
    12542511           9   1.1500668354584866     
    12542511          10   1.1997167210552806     
    12543848           1   1.1713518995460055     
    12543848           2  0.99125405738981287     
    12543848           3  0.36963114681852688     
    12543848           4   1.1247303379879732     
    12543848           5   1.2332444989945819     
    12543848           6  0.43663086238366028     
    12543848           7   1.0412578002166100     
    12543848           8   1.1494841382785863     
    12543848           9   1.2079765410367342     
    12543848          10   1.2744387173475091     
    12557051           1   1.3512768470839178     
    12557051           2   1.1362314553777111     
    12557051           3   1.3424381854974388     
    12557051           4  0.80496678197856875     
    12557051           5  0.77040628231340802     
    12557051           6   1.0123449657225554     
    12557051           7  0.64848770269968470     
    12557051           8  0.56561026696520333     
    12557051           9   1.2982827240523409     
    12557051          10   1.0699547883091707     
    12561136           1   1.4699332986550788     
    12561136           2   1.4302944049513742     
    12561136           3   1.4177731607754409     
    12561136           4  0.87728193925037878     
    12561136           5   1.0183565657878388     
    12561136           6  0.54506370376355817     
    12561136           7  0.80372652047535575     
    12561136           8  0.24196063445167235     
    12561136           9   1.0433669552713905     
    12561136          10   1.1522428166179115     
    12562717           1   1.3572913441628407     
    12562717           2   1.1459133554915188     
    12562717           3  0.47840357591284588     
    12562717           4  0.32062193370319342     
    12562717           5   1.4774656986196473     
    12562717           6   1.6459272753376273     
    12562717           7  0.23731381720447917     
    12562717           8   1.6576659599603609     
    12562717           9  0.56130704682104493     
    12562717          10   1.1180899927864418     
    12565327           1  0.98985737039418320     
    12565327           2   1.0023863485764730     
    12565327           3  0.90529838425387543     
    12565327           4   1.0738789158677704     
    12565327           5   1.0904534710124163     
    12565327           6  0.59827583492070979     
    12565327           7   1.1271711352898310     
    12565327           8   1.2877357697470933     
    12565327           9   1.1487150128391534     
    12565327          10  0.77622775709849445     
    12568296           1   1.1640965245370860     
    12568296           2  0.11824417229484478     
    12568296           3  0.89709429926594608     
    12568296           4   1.3403804814919782     
    12568296           5   1.2522733716400414     
    12568296           6  0.89333841674888803     
    12568296           7   1.3120027769477716     
    12568296           8   1.2613727189454711     
    12568296           9   1.1457586548181633     
    12568296          10  0.61543858330980905     
    12581740           1   1.0661487826214426     
    12581740           2   1.3340692182559573     
    12581740           3   1.1145579961832968     
    12581740           4   1.3343110688080915     
    12581740           5   1.2524162184263439     
    12581740           6   1.0030286136122775     
    12581740           7  0.53255790179273144     
    12581740           8   1.0960566354035606     
    12581740           9   1.0452157860542410     
    12581740          10  0.22163777884205985     
    12590531           1   1.1434876557354718     
    12590531           2   1.3497059563582585     
    12590531           3  0.66893137051486451     
    12590531           4   1.0649743270026737     
    12590531           5   1.0969648936829894     
    12590531           6  0.41908710006450745     
    12590531           7   1.2387810610536019     
    12590531           8  0.70628857643143561     
    12590531           9   1.0618156387007154     
    12590531          10   1.2499634204554815     
    12592715           1  0.42957556982812467     
    12592715           2  0.69303192867786467     
    12592715           3   1.2101229446213202     
    12592715           4   1.3479799700026949     
    12592715           5  0.19836656783913437     
    12592715           6   1.2141842413573969     
    12592715           7   1.3596767454284815     
    12592715           8   1.3110250318578798     
    12592715           9   1.2466950435914501     
    12592715          10  0.98934195679565407     
    12599873           1  0.82370218749432644     
    12599873           2  0.78401586266637591     
    12599873           3  0.35655357835072093     
    12599873           4  0.93800140457337999     
    12599873           5  0.99240893161287691     
    12599873           6  0.98771567158816631     
    12599873           7   1.1803940980269623     
    12599873           8   1.2190161565992357     
    12599873           9   1.5362061156458071     
    12599873          10   1.1819859934421482     
    12600430           1   1.0878497821081505     
    12600430           2   1.3323088677870425     
    12600430           3   1.3317829008004065     
    12600430           4   1.1435734144050480     
    12600430           5   1.2148673257717932     
    12600430           6   1.1332586287837478     
    12600430           7  0.88593800162583991     
    12600430           8  0.23198440385747104     
    12600430           9  0.75217728617478063     
    12600430          10  0.88625938868571752     
    12608295           1   1.3878046512549598     
    12608295           2   1.4901286835007095     
    12608295           3   8.1211862013531574E-002
    12608295           4  0.33136363605162228     
    12608295           5   1.5814130894497351     
    12608295           6   1.5924536707729602     
    12608295           7  0.69980720811570929     
    12608295           8   1.4085951708331379     
    12608295           9  0.33715496434436948     
    12608295          10   1.0900670636632668     
    12609749           1   1.0304055559527401     
    12609749           2   1.0668073707477248     
    12609749           3  0.91544626456534395     
    12609749           4   1.0392377518759151     
    12609749           5  0.53319609973288107     
    12609749           6  0.95845530469879348     
    12609749           7   1.0566321109555479     
    12609749           8   1.1673941701670867     
    12609749           9   1.1325555935676372     
    12609749          10   1.0998697777363293     
    12612081           1  0.76892911714745404     
    12612081           2  0.74179247481339838     
    12612081           3   1.3716569262751694     
    12612081           4   1.2793011347267276     
    12612081           5  0.36411700181353657     
    12612081           6   1.2475658926061743     
    12612081           7   1.0481494080233689     
    12612081           8   1.2922589476687512     
    12612081           9  0.83585519065459113     
    12612081          10   1.0503739062708290     
    12614484           1  0.76636068849152594     
    12614484           2   1.3735957236157548     
    12614484           3   1.0587642443582277     
    12614484           4   1.3062132611814969     
    12614484           5   1.2130142895634184     
    12614484           6  0.51431495339160060     
    12614484           7  0.58831271255232254     
    12614484           8   1.1453523640222367     
    12614484           9   1.3066789038850766     
    12614484          10  0.72739285893833894     
    12614711           1   1.3817300089282798     
    12614711           2   1.3299494156452323     
    12614711           3  0.74096882290119515     
    12614711           4   1.5319245008488365     
    12614711           5   1.2696914777195902     
    12614711           6   1.1932936254674900     
    12614711           7  0.53517447536496388     
    12614711           8   1.5770041207710950     
    12614711           9  0.29506593416469767     
    12614711          10  0.14519761818861851     
    12615150           1   1.0237255494063253     
    12615150           2   1.0715084516774189     
    12615150           3  0.55629277037600211     
    12615150           4   1.4047214867680922     
    12615150           5   1.5563591996691954     
    12615150           6  0.48133002404434522     
    12615150           7  0.70706912284040069     
    12615150           8   1.0732825019399308     
    12615150           9   1.1773289890155443     
    12615150          10  0.94838190426274716     
    12616627           1  0.78039699324939693     
    12616627           2   1.2629821497792766     
    12616627           3   1.0592016840634779     
    12616627           4   1.1718504964517216     
    12616627           5   1.2072394857552970     
    12616627           6  0.99308382082018942     
    12616627           7  0.75588436332610576     
    12616627           8   1.0791690696629577     
    12616627           9   1.1955696001816680     
    12616627          10  0.49462233670990857     
    12617441           1   1.1738471005105040     
    12617441           2   1.0762475857238321     
    12617441           3   1.1499145721497772     
    12617441           4  0.88747050061031174     
    12617441           5  0.58877806980366132     
    12617441           6   1.0042685369896021     
    12617441           7  0.76418764839424724     
    12617441           8   1.2105978820651033     
    12617441           9   1.1089199140787496     
    12617441          10   1.0357681896742106     
    12617954           1   1.2181147007141844     
    12617954           2   1.4736352772001928     
    12617954           3   1.3184643806392125     
    12617954           4  0.87915507960004913     
    12617954           5  0.55194174718151257     
    12617954           6  0.86371617372342435     
    12617954           7  0.43622774778027185     
    12617954           8   1.2921446418914515     
    12617954           9   1.0802251060645656     
    12617954          10  0.88637514520513450     
    12619172           1  0.69667364312496483     
    12619172           2  0.89856617377206982     
    12619172           3  0.59889009156079220     
    12619172           4   1.1839951516000664     
    12619172           5  0.41565725983258184     
    12619172           6   1.0572665608514840     
    12619172           7   1.2261425363441927     
    12619172           8   1.4150498336990880     
    12619172           9   1.3043065145425972     
    12619172          10   1.2034522346721621     
    12620150           1   1.1689258033922263     
    12620150           2   1.0777355672283093     
    12620150           3  0.81793295693753409     
    12620150           4   1.3427912729394049     
    12620150           5   1.4411267653611632     
    12620150           6   1.1181797537320699     
    12620150           7  0.98207770634913438     
    12620150           8   1.0679190779291219     
    12620150           9  0.78360655024258119     
    12620150          10  0.19970454588845349     
    12623927           1  0.66981830690877386     
    12623927           2   1.2671031229414984     
    12623927           3  0.27429287824840248     
    12623927           4   1.1837808518269335     
    12623927           5  0.40058719054240993     
    12623927           6  0.84075147633598279     
    12623927           7   1.6857969580751109     
    12623927           8  0.96915350375581144     
    12623927           9   1.4656288022453359     
    12623927          10   1.2430869091197412     
    12625594           1   1.4001601105783168     
    12625594           2   1.5033951214816688     
    12625594           3   8.1934881537046589E-002
    12625594           4  0.33431372699041062     
    12625594           5   1.5445909006441763     
    12625594           6   1.6066310959140087     
    12625594           7  0.70603750824206135     
    12625594           8   1.4211357256731640     
    12625594           9  0.34015661478836950     
    12625594          10   1.0616443141507776     
    12627030           1   1.2726178384284006     
    12627030           2   1.5918839384207395     
    12627030           3   1.3894309398726081     
    12627030           4   1.1815405870840057     
    12627030           5  0.38126102865160344     
    12627030           6   1.0558276506370179     
    12627030           7  0.61819486972354654     
    12627030           8  0.20347880589080630     
    12627030           9   1.2129215833260525     
    12627030          10   1.0928427579652205     
    12627145           1   1.0747120092607538     
    12627145           2   1.1364607964278948     
    12627145           3   1.1393134013425250     
    12627145           4   1.2206276399807015     
    12627145           5   1.3389752862626236     
    12627145           6   1.1473769605554818     
    12627145           7  0.90171856552986107     
    12627145           8  0.96337725727789281     
    12627145           9  0.65680558851034820     
    12627145          10  0.42063249485191889     
    12634606           1   1.1898841465633434     
    12634606           2   1.3844163833754333     
    12634606           3  0.80428805030995587     
    12634606           4  0.94577594408132526     
    12634606           5   1.1441727617699959     
    12634606           6  0.34976558379098416     
    12634606           7   1.1537081248395249     
    12634606           8  0.41672952998391577     
    12634606           9   1.4763080583002257     
    12634606          10   1.1349514169852954     
    12634862           1   1.0965929429369889     
    12634862           2   1.0174764900778355     
    12634862           3  0.44069389488118993     
    12634862           4   1.4111182285763759     
    12634862           5   1.5910325283694848     
    12634862           6  0.52590755985797155     
    12634862           7  0.63311666799068367     
    12634862           8   1.0629499194676333     
    12634862           9   1.2408828563691752     
    12634862          10  0.98022891147266167     
    12635990           1  0.52179956825828810     
    12635990           2   1.0564997471165036     
    12635990           3  0.42738529810352871     
    12635990           4   1.1045163928997142     
    12635990           5  0.38235227841326830     
    12635990           6   1.0373129384195856     
    12635990           7   1.4675357783356502     
    12635990           8   1.4154604195322613     
    12635990           9   1.3294880575496255     
    12635990          10   1.2576495213715762     
    12637121           1  0.50426912576213168     
    12637121           2   1.2551673650603334     
    12637121           3  0.22562013954020060     
    12637121           4   1.1990419590030443     
    12637121           5   1.0734539808738415     
    12637121           6  0.90949950101878496     
    12637121           7   1.2953752086027894     
    12637121           8  0.81246362839808017     
    12637121           9   1.3732927001225523     
    12637121          10   1.3518163916182426     
    12642447           1  0.99348451895415035     
    12642447           2  0.86633848366832966     
    12642447           3   1.3803666244506072     
    12642447           4   1.2609450528201922     
    12642447           5   1.0393422887323573     
    12642447           6  0.79863845235953779     
    12642447           7  0.67259123128683473     
    12642447           8   1.2965945519786561     
    12642447           9   1.4317404274054311     
    12642447          10  0.25995836834390329     
    12660335           1   1.2168553870982806     
    12660335           2   1.3902371337046096     
    12660335           3   1.2746654649718783     
    12660335           4  0.92229095208692347     
    12660335           5  0.80202265439823439     
    12660335           6  0.93874770195736779     
    12660335           7  0.79647351897117324     
    12660335           8  0.35823975406632108     
    12660335           9   1.1827831511155300     
    12660335          10   1.1176842816296833     
    12666824           1  0.56454940929299102     
    12666824           2   1.2679574370216826     
    12666824           3  0.27370652556914704     
    12666824           4   1.3351110962156969     
    12666824           5  0.50891626044762739     
    12666824           6  0.88372726998057816     
    12666824           7   1.5163505368865882     
    12666824           8  0.92646894408888603     
    12666824           9   1.5055895024567658     
    12666824          10   1.2176230180400356     
    12672952           1   1.2001627671079358     
    12672952           2   1.4075835758183783     
    12672952           3  0.84255171208593482     
    12672952           4  0.67954875521939839     
    12672952           5  0.95656355769977031     
    12672952           6  0.94042159436606210     
    12672952           7   1.1880831219279440     
    12672952           8  0.72862896920113474     
    12672952           9   1.1403852362652518     
    12672952          10  0.91607071030818787     
    12673768           1   1.1711162973460345     
    12673768           2   1.1409404672281331     
    12673768           3   1.0027071240675711     
    12673768           4  0.62039595237863510     
    12673768           5   1.4864387727288890     
    12673768           6   1.4292133972431820     
    12673768           7   1.2701384696857076     
    12673768           8   1.2693507205154775     
    12673768           9  0.49182436738574892     
    12673768          10  0.11787443142062165     
    12674435           1   1.4137325484674381     
    12674435           2   1.3775570815705929     
    12674435           3  0.21970487039621234     
    12674435           4  0.47910205812842560     
    12674435           5   1.4418948853752751     
    12674435           6   1.2691928100853616     
    12674435           7   1.7122135327542538     
    12674435           8   1.2055898775909721     
    12674435           9  0.41257849238812572     
    12674435          10  0.46843384324334392     
    12677366           1  0.63284435335059441     
    12677366           2  0.80158620116998403     
    12677366           3  0.84094027720768783     
    12677366           4   1.0918228634886218     
    12677366           5  0.22351199750756881     
    12677366           6   1.0158074297106821     
    12677366           7   1.4535806565925868     
    12677366           8   1.3919230700698741     
    12677366           9   1.2247640720520099     
    12677366          10   1.3232190788503897     
    12677574           1   1.3407316246285987     
    12677574           2   1.2368510683888330     
    12677574           3   1.5602697045261675     
    12677574           4  0.89029201082113107     
    12677574           5   1.2655964909358957     
    12677574           6   1.1268169825022196     
    12677574           7  0.67387969797612624     
    12677574           8   4.5815329290374664E-002
    12677574           9  0.97181606316127156     
    12677574          10  0.88793102776938082     
    12680264           1   1.1291076353323788     
    12680264           2   1.3519393293353770     
    12680264           3   1.4060471353878772     
    12680264           4   1.2918754232662437     
    12680264           5  0.60248132614563310     
    12680264           6  0.24939082315371761     
    12680264           7  0.11841248271505934     
    12680264           8   1.1951740346638442     
    12680264           9   1.3800429094335047     
    12680264          10   1.2755289005663635     
    12682781           1   1.0867339970773564     
    12682781           2   1.0069181644784924     
    12682781           3  0.29996283779672334     
    12682781           4  0.33169023567484379     
    12682781           5   1.2048924129667880     
    12682781           6   1.1908204420781048     
    12682781           7   1.3534235372266152     
    12682781           8   1.3121975221137125     
    12682781           9   1.1156721478067297     
    12682781          10   1.0976887027806337     
    12683235           1   1.4185292251794142     
    12683235           2   1.2626054465049312     
    12683235           3   1.0877652638842030     
    12683235           4  0.29029158382467302     
    12683235           5  0.77360558485460673     
    12683235           6   1.5190119467247738     
    12683235           7  0.27340923350721724     
    12683235           8   1.6819689126053208     
    12683235           9  0.97634281262982436     
    12683235          10  0.71646999028503600     
    12689282           1  0.84533064158557769     
    12689282           2  0.92376997350983492     
    12689282           3  0.23818728218409044     
    12689282           4  0.96503581875748812     
    12689282           5   1.0694779493181379     
    12689282           6  0.93383809251374506     
    12689282           7   1.1672642171762202     
    12689282           8   1.0151587863931055     
    12689282           9   1.5746643809710703     
    12689282          10   1.2672728575907293     
    12693266           1   1.0293475504880276     
    12693266           2   1.1992803546085298     
    12693266           3  0.46818253593226011     
    12693266           4   1.2578256408758568     
    12693266           5   1.3139478687445194     
    12693266           6  0.53122524667753868     
    12693266           7  0.61384533495975646     
    12693266           8   1.0191332339656172     
    12693266           9   1.5150480102930415     
    12693266          10   1.0521642234548518     
    12695071           1  0.10486198628470610     
    12695071           2   1.8383941358340056E-002
    12695071           3   1.3119732840863103     
    12695071           4   1.3884704806584729     
    12695071           5  0.26992857620824856     
    12695071           6   1.3088817059761053     
    12695071           7   1.4432114249999288     
    12695071           8   1.4997682519312519     
    12695071           9   1.3643787936994682     
    12695071          10   1.2901415547971680     
    12695234           1   1.0935191663671162     
    12695234           2  0.12291263098121438     
    12695234           3   1.0592528494747779     
    12695234           4   1.1948826285180301     
    12695234           5   1.1235096646714631     
    12695234           6  0.60103370958331570     
    12695234           7   1.3227974624433305     
    12695234           8   1.4237872168495667     
    12695234           9   1.1908542532899218     
    12695234          10  0.86745041782126375     
    12696586           1   1.2172361098408910     
    12696586           2   1.1122467228847592     
    12696586           3   1.4613457842259621     
    12696586           4  0.78714937140989383     
    12696586           5   1.3398661257702458     
    12696586           6   1.3557250068559927     
    12696586           7  0.78776242087798465     
    12696586           8   6.7740481995060109E-002
    12696586           9   1.0269186349236596     
    12696586          10  0.84400934121555193     
    12697542           1   1.0600202978699740     
    12697542           2   1.2068692740075113     
    12697542           3   1.0897913096459957     
    12697542           4  0.87049309311609924     
    12697542           5  0.98535261839443589     
    12697542           6  0.64273632109507728     
    12697542           7   1.0777830839774023     
    12697542           8   1.1906795679422895     
    12697542           9   1.0081514747754095     
    12697542          10  0.86812295917580640     
    12697761           1  0.57742342622355658     
    12697761           2  0.87636761504684257     
    12697761           3  0.50031729079195630     
    12697761           4   1.0619991294063460     
    12697761           5  0.44247657136713980     
    12697761           6  0.99953733119101917     
    12697761           7   1.4871333656133379     
    12697761           8   1.4011049752787053     
    12697761           9   1.3159611700170317     
    12697761          10   1.3376791250640636     
    12702903           1  0.40316274256089613     
    12702903           2   1.3019116519556471     
    12702903           3  0.29770303675506760     
    12702903           4   1.4772710835925906     
    12702903           5  0.68075079442339204     
    12702903           6   1.0392295551892281     
    12702903           7   1.3689661462744727     
    12702903           8  0.51193903274021846     
    12702903           9   1.5109027528802579     
    12702903          10   1.4081632036282283     
    12704696           1   1.1717520652850344     
    12704696           2   1.1388663776009031     
    12704696           3  0.71534603662870744     
    12704696           4   1.1965291804025910     
    12704696           5   1.1498474354264612     
    12704696           6   1.0806343966971474     
    12704696           7  0.91999287644123329     
    12704696           8  0.98239504207681483     
    12704696           9   1.3075406282065907     
    12704696          10  0.33709596123451741     
    12707889           1   1.2343036797132745     
    12707889           2   1.4243841690409258     
    12707889           3  0.32846252146447602     
    12707889           4  0.67541562670510269     
    12707889           5  0.80785769636959603     
    12707889           6   1.0286808814162087     
    12707889           7  0.96466386375132240     
    12707889           8   1.3653625112581469     
    12707889           9   1.1986332577869963     
    12707889          10  0.97223579249394920     
    12716581           1   1.0252270509439954     
    12716581           2   1.0306425906486265     
    12716581           3  0.96520149741172112     
    12716581           4  0.88774663734824955     
    12716581           5  0.66858289545124139     
    12716581           6   1.1536851867688975     
    12716581           7   1.0301899370683489     
    12716581           8   1.1316103682963463     
    12716581           9   1.0622566918420426     
    12716581          10   1.0448571442205321     
    12718912           1   1.3867363933882451     
    12718912           2   1.3568535360833511     
    12718912           3  0.75706153811163146     
    12718912           4   1.4806851106136762     
    12718912           5   1.3633405905939775     
    12718912           6   1.2663701173991415     
    12718912           7  0.54045100930582823     
    12718912           8   1.4904458589046281     
    12718912           9  0.23885550682083667     
    12718912          10  0.11920033877868215     
    12720334           1   1.2055327941881273     
    12720334           2  0.94018500857923948     
    12720334           3   1.3168570782576314     
    12720334           4  0.57639398585184032     
    12720334           5   1.2498719741355615     
    12720334           6   1.2696625909844867     
    12720334           7  0.84339005447849191     
    12720334           8   1.2926316220528733     
    12720334           9  0.96014811856012527     
    12720334          10  0.34532677291162273     
    12721577           1   1.0259789280075435     
    12721577           2   1.0738670078523962     
    12721577           3  0.55751725698328136     
    12721577           4   1.4223423902548444     
    12721577           5   1.5275236862184380     
    12721577           6  0.47811036362294257     
    12721577           7  0.70862549156824439     
    12721577           8   1.0756449630744953     
    12721577           9   1.1799204725943024     
    12721577          10  0.95046943982351106     
    12721818           1   1.4159926671519747     
    12721818           2   1.3458404552465095     
    12721818           3   1.0907365287242043     
    12721818           4  0.98026625445296034     
    12721818           5   1.0822632012669358     
    12721818           6  0.31585568951565740     
    12721818           7  0.96115310232804019     
    12721818           8  0.32058506909316858     
    12721818           9   1.3090193636588143     
    12721818          10   1.1782876685617314     
    12725262           1   1.2975649921558552     
    12725262           2   1.2713432315149082     
    12725262           3   1.1220056305389403     
    12725262           4   1.3106712265467471     
    12725262           5   1.1460674031751827     
    12725262           6   1.1289658871165358     
    12725262           7  0.80420730255508710     
    12725262           8   1.5075729578507326     
    12725262           9  0.38117653639989413     
    12725262          10   3.0424832146119098E-002
    12725288           1  0.88293911119866619     
    12725288           2   1.3169107952353789     
    12725288           3   1.3323640510599346     
    12725288           4   1.4000074057354677     
    12725288           5   1.0641360488497380     
    12725288           6  0.44597487388878221     
    12725288           7  0.34495189933926446     
    12725288           8   1.0308734750591688     
    12725288           9   1.3373809270515051     
    12725288          10  0.84446141258209495     
    12725393           1   1.2912509408436594     
    12725393           2   1.1869386330570535     
    12725393           3  0.79184287601841230     
    12725393           4  0.96270531465189424     
    12725393           5   1.2287644538206666     
    12725393           6   1.0598506871807287     
    12725393           7   1.1086377890280750     
    12725393           8  0.60739934082997238     
    12725393           9   1.0933708603172450     
    12725393          10  0.66923910425229294     
    12726785           1   1.2359261331634734     
    12726785           2  0.96915565718432417     
    12726785           3   1.3121441953372992     
    12726785           4  0.74669647253143856     
    12726785           5   1.3012851300606170     
    12726785           6   1.2816804003002218     
    12726785           7   1.0204768166873899     
    12726785           8   1.1577621819418209     
    12726785           9  0.83581508883586708     
    12726785          10  0.13905792395754901     
    12730943           1  0.25247307650251910     
    12730943           2  0.11816618892370206     
    12730943           3   1.2080136048152219     
    12730943           4   1.3689317541919346     
    12730943           5  0.61329324887867409     
    12730943           6   1.1652515843102751     
    12730943           7   1.3652657280954505     
    12730943           8   1.3088656540226102     
    12730943           9   1.3569447796614071     
    12730943          10   1.2427943805982031     
    12731643           1   1.0965194362744832     
    12731643           2   1.2269506118438369     
    12731643           3  0.74005410497271240     
    12731643           4   1.1294359928475390     
    12731643           5   1.0114681133654144     
    12731643           6   1.0234158416830366     
    12731643           7   1.0666678840682040     
    12731643           8  0.90115903733371028     
    12731643           9   1.1165827468957721     
    12731643          10  0.68774623071529095     
    12733352           1   1.2621788936190279     
    12733352           2   1.1711577483660769     
    12733352           3  0.47741127494935565     
    12733352           4   1.1315310206201696     
    12733352           5   1.1997672088382692     
    12733352           6  0.39721335162227195     
    12733352           7   1.0859941501366903     
    12733352           8   1.1241305535036517     
    12733352           9  0.90672251521171177     
    12733352          10   1.2438932831327754     
    12733407           1   1.2781998388255920     
    12733407           2   1.3470936498489654     
    12733407           3   1.2649490719679173     
    12733407           4  0.94075731374047877     
    12733407           5  0.65746261181235777     
    12733407           6  0.82345399825161014     
    12733407           7  0.89742227396597385     
    12733407           8  0.57289528958887392     
    12733407           9   1.2367873722895477     
    12733407          10  0.98097857970868452     
    12734240           1   1.4321549979962791     
    12734240           2   1.2105020618914131     
    12734240           3   1.0157294452345274     
    12734240           4  0.33707859698562154     
    12734240           5  0.82106054186024691     
    12734240           6   1.5075011832444483     
    12734240           7  0.43369305898536054     
    12734240           8   1.5851492938593412     
    12734240           9  0.96868199126558330     
    12734240          10  0.68844882867717816     
    12734430           1   1.2001799707506362     
    12734430           2   1.4132691456124682     
    12734430           3   1.3853307222609326     
    12734430           4   1.0562065582618918     
    12734430           5   1.2534344040607117     
    12734430           6  0.77983859909586883     
    12734430           7  0.86158187770371941     
    12734430           8   4.5197751270310726E-002
    12734430           9  0.96394732548749518     
    12734430          10   1.0410136454959633     
    12735591           1   1.1444782309411352     
    12735591           2   1.2640972690681451     
    12735591           3  0.83000371255976069     
    12735591           4   1.2142859535048671     
    12735591           5   1.2326944276362812     
    12735591           6  0.32763500511323013     
    12735591           7   1.0410825972505138     
    12735591           8  0.86682862558317808     
    12735591           9  0.82574368689373734     
    12735591          10   1.2531504914491518     
    12737723           1   1.0004545716364286     
    12737723           2   1.2725484108575147     
    12737723           3   1.2801742093655475     
    12737723           4  0.94191303040781382     
    12737723           5   1.0198289459929279     
    12737723           6   1.3681520201093496     
    12737723           7  0.58266120683085176     
    12737723           8   1.3185255805428482     
    12737723           9  0.89754040102579680     
    12737723          10  0.31820162323092016     
    12742307           1  0.57575901164152576     
    12742307           2  0.87384149821219448     
    12742307           3  0.49887513351773122     
    12742307           4   1.0589379324461736     
    12742307           5  0.44120113912081227     
    12742307           6   1.0254810332139264     
    12742307           7   1.4828467254343283     
    12742307           8   1.3970663106767831     
    12742307           9   1.3121679311886600     
    12742307          10   1.3338232845478655     
    12744725           1   1.1559673433563038     
    12744725           2  0.91126987962757466     
    12744725           3   1.2445002382217010     
    12744725           4  0.90820661376674927     
    12744725           5   1.3344246180408170     
    12744725           6   1.1941665736716121     
    12744725           7   1.0413623865392636     
    12744725           8  0.59864309884203049     
    12744725           9  0.89743325136473528     
    12744725          10  0.71402599656921184     
    12748135           1   1.3602466607652626     
    12748135           2   1.2348348252636980     
    12748135           3   1.5565912753200957     
    12748135           4  0.88819309412420555     
    12748135           5   1.2626127714662068     
    12748135           6   1.1241604440292170     
    12748135           7  0.67229098625838690     
    12748135           8   4.5707316909657000E-002
    12748135           9  0.96952494863197425     
    12748135          10  0.88583767723129792     
    12749261           1  0.85950345964242969     
    12749261           2   1.2090800144374119     
    12749261           3   1.5386580507546070     
    12749261           4   1.5365056149262966     
    12749261           5  0.93184917953569479     
    12749261           6  0.53438204170404935     
    12749261           7  0.26071895722681621     
    12749261           8   1.1430495303502004     
    12749261           9   1.5957652170942975     
    12749261          10  0.39048793432819745     
    12750555           1   1.0313091780144741     
    12750555           2   1.2422663919819341     
    12750555           3  0.42925537225516380     
    12750555           4   1.3123674010145927     
    12750555           5   1.3137116450166899     
    12750555           6  0.47645168598047694     
    12750555           7  0.61601506200377198     
    12750555           8   1.1171545334266759     
    12750555           9   1.4959049785685454     
    12750555          10  0.96556375173767472     
    12751613           1   1.4909738268455870     
    12751613           2   1.3904860884202896     
    12751613           3   4.0881480802457161E-002
    12751613           4   1.0089524455766119     
    12751613           5   1.3870141889936234     
    12751613           6   1.3030070831741865     
    12751613           7   1.0146979542685750     
    12751613           8   1.3996107409404546     
    12751613           9  0.20520570230539836     
    12751613          10  0.75917048867281656     
    12752744           1   1.2513950225528778     
    12752744           2   1.0543329451360277     
    12752744           3   1.2935555637194009     
    12752744           4  0.80677977215004837     
    12752744           5  0.68173871787663998     
    12752744           6   1.1013032404004017     
    12752744           7  0.73460086489007848     
    12752744           8  0.70117670025147150     
    12752744           9   1.2285533428835038     
    12752744          10   1.1465638301395480     
    12754233           1   1.2270842620293951     
    12754233           2   1.3601673023185596     
    12754233           3   1.1248801872754817     
    12754233           4  0.92691478436193209     
    12754233           5  0.49119777147633698     
    12754233           6  0.85008457189410946     
    12754233           7  0.53514339518919551     
    12754233           8   1.3923345722523108     
    12754233           9   1.1637648774211014     
    12754233          10  0.92842827578157783     
    12754800           1   1.1299600144374313     
    12754800           2   1.3462395210811295     
    12754800           3   1.3991082873892198     
    12754800           4  0.94412009152058340     
    12754800           5  0.52399376543292653     
    12754800           6  0.88232917705468272     
    12754800           7  0.55422073544301176     
    12754800           8   1.0840609864039983     
    12754800           9   1.1898990985013862     
    12754800          10  0.94606832273563213     
    12756252           1   1.1737516279517379     
    12756252           2  0.96599583563979208     
    12756252           3  0.15035128644377224     
    12756252           4   1.1312334376278028     
    12756252           5   1.3543590280521061     
    12756252           6  0.67560233258055258     
    12756252           7  0.81224582860044559     
    12756252           8   1.1531712753212302     
    12756252           9   1.3545079601860590     
    12756252          10   1.2287813875965026     
    12756765           1   1.4262429564273993     
    12756765           2   1.4557566378367348     
    12756765           3   1.3680154383052683     
    12756765           4  0.91453476737006201     
    12756765           5   1.0364854432753428     
    12756765           6  0.45954469762030942     
    12756765           7  0.88334246096023306     
    12756765           8  0.25062308231708563     
    12756765           9   1.0326993663991291     
    12756765          10   1.1727551494884347     
    12759825           1  0.89438103193852936     
    12759825           2   1.3886744766702293     
    12759825           3   1.3302098983800212     
    12759825           4   1.4300435400015294     
    12759825           5   1.1617166100700533     
    12759825           6  0.52699626007248623     
    12759825           7  0.49511513848162642     
    12759825           8  0.96575539101155050     
    12759825           9   1.5313097824192767     
    12759825          10  0.27579787095469827     
    12760473           1  0.43090727575322951     
    12760473           2   1.1752151969450735     
    12760473           3  0.85440076550846844     
    12760473           4   1.0118647194450778     
    12760473           5  0.21950342182393670     
    12760473           6   1.1837763697966013     
    12760473           7   1.2803721072727159     
    12760473           8   1.2828369591580064     
    12760473           9   1.2795369748997556     
    12760473          10   1.2815862093971342     
    12760516           1   1.1514139293774697     
    12760516           2   1.0177758351964881     
    12760516           3  0.32711807274722476     
    12760516           4  0.84701373810536196     
    12760516           5   1.1642942516844192     
    12760516           6  0.88295833113128153     
    12760516           7  0.76767298689274810     
    12760516           8   1.3858403973687157     
    12760516           9   1.3094735860594127     
    12760516          10   1.1464388714368781     
    12761245           1   1.1334449515684382     
    12761245           2   1.3503914910927237     
    12761245           3   1.4422176695956583     
    12761245           4  0.94703187523065380     
    12761245           5  0.47856966372275395     
    12761245           6  0.93837286821711152     
    12761245           7  0.48225128270924394     
    12761245           8   1.1356486036317235     
    12761245           9   1.1880044385171249     
    12761245          10  0.90406715571456697     
    12763581           1   1.1451747076190304     
    12763581           2   1.2552927114229100     
    12763581           3   1.2551480305320690     
    12763581           4   1.1825530078768323     
    12763581           5  0.60956050389409899     
    12763581           6  0.57725198667152533     
    12763581           7  0.22612734433897591     
    12763581           8   1.2753156096189686     
    12763581           9   1.3053226978279608     
    12763581          10   1.1682534001976279     
    12764500           1   1.1732424122216214     
    12764500           2   1.0186698541865957     
    12764500           3   1.2545737241029518     
    12764500           4   1.3634387816054878     
    12764500           5   1.0387238174344759     
    12764500           6   1.2465583769188013     
    12764500           7  0.83436948166084002     
    12764500           8   1.4626369750372228     
    12764500           9  0.50267850098991795     
    12764500          10  0.10510807584208415     
    12768534           1   1.0747989860494531     
    12768534           2   1.1395466319341432     
    12768534           3  0.33476913333946717     
    12768534           4   1.1054882425282424     
    12768534           5   1.1272653110934390     
    12768534           6  0.86168533550009008     
    12768534           7   1.2244237732775258     
    12768534           8  0.78765697449993677     
    12768534           9   1.2032096576509757     
    12768534          10   1.1411559541267264     
    12768607           1   1.1042849098149263     
    12768607           2  0.99947372044883864     
    12768607           3  0.37965395899685178     
    12768607           4  0.89472254064110179     
    12768607           5   1.2811362667931010     
    12768607           6  0.85940546565328846     
    12768607           7  0.85205779449269581     
    12768607           8   1.1447684323358780     
    12768607           9   1.4809656904310942     
    12768607          10   1.0035312203922240     
    12774237           1   1.0156307720876447     
    12774237           2  0.25990082557792987     
    12774237           3   1.2753171104320646     
    12774237           4   1.0881406412473891     
    12774237           5   1.2539130020146461     
    12774237           6   1.2521970689292530     
    12774237           7   1.2820752880306379     
    12774237           8   1.3988873149034711     
    12774237           9  0.88820290400104429     
    12774237          10  0.28573507277591753     
    12776484           1   1.0500763862946318     
    12776484           2  0.93609486736344805     
    12776484           3   1.0974755730116650     
    12776484           4   1.0553346351642241     
    12776484           5  0.74871154217066405     
    12776484           6   1.1280856796868124     
    12776484           7   1.0400264900783498     
    12776484           8   1.1441167925577937     
    12776484           9   1.1324621583176349     
    12776484          10  0.66761587535477340     
    12776787           1   1.2083811832581535     
    12776787           2   1.3156310127725672     
    12776787           3   1.2415496171210700     
    12776787           4   1.3049596846451907     
    12776787           5   1.2920856918961363     
    12776787           6   1.1792302673233599     
    12776787           7  0.68773411489471548     
    12776787           8   1.3258551257851416     
    12776787           9  0.14949028900514749     
    12776787          10  0.29508301329851661     
    12777841           1   1.0994809418079985     
    12777841           2   1.1232001969324956     
    12777841           3  0.78959775019519396     
    12777841           4   1.3526303478162462     
    12777841           5   1.2597376945957011     
    12777841           6  0.62414860400719252     
    12777841           7  0.99951275732412082     
    12777841           8  0.86983874446784426     
    12777841           9   1.0047005695167854     
    12777841          10  0.87715239333642181     
    12778434           1   1.2319553894323652     
    12778434           2   1.0069288709144655     
    12778434           3  0.33365914929500062     
    12778434           4   1.3562663837184452     
    12778434           5   1.1805380102182039     
    12778434           6  0.28772740110375578     
    12778434           7   1.0428773282623087     
    12778434           8   1.1051454509865510     
    12778434           9   1.1793943467040811     
    12778434          10   1.2755076693648217     
    12778964           1   1.4028067783638689     
    12778964           2   1.3303673136121734     
    12778964           3  0.90449552211592654     
    12778964           4   1.3094250187266794     
    12778964           5   1.3744072372555018     
    12778964           6   1.0755218920468388     
    12778964           7  0.69626427584706396     
    12778964           8   1.0814231947132875     
    12778964           9  0.74466584887730902     
    12778964          10   8.0622918441352484E-002
    12779735           1   1.2000447987182881     
    12779735           2   1.4074452192785116     
    12779735           3  0.87840634959926533     
    12779735           4  0.67948195988585081     
    12779735           5  0.92151501515274603     
    12779735           6  0.94032915688664864     
    12779735           7   1.1879663408908190     
    12779735           8  0.72855734959377561     
    12779735           9   1.1402731436278304     
    12779735          10  0.91598066636626574     
    12779960           1  0.73834231679328688     
    12779960           2  0.99109133047105002     
    12779960           3  0.33853046483098548     
    12779960           4   1.1907959159433050     
    12779960           5  0.88677592621471235     
    12779960           6  0.77017355522909026     
    12779960           7   1.3373850867210637     
    12779960           8   1.0404240373124858     
    12779960           9   1.3548970356850538     
    12779960          10   1.3515843307989661     
    12784941           1   1.1269816797710728     
    12784941           2   1.2458839677528002     
    12784941           3  0.25271444112715846     
    12784941           4   1.1801050195325902     
    12784941           5   1.4386725748784379     
    12784941           6  0.61127173848036187     
    12784941           7  0.65161008424399236     
    12784941           8  0.99091643681547281     
    12784941           9   1.3607274926075934     
    12784941          10   1.1411165647905193     
    12786691           1   1.3427315185184043     
    12786691           2   1.5152296045196942     
    12786691           3  0.91571770590687629     
    12786691           4  0.96779842293815754     
    12786691           5   1.0522033108857545     
    12786691           6  0.30047473306327527     
    12786691           7   1.2250237710221845     
    12786691           8  0.36609463145943771     
    12786691           9   1.2583463449075947     
    12786691          10   1.0563799567786207     
    12788548           1   1.1341735417812446     
    12788548           2  0.30593220146235878     
    12788548           3   1.3078976682343681     
    12788548           4  0.93724059866080323     
    12788548           5   1.3187467091644074     
    12788548           6   1.2679165358804509     
    12788548           7   1.3163588373120201     
    12788548           8   1.4377600296013819     
    12788548           9  0.72861992796430453     
    12788548          10  0.24535394993865997     
    12789484           1   1.2173434861735370     
    12789484           2  0.93005277159191579     
    12789484           3   1.3129165138316803     
    12789484           4  0.88607167510171447     
    12789484           5  0.66759671944902421     
    12789484           6   1.0131956494351884     
    12789484           7  0.48720650293297901     
    12789484           8  0.98950245318622498     
    12789484           9   1.3479388100734417     
    12789484          10   1.1481754182242945     
    12790942           1   1.2633006731118175     
    12790942           2   1.1126736829289077     
    12790942           3  0.84410028009980487     
    12790942           4   1.2490112372709121     
    12790942           5   1.2244655090503174     
    12790942           6   1.0873983091223662     
    12790942           7  0.94775583874087066     
    12790942           8   1.0944633621050268     
    12790942           9  0.68406569758738112     
    12790942          10  0.49276540998259238     
    12793499           1  0.89493047101368706     
    12793499           2   1.3880538639151212     
    12793499           3  0.35726784723330257     
    12793499           4   1.2541236907162276     
    12793499           5  0.99840664008543289     
    12793499           6  0.57477606931869285     
    12793499           7   1.3568362036246251     
    12793499           8  0.46635788253324267     
    12793499           9   1.4083277960796683     
    12793499          10   1.3009195354800009     
    12794562           1  0.95349108881133515     
    12794562           2   1.3614506084492339     
    12794562           3   1.3426195637131750     
    12794562           4   1.2924352307435845     
    12794562           5   1.1983652366555562     
    12794562           6  0.88651542662124405     
    12794562           7  0.46533195746435302     
    12794562           8   1.1699496679115233     
    12794562           9   1.2005833225133196     
    12794562          10  0.12925789711667168     
    12795171           1   1.2627047807112239     
    12795171           2   1.1716457114796299     
    12795171           3  0.47761018845395792     
    12795171           4   1.1320024732495646     
    12795171           5   1.2002670920893344     
    12795171           6  0.39737885064584311     
    12795171           7   1.0864466298197564     
    12795171           8   1.1245989227269206     
    12795171           9  0.90293379930211848     
    12795171          10   1.2444115515216512     
    12795184           1   1.1450176969854113     
    12795184           2   1.3622189408859271     
    12795184           3  0.67513296416560997     
    12795184           4   1.0602702391441754     
    12795184           5   1.1071347419209616     
    12795184           6  0.42297241328710150     
    12795184           7   1.2502656723329033     
    12795184           8  0.73151170192274595     
    12795184           9   1.0381572183249312     
    12795184          10   1.2073184110302317     
    12795818           1  0.52200379650333917     
    12795818           2  0.12314883868219446     
    12795818           3   1.4202072663421090     
    12795818           4   1.1609124249882856     
    12795818           5  0.82835151166346221     
    12795818           6   1.4968858894254751     
    12795818           7   1.2262168187094598     
    12795818           8   1.4428878186925385     
    12795818           9  0.80235491760482303     
    12795818          10  0.97703071738831471     
    12796338           1   1.2627333393674900     
    12796338           2  0.92080263000149132     
    12796338           3   1.1227830753779704     
    12796338           4  0.32356619486187982     
    12796338           5   1.3122019935992377     
    12796338           6   1.4216716642147209     
    12796338           7  0.35609866138247570     
    12796338           8   1.4034523902933178     
    12796338           9  0.76538006495957978     
    12796338          10   1.1113099859418376     
    12798318           1  0.55640982704403619     
    12798318           2  0.90606818764876196     
    12798318           3  0.46322775146028006     
    12798318           4   1.1166832384694141     
    12798318           5  0.46223066699086446     
    12798318           6   1.0691107967922699     
    12798318           7   1.4541346326839064     
    12798318           8   1.4248570249054762     
    12798318           9   1.3098454214545487     
    12798318          10   1.2374324525504421     
    12799090           1   1.1454959181823974     
    12799090           2   1.1473609596095578     
    12799090           3   1.1721698418857525     
    12799090           4  0.97196094933948896     
    12799090           5  0.71761973546886637     
    12799090           6  0.75336237023710750     
    12799090           7  0.33762763384781275     
    12799090           8   1.1996233767644562     
    12799090           9   1.2771170173723847     
    12799090          10   1.2776621972921756     
    12802749           1   1.2852640053147761     
    12802749           2   1.4504682317491659     
    12802749           3  0.71540192926867507     
    12802749           4   1.5390883101238693     
    12802749           5   1.3984578508451018     
    12802749           6   1.0844949850210184     
    12802749           7  0.54147162106946667     
    12802749           8   1.5326964260825231     
    12802749           9  0.35363142024710376     
    12802749          10   9.9025220278298964E-002
    12804603           1   1.1226450148650458     
    12804603           2  0.96522573558198332     
    12804603           3   1.1511833867226033     
    12804603           4  0.70564351184877971     
    12804603           5  0.82292131313020067     
    12804603           6   1.0982089360535736     
    12804603           7  0.81508350107896188     
    12804603           8  0.94419164270543310     
    12804603           9   1.1622993309889369     
    12804603          10   1.2125976270244820     
    12807565           1   1.5204978339775341     
    12807565           2   1.3813400339478179     
    12807565           3  0.23267827644990227     
    12807565           4  0.82341642403845949     
    12807565           5   1.3922513450975971     
    12807565           6   1.3550462454524173     
    12807565           7   1.1319880892153651     
    12807565           8   1.4417185764444413     
    12807565           9  0.42745490624737115     
    12807565          10  0.29360826912909127     
    12809215           1   1.4089768188623180     
    12809215           2   1.2969043318554787     
    12809215           3   1.3710077377329193     
    12809215           4  0.83564688712637358     
    12809215           5  0.81866312769471872     
    12809215           6  0.76102429782190217     
    12809215           7  0.88906064826253406     
    12809215           8  0.32617057279624440     
    12809215           9   1.1072026407656119     
    12809215          10   1.1853429370818980     
    12809860           1   1.3404401128689958     
    12809860           2  0.43915575694224412     
    12809860           3   1.0697188650538145     
    12809860           4   1.0308644650243419     
    12809860           5   1.3805473127855359     
    12809860           6   1.1870341011457288     
    12809860           7   1.2801672125229080     
    12809860           8   1.5242937380821793     
    12809860           9  0.64833401105123567     
    12809860          10   9.9444424523015773E-002
    12810090           1   1.3922725235100415     
    12810090           2   1.2174144803918419     
    12810090           3  0.45300664035333876     
    12810090           4  0.33982325926574247     
    12810090           5   1.4704672815268756     
    12810090           6   1.6381308942859762     
    12810090           7  0.26427446325786075     
    12810090           8   1.6806734476785938     
    12810090           9  0.43114315351287513     
    12810090          10   1.1127938562168525     
    12810283           1   1.2496297911486387     
    12810283           2   1.3889646391612407     
    12810283           3   1.1916589450302457     
    12810283           4   1.2048957727992433     
    12810283           5   1.2033687960423014     
    12810283           6  0.50046320770818853     
    12810283           7  0.89659436861645714     
    12810283           8  0.55027949420210387     
    12810283           9  0.73213677301642344     
    12810283          10   1.0820082122751584     
    12810789           1   1.4955696599382358     
    12810789           2   1.3639478030164667     
    12810789           3   4.1007495397056670E-002
    12810789           4   1.0120624780632990     
    12810789           5   1.3912895730379140     
    12810789           6   1.3070235205958125     
    12810789           7   1.0178256969246193     
    12810789           8   1.4039249530642512     
    12810789           9  0.20583823598270018     
    12810789          10  0.76151058397964466     
    12811446           1   1.4009436053165627     
    12811446           2   1.3716771910568608     
    12811446           3  0.93080338649962402     
    12811446           4   1.2657695197965264     
    12811446           5   1.2428057537423829     
    12811446           6   1.1321304666308025     
    12811446           7  0.75970394193552360     
    12811446           8  0.93190941356924828     
    12811446           9  0.84408459914835055     
    12811446          10  0.12017212230411649     
    12811655           1   1.0951366436339141     
    12811655           2   1.3266637433672164     
    12811655           3   1.2724808565474799     
    12811655           4   1.3957622621548706     
    12811655           5  0.85812755745232860     
    12811655           6  0.21070755421170909     
    12811655           7  0.11233177405967115     
    12811655           8   1.3840924944218758     
    12811655           9   1.4257963019853985     
    12811655          10  0.91890081216553321     
    12812859           1   1.2242512028055865     
    12812859           2   1.4564399106157699     
    12812859           3  0.39235279381168758     
    12812859           4   1.4683415906861426     
    12812859           5   1.3183710076609385     
    12812859           6   1.3714518775814821     
    12812859           7  0.64859612876691397     
    12812859           8   1.6726275297100650     
    12812859           9  0.16239515702724908     
    12812859          10  0.28517280133416495     
    12813589           1   1.2459076011748760     
    12813589           2   1.3419021667971958     
    12813589           3  0.69953312643876575     
    12813589           4   1.4787207804461124     
    12813589           5   1.3436062576917567     
    12813589           6   1.2300214364799855     
    12813589           7  0.55930794974903852     
    12813589           8   1.4588887591882600     
    12813589           9  0.43526051855867454     
    12813589          10  0.20685140347533532     
    12815164           1   1.2724814611998807     
    12815164           2   1.1804730781068618     
    12815164           3   1.3577043768581485     
    12815164           4   1.1870098556653494     
    12815164           5   1.2308805848006585     
    12815164           6  0.55193653116762331     
    12815164           7  0.99582930493737098     
    12815164           8  0.32757534683885142     
    12815164           9  0.85537507161167226     
    12815164          10   1.0407343888135845     
    12817157           1  0.77701094823488615     
    12817157           2   1.2624910530353188     
    12817157           3   1.0734780917394038     
    12817157           4   1.3549318344579868     
    12817157           5   1.2298717790592415     
    12817157           6  0.46265925766942750     
    12817157           7  0.62682655770833684     
    12817157           8   1.1659426347677306     
    12817157           9   1.3092862679592017     
    12817157          10  0.73750157536846694     
    12820278           1   1.2794613414530345     
    12820278           2   1.1194890292349675     
    12820278           3   1.2965651771415714     
    12820278           4  0.73993390228631795     
    12820278           5  0.48959300437481190     
    12820278           6   1.1778234825294505     
    12820278           7  0.36236825756659541     
    12820278           8   1.2389334467030442     
    12820278           9   1.3280326235459199     
    12820278          10  0.96779973516428730     
    12820377           1  0.73451634168060242     
    12820377           2  0.86383510102119643     
    12820377           3  0.71791517361815704     
    12820377           4  0.75906747759143833     
    12820377           5  0.81861814716061265     
    12820377           6   1.1673125863262668     
    12820377           7   1.1265879887634493     
    12820377           8   1.3365882264386761     
    12820377           9   1.3054676964473912     
    12820377          10   1.1700912609522107     
    12821071           1  0.79532026101121367     
    12821071           2   1.1857566867078759     
    12821071           3  0.99035227221211475     
    12821071           4   1.1746078112043177     
    12821071           5   1.2497615752511393     
    12821071           6  0.77221721601772952     
    12821071           7  0.52409643709447817     
    12821071           8   1.2555919059742442     
    12821071           9   1.2452296269509875     
    12821071          10  0.80706620757589986     
    12821641           1  0.67063834181668602     
    12821641           2   1.0711297919624971     
    12821641           3  0.12483122462052633     
    12821641           4   1.1023076211505012     
    12821641           5   1.0449936965205373     
    12821641           6   1.0578680362963817     
    12821641           7   1.1921016905433399     
    12821641           8  0.73751834268563354     
    12821641           9   1.3250057422811150     
    12821641          10   1.6736055121227804     
    12821749           1   1.0828674479186142     
    12821749           2   1.1029026385123073     
    12821749           3   1.2191209625765027     
    12821749           4   1.3319014986160289     
    12821749           5   1.1343504693716027     
    12821749           6   1.0815468607034195     
    12821749           7  0.68148934840565056     
    12821749           8   1.2207631510067420     
    12821749           9  0.87895002902462871     
    12821749          10  0.26610759386450311     
    12824257           1   1.4057968958211853     
    12824257           2   1.3721440831463925     
    12824257           3  0.30353947366546602     
    12824257           4  0.47721946558806883     
    12824257           5   1.4362290767878727     
    12824257           6   1.2071666524932412     
    12824257           7   1.7628082295268168     
    12824257           8   1.2008526102973425     
    12824257           9  0.34451406380436811     
    12824257          10  0.48972944886924391     
    12824539           1   1.3400621276386397     
    12824539           2   1.2260454497140507     
    12824539           3   1.2083459182995586     
    12824539           4  0.89038295588313099     
    12824539           5  0.98470125011223464     
    12824539           6  0.75233998749576281     
    12824539           7  0.98071076381562516     
    12824539           8  0.39741240245983678     
    12824539           9   1.1024225384479840     
    12824539          10   1.1175766061331749     
    12824759           1   1.1920331718767752     
    12824759           2   1.1951960013017371     
    12824759           3  0.87070248018762697     
    12824759           4  0.94559958239187658     
    12824759           5  0.97266093447173241     
    12824759           6  0.57350362107578301     
    12824759           7  0.48461700619280751     
    12824759           8   1.2570474487190755     
    12824759           9   1.2933893464578829     
    12824759          10   1.2152504073247035     
    12824876           1   1.1953499974708011     
    12824876           2   1.2271078062572895     
    12824876           3  0.84916039480640371     
    12824876           4  0.57819741829883586     
    12824876           5   1.5088872841306542     
    12824876           6   1.4496094094874681     
    12824876           7   1.2964212179157910     
    12824876           8   1.2956171679928448     
    12824876           9  0.44324319847160454     
    12824876          10  0.15640610516830558     
    12825267           1   1.3089502625312086     
    12825267           2   1.4115252772982270     
    12825267           3  0.23525468243301695     
    12825267           4  0.31050658681313409     
    12825267           5   1.4655283464130893     
    12825267           6   1.3553486853994532     
    12825267           7   1.1897593506160871     
    12825267           8   1.2670953431296983     
    12825267           9  0.66690333243514732     
    12825267          10  0.78912813293093742     
    12826483           1   1.3322130277419162     
    12826483           2   1.5155160921277635     
    12826483           3   1.4722908270174393     
    12826483           4   1.2223025162626884     
    12826483           5  0.30676197788760284     
    12826483           6   1.0777311833226677     
    12826483           7  0.66253923345751586     
    12826483           8   7.1308166028529602E-002
    12826483           9   1.0829853980082313     
    12826483          10   1.2563515781456431     
    12827442           1   1.1033333591480166     
    12827442           2   1.4066009170494795     
    12827442           3  0.74513042771926530     
    12827442           4   1.0079178715938337     
    12827442           5   1.2452910885786488     
    12827442           6  0.92047337636978555     
    12827442           7   1.1356159585446499     
    12827442           8  0.44189531668170207     
    12827442           9   1.1999701359622825     
    12827442          10  0.79377154835233565     
    12831425           1   1.1955401618320167     
    12831425           2   1.3165977044290993     
    12831425           3   1.1771683286370400     
    12831425           4   1.3178050875366707     
    12831425           5   1.0291483067406513     
    12831425           6  0.28467137314814228     
    12831425           7  0.18056198543159097     
    12831425           8   1.1084829390325825     
    12831425           9   1.3599467270118732     
    12831425          10   1.0300773862003318     
    12831455           1  0.52116445484929486     
    12831455           2  0.12295082489255245     
    12831455           3   1.4179236831114845     
    12831455           4   1.2131041304871630     
    12831455           5  0.82701958662271147     
    12831455           6   1.4944790129108558     
    12831455           7   1.1862660194557504     
    12831455           8   1.4405677668912791     
    12831455           9  0.80106479307280964     
    12831455          10  0.97545972770609779     
    12831839           1  0.94504562171444562     
    12831839           2   1.0980442289809891     
    12831839           3  0.73595240090848335     
    12831839           4   1.1537794497548375     
    12831839           5   1.3458526628792473     
    12831839           6   1.0744327348591647     
    12831839           7  0.81151886905592496     
    12831839           8   1.1320023089521583     
    12831839           9   1.1758179726515634     
    12831839          10  0.52755375024318718     
    12832474           1   1.2693046553274157     
    12832474           2  0.97973940836185258     
    12832474           3   1.1580584413517268     
    12832474           4  0.58312086455287782     
    12832474           5   1.3896219548372419     
    12832474           6   1.3783842690373225     
    12832474           7   1.1172614117556332     
    12832474           8   1.1999679721261340     
    12832474           9  0.74375279583416998     
    12832474          10  0.18078822681562731     
    12835479           1   1.2914938898621746     
    12835479           2   1.2664796887979408     
    12835479           3   1.0183250533940080     
    12835479           4   1.2021529094673691     
    12835479           5   1.2886849013900583     
    12835479           6   1.2692895683412215     
    12835479           7  0.73544047153589842     
    12835479           8  0.97868763771278100     
    12835479           9  0.79065685780182671     
    12835479          10  0.15878902169672252     
    12839800           1   1.3134433924774707     
    12839800           2   1.4580611404504822     
    12839800           3   1.3289795459215159     
    12839800           4  0.83752960661936526     
    12839800           5  0.61090939385212684     
    12839800           6   1.1367956966214043     
    12839800           7   3.8327722701095267E-002
    12839800           8   1.3062521136699567     
    12839800           9   1.0289153053422131     
    12839800          10  0.94078608234436889     
    12843386           1   1.1154480617768030     
    12843386           2   1.1772898138327892     
    12843386           3  0.83962311523117084     
    12843386           4   1.0769151324433566     
    12843386           5  0.55355210943632338     
    12843386           6  0.65226228632952754     
    12843386           7   1.0934523390475761     
    12843386           8   1.1895712570311037     
    12843386           9   1.1807196559013899     
    12843386          10   1.1211662289699620     
    12843705           1   1.2633645099588162     
    12843705           2   1.2419868457427954     
    12843705           3  0.37557376136291981     
    12843705           4   1.2681170214689670     
    12843705           5   1.2585463092922928     
    12843705           6   1.2700762998547466     
    12843705           7   1.1423071674924854     
    12843705           8   1.4627039607490089     
    12843705           9   8.6714194631371505E-002
    12843705          10  0.63060992944659455     
    12844683           1  0.66424175959472254     
    12844683           2  0.55265490870117195     
    12844683           3  0.85951707982406012     
    12844683           4   1.1755017674522323     
    12844683           5  0.38083745984355677     
    12844683           6  0.84751356904280661     
    12844683           7   1.4751474548676353     
    12844683           8   1.5125287444655786     
    12844683           9   1.2667710406578947     
    12844683          10   1.2652862155503424     
    12845162           1   1.2254007125478616     
    12845162           2  0.93620850808362588     
    12845162           3   1.3216063090149461     
    12845162           4  0.89193631408919727     
    12845162           5  0.67201533913726441     
    12845162           6   1.0199016833538816     
    12845162           7  0.49043117462980068     
    12845162           8  0.95849784867636423     
    12845162           9   1.3282272682780891     
    12845162          10   1.1557748421889693     
    12845269           1   1.0692373431976232     
    12845269           2   1.0877968306545776     
    12845269           3   1.1953642016848338     
    12845269           4  0.83436299458052787     
    12845269           5  0.84388406002507388     
    12845269           6   1.0504491563415808     
    12845269           7  0.49290829803106900     
    12845269           8   1.1605349079968532     
    12845269           9   1.1241314279628596     
    12845269          10   1.1413307795250012     
    12845627           1   1.1085687763786884     
    12845627           2  0.85888122300192515     
    12845627           3   1.1749669577377184     
    12845627           4   1.3723410042500892     
    12845627           5  0.74101196433267769     
    12845627           6   1.3039017770743206     
    12845627           7   1.0001574474648618     
    12845627           8   1.3869367732665567     
    12845627           9  0.66309320629824864     
    12845627          10  0.39014087019491395     
    12846515           1  0.99844158431337438     
    12846515           2   1.2769036607811370     
    12846515           3  0.86752880260401211     
    12846515           4   1.1049091945277789     
    12846515           5   1.0966009310768439     
    12846515           6  0.87460355077057328     
    12846515           7   1.1737932651585725     
    12846515           8  0.50238179307169362     
    12846515           9   1.2959128119795547     
    12846515          10  0.80892440571645918     
    12846842           1  0.89459013054488945     
    12846842           2   1.3889991368401016     
    12846842           3   1.3305208900334500     
    12846842           4   1.4303778719032252     
    12846842           5   1.1619882094393117     
    12846842           6  0.52711946727344772     
    12846842           7  0.49523089215008237     
    12846842           8  0.92899288833762539     
    12846842           9   1.5316677894990061     
    12846842          10  0.31051272397886148     
    12847631           1  0.46625125177270804     
    12847631           2  0.33996345626610464     
    12847631           3   1.0810138897236987     
    12847631           4   1.2631756818709392     
    12847631           5  0.73926040744872057     
    12847631           6  0.88694061955567816     
    12847631           7   1.4754735360922382     
    12847631           8   1.3026113892048898     
    12847631           9   1.3330803978409496     
    12847631          10   1.1122293702240738     
    12848014           1   1.1647353063412058     
    12848014           2   1.1062390365221977     
    12848014           3  0.93957563508815933     
    12848014           4   1.1817459697224184     
    12848014           5   1.4545084613295509     
    12848014           6   1.2461114649688529     
    12848014           7   1.0971030164795050     
    12848014           8  0.37210510235252281     
    12848014           9  0.88597523108930831     
    12848014          10  0.55190077610627886     
    12848241           1   8.1783209932617312E-002
    12848241           2  0.68368240612303732     
    12848241           3   1.1781566119215952     
    12848241           4   1.0628927559245793     
    12848241           5   6.2046896503046275E-002
    12848241           6   1.2745258913188457     
    12848241           7   1.5421167013691659     
    12848241           8   1.4953610110958733     
    12848241           9   1.4147827670848581     
    12848241          10   1.2046517487263797     
    12853174           1   1.4235794634284673     
    12853174           2  0.95495234934748940     
    12853174           3   1.3165711711490273     
    12853174           4  0.67514480968708146     
    12853174           5   1.1313816132914254     
    12853174           6   1.3240257501881050     
    12853174           7  0.90111211275514191     
    12853174           8  0.27776261153697446     
    12853174           9   1.0525462621627244     
    12853174          10  0.94292385645356480     
    12855764           1  0.81978628759676431     
    12855764           2   1.3431159016704948     
    12855764           3  0.88628922150905731     
    12855764           4   1.0948346721802258     
    12855764           5   1.0111411794352825     
    12855764           6   1.0454241651740492     
    12855764           7   1.1764784908472925     
    12855764           8  0.43764379212781573     
    12855764           9   1.2592969878923816     
    12855764          10  0.92598930156663461     
    12856216           1   1.3154334249159871     
    12856216           2   1.0472293389183431     
    12856216           3   1.1799886720162762     
    12856216           4  0.34815719905810028     
    12856216           5  0.74187172775177435     
    12856216           6   1.2955822627610081     
    12856216           7  0.54120555777617430     
    12856216           8   1.1953404773654572     
    12856216           9   1.3160971282638509     
    12856216          10   1.0190942111730281     
    12859688           1   1.4140467237484706     
    12859688           2   1.2902152996496961     
    12859688           3   1.0843279646975932     
    12859688           4  0.28937427284031852     
    12859688           5  0.77116101897641121     
    12859688           6   1.5142119235007525     
    12859688           7  0.27254527014384400     
    12859688           8   1.6766539512187464     
    12859688           9  0.97325760438947173     
    12859688          10  0.71420597083469683     
    12860310           1  0.87247732902459219     
    12860310           2  0.65999423953252856     
    12860310           3   1.2148024786012472     
    12860310           4   1.1317602106584419     
    12860310           5   1.1545362874404108     
    12860310           6   1.1762597556202641     
    12860310           7   1.1682053446148608     
    12860310           8   1.3478758116781784     
    12860310           9   1.0347018863303845     
    12860310          10  0.23938665649909280     
    12861792           1   4.3738458640266865E-003
    12861792           2  0.35768883455686412     
    12861792           3   1.3427111717734928     
    12861792           4   1.1949580553617623     
    12861792           5   3.3804179038793763E-004
    12861792           6   1.3096308095589926     
    12861792           7   1.5580785252631610     
    12861792           8   1.5733060279886106     
    12861792           9   1.4234195706427228     
    12861792          10   1.2354951171999775     
    12863362           1   1.4048926047727075     
    12863362           2   1.2931449833167867     
    12863362           3   1.3812150609691427     
    12863362           4  0.83322458979354996     
    12863362           5  0.83109567749890223     
    12863362           6  0.75881830967639829     
    12863362           7  0.88648351996805719     
    12863362           8  0.32522509915097436     
    12863362           9   1.1039931822671250     
    12863362          10   1.1819069725863580     
    12864147           1   1.2396569075558017     
    12864147           2  0.93880236119607052     
    12864147           3  0.33574500565586274     
    12864147           4   1.3647450268771300     
    12864147           5   1.1371479469123302     
    12864147           6  0.28952611704202602     
    12864147           7   1.1120736783239642     
    12864147           8   1.1120542220287624     
    12864147           9   1.1867672816445296     
    12864147          10   1.2834814527635223     
    12865508           1  0.53155677562015735     
    12865508           2   1.0742392300694199     
    12865508           3   1.1634116094041873     
    12865508           4   1.2487430838391920     
    12865508           5  0.32312093011393000     
    12865508           6   1.3310962350035629     
    12865508           7   1.2714471857387208     
    12865508           8  0.87359099551990671     
    12865508           9   1.2733234367280033     
    12865508          10  0.90947051796292044     
    12865995           1   1.4254299897411564     
    12865995           2   1.4471426209666580     
    12865995           3  0.73274511537623166     
    12865995           4   1.5220001235238554     
    12865995           5   1.3168234998151600     
    12865995           6   1.2859945249586124     
    12865995           7  0.41354549709338334     
    12865995           8   1.6161887400618198     
    12865995           9   7.3954958252308675E-002
    12865995          10  0.16617493021081781     
    12866068           1   1.6021153364034344     
    12866068           2   1.4170550935294166     
    12866068           3  0.23285913240189918     
    12866068           4  0.71427675113028810     
    12866068           5   1.4022788573370142     
    12866068           6   1.3560994945243128     
    12866068           7   1.1328679598532598     
    12866068           8   1.3895497181969043     
    12866068           9  0.49175683919399693     
    12866068          10  0.26114081742947393     
    12866823           1  0.47222510009428709     
    12866823           2   1.2720325490599713     
    12866823           3  0.23938324838795322     
    12866823           4   1.3584473578687155     
    12866823           5  0.78177972775420246     
    12866823           6   1.0642499963543293     
    12866823           7   1.3627705045680862     
    12866823           8  0.56913229462589965     
    12866823           9   1.4731051891190503     
    12866823          10   1.4068740321675044     
    12867385           1   1.2382103863556666     
    12867385           2   1.2302331512185234     
    12867385           3   1.2927353429715671     
    12867385           4   1.3650692828920399     
    12867385           5  0.88629702416173206     
    12867385           6   5.0892508274726902E-003
    12867385           7  0.16704408108145249     
    12867385           8   1.4102856910088426     
    12867385           9   1.2654748289276940     
    12867385          10   1.1395609605550074     
    12870169           1   1.2204289461412019     
    12870169           2   1.4042873292692535     
    12870169           3   1.3332846094465114     
    12870169           4   1.0389794513019786     
    12870169           5  0.78364824301338099     
    12870169           6  0.95671918198598149     
    12870169           7  0.88257450961653949     
    12870169           8   4.8004071132183995E-002
    12870169           9   1.0572689096803569     
    12870169          10   1.2748047484126119     
    12870257           1   1.1182699255906146     
    12870257           2   1.2092102946302223     
    12870257           3  0.46611084119919466     
    12870257           4   1.0741229734049087     
    12870257           5   1.1669031886363159     
    12870257           6  0.68652726803740882     
    12870257           7   1.0954368663365943     
    12870257           8  0.77925376225994181     
    12870257           9   1.2036268240935664     
    12870257          10   1.2005380558112333     
    12870295           1  0.73321898447244716     
    12870295           2  0.86230933143463673     
    12870295           3  0.71664713862358298     
    12870295           4  0.75772675634720266     
    12870295           5  0.81717224310963466     
    12870295           6   1.1652507923101176     
    12870295           7   1.1245981255501964     
    12870295           8   1.3518901864821116     
    12870295           9   1.3031618826351012     
    12870295          10   1.1680245590349700     
    12872535           1   1.2012685556671598     
    12872535           2   1.1753321723693948     
    12872535           3  0.80442911859186117     
    12872535           4   1.0427254892055691     
    12872535           5   1.0301633522981737     
    12872535           6  0.53433194662341621     
    12872535           7  0.49592264772610173     
    12872535           8   1.2143448036950666     
    12872535           9   1.3199273771278139     
    12872535          10   1.1815545366954432     
    12874357           1   1.1037650002771182     
    12874357           2   1.2235775686377497     
    12874357           3   1.1116277953384115     
    12874357           4   1.2694614424565551     
    12874357           5   1.2061029094737248     
    12874357           6   1.0601467784935932     
    12874357           7   1.0447077069667505     
    12874357           8  0.60753907181383793     
    12874357           9  0.97074395125750823     
    12874357          10  0.40232777528475067     
    12874767           1   1.1065699154438078     
    12874767           2   1.2004208494615645     
    12874767           3   1.2098177940316568     
    12874767           4   1.2257367185249235     
    12874767           5   1.4200422732443807     
    12874767           6  0.86423980268119238     
    12874767           7  0.87042461703883056     
    12874767           8  0.35845634900051809     
    12874767           9  0.72297070743379699     
    12874767          10   1.0213209731393298     
    12875587           1   1.1853127882611767     
    12875587           2   1.4248290689787495     
    12875587           3  0.92232683458126985     
    12875587           4  0.83409081867136448     
    12875587           5  0.68348146008021038     
    12875587           6  0.77518030027316387     
    12875587           7  0.93455269334524471     
    12875587           8   1.2273817279702710     
    12875587           9   1.0902717941922362     
    12875587          10  0.92257251364631121     
    12876552           1   1.0236432212098594     
    12876552           2   1.1338649033598189     
    12876552           3  0.91928021310870423     
    12876552           4  0.79551651029299686     
    12876552           5  0.96769082484456748     
    12876552           6   1.1298670086869054     
    12876552           7  0.68879398878561837     
    12876552           8   1.1750939114292440     
    12876552           9   1.2093624332402568     
    12876552          10  0.95688698504202752     
    12877729           1  0.62369488321042121     
    12877729           2   1.1653643129121189     
    12877729           3   1.0334478116104766     
    12877729           4   1.1639149355068252     
    12877729           5  0.39483332051519077     
    12877729           6   1.3498690196069039     
    12877729           7   1.4910763314676505     
    12877729           8  0.55544376319078237     
    12877729           9   1.3820158538163230     
    12877729          10  0.84033976816330735     
    12878336           1  0.67347919525119493     
    12878336           2   1.2740284682233103     
    12878336           3  0.22113707844929062     
    12878336           4   1.1902507996855320     
    12878336           5  0.40277659767096075     
    12878336           6  0.84534659899364240     
    12878336           7   1.6950106722537928     
    12878336           8  0.97445040700154395     
    12878336           9   1.4736391885562421     
    12878336          10   1.2498809939144890     
    12880321           1   1.3888970417120785     
    12880321           2   1.1766685394010548     
    12880321           3  0.69595395826209083     
    12880321           4  0.19457431552045104     
    12880321           5   1.3263186155007030     
    12880321           6   1.5101298328263173     
    12880321           7  0.24440346427841117     
    12880321           8   1.7537729395539474     
    12880321           9  0.76104889634449202     
    12880321          10  0.94823239660045278     
    12881361           1   1.1832660576302279     
    12881361           2   1.1248783728336271     
    12881361           3   1.0629356091961983     
    12881361           4   1.2524318347399688     
    12881361           5   1.2205432323595433     
    12881361           6   1.0587332378440641     
    12881361           7  0.78288642437963252     
    12881361           8   1.1789488627343854     
    12881361           9  0.82293708573792901     
    12881361          10  0.31243928254442360     
    12881900           1   1.2646440113523258     
    12881900           2   1.3752523082044663     
    12881900           3   1.1511557777599550     
    12881900           4   1.0592140155099468     
    12881900           5   1.0263186485690754     
    12881900           6  0.29504304666222791     
    12881900           7   1.2260985042498189     
    12881900           8  0.52796975523568901     
    12881900           9  0.99945832645351829     
    12881900          10   1.0748456060029756     
    12882016           1  0.89605288067698186     
    12882016           2   1.3912702983491732     
    12882016           3   1.3326964333813991     
    12882016           4   1.4327166920507199     
    12882016           5   1.1638881839067381     
    12882016           6  0.52798136373760052     
    12882016           7  0.47734784557468579     
    12882016           8  0.96756065842494454     
    12882016           9   1.5341722294485576     
    12882016          10  0.27631341444920204     
    12883105           1  0.46922477605047630     
    12883105           2   1.2639505774733433     
    12883105           3  0.23786230569413941     
    12883105           4   1.3498163421322564     
    12883105           5  0.81629538103661881     
    12883105           6   1.0574881896395867     
    12883105           7   1.3541120213357560     
    12883105           8  0.56551626212924844     
    12883105           9   1.4877988112464904     
    12883105          10   1.3979353332620832     
    12884346           1   1.0347560121156316     
    12884346           2   1.0866822246729719     
    12884346           3   1.1001085325980358     
    12884346           4   1.2599451389873904     
    12884346           5  0.98865497869335495     
    12884346           6   1.0968658324535812     
    12884346           7   1.1276658171141847     
    12884346           8  0.69433264441277920     
    12884346           9  0.98860513477869116     
    12884346          10  0.62238368417338019     
    12886707           1   1.1785999794043140     
    12886707           2   1.0233215716185067     
    12886707           3   1.2603026876508983     
    12886707           4   1.3696648733286025     
    12886707           5   1.0434671105324731     
    12886707           6   1.2522507386864301     
    12886707           7  0.79251497592339848     
    12886707           8   1.4693160515656736     
    12886707           9  0.50497396338736833     
    12886707          10  0.10558804790233486     
    12886998           1   1.0204810962419391     
    12886998           2  0.86374167762486498     
    12886998           3   1.3762290449015697     
    12886998           4   1.2571654334273477     
    12886998           5   1.0362269124822103     
    12886998           6  0.79624457375582047     
    12886998           7  0.67057517289036195     
    12886998           8   1.2927080750046163     
    12886998           9   1.4274488574652198     
    12886998          10  0.25917915620604898     
    12887082           1   1.1962475365273106     
    12887082           2   1.4086385167981073     
    12887082           3   1.4135570059150651     
    12887082           4   1.0527458582686964     
    12887082           5   1.2493274797099085     
    12887082           6  0.77728342897930958     
    12887082           7  0.85875887270059459     
    12887082           8   4.5049659160590241E-002
    12887082           9  0.96078891629503094     
    12887082          10   1.0376027256453870     
    12887851           1   1.1728870007904497     
    12887851           2   1.2568340945857572     
    12887851           3   1.2138469197632149     
    12887851           4  0.93111334586688121     
    12887851           5  0.45459613068449306     
    12887851           6  0.82645401075759151     
    12887851           7  0.21714782711737338     
    12887851           8   1.2889250612399570     
    12887851           9   1.4169069086002659     
    12887851          10   1.2212887005940170     
    12888514           1  0.89786106342517003     
    12888514           2   1.3925992674431871     
    12888514           3  0.35843777772050883     
    12888514           4   1.2582305185538258     
    12888514           5   1.0016760816988068     
    12888514           6  0.57665826513345753     
    12888514           7   1.3612793799503387     
    12888514           8  0.43513845247897892     
    12888514           9   1.4129395898287365     
    12888514          10   1.3051796037669923     
    12889351           1   1.1215347522249115     
    12889351           2   1.2127406247285568     
    12889351           3  0.43827633135341870     
    12889351           4   1.0772589115284619     
    12889351           5   1.1703100017167032     
    12889351           6  0.68853160747153597     
    12889351           7   1.0986350310869497     
    12889351           8  0.78152881981061206     
    12889351           9   1.2071408530620014     
    12889351          10   1.2040430670168503     
    12890587           1   1.3557811207953792     
    12890587           2   1.5202299231511485     
    12890587           3   1.4326594176863367E-002
    12890587           4   8.6043329616484435E-002
    12890587           5   1.5137003964703375     
    12890587           6   1.5034517527721123     
    12890587           7  0.95011033498531650     
    12890587           8   1.4370051771182417     
    12890587           9  0.38222504124700385     
    12890587          10   1.2371263296671124     
    12891026           1  0.69965937158819036     
    12891026           2   1.0696987065784964     
    12891026           3  0.12466444358020624     
    12891026           4   1.0885203535665975     
    12891026           5   1.0435975303260341     
    12891026           6   1.0522126812988577     
    12891026           7   1.1905089803803135     
    12891026           8  0.73653297963386377     
    12891026           9   1.3232354653588185     
    12891026          10   1.6713694876886234     
    12891249           1  0.87981076842775185     
    12891249           2   1.3122448467979826     
    12891249           3   1.3276433501707183     
    12891249           4   1.3950470375839048     
    12891249           5   1.0603657069615313     
    12891249           6  0.44439473970393978     
    12891249           7  0.34372969979353796     
    12891249           8   1.0272209858415935     
    12891249           9   1.3680734645213326     
    12891249          10  0.84146940019770655     
    12892308           1   1.0552675310701183     
    12892308           2   1.1930192151952261     
    12892308           3   1.4050803677157024     
    12892308           4   1.0966536574331043     
    12892308           5   1.1945850703845395     
    12892308           6  0.65688032485224479     
    12892308           7   1.0055676478766187     
    12892308           8  0.16274610245370152     
    12892308           9   1.0042394170032456     
    12892308          10   1.2259606660154974     
    12892917           1  0.75876334286457536     
    12892917           2   1.2779898182224088     
    12892917           3  0.55039108485796517     
    12892917           4   1.3671590625953336     
    12892917           5  0.82345545760189254     
    12892917           6  0.67546884935750717     
    12892917           7   1.4262630498994091     
    12892917           8  0.47646091021302300     
    12892917           9   1.4422681026355317     
    12892917          10   1.2017803217523542     
    12894195           1   1.3942946136247536     
    12894195           2   1.2191826125245524     
    12894195           3  0.41114679901417522     
    12894195           4  0.34031680721824975     
    12894195           5   1.4726029390966213     
    12894195           6   1.6405100608873464     
    12894195           7  0.26465828666218782     
    12894195           8   1.6831144016636961     
    12894195           9  0.45976343845933920     
    12894195          10   1.1144100408490794     
    12894615           1   1.1769417998491261     
    12894615           2   1.4147665540513006     
    12894615           3  0.91581312164332918     
    12894615           4  0.85923642080070939     
    12894615           5  0.67865453554278410     
    12894615           6  0.76970577458247602     
    12894615           7  0.92795263820037432     
    12894615           8   1.2187136377212202     
    12894615           9   1.0825720100968013     
    12894615          10  0.95564350751187943     
    12894795           1   1.0475943986493474     
    12894795           2   1.2487152516431317     
    12894795           3   1.3214021666829292     
    12894795           4   1.2161753183927881     
    12894795           5  0.81009017880286938     
    12894795           6   1.1728295314901829     
    12894795           7   2.5649689726264698E-002
    12894795           8   1.5187894236974657     
    12894795           9   1.0070044068826616     
    12894795          10  0.63174963403236017     
    12894808           1   1.2319484951046538     
    12894808           2   1.4216662903480035     
    12894808           3  0.32783577953072307     
    12894808           4  0.69320793986005758     
    12894808           5  0.80631621671291431     
    12894808           6   1.0267180472944983     
    12894808           7  0.96282318100708275     
    12894808           8   1.3627572522570153     
    12894808           9   1.1963461361924332     
    12894808          10  0.97038066169261850     
    12895275           1   1.2099303182742329     
    12895275           2   1.5484028346878891     
    12895275           3   1.3617397698515756     
    12895275           4   1.1457274075869390     
    12895275           5  0.53446529003782872     
    12895275           6   1.0086497672779737     
    12895275           7  0.67777354742669371     
    12895275           8  0.14611398740414824     
    12895275           9   1.1830724874823177     
    12895275          10   1.1841245899704009     
    12895764           1   1.1668476919126420     
    12895764           2   1.0447719162166711     
    12895764           3   1.2308722732899307     
    12895764           4   1.2901845054927616     
    12895764           5  0.93945363711744778     
    12895764           6   1.2395747183418340     
    12895764           7   1.0316439398998054     
    12895764           8   1.0739502077861540     
    12895764           9  0.57991414169305222     
    12895764          10  0.40278696824970039     
    12895872           1  0.95016645086086204     
    12895872           2  0.42165305245980006     
    12895872           3   1.3139234623445015     
    12895872           4   1.2464465360664887     
    12895872           5   1.1034409947463193     
    12895872           6  0.89422885676887809     
    12895872           7   1.3512401506698370     
    12895872           8   1.3980903077226072     
    12895872           9   1.1805277284831721     
    12895872          10  0.14028245987753199     
    12897555           1   1.0962547565958380     
    12897555           2   1.0171627030398986     
    12897555           3  0.44055798605847007     
    12897555           4   1.4106830434753523     
    12897555           5   1.5905418581778816     
    12897555           6  0.52574537136806965     
    12897555           7  0.63292141649754885     
    12897555           8   1.0300820687110603     
    12897555           9   1.2405001714032584     
    12897555          10   1.0155506246726234     
    12897699           1   1.1701157022367350     
    12897699           2   1.2731666162805331     
    12897699           3  0.68366485791285747     
    12897699           4   1.3252392541456699     
    12897699           5   1.4474304964580900     
    12897699           6   1.2789135752203682     
    12897699           7  0.83539087391962275     
    12897699           8   1.5578301673210655     
    12897699           9  0.38405292625163562     
    12897699          10   4.4195530253423036E-002
    12898701           1   1.1374992019517294     
    12898701           2   1.3049002868348081     
    12898701           3  0.86873754891166843     
    12898701           4   1.1798757368071890     
    12898701           5   1.2886166817893183     
    12898701           6  0.33670004580518331     
    12898701           7   1.0454330948366874     
    12898701           8  0.71183805652568088     
    12898701           9  0.87889886464714895     
    12898701          10   1.2475004818905873     
    12898824           1   1.0287106048880750     
    12898824           2   1.0767261871182048     
    12898824           3  0.55900165101889387     
    12898824           4   1.4261293879383197     
    12898824           5   1.5315907299209928     
    12898824           6  0.47938333618699669     
    12898824           7  0.71051221245444363     
    12898824           8   1.0785088761599197     
    12898824           9   1.1830620200353508     
    12898824          10  0.92637499427880243     
    12899250           1   1.1593741227616119     
    12899250           2  0.95175544684758961     
    12899250           3  0.14850960516324471     
    12899250           4   1.1561122314844041     
    12899250           5   1.4065635511813472     
    12899250           6  0.66732675211546855     
    12899250           7  0.80229647616654098     
    12899250           8   1.1564156652122399     
    12899250           9   1.3379163365717635     
    12899250          10   1.2137298124957903     
    12899505           1   1.1007883071985254     
    12899505           2   1.1245357662982436     
    12899505           3  0.79053664120438727     
    12899505           4   1.3777120057483654     
    12899505           5   1.2185203256793393     
    12899505           6  0.62489076355939244     
    12899505           7   1.0394323869683331     
    12899505           8  0.81275025919159982     
    12899505           9   1.0058952339284022     
    12899505          10  0.90493831022341420     
    12899763           1   1.4318007217575004     
    12899763           2   1.3636583378148848     
    12899763           3   7.7403735069648913E-002
    12899763           4  0.65176071547132730     
    12899763           5   1.4477009186644705     
    12899763           6   1.3586963373707084     
    12899763           7   1.2800137449759701     
    12899763           8   1.3949236672429299     
    12899763           9  0.47757890644426731     
    12899763          10  0.51646291518829024     
    12900627           1   1.0984031094061246     
    12900627           2   1.3908080898316078     
    12900627           3  0.82884358524583279     
    12900627           4  0.97056367744503613     
    12900627           5   1.2397265001275335     
    12900627           6  0.91636023722771365     
    12900627           7   1.1305414538719853     
    12900627           8  0.43992070560613783     
    12900627           9   1.1946080643779748     
    12900627          10  0.79022457686005054     
    12900846           1   1.1149491313417750     
    12900846           2   1.2284734414431189     
    12900846           3   1.3403720551023215     
    12900846           4   1.2389729250084134     
    12900846           5  0.79695852879487528     
    12900846           6   1.1538178370769407     
    12900846           7   1.5691618280534603E-003
    12900846           8   1.4941696817604491     
    12900846           9  0.99068075579577608     
    12900846          10  0.64003648184827910     
    12901022           1   1.1723594598504938     
    12901022           2   1.3401307520657106     
    12901022           3  0.91628184885217956     
    12901022           4  0.83129710581816862     
    12901022           5  0.64273462250049962     
    12901022           6  0.80963381425677583     
    12901022           7  0.97318834439611490     
    12901022           8   1.2914342494993882     
    12901022           9   1.0862888301778744     
    12901022          10  0.93665097258279395     
    12901554           1  0.78413880884978859     
    12901554           2  0.13738755357180132     
    12901554           3   1.3987938762282857     
    12901554           4   1.2112877351779692     
    12901554           5   1.0727879421579214     
    12901554           6   1.2036454705523854     
    12901554           7   1.2806310400389453     
    12901554           8   1.5744802609836883     
    12901554           9  0.70290269973751374     
    12901554          10  0.63394461270170277     
    12902372           1   1.1449315908232143     
    12902372           2   1.2645980134015431     
    12902372           3  0.83033250027723593     
    12902372           4   1.2147669661810441     
    12902372           5   1.2331827324246503     
    12902372           6  0.32776479051523028     
    12902372           7   1.0414949992261597     
    12902372           8  0.86717200068010236     
    12902372           9  0.82607078709573056     
    12902372          10   1.2496856193750896     
    12903691           1   1.1269765204680686     
    12903691           2   1.2458782641171395     
    12903691           3  0.25271328420473577     
    12903691           4   1.1800996170318381     
    12903691           5   1.4387117684901007     
    12903691           6  0.61126894008871691     
    12903691           7  0.65160710118408505     
    12903691           8  0.99091190041684174     
    12903691           9   1.3607212632202248     
    12903691          10   1.1411113407782514     
    12903907           1   1.1612951643008655     
    12903907           2   1.2930766010140691     
    12903907           3   1.2018502696103883     
    12903907           4  0.92191099845294899     
    12903907           5  0.54271882139345429     
    12903907           6  0.77583813963724735     
    12903907           7  0.21500171917661115     
    12903907           8   1.2761864013800117     
    12903907           9   1.4029033829457163     
    12903907          10   1.2092185020886863     
    12904721           1  0.62456933114094704     
    12904721           2  0.12037796398776449     
    12904721           3   1.3245154809287805     
    12904721           4   1.1509610064172993     
    12904721           5  0.98576172336864243     
    12904721           6   1.3277277812568296     
    12904721           7   1.2157689636501017     
    12904721           8   1.3995018833202604     
    12904721           9  0.89758066635435607     
    12904721          10  0.95323519957501879     
    12905179           1  0.70578324925110758     
    12905179           2   1.0740175055353676     
    12905179           3  0.30719819182291336     
    12905179           4   1.2515852889044932     
    12905179           5  0.56353994642724525     
    12905179           6  0.97883490999183165     
    12905179           7   1.5738633049154136     
    12905179           8   1.1592453839873667     
    12905179           9   1.3148797283863700     
    12905179          10   1.0710524907778909     
    12906373           1  0.10489744527604711     
    12906373           2   1.8390157872450987E-002
    12906373           3   1.3124169267347887     
    12906373           4   1.3889399907688120     
    12906373           5  0.27001985232636894     
    12906373           6   1.3093243032100792     
    12906373           7   1.4436994457139689     
    12906373           8   1.5002753972881437     
    12906373           9   1.3648401572263835     
    12906373          10   1.2871963235829564     
    12907339           1  0.67813326579512390     
    12907339           2   1.2733927093492119     
    12907339           3  0.22102672780680269     
    12907339           4   1.1896568470956357     
    12907339           5  0.40257560624680078     
    12907339           6  0.84492475865380390     
    12907339           7   1.6941648370911926     
    12907339           8  0.97396414196973968     
    12907339           9   1.4729038210077834     
    12907339          10   1.2492572849839059     
    12908120           1  0.19306650762885816     
    12908120           2  0.80014919654395833     
    12908120           3   1.3585646422725672     
    12908120           4   1.2095822306606563     
    12908120           5  0.10699332414167299     
    12908120           6   1.2365517314103600     
    12908120           7   1.3764738151841760     
    12908120           8   1.2718048015239050     
    12908120           9   1.3024692568991063     
    12908120          10   1.1443444937347391     
    12908287           1   1.3801379140251191     
    12908287           2  0.42722603921637942     
    12908287           3  0.71706775118769339     
    12908287           4  0.90651219512701198     
    12908287           5   1.3714750887223535     
    12908287           6   1.2295355572594626     
    12908287           7   1.4463165200730492     
    12908287           8   1.6104821077004898     
    12908287           9  0.78825248971926332     
    12908287          10  0.12299433696917694     
    12908323           1   1.5069377329746039     
    12908323           2   1.4569435117615495     
    12908323           3   9.3980137591364483E-003
    12908323           4   1.5244274233130779E-002
    12908323           5   1.4852588392807977     
    12908323           6   1.3900908550342002     
    12908323           7   1.2929112193272541     
    12908323           8   1.4904213178725587     
    12908323           9  0.40708462314276184     
    12908323          10  0.94570961261400666     
    12908621           1  0.84959860844002155     
    12908621           2  0.75236901379112586     
    12908621           3  0.28309890836112106     
    12908621           4  0.97626739885587988     
    12908621           5   1.0429745344004464     
    12908621           6  0.89897726570388437     
    12908621           7   1.2051446167969506     
    12908621           8   1.0755751749932350     
    12908621           9   1.6423233216490096     
    12908621          10   1.2736711570083254     
    12908923           1   1.3479522114514582     
    12908923           2  0.41726285358818471     
    12908923           3  0.70672224374219506     
    12908923           4  0.94696183530469802     
    12908923           5   1.4277963897025496     
    12908923           6   1.2008619983726705     
    12908923           7   1.4319859944034523     
    12908923           8   1.5729246305875848     
    12908923           9  0.76986993538955861     
    12908923          10  0.17766190745764823     
    12909840           1   1.4199910190796492     
    12909840           2   1.0591870208450789     
    12909840           3  0.98397437176095792     
    12909840           4  0.26009372620889831     
    12909840           5  0.97567933493829195     
    12909840           6   1.4746068667776751     
    12909840           7  0.19533434860204374     
    12909840           8   1.4675333751776376     
    12909840           9   1.0517706882461377     
    12909840          10   1.1118292483636285     
    12909929           1   1.2195009684036286     
    12909929           2   1.4193481500585787     
    12909929           3  0.92027240395870458     
    12909929           4   1.2940624142036090     
    12909929           5   1.3577347427150743     
    12909929           6   1.2801129451394917     
    12909929           7  0.59370865658812755     
    12909929           8   1.5345313590520449     
    12909929           9   9.1733484751005089E-003
    12909929          10  0.37155501140563957     
    12910154           1   1.4000566774455192     
    12910154           2   1.5032840621349035     
    12910154           3   8.1928828813919607E-002
    12910154           4  0.33502775405367391     
    12910154           5   1.5444767980679515     
    12910154           6   1.6065124102820978     
    12910154           7  0.70598535158454889     
    12910154           8   1.4210307430221611     
    12910154           9  0.34013148661621007     
    12910154          10   1.0615658879790135     
    12911029           1   2.3314385828800827E-002
    12911029           2  0.39806013814778157     
    12911029           3   1.3699846298262357     
    12911029           4   1.1621897023761401     
    12911029           5  0.18375067495590441     
    12911029           6   1.3426030797968160     
    12911029           7   1.2766319605856766     
    12911029           8   1.5495780628908629     
    12911029           9   1.4012025994915775     
    12911029          10   1.2926847661002061     
    12912097           1  0.90111809665016451     
    12912097           2   1.3991348839000712     
    12912097           3   1.3402299120491614     
    12912097           4   1.3842874740949409     
    12912097           5   1.1704674217477782     
    12912097           6  0.53096594165126776     
    12912097           7  0.48004620187073666     
    12912097           8  0.97303009422249975     
    12912097           9   1.5428446123511659     
    12912097          10  0.27787536146221242     
    12913030           1   1.2019445548147669     
    12913030           2   1.2338775664218555     
    12913030           3  0.85384507873129944     
    12913030           4  0.58138724223255600     
    12913030           5   1.5172115772178960     
    12913030           6   1.4576066758926585     
    12913030           7   1.3035733692368008     
    12913030           8   1.3027648834972858     
    12913030           9  0.39052007898077845     
    12913030          10  0.15726897297410397     
    12913057           1   1.3707915164782791     
    12913057           2   1.1297293000240272     
    12913057           3   1.3657615551781781     
    12913057           4  0.79357658696600908     
    12913057           5   1.1858751017936433     
    12913057           6   1.2310148415475268     
    12913057           7  0.76775789275343742     
    12913057           8  0.11330494136934684     
    12913057           9   1.0876909215431503     
    12913057          10  0.95449734234640016     
    12913237           1   1.2202400858770808     
    12913237           2   1.4762064985735543     
    12913237           3   1.3207648574586575     
    12913237           4  0.88068904283107452     
    12913237           5  0.55290478358486195     
    12913237           6  0.86522319891531241     
    12913237           7  0.41954073166079664     
    12913237           8   1.2943991956281251     
    12913237           9   1.0821098993534668     
    12913237          10  0.88792170611707055     
    12914014           1   1.2224403182667953     
    12914014           2   1.4788682676710134     
    12914014           3   1.3231463475049283     
    12914014           4  0.84676626854703929     
    12914014           5  0.55390173412545740     
    12914014           6  0.86678329526734921     
    12914014           7  0.43777682554907960     
    12914014           8   1.2967331453716253     
    12914014           9   1.0840610672239082     
    12914014          10  0.88952273047280217     
    12914118           1   1.1594573425597838     
    12914118           2   1.3253822685671055     
    12914118           3  0.90619793151274253     
    12914118           4  0.81859547907154229     
    12914118           5  0.66248902872130777     
    12914118           6  0.81538106907115393     
    12914118           7  0.96247815644151635     
    12914118           8   1.2772216835322867     
    12914118           9   1.1712692685042383     
    12914118          10  0.90152777201832357     
    12914535           1   1.2307980176126396     
    12914535           2   1.0780383280286383     
    12914535           3  0.50655035356354339     
    12914535           4  0.52389621373467732     
    12914535           5   1.0784576520135609     
    12914535           6   1.1309985816791968     
    12914535           7   1.4152007152408816     
    12914535           8   1.2975389094325982     
    12914535           9  0.93992199368104279     
    12914535          10  0.79859923501322150     
    12914663           1   1.1941422430724378     
    12914663           2   1.3851700768196442     
    12914663           3  0.80472591469675092     
    12914663           4  0.94629083623176946     
    12914663           5   1.1447956636078722     
    12914663           6  0.34995600051147330     
    12914663           7   1.1543362178472834     
    12914663           8  0.40790196989241911     
    12914663           9   1.4771117787116121     
    12914663          10   1.1355692986087373     
    12915301           1  0.68529774230690210     
    12915301           2   1.0694467056836405     
    12915301           3  0.12463507498216483     
    12915301           4   1.1005755445654235     
    12915301           5   1.0433516783773553     
    12915301           6   1.0562057884622802     
    12915301           7   1.1902285188573214     
    12915301           8  0.73635946631762128     
    12915301           9   1.3229237359724739     
    12915301          10   1.6709757444748172     
    12916352           1  0.99825690815630208     
    12916352           2   1.1370716218656109     
    12916352           3  0.92188005799555894     
    12916352           4  0.79776633521275642     
    12916352           5  0.97042758128417439     
    12916352           6   1.1330624206227577     
    12916352           7  0.69074198843175982     
    12916352           8   1.1784172309716849     
    12916352           9   1.2127826686522445     
    12916352          10  0.95959318680715266     
    12917122           1   1.1005081533694094     
    12917122           2   1.1242495686716463     
    12917122           3  0.79033544732756145     
    12917122           4   1.3799064031466022     
    12917122           5   1.2182102087087445     
    12917122           6  0.62473172704070357     
    12917122           7   1.0391678483995528     
    12917122           8  0.81254341188432155     
    12917122           9   1.0056392306627138     
    12917122          10  0.90470800078874369     
    12918223           1   1.2349254476602982     
    12918223           2   1.3228828524167566     
    12918223           3   1.2409308638552561     
    12918223           4  0.98304806290586755     
    12918223           5  0.98254497681592479     
    12918223           6  0.98108004993253961     
    12918223           7  0.85850581019158623     
    12918223           8   1.0717170533196142E-003
    12918223           9   1.0961080905732974     
    12918223          10   1.2989021285951534     
    12918238           1   8.2269049754619336E-002
    12918238           2  0.68774387716055718     
    12918238           3   1.1851555472666140     
    12918238           4   1.0098011421782851     
    12918238           5   6.2415491147077180E-002
    12918238           6   1.2820973162199409     
    12918238           7   1.5512777712796872     
    12918238           8   1.5042443250188431     
    12918238           9   1.4231873993840594     
    12918238          10   1.2118080805903144     
    12920049           1   1.2570510683624680     
    12920049           2  0.92512629401847923     
    12920049           3   1.2532318544601144     
    12920049           4  0.47188499720631299     
    12920049           5   1.1250165971682036     
    12920049           6   1.0604498673553442     
    12920049           7  0.74735019359736610     
    12920049           8   1.0195259111899879     
    12920049           9   1.0860126739005023     
    12920049          10   1.0543505427412183     
    12920224           1  0.70161139257057248     
    12920224           2   1.0726831221453579     
    12920224           3   9.7112661960474439E-002
    12920224           4   1.0915572807574516     
    12920224           5   1.0465091246804903     
    12920224           6   1.0551483115715741     
    12920224           7   1.1938304516616052     
    12920224           8  0.73858787647201829     
    12920224           9   1.3269272380955281     
    12920224          10   1.6760325400849283     
    12920721           1  0.85743635043996147     
    12920721           2   1.3605683561056190     
    12920721           3  0.46718489151554377     
    12920721           4   1.2609598631389898     
    12920721           5   1.0924710772202304     
    12920721           6  0.45380752864448898     
    12920721           7   1.3580695628348169     
    12920721           8  0.46821517398881979     
    12920721           9   1.4430962767349027     
    12920721          10   1.2381909193766287     
    12920855           1   1.3464728896652083     
    12920855           2   1.1321920110986115     
    12920855           3   1.3376656506210391     
    12920855           4  0.80210502485422686     
    12920855           5  0.76766739206798806     
    12920855           6   1.0087459533374390     
    12920855           7  0.64618224818305547     
    12920855           8  0.56359945205044371     
    12920855           9   1.2936671673385165     
    12920855          10   1.1017022107834720     
    12921517           1   1.2222867559097486     
    12921517           2   1.1168617392263891     
    12921517           3   1.4674093082051407     
    12921517           4  0.79041546978322808     
    12921517           5   1.3454255973684073     
    12921517           6   1.3613502812961538     
    12921517           7  0.79103106296150050     
    12921517           8   6.8021555811655629E-002
    12921517           9  0.98968686225797375     
    12921517          10  0.84751136717980513     
    12921907           1   1.2355152460340144     
    12921907           2   1.4731727796130829     
    12921907           3   1.3180505831384532     
    12921907           4  0.87887915847539821     
    12921907           5  0.53712415375879896     
    12921907           6  0.86344509806958014     
    12921907           7  0.43609083854370545     
    12921907           8   1.2917391047898918     
    12921907           9   1.0798860795002452     
    12921907          10  0.88609695807683064     
    12921913           1   1.1796025327556587     
    12921913           2   1.4179649415381828     
    12921913           3  0.89527634152435009     
    12921913           4  0.86117891160153648     
    12921913           5  0.68018878171801367     
    12921913           6  0.77144586188589437     
    12921913           7  0.93005047695542575     
    12921913           8   1.2214688049520388     
    12921913           9   1.0850193995695221     
    12921913          10  0.95780394749937681     
    12922169           1   1.4062704973655735     
    12922169           2   1.3726063473318042     
    12922169           3  0.30364173364622005     
    12922169           4  0.47738023694599857     
    12922169           5   1.4367129306866000     
    12922169           6   1.2075733371236128     
    12922169           7   1.7634021052868543     
    12922169           8   1.1978882490831111     
    12922169           9  0.34463012779139651     
    12922169          10  0.48989443473882882     
    12923314           1   8.1933072202371685E-002
    12923314           2  0.70031612193270854     
    12923314           3   1.1442373213136146     
    12923314           4   1.0648404359072989     
    12923314           5   6.5547340655228617E-002
    12923314           6   1.2768613748868189     
    12923314           7   1.5449425272236865     
    12923314           8   1.4981011602708645     
    12923314           9   1.3711258297453670     
    12923314          10   1.2520948158620402     
    12923858           1   1.2293758374293580     
    12923858           2   1.4625364718250051     
    12923858           3  0.39399515667585555     
    12923858           4   1.4744879715415666     
    12923858           5   1.3238896215674250     
    12923858           6   1.3771926845013236     
    12923858           7  0.65131110929599656     
    12923858           8   1.6571549245039128     
    12923858           9  0.16307493242181473     
    12923858          10  0.26698129023774286     
    12923937           1   1.0925582929299735     
    12923937           2   1.0137329300319029     
    12923937           3  0.43907246768021602     
    12923937           4   1.4427189534602294     
    12923937           5   1.5851787068187504     
    12923937           6  0.52397260947028479     
    12923937           7  0.63078726747301406     
    12923937           8   1.0590390508744514     
    12923937           9   1.2363173263268732     
    12923937          10  0.97662239493430281     
    12924766           1   1.1038233435262712     
    12924766           2   1.4072255809102052     
    12924766           3  0.74546133611274179     
    12924766           4   1.0039245365474756     
    12924766           5   1.2458441156168727     
    12924766           6  0.92088215361854819     
    12924766           7   1.1361202794507206     
    12924766           8  0.44209156000218419     
    12924766           9   1.2005030362105336     
    12924766          10  0.79412405800444663     
    12925583           1   1.1478758559408939     
    12925583           2   1.1929729375826164     
    12925583           3   1.2023115795873034     
    12925583           4   1.2181317364301361     
    12925583           5   1.4112317384054955     
    12925583           6  0.85887769830293526     
    12925583           7  0.88256233623129454     
    12925583           8  0.35623233622949468     
    12925583           9  0.71481950965937269     
    12925583          10   1.0149842716304587     
    12925832           1  0.67922871874935931     
    12925832           2   1.2592957932721205     
    12925832           3  0.22138377323452854     
    12925832           4   1.1915786125854164     
    12925832           5  0.40322592478949770     
    12925832           6  0.84628964571901633     
    12925832           7   1.6969015821667750     
    12925832           8  0.97553747858431961     
    12925832           9   1.4752831421875752     
    12925832          10   1.2512753287113894     
    12925852           1   1.3428401881493961     
    12925852           2  0.43994207097922611     
    12925852           3   1.0537290817033784     
    12925852           4   1.0327102411214573     
    12925852           5   1.3830192005237711     
    12925852           6   1.1891595009870199     
    12925852           7   1.2824593683992187     
    12925852           8   1.5270230056456586     
    12925852           9  0.64949486144539192     
    12925852          10   9.9622481045481728E-002
    12926425           1   1.0847753818789838     
    12926425           2   1.3568048524730743     
    12926425           3   1.3280191149149265     
    12926425           4   1.1403415321864363     
    12926425           5   1.2114339579978697     
    12926425           6   1.1300558974458916     
    12926425           7  0.88343422946903749     
    12926425           8  0.23132878677125868     
    12926425           9  0.75005153861383678     
    12926425          10  0.88375470824868485     
    12926487           1   1.0267897842282847     
    12926487           2   1.0747157111929773     
    12926487           3  0.55795787649666007     
    12926487           4   1.4234665022065409     
    12926487           5   1.5208276811284962     
    12926487           6  0.47848822592787055     
    12926487           7  0.70918553561235520     
    12926487           8   1.0764950715765400     
    12926487           9   1.1808529925799136     
    12926487          10  0.95122061905036126     
    12926952           1   1.1201367657809218     
    12926952           2  0.96406268662062711     
    12926952           3  0.23720450127082326     
    12926952           4   1.2284158048410803     
    12926952           5   1.3403967927855085     
    12926952           6  0.63728322009149363     
    12926952           7  0.84348994548742906     
    12926952           8   1.0813794247190103     
    12926952           9   1.3835338188094837     
    12926952          10   1.1640970395936225     
    12927932           1  0.76699502044155332     
    12927932           2   1.3146303874858831     
    12927932           3  0.47703331919884051     
    12927932           4   1.3819911083254828     
    12927932           5  0.83238896748969349     
    12927932           6  0.62375643849791407     
    12927932           7   1.4417363034205992     
    12927932           8  0.48162994299220285     
    12927932           9   1.4579149918956715     
    12927932          10   1.2219235202521599     
    12928733           1  0.89125238100595561     
    12928733           2   1.3823490776636524     
    12928733           3  0.35579950601400750     
    12928733           4   1.2489693463680485     
    12928733           5  0.99430327160543075     
    12928733           6  0.57241378734739101     
    12928733           7   1.3512597193676668     
    12928733           8  0.50554036088804011     
    12928733           9   1.4025396856485821     
    12928733          10   1.2955728640912261     
    12929182           1   1.4627285091558742     
    12929182           2   1.0288215270158330     
    12929182           3   1.3916688299172568     
    12929182           4  0.54762837505564166     
    12929182           5   1.0120815953695379     
    12929182           6   1.2796207867746814     
    12929182           7  0.85976229097174517     
    12929182           8  0.20340969274961732     
    12929182           9   1.2694886977661706     
    12929182          10  0.94478969522364242     
    12930173           1   1.1800719915831064     
    12930173           2   1.0245996488648719     
    12930173           3   1.2493872446612928     
    12930173           4   1.3713755159636234     
    12930173           5   1.0447703485451272     
    12930173           6   1.2538147369644377     
    12930173           7  0.79350478732406060     
    12930173           8   1.4711511535173067     
    12930173           9  0.50560465050519343     
    12930173          10  0.10571992207097831     
    12930775           1   1.1727039613875083     
    12930775           2   1.0182023432724328     
    12930775           3   1.2539979468712708     
    12930775           4   1.4128386492382572     
    12930775           5   1.0382471029038007     
    12930775           6   1.2459862782707891     
    12930775           7  0.78855037159768449     
    12930775           8   1.4619657087319740     
    12930775           9  0.50244780044983417     
    12930775          10  0.10505983727644790     
    12930846           1   1.2518979789889844     
    12930846           2   1.0542723316391420     
    12930846           3   1.2934811973377995     
    12930846           4  0.80673339046062831     
    12930846           5  0.68169952478508045     
    12930846           6   1.1012399265858803     
    12930846           7  0.73455863275890809     
    12930846           8  0.70113638967222502     
    12930846           9   1.2284827134731582     
    12930846          10   1.1464979142981926     
    12931014           1   1.0403186699137581     
    12931014           2   1.1559130834857998     
    12931014           3   1.0067472174161065     
    12931014           4  0.92755808396747519     
    12931014           5   1.2011203254370002     
    12931014           6   1.2688473202654333     
    12931014           7  0.82628574312332903     
    12931014           8   1.1663192364369637     
    12931014           9  0.30340914851693418     
    12931014          10   1.1034811714372006     
    12931223           1   1.4483141028343487     
    12931223           2   1.1500060012944018     
    12931223           3  0.99070994381584421     
    12931223           4  0.30581935758225498     
    12931223           5  0.70809241702468806     
    12931223           6   1.5520841784588373     
    12931223           7  0.35386331302520785     
    12931223           8   1.4766466512757506     
    12931223           9   1.0986118094987511     
    12931223          10  0.91585222518991616     
    12931663           1   1.4638455569272610     
    12931663           2  0.99681448839686582     
    12931663           3   1.3469522470840518     
    12931663           4  0.54804658462226663     
    12931663           5   1.0128544957973977     
    12931663           6   1.2805979999342934     
    12931663           7  0.86041886910298482     
    12931663           8  0.20356503144886476     
    12931663           9   1.2704581733125648     
    12931663          10   1.0164465533734488     
    12931921           1   1.2743326930647356     
    12931921           2   1.4465445344255479     
    12931921           3  0.43254062168856666     
    12931921           4   1.4583653518384685     
    12931921           5   1.3094137022589112     
    12931921           6   1.3621339289613310     
    12931921           7  0.63310713156045240     
    12931921           8   1.6390349539429052     
    12931921           9  0.16129180826665696     
    12931921          10  0.28323527399242382     
    12933088           1   1.2763415355589234     
    12933088           2  0.92973211249798027     
    12933088           3   1.1644785852617610     
    12933088           4  0.58635362011485381     
    12933088           5   1.3973258604537708     
    12933088           6   1.3860258742055536     
    12933088           7   1.1234553815869197     
    12933088           8   1.2066204576945563     
    12933088           9  0.74787607650139798     
    12933088          10  0.18179049612428280     
    12933258           1  0.80136427393059451     
    12933258           2   1.1849780905006284     
    12933258           3  0.98970198321806802     
    12933258           4   1.1738365356154392     
    12933258           5   1.2489409519028907     
    12933258           6  0.77171015972000623     
    12933258           7  0.52375230283596796     
    12933258           8   1.2547674542913643     
    12933258           9   1.2444119793884103     
    12933258          10  0.80653626859663008     
    12933527           1   1.2465605488301086     
    12933527           2   1.3894518264399163     
    12933527           3   1.1920769262100182     
    12933527           4   1.2053183968719428     
    12933527           5   1.2037908845191838     
    12933527           6  0.50063874803611785     
    12933527           7  0.89690885421112709     
    12933527           8  0.55047250787698998     
    12933527           9  0.73239357417032436     
    12933527          10   1.0823877328342717     
    12933633           1   1.2224531440542641     
    12933633           2   1.0707291729847170     
    12933633           3  0.50311591623837004     
    12933633           4  0.52034417058968785     
    12933633           5   1.0711456539315587     
    12933633           6   1.1911308652593240     
    12933633           7   1.4056055819538498     
    12933633           8   1.2887415292115201     
    12933633           9  0.93354927445354630     
    12933633          10  0.79318469132316316     
    12933941           1   1.3410520933778753     
    12933941           2   1.5258419544327337     
    12933941           3  0.91457236946715048     
    12933941           4  0.96658794639833512     
    12933941           5   1.0508872647001408     
    12933941           6  0.30009891346431550     
    12933941           7   1.2234915691706405     
    12933941           8  0.36563673759204413     
    12933941           9   1.2567724647550960     
    12933941          10   1.0550586866416669     
    12934603           1   1.0036500679816578     
    12934603           2  0.26024740470988245     
    12934603           3   1.2770177525755244     
    12934603           4   1.0895916825745848     
    12934603           5   1.2555851016657955     
    12934603           6   1.2538668803745150     
    12934603           7   1.2837849422398366     
    12934603           8   1.4007527385712131     
    12934603           9  0.88938732729320558     
    12934603          10  0.28611610201378501     
    12934869           1   1.3073472204395826     
    12934869           2   1.0407918329163011     
    12934869           3   1.1727350706549047     
    12934869           4  0.34601701450129096     
    12934869           5  0.79753230201850345     
    12934869           6   1.2876180869279685     
    12934869           7  0.53787867043923121     
    12934869           8   1.1879925057115386     
    12934869           9   1.3092576395585818     
    12934869          10   1.0128296568320956     
    12935272           1   1.3869355431217067     
    12935272           2  0.42933026671820018     
    12935272           3  0.72059954359783174     
    12935272           4  0.91097706317489813     
    12935272           5   1.3782300505805889     
    12935272           6   1.2355914206586069     
    12935272           7   1.4534401003760138     
    12935272           8   1.5691609974320870     
    12935272           9  0.79213489017006045     
    12935272          10  0.12360012417000735     
    12935815           1   1.2412427760157896     
    12935815           2   1.3368779266506510     
    12935815           3  0.69691399182176139     
    12935815           4   1.4731842752563342     
    12935815           5   1.3385756372277060     
    12935815           6   1.2628572716648554     
    12935815           7  0.55721383474949437     
    12935815           8   1.4534265074275738     
    12935815           9  0.43363085178738681     
    12935815          10  0.20607692739844632     
    12935984           1   1.1352561696788375     
    12935984           2  0.30622422973129104     
    12935984           3   1.3091461248864280     
    12935984           4  0.93813524377593538     
    12935984           5   1.3200055217928151     
    12935984           6   1.2691268284529682     
    12935984           7   1.3176153705919964     
    12935984           8   1.4295869242375596     
    12935984           9  0.72931543375040964     
    12935984          10  0.24558815310175883     
    12936094           1   1.1458472242508440     
    12936094           2   1.3632058232336224     
    12936094           3  0.67562207555929599     
    12936094           4   1.0610383696930852     
    12936094           5   1.1079368242445353     
    12936094           6  0.42327884274253369     
    12936094           7   1.2511714482584326     
    12936094           8  0.73204165783812214     
    12936094           9   1.0389093287252102     
    12936094          10   1.2009484054543176     
    12936140           1   1.2692888902042105     
    12936140           2   1.1775113499990277     
    12936140           3   1.3542979872592269     
    12936140           4   1.1840317272192200     
    12936140           5   1.2277923876253043     
    12936140           6  0.55055175927539080     
    12936140           7   1.0184201678125075     
    12936140           8  0.32675348217276179     
    12936140           9  0.85322899268846997     
    12936140          10   1.0381232557438818     
    12936368           1   1.2756815095657548     
    12936368           2   1.2540954267344646     
    12936368           3  0.37923536641404976     
    12936368           4   1.2804803550372770     
    12936368           5   1.2708163345104084     
    12936368           6   1.2824587351398749     
    12936368           7   1.0559503019351890     
    12936368           8   1.4769643930847249     
    12936368           9   8.7559602819405377E-002
    12936368          10  0.63675797475885243     
    12937472           1  0.79793937963284944     
    12937472           2   4.8046469538463331E-002
    12937472           3   1.1899037120783245     
    12937472           4   1.0714465854642703     
    12937472           5   1.2260043811655643     
    12937472           6   1.1832731165151473     
    12937472           7   1.4693216752123603     
    12937472           8   1.5832519359556083     
    12937472           9  0.81695896828240278     
    12937472          10  0.61385377615500913     
    12937812           1   1.2080674577777757     
    12937812           2   1.2250417672317770     
    12937812           3  0.95574092958950152     
    12937812           4   1.3945179647253072     
    12937812           5   1.1527129387760349     
    12937812           6   1.1773055805830692     
    12937812           7  0.70221349555600943     
    12937812           8   1.4948245155105755     
    12937812           9  0.63502830314965075     
    12937812          10   5.4547047100295662E-002
    12937864           1   1.2186406605917124     
    12937864           2   1.4183468582736918     
    12937864           3  0.92667777860237566     
    12937864           4   1.2931495063561442     
    12937864           5   1.3567769166567671     
    12937864           6   1.2792098780691308     
    12937864           7  0.59328981953223436     
    12937864           8   1.5334488102472243     
    12937864           9   9.1668770547744648E-003
    12937864          10  0.37129289461594378     
    12938581           1   1.0241394145340825     
    12938581           2   1.0719416341671044     
    12938581           3  0.55247492964578049     
    12938581           4   1.4052893784632070     
    12938581           5   1.5569883944757341     
    12938581           6  0.48152461302574756     
    12938581           7  0.70735497216107779     
    12938581           8   1.0737164016311542     
    12938581           9   1.1778049519459741     
    12938581          10  0.94876530995013875     
    12939375           1  0.98820534669760529     
    12939375           2   1.0007134146260848     
    12939375           3  0.92047699789246062     
    12939375           4   1.0720866643077678     
    12939375           5   1.0886335573278711     
    12939375           6  0.59727734171760782     
    12939375           7   1.1252899416135584     
    12939375           8   1.2855866015232853     
    12939375           9   1.1467978634814946     
    12939375          10  0.77493227081226557     
    12939542           1  0.73556180535370963     
    12939542           2  0.91377005834674085     
    12939542           3  0.63641225345155794     
    12939542           4   1.0460929973502775     
    12939542           5  0.45675622433808283     
    12939542           6   1.0851890690364310     
    12939542           7   1.2633487404616008     
    12939542           8   1.3800742804378363     
    12939542           9   1.2395324480427941     
    12939542          10   1.2432621231809680     
    12939781           1   1.2702041800078847     
    12939781           2  0.98043372534442308     
    12939781           3   1.1588791286036400     
    12939781           4  0.58353410782521609     
    12939781           5   1.3906067453992645     
    12939781           6   1.3793610957305560     
    12939781           7   1.1180531871660453     
    12939781           8   1.2008183596214996     
    12939781           9  0.73719312336016984     
    12939781          10  0.18091634694130113     
    12939836           1   1.2037907101060734     
    12939836           2   1.2854090549974346     
    12939836           3  0.81136615368477349     
    12939836           4   1.2338994389801592     
    12939836           5   1.2331657642781331     
    12939836           6  0.29702922913256147     
    12939836           7   1.0366756202426912     
    12939836           8  0.89861218666245068     
    12939836           9  0.79221527329997055     
    12939836          10   1.2078365686157508     
    12940588           1   1.3741440785728753     
    12940588           2   1.1324922932165626     
    12940588           3   1.3497919164100582     
    12940588           4  0.79551744723005291     
    12940588           5   1.1887754114814453     
    12940588           6   1.2340255500659603     
    12940588           7  0.76448838085589377     
    12940588           8  0.11358205269298649     
    12940588           9   1.0903511009434215     
    12940588          10  0.95683176853074403     
    12940715           1   1.1985855407751074     
    12940715           2   1.2304293107995563     
    12940715           3  0.85145888080256493     
    12940715           4  0.57976246852621882     
    12940715           5   1.5129715022755088     
    12940715           6   1.4535331757723642     
    12940715           7   1.3278768356742388     
    12940715           8   1.2991241119521149     
    12940715           9  0.38942871214292329     
    12940715          10  0.15682946127940331     
    12941065           1   1.2345400214462341     
    12941065           2   1.0090413991908778     
    12941065           3  0.33435916337536881     
    12941065           4   1.3591118191495999     
    12941065           5   1.1830147690042545     
    12941065           6  0.28833105076391330     
    12941065           7   1.0450652760989643     
    12941065           8   1.1074640368193689     
    12941065           9   1.1818687060937274     
    12941065          10   1.2572037580576900     
    12941176           1   1.1342025763242332     
    12941176           2   1.3580397673201960     
    12941176           3   1.4123917273137463     
    12941176           4   1.2977048312379920     
    12941176           5  0.60519993924269411     
    12941176           6  0.25051616451898445     
    12941176           7   7.3823194917365165E-002
    12941176           8   1.2005670910838517     
    12941176           9   1.3862701609104826     
    12941176          10   1.2812845471304550     
    12941527           1  0.57847258816017977     
    12941527           2  0.87795995006901129     
    12941527           3  0.50122635307432051     
    12941527           4   1.0639287516085265     
    12941527           5  0.44328053870799067     
    12941527           6   1.0013534620830027     
    12941527           7   1.4898354446268065     
    12941527           8   1.3854810276741563     
    12941527           9   1.3183522340212854     
    12941527          10   1.3401096499747196     
    12942238           1   1.4511203509970578     
    12942238           2   1.1497289363745569     
    12942238           3  0.99047125726041418     
    12942238           4  0.30574567812693026     
    12942238           5  0.70792182002906823     
    12942238           6   1.5509643076602078     
    12942238           7  0.35377805859144928     
    12942238           8   1.4762908905357073     
    12942238           9   1.0983471267122293     
    12942238          10  0.91563157371237924     
    12942245           1   1.4119313696578699     
    12942245           2   1.4745236137359623     
    12942245           3   1.3742089761518632     
    12942245           4  0.85856101679939167     
    12942245           5   1.0260848651060059     
    12942245           6  0.45493341187489578     
    12942245           7  0.89596331776926419     
    12942245           8  0.29492176279703641     
    12942245           9   1.0478844885525831     
    12942245          10   1.1609871775551261     
    12942385           1   1.2200613004868777     
    12942385           2   1.4759902098628961     
    12942385           3   1.3205713435238668     
    12942385           4  0.88056000729454975     
    12942385           5  0.55282377387323012     
    12942385           6  0.86509642938116815     
    12942385           7  0.43692485851555296     
    12942385           8   1.2942095446996338     
    12942385           9   1.0819513523242077     
    12942385          10  0.87181118003801650     
    12943675           1   1.2130131489261897     
    12943675           2  0.93155786386141382     
    12943675           3   1.2209448597074242     
    12943675           4  0.88750559333641210     
    12943675           5  0.66867708251257918     
    12943675           6   1.0139287859388215     
    12943675           7  0.50583879635228124     
    12943675           8   1.0504900568456987     
    12943675           9   1.3297459498377882     
    12943675          10   1.1782978626813914     
    12943923           1   1.1461813805903329     
    12943923           2   1.1480475380544579     
    12943923           3   1.1728712659149216     
    12943923           4  0.97254256877800305     
    12943923           5  0.71804915764667476     
    12943923           6  0.75381318073425019     
    12943923           7  0.33184569004221792     
    12943923           8   1.2003412289325874     
    12943923           9   1.2778812415761098     
    12943923          10   1.2784267477304465     
    12944881           1   1.3632301018588866     
    12944881           2   1.1360497366357751     
    12944881           3  0.48049680588184768     
    12944881           4  0.32202479830149044     
    12944881           5   1.4607868708763536     
    12944881           6   1.6531289445412074     
    12944881           7  0.23835217147113105     
    12944881           8   1.6649189911680859     
    12944881           9  0.55802944185700254     
    12944881          10   1.1229821374082201     
    12946022           1   1.1865521704888344     
    12946022           2   1.0137341891742848     
    12946022           3  0.32581906818080725     
    12946022           4  0.84365019813223596     
    12946022           5   1.1596707726546918     
    12946022           6  0.87945205312449526     
    12946022           7  0.76462451357816108     
    12946022           8   1.3803371459299030     
    12946022           9   1.3042735915937791     
    12946022          10   1.1418862971428072     
    12946120           1   1.2194309784325428     
    12946120           2   1.1142522790611584     
    12946120           3   1.4639808210420813     
    12946120           4  0.78856872581310145     
    12946120           5   1.3422821156120652     
    12946120           6   1.3581695927604103     
    12946120           7  0.78918288070602460     
    12946120           8   6.7862628762735078E-002
    12946120           9   1.0107387547021345     
    12946120          10  0.84553122310774864     
    12946214           1   1.2740816017619172     
    12946214           2  0.95290062237111317     
    12946214           3   1.1624167198147741     
    12946214           4  0.58531540242297697     
    12946214           5   1.3948517076901947     
    12946214           6   1.3835717295825234     
    12946214           7   1.1214661532216728     
    12946214           8   1.2044839744128233     
    12946214           9  0.73944347704222280     
    12946214          10  0.18146861167978270     
    12946279           1  0.79058465053672689     
    12946279           2  0.40181980233868186     
    12946279           3   1.2480772129798110     
    12946279           4   1.4740117042716661     
    12946279           5  0.79490903994084017     
    12946279           6   1.2517347132297958     
    12946279           7   1.0599609723682690     
    12946279           8   1.1414579128912516     
    12946279           9  0.96133417951062627     
    12946279          10  0.87610981193233195     
    12947002           1   1.2444456588115707     
    12947002           2   1.3870945099006315     
    12947002           3   1.1900544720300450     
    12947002           4   1.2032734774742473     
    12947002           5   1.2017485566687911     
    12947002           6  0.49978937421941183     
    12947002           7  0.91235297894308454     
    12947002           8  0.54953858708711645     
    12947002           9  0.73115100969071856     
    12947002          10   1.0805513751743829     
    12947075           1   1.1758635874175143     
    12947075           2   1.2600237245806856     
    12947075           3   1.1915491658070800     
    12947075           4  0.93347635230460368     
    12947075           5  0.45574981792154051     
    12947075           6  0.82855140970109342     
    12947075           7  0.21769891116712251     
    12947075           8   1.2921961326202260     
    12947075           9   1.4205027760223559     
    12947075          10   1.2243881224577799     
    12947300           1   1.1941082615102065     
    12947300           2   1.2108864331445446     
    12947300           3  0.94469736150793915     
    12947300           4   1.3784043364316856     
    12947300           5   1.1393933629121671     
    12947300           6   1.1637018372155472     
    12947300           7  0.80964924000378791     
    12947300           8   1.4775518469495255     
    12947300           9  0.62769056330569084     
    12947300          10   5.3916757018904006E-002
    12947448           1  0.89467904051859581     
    12947448           2   1.3881433216078629     
    12947448           3   1.3306531255380789     
    12947448           4   1.4305200318205313     
    12947448           5   1.1621036951099231     
    12947448           6  0.52717185570964342     
    12947448           7  0.49528011129983179     
    12947448           8  0.92908521747300854     
    12947448           9   1.5318200162431221     
    12947448          10  0.31054358467940113     
    12947607           1  0.99984713573832296     
    12947607           2  0.25926130080954024     
    12947607           3   1.2721790023561907     
    12947607           4   1.0854631088077686     
    12947607           5   1.2508275619418376     
    12947607           6   1.2491158511658835     
    12947607           7   1.2789205504502066     
    12947607           8   1.3954451438981368     
    12947607           9  0.88601734820220779     
    12947607          10  0.32292299662990503     
    12947629           1   1.2927112270881729     
    12947629           2   1.2676734481205723     
    12947629           3   1.0192849069445313     
    12947629           4   1.1763571772655590     
    12947629           5   1.2898995909177120     
    12947629           6   1.2704859762021044     
    12947629           7  0.75363673479288107     
    12947629           8  0.97961012979994022     
    12947629           9  0.79140211570319841     
    12947629          10  0.15893869316532847     
    12947811           1   1.1433919595601909     
    12947811           2   1.2628974623361382     
    12947811           3  0.82921592188392601     
    12947811           4   1.2131334247420524     
    12947811           5   1.2315244266332130     
    12947811           6  0.32732403324864745     
    12947811           7   1.0400944629199353     
    12947811           8  0.87945324754259635     
    12947811           9  0.82495993958354996     
    12947811          10   1.2480051215497503     
    12948208           1   1.2302393870546506     
    12948208           2   1.1772376516750720     
    12948208           3  0.86959489889853592     
    12948208           4   1.2441839862437007     
    12948208           5   1.4377577020142822     
    12948208           6   1.1156485860240197     
    12948208           7  0.91542905634685190     
    12948208           8   1.0386133126283699     
    12948208           9  0.78183273919907892     
    12948208          10  0.18946267991543808     
    12948630           1   1.1790869744029639     
    12948630           2  0.97038681779550906     
    12948630           3  0.15103471570040714     
    12948630           4   1.1363755155284641     
    12948630           5   1.3605153344306653     
    12948630           6  0.67867331661306363     
    12948630           7  0.77048243467130773     
    12948630           8   1.1584130727551365     
    12948630           9   1.3606649435430467     
    12948630          10   1.2343668745594354     
    12948824           1   1.0875310405877063     
    12948824           2   1.3319184994097131     
    12948824           3   1.3313926865321462     
    12948824           4   1.1432383457817492     
    12948824           5   1.2145113679319122     
    12948824           6   1.1329265824071839     
    12948824           7  0.88860843464569705     
    12948824           8  0.23191643209995361     
    12948824           9  0.75195689716907221     
    12948824          10  0.88599971343486617     
    12949187           1   1.3626520542464335     
    12949187           2   1.2228472423902714     
    12949187           3   1.2051938811817946     
    12949187           4  0.88806034272785384     
    12949187           5  0.98213260247312961     
    12949187           6  0.75037746705368447     
    12949187           7  0.97815252558059418     
    12949187           8  0.39637573024152367     
    12949187           9   1.0995468083213513     
    12949187          10   1.1146613457833623     
    12949495           1   1.0951219271447989     
    12949495           2   1.3562281532249658     
    12949495           3   1.4484512228386279     
    12949495           4  0.95112513642242291     
    12949495           5  0.48063813753373019     
    12949495           6  0.94242870344857788     
    12949495           7  0.48433566921388388     
    12949495           8   1.1405571040510998     
    12949495           9   1.1931392313271845     
    12949495          10  0.90797471479470693     
    12949515           1   1.1470264482815624     
    12949515           2   1.1488939816443073     
    12949515           3   1.1603747236728930     
    12949515           4  0.97325961436706721     
    12949515           5  0.71857856787276764     
    12949515           6  0.75436895940510362     
    12949515           7  0.33807874785678615     
    12949515           8   1.2012262281204988     
    12949515           9   1.2788234102143128     
    12949515          10   1.2793693185647017     
    12949612           1   1.3978255839358160     
    12949612           2   1.2222701218403891     
    12949612           3  0.45481345130786166     
    12949612           4  0.34117863981152013     
    12949612           5   1.4763322207040539     
    12949612           6   1.6446645575506686     
    12949612           7  0.26532851843648358     
    12949612           8   1.6873767913511566     
    12949612           9  0.39297789536343974     
    12949612          10   1.1172322196986111     
    12949650           1   1.2588155785635815     
    12949650           2   1.1977631356641736     
    12949650           3  0.45312563769079467     
    12949650           4   1.1715958148836971     
    12949650           5   1.2980674143629631     
    12949650           6   1.3055286324027140     
    12949650           7   1.0403653392130923     
    12949650           8   1.3687159940957840     
    12949650           9   8.3626542442281265E-002
    12949650          10  0.82239591068091666     
    12949742           1   1.1687672040463795     
    12949742           2   1.0464906087110435     
    12949742           3   1.2328971084762508     
    12949742           4   1.2923069117247130     
    12949742           5  0.94099907673911332     
    12949742           6   1.2416138694058698     
    12949742           7   1.0333410363366922     
    12949742           8   1.0592664911355145     
    12949742           9  0.58086812415299194     
    12949742          10  0.40344956927143216     
    12949812           1  0.77130465714568996     
    12949812           2  0.74408417850235065     
    12949812           3   1.3758945417062407     
    12949812           4   1.2523592898868794     
    12949812           5  0.36524190979602350     
    12949812           6   1.2514201395220867     
    12949812           7   1.0513875749588646     
    12949812           8   1.2962512699125148     
    12949812           9  0.83843749296809855     
    12949812          10   1.0536189456012504     
    12950200           1   1.0861417249963656     
    12950200           2   1.2881344994472934     
    12950200           3  0.86209852774447648     
    12950200           4   1.1044693247903288     
    12950200           5   1.1892411435885477     
    12950200           6  0.54427088327447992     
    12950200           7   1.1383000990423808     
    12950200           8  0.51072400004760543     
    12950200           9   1.2765609595751797     
    12950200          10   1.0000588374933412     
    12950283           1   1.2167177187024216     
    12950283           2   1.0642145781400951     
    12950283           3   1.3110615419172151     
    12950283           4  0.82347622445558788     
    12950283           5  0.47600652885199768     
    12950283           6  0.94113885117029983     
    12950283           7  0.40988814807906926     
    12950283           8   1.3089997061758709     
    12950283           9   1.4341402207027791     
    12950283          10   1.0143564818046624     
    12950340           1   1.1010850710974474     
    12950340           2  0.99657758859068357     
    12950340           3  0.37855385210736625     
    12950340           4  0.89212994175516358     
    12950340           5   1.2774239735321724     
    12950340           6  0.85691520353110540     
    12950340           7  0.84958882340007769     
    12950340           8   1.1414512862626331     
    12950340           9   1.4766743600747883     
    12950340          10   1.0295998996485616     
    12950725           1   1.1465573455816305     
    12950725           2   1.2568083014420059     
    12950725           3   1.2445898473746342     
    12950725           4   1.1839807748984048     
    12950725           5  0.61029646277231930     
    12950725           6  0.57794893754325549     
    12950725           7  0.22640036141539654     
    12950725           8   1.2768553744814164     
    12950725           9   1.3068986920439114     
    12950725          10   1.1696639024470254     
    12951086           1   1.3761944296491702     
    12951086           2   1.3299511939628612     
    12951086           3  0.10196774524052812     
    12951086           4  0.20463949365734302     
    12951086           5   1.4620727235767552     
    12951086           6   1.2795636125810044     
    12951086           7   1.1581450304743679     
    12951086           8   1.3061943132944165     
    12951086           9  0.66147999729212037     
    12951086          10   1.1197914602714332     
    12951244           1  0.67021942947128321     
    12951244           2   1.0704607137643041     
    12951244           3  0.12475324914876365     
    12951244           4   1.1016190678093953     
    12951244           5   1.0443409441605176     
    12951244           6   1.0572072420163958     
    12951244           7   1.1913570475904909     
    12951244           8  0.73705765393664979     
    12951244           9   1.3304245529339838     
    12951244          10   1.6725600991682164     
    12951284           1   1.2012964968680220     
    12951284           2   1.1753595102965826     
    12951284           3  0.80444782940841908     
    12951284           4   1.0427497427350572     
    12951284           5   1.0301873136355546     
    12951284           6  0.53411177759366313     
    12951284           7  0.49593418276066731     
    12951284           8   1.2143730490461297     
    12951284           9   1.3199580783026625     
    12951284          10   1.1815820193532416     
    12951344           1   1.3144241421086849     
    12951344           2   1.4174281137998623     
    12951344           3  0.23623849048022688     
    12951344           4  0.31180508967675052     
    12951344           5   1.4716570175439008     
    12951344           6   1.3610165978494042     
    12951344           7   1.1529159366653889     
    12951344           8   1.2723941902440725     
    12951344           9  0.66969224553296691     
    12951344          10  0.79242817609874239     
    12951387           1   1.4526918509479212     
    12951387           2   1.4675252658237117     
    12951387           3   1.3676867391190619     
    12951387           4  0.85448613549977370     
    12951387           5   1.0212148862147812     
    12951387           6  0.45277421804202045     
    12951387           7  0.89171091858355234     
    12951387           8  0.29352201233951847     
    12951387           9   1.0429110448217220     
    12951387          10   1.1554769286079380     
    12951558           1   1.3358435879426127     
    12951558           2   1.2221858365721840     
    12951558           3   1.2045420236011379     
    12951558           4  0.88758001431304301     
    12951558           5   1.0130815728327645     
    12951558           6  0.74997160767463322     
    12951558           7  0.97762346868046057     
    12951558           8  0.39616134106432932     
    12951558           9   1.0989520924557279     
    12951558          10   1.1140584548631054     
    12951625           1  0.86006107274285881     
    12951625           2   1.2033768004552201     
    12951625           3   1.5396562734802473     
    12951625           4   1.5375024412335720     
    12951625           5  0.93245372778306246     
    12951625           6  0.53472872841455099     
    12951625           7  0.26088810175375082     
    12951625           8   1.1437910973391545     
    12951625           9   1.5968004887738683     
    12951625          10  0.39074126802371451     
    12951904           1   1.0252438266167672     
    12951904           2   1.0730975952363750     
    12951904           3  0.55307070789532553     
    12951904           4   1.3960210092129874     
    12951904           5   1.5586674205644246     
    12951904           6  0.48204387982984537     
    12951904           7  0.70811777004475973     
    12951904           8   1.0748742765752386     
    12951904           9   1.1790750739640461     
    12951904          10  0.94978844006023000     
    12952015           1  0.68045967688595066     
    12952015           2   1.0719070008131122     
    12952015           3  0.12492180181605969     
    12952015           4   1.0907675033539723     
    12952015           5   1.0457519410917062     
    12952015           6   1.0543848772484388     
    12952015           7   1.1929666762730580     
    12952015           8  0.73805348398011306     
    12952015           9   1.3259671628276670     
    12952015          10   1.6748198757099204     
    12952243           1   1.2141664489628909     
    12952243           2   1.4688588115187904     
    12952243           3   1.3141908674004146     
    12952243           4  0.87630549114942613     
    12952243           5  0.55015274901192834     
    12952243           6  0.86091662710148098     
    12952243           7  0.46722661884032751     
    12952243           8   1.2879564383156461     
    12952243           9   1.0767237932043647     
    12952243          10  0.88350215449473002     
    12952343           1  0.94260834978280839     
    12952343           2   1.0952123737588713     
    12952343           3  0.73405438023250658     
    12952343           4   1.1508038534412057     
    12952343           5   1.3423817098966768     
    12952343           6   1.0716617736622291     
    12952343           7  0.80942596251670851     
    12952343           8   1.1548728681776506     
    12952343           9   1.1727855390043291     
    12952343          10  0.52619318952701233     
    12952472           1   1.0987564640233303     
    12952472           2   1.1224600898879165     
    12952472           3  0.78907746284223645     
    12952472           4   1.3751690147682121     
    12952472           5   1.2162711718762171     
    12952472           6  0.62373733557975497     
    12952472           7   1.0559718687482071     
    12952472           8  0.81125007876955368     
    12952472           9   1.0040385450876386     
    12952472          10  0.90326796841693247     
    12952681           1  0.76779319605932228     
    12952681           2   1.3159984614546885     
    12952681           3  0.47752974532169684     
    12952681           4   1.3834292814260121     
    12952681           5  0.83325519551027138     
    12952681           6  0.62440555246523655     
    12952681           7   1.4432366505336485     
    12952681           8  0.47172462327313458     
    12952681           9   1.4594321754083377     
    12952681          10   1.2231951185476511     
    12953080           1   1.1862580963846898     
    12953080           2   1.0162448463447780     
    12953080           3   1.2657768346513718     
    12953080           4  0.82516032579639953     
    12953080           5  0.88603146736555927     
    12953080           6   1.0064629295587040     
    12953080           7  0.57909895583382265     
    12953080           8  0.79820276068265694     
    12953080           9   1.2676972460535594     
    12953080          10   1.1690665373284579     
    12953129           1   1.3156652478754030     
    12953129           2   1.4187664779926588     
    12953129           3  0.23646155162423893     
    12953129           4  0.31209950232674116     
    12953129           5   1.4730465857605761     
    12953129           6   1.3623016971518866     
    12953129           7   1.1540045431293886     
    12953129           8   1.2735956104831418     
    12953129           9  0.66088238090224927     
    12953129          10  0.79317640275371570     
    12953161           1  0.53688951175674726     
    12953161           2   1.0850163184714068     
    12953161           3   1.1823673587198933     
    12953161           4   1.2406511402944707     
    12953161           5  0.32636257567191712     
    12953161           6   1.3444501894995815     
    12953161           7   1.2913587574637799     
    12953161           8  0.81218134672221509     
    12953161           9   1.2621282039054980     
    12953161          10  0.91859459749449146     
    12953279           1   1.1886916848429245     
    12953279           2   1.4288907395507928     
    12953279           3  0.92495605365279665     
    12953279           4  0.83646850888443491     
    12953279           5  0.68542981767157729     
    12953279           6  0.77739005797827865     
    12953279           7  0.93721676390305908     
    12953279           8   1.2308805478313325     
    12953279           9   1.0933797633924811     
    12953279          10  0.89669606229232213     
    12953334           1   1.4742252761099015     
    12953334           2   1.0025838270774916     
    12953334           3   1.3096583056531323     
    12953334           4  0.86204843749010363     
    12953334           5  0.81575400877472426     
    12953334           6  0.93711648413203463     
    12953334           7  0.68564432403062892     
    12953334           8  0.56599022956435863     
    12953334           9   1.1806751980248718     
    12953334          10   1.1663039091427523     
    12953670           1   1.0975101306010866     
    12953670           2   1.3295390184509299     
    12953670           3   1.2752387011932131     
    12953670           4   1.3987872942892197     
    12953670           5  0.85998737520714896     
    12953670           6  0.21116422017820144     
    12953670           7  0.11257523043863524     
    12953670           8   1.3654192591742680     
    12953670           9   1.4288864268207577     
    12953670          10  0.92089234364653827     
    12953756           1  0.94341746113319014     
    12953756           2   1.0961524765734612     
    12953756           3  0.73468447408960047     
    12953756           4   1.1690200553531913     
    12953756           5   1.3435339766660859     
    12953756           6   1.0725816612327563     
    12953756           7  0.81012075344840018     
    12953756           8   1.1300520522714463     
    12953756           9   1.1737922286770768     
    12953756          10  0.52664486055479176     
    12954098           1  0.92695212124513682     
    12954098           2   1.3951623864672766     
    12954098           3   1.3364246607140442     
    12954098           4   1.3803571322098447     
    12954098           5   1.1671441690138447     
    12954098           6  0.52945839519210758     
    12954098           7  0.47868322941790309     
    12954098           8  0.97026741594479426     
    12954098           9   1.5384640866904222     
    12954098          10  0.27708640310462468     
    12954150           1   1.4104242081936644     
    12954150           2   1.0640327731210260     
    12954150           3   9.5103443587409284E-002
    12954150           4   8.0842835784107780E-002
    12954150           5   1.4041061429363964     
    12954150           6   1.3963736898584760     
    12954150           7   1.3500844219037587     
    12954150           8   1.3989331524685831     
    12954150           9  0.66886922033949758     
    12954150          10   1.1312301118070800     
    12954156           1   1.1010486637397618     
    12954156           2   1.1248017395473193     
    12954156           3  0.79072361755967635     
    12954156           4   1.3545590290522784     
    12954156           5   1.2615339225583604     
    12954156           6  0.61077981578765195     
    12954156           7   1.0009379371623066     
    12954156           8  0.87107902542674587     
    12954156           9   1.0061331465245291     
    12954156          10  0.87840310264136978     
    12954166           1  0.67363098476687122     
    12954166           2   1.2743156102248940     
    12954166           3  0.22118691857838824     
    12954166           4   1.1905190597798179     
    12954166           5  0.40286737592382632     
    12954166           6  0.84328331268024026     
    12954166           7   1.6953926957087437     
    12954166           8  0.97467002975510819     
    12954166           9   1.4739713190515711     
    12954166          10   1.2501626935305381     
    12954219           1   1.4235603578374385     
    12954219           2   1.4995445010889261     
    12954219           3   1.4567747746960549     
    12954219           4   1.2094210193146218     
    12954219           5  0.30352910105934899     
    12954219           6   1.0663732823414482     
    12954219           7  0.65555692179554492     
    12954219           8   7.0556669642939801E-002
    12954219           9   1.0715721243598233     
    12954219          10   1.2431112478638524     
    12954220           1   1.1377984174381477     
    12954220           2   1.3429907121852893     
    12954220           3  0.66560321043169601     
    12954220           4   1.0596757191021331     
    12954220           5   1.0915071218805057     
    12954220           6  0.41700199982958797     
    12954220           7   1.2823710920160587     
    12954220           8  0.70277455159886160     
    12954220           9   1.0565327463440783     
    12954220          10   1.2437444291736424     
    12954599           1   1.3364366089082107     
    12954599           2   1.5203208081083426     
    12954599           3   1.4769585037919557     
    12954599           4   1.2261776426724278     
    12954599           5  0.27603102367977911     
    12954599           6   1.0811479680511022     
    12954599           7  0.66463971451429216     
    12954599           8   7.1534237850955473E-002
    12954599           9   1.0864188404345920     
    12954599          10   1.2603346519883412     
    12955176           1   1.0307273834347614     
    12955176           2   1.0788370998127150     
    12955176           3  0.54049265262901303     
    12955176           4   1.4289253026890050     
    12955176           5   1.5345934007515754     
    12955176           6  0.48032316321266061     
    12955176           7  0.71190516571110096     
    12955176           8   1.0806232838014029     
    12955176           9   1.1853814032419294     
    12955176          10  0.92819114471583575     
    12955353           1   1.5048427874356656     
    12955353           2   1.4084087918198520     
    12955353           3   9.3849486360270008E-003
    12955353           4   1.5223081635984769E-002
    12955353           5   1.4831940317499794     
    12955353           6   1.3881583500794503     
    12955353           7   1.3136535953551434     
    12955353           8   1.4883493334615956     
    12955353           9  0.40651869390987982     
    12955353          10  0.98226638591642301     
    12955454           1   1.0339615853576929     
    12955454           2   1.0935253626299613     
    12955454           3   1.0992639318953581     
    12955454           4   1.2589778248377483     
    12955454           5  0.98789594568436800     
    12955454           6   1.0960237213114692     
    12955454           7   1.1268000594972787     
    12955454           8  0.69379957533642356     
    12955454           9  0.98784614003702431     
    12955454          10  0.62190585341267657     
    12955602           1   1.1738545305156722     
    12955602           2   1.4110554398765143     
    12955602           3  0.91341082633358106     
    12955602           4  0.85698253343562081     
    12955602           5  0.67687433762997384     
    12955602           6  0.76768673758850114     
    12955602           7  0.95174978230326457     
    12955602           8   1.2155167954980270     
    12955602           9   1.0797322848287756     
    12955602          10  0.95313673199007043     
    12955823           1   1.1642822198791594     
    12955823           2   1.0424748442414686     
    12955823           3   1.2281660345787424     
    12955823           4   1.2873478608391231     
    12955823           5  0.93738812158402984     
    12955823           6   1.2368493461314252     
    12955823           7   1.0293757315512191     
    12955823           8   1.0935753321876640     
    12955823           9  0.57863912223451774     
    12955823          10  0.40190138677265080     
    12956088           1   1.4280165249341894     
    12956088           2   1.4575669073387034     
    12956088           3   1.3697165994484291     
    12956088           4  0.90323676590859114     
    12956088           5   1.0377743386431728     
    12956088           6  0.46011615285483931     
    12956088           7  0.88444091922949875     
    12956088           8  0.25093473833885188     
    12956088           9   1.0339835536864168     
    12956088          10   1.1742134996173068     
    12956113           1  0.79950372270788805     
    12956113           2   1.1822268916926912     
    12956113           3  0.98740416274503950     
    12956113           4   1.1943285013290112     
    12956113           5   1.2460412486209445     
    12956113           6  0.76991845733452358     
    12956113           7  0.52253629156726356     
    12956113           8   1.2518542234458672     
    12956113           9   1.2415227911563902     
    12956113          10  0.80466370940038057     
    12956259           1   1.2240362834499143     
    12956259           2   1.4084381141969973     
    12956259           3   1.3372255249172529     
    12956259           4   1.0420504611706953     
    12956259           5  0.78596454627123735     
    12956259           6  0.92998910122943079     
    12956259           7  0.88518321860064286     
    12956259           8   4.8145961307202161E-002
    12956259           9   1.0603939794316855     
    12956259          10   1.2785728094249411     
    12956693           1   1.1990672800750750     
    12956693           2   1.2309238488485144     
    12956693           3  0.85180110185499291     
    12956693           4  0.57999548849536908     
    12956693           5   1.5135796005777005     
    12956693           6   1.4541173844339534     
    12956693           7   1.2693549510734230     
    12956693           8   1.2996462600333090     
    12956693           9  0.44462158993404438     
    12956693          10  0.15689249467361746     
    12956756           1   1.4198978265953914     
    12956756           2   1.3219731897902591     
    12956756           3   1.0937446658101075     
    12956756           4  0.98296972609475863     
    12956756           5   1.0852479698033368     
    12956756           6  0.31672678641981711     
    12956756           7  0.96380386189847989     
    12956756           8  0.32146920913077598     
    12956756           9   1.3126295019372061     
    12956756          10   1.1815372625198697     
    12957056           1   1.2388600424703162     
    12957056           2   1.1558634897750033     
    12957056           3  0.89707984969586563     
    12957056           4   1.0402954114186143     
    12957056           5  0.71956509141318670     
    12957056           6  0.63289582509056552     
    12957056           7   1.0370190200317342     
    12957056           8   1.2255018409313898     
    12957056           9   1.0100737816669321     
    12957056          10   1.0428456475063914     
    12957058           1   1.3488275482675152     
    12957058           2  0.92549039498780716     
    12957058           3   1.3775743214106293     
    12957058           4  0.78473453281329142     
    12957058           5  0.82874971185922630     
    12957058           6  0.96095236479079527     
    12957058           7  0.70611667222306906     
    12957058           8  0.56483898580619085     
    12957058           9   1.3812171110591660     
    12957058          10   1.1214983567823089     
    12957321           1   1.1427905697877381     
    12957321           2   1.2622332162644780     
    12957321           3  0.82877977925548918     
    12957321           4   1.2124953530570450     
    12957321           5   1.2308766818344934     
    12957321           6  0.32715187065451001     
    12957321           7   1.0395474045230708     
    12957321           8  0.88425038074809570     
    12957321           9  0.82452603547376446     
    12957321          10   1.2473487084013166     
    12957364           1   1.3726598653842776     
    12957364           2   1.3449359615158589     
    12957364           3  0.10170585524829009     
    12957364           4  0.20411390553848155     
    12957364           5   1.4583175928407981     
    12957364           6   1.2762772311495385     
    12957364           7   1.1551704958082734     
    12957364           8   1.3028395346066746     
    12957364           9  0.65978107778627260     
    12957364          10   1.1241984801215354     
    12957399           1  0.98458594503460339     
    12957399           2  0.99704820090386592     
    12957399           3  0.90047727264378341     
    12957399           4   1.0681600388663604     
    12957399           5   1.0846463272233595     
    12957399           6  0.59508975326637115     
    12957399           7   1.1211684538077635     
    12957399           8   1.3341324042283071     
    12957399           9   1.1425976007445211     
    12957399          10  0.77209400328106381     
    12957676           1   1.0225584960881042     
    12957676           2   1.0857234806198521     
    12957676           3  0.55162209867880230     
    12957676           4   1.4031200957768644     
    12957676           5   1.5545849407680954     
    12957676           6  0.48078130490565996     
    12957676           7  0.70626305976372838     
    12957676           8   1.0720589533960814     
    12957676           9   1.1759868268471143     
    12957676          10  0.94730074315569812     
    12957780           1   8.2486649116010599E-002
    12957780           2  0.63748324919088872     
    12957780           3   1.1519683064674326     
    12957780           4   1.0720349797731936     
    12957780           5   6.5990208151366636E-002
    12957780           6   1.2854884281640195     
    12957780           7   1.5553808580830195     
    12957780           8   1.5082230096575595     
    12957780           9   1.3803897763378525     
    12957780          10   1.2605545350586569     
    12957883           1   1.4670404935257102     
    12957883           2   1.2554679064214043     
    12957883           3   1.0816160997142452     
    12957883           4  0.28865055826027786     
    12957883           5  0.76923237318660331     
    12957883           6   1.5104249342996994     
    12957883           7  0.27186364429028009     
    12957883           8   1.6724607003873246     
    12957883           9  0.97082352235612945     
    12957883          10  0.71241976755832481     
    12957888           1  0.50223187926433721     
    12957888           2   1.2500964908227912     
    12957888           3  0.22470863452109896     
    12957888           4   1.1941978313202406     
    12957888           5   1.0691172284308408     
    12957888           6  0.90582512442395380     
    12957888           7   1.2901418947387542     
    12957888           8  0.84958126130514278     
    12957888           9   1.3677445997117983     
    12957888          10   1.3463550554610404     
    12957904           1   1.1200206341994166     
    12957904           2  0.86775373128493960     
    12957904           3   1.1871047292777219     
    12957904           4   1.3070545101501241     
    12957904           5  0.82214598331192523     
    12957904           6   1.3173714851171792     
    12957904           7  0.99847322417114981     
    12957904           8   1.4012642584638870     
    12957904           9  0.58464029815191620     
    12957904          10  0.39417114587173951     
    12957926           1  0.77769765041928929     
    12957926           2   1.2586135760404602     
    12957926           3   1.0555379738028710     
    12957926           4   1.2023864957849542     
    12957926           5   1.2030637222935139     
    12957926           6  0.98964880798106369     
    12957926           7  0.75326980810077226     
    12957926           8   1.0754362935043267     
    12957926           9   1.1914342021008688     
    12957926          10  0.49291146997187862     
    12958021           1   1.2721701939394074     
    12958021           2   1.5913239917889754     
    12958021           3   1.3889422062683090     
    12958021           4   1.1846424882505624     
    12958021           5  0.38112691973595714     
    12958021           6   1.0554562622949231     
    12958021           7  0.61797741911253090     
    12958021           8  0.20340723203467018     
    12958021           9   1.2124949370494080     
    12958021          10   1.0924583495252576     
    12958304           1  0.84442986846776169     
    12958304           2  0.92278561648046897     
    12958304           3  0.23793347297590339     
    12958304           4  0.97466335673437821     
    12958304           5   1.0683383278026610     
    12958304           6  0.93284300703032863     
    12958304           7   1.1660203959109119     
    12958304           8   1.0140770466570628     
    12958304           9   1.5729864394956490     
    12958304          10   1.2659224684448747     
    12958342           1   1.2155685374740524     
    12958342           2   1.4705550122875628     
    12958342           3   1.3157084615640724     
    12958342           4  0.87731742642605781     
    12958342           5  0.55078805140348464     
    12958342           6  0.86191079170960205     
    12958342           7  0.43531592309325967     
    12958342           8   1.2894437376283403     
    12958342           9   1.0779671664349753     
    12958342          10  0.90542489197859133     
    12958561           1   1.0929363652517909     
    12958561           2   1.0140837253762245     
    12958561           3  0.43922440570345572     
    12958561           4   1.4064128696197797     
    12958561           5   1.5857272470642099     
    12958561           6  0.52415392660669125     
    12958561           7  0.63100554709098011     
    12958561           8   1.0572342409966602     
    12958561           9   1.2367451454785763     
    12958561          10   1.0124765268116298     
    12958635           1  0.68427613942365972     
    12958635           2   1.0678524353824972     
    12958635           3  0.12444927610367110     
    12958635           4   1.0989348691623946     
    12958635           5   1.0417963090582065     
    12958635           6   1.0695386880029623     
    12958635           7   1.1884541939011515     
    12958635           8  0.73526174352145302     
    12958635           9   1.3209515965365117     
    12958635          10   1.6684847489074932     
    12958700           1  0.67221801595612529     
    12958700           2   1.2716426806046546     
    12958700           3  0.22072296988190063     
    12958700           4   1.1880218968848397     
    12958700           5  0.40202234496485934     
    12958700           6  0.84376357514476064     
    12958700           7   1.6918365395116950     
    12958700           8  0.97262561911492762     
    12958700           9   1.4708796033365128     
    12958700          10   1.2662667545997262     
    12958819           1   1.6387072925724042     
    12958819           2   1.4108805841203724     
    12958819           3  0.23184449937135390     
    12958819           4  0.71116444551799829     
    12958819           5   1.3961687321638525     
    12958819           6   1.3501905858821757     
    12958819           7   1.1279317340782291     
    12958819           8   1.3834950574793934     
    12958819           9  0.48961411570750030     
    12958819          10  0.26000295310672006     
    12958877           1   1.4050514986248535     
    12958877           2   1.3756992684145033     
    12958877           3  0.93353271906392254     
    12958877           4   1.2401587194712780     
    12958877           5   1.2464499499969139     
    12958877           6   1.1354501371374066     
    12958877           7  0.76193157103316589     
    12958877           8  0.93464198926280684     
    12958877           9  0.84655965200794758     
    12958877          10  0.12052449498720150     
    12958886           1   1.1957623604028984     
    12958886           2   1.2039915809697443     
    12958886           3  0.84945333182983973     
    12958886           4  0.61439213268927884     
    12958886           5   1.5094078088188250     
    12958886           6   1.4501094849362963     
    12958886           7   1.2968684476441419     
    12958886           8   1.2960641203460466     
    12958886           9  0.42749067138230007     
    12958886          10  0.15646006098062970     
    12958894           1   1.1409551832139311     
    12958894           2   1.3688636900328564     
    12958894           3  0.66744989381843622     
    12958894           4   1.0626157372918421     
    12958894           5   1.0945354547324131     
    12958894           6  0.41815895137857967     
    12958894           7   1.2360375430264610     
    12958894           8  0.70472436504435221     
    12958894           9   1.0594640445103765     
    12958894          10   1.2471951369507519     
    12959172           1   1.0261963604233812     
    12959172           2   1.0740945890350420     
    12959172           3  0.55763540982321591     
    12959172           4   1.4226438227049847     
    12959172           5   1.5278474094024890     
    12959172           6  0.47821168801524905     
    12959172           7  0.70877566829054328     
    12959172           8   1.0758729210534754     
    12959172           9   1.2046112656699719     
    12959172          10  0.92411086558164612     
    12959209           1   1.4089116287946704     
    12959209           2   1.2968443271201318     
    12959209           3   1.3851663498368281     
    12959209           4  0.83560822369602339     
    12959209           5  0.83347322114961997     
    12959209           6  0.73238174713876247     
    12959209           7  0.88901951350216957     
    12959209           8  0.32615548164540320     
    12959209           9   1.1071514130845850     
    12959209          10   1.1852880940318073     
    12959298           1  0.95621522454945429     
    12959298           2  0.36067715403274347     
    12959298           3   1.3222879185517826     
    12959298           4   1.2543814331624292     
    12959298           5   1.1104655164497415     
    12959298           6  0.89992153090560745     
    12959298           7   1.3598421654672823     
    12959298           8   1.4069905713132300     
    12959298           9   1.1880429854744423     
    12959298          10  0.14117550009328517     
    12959314           1   1.1614533668920901     
    12959314           2  0.95346234360132665     
    12959314           3  0.14877594518135706     
    12959314           4   1.1581856256755407     
    12959314           5   1.4090861096467477     
    12959314           6  0.66852354890884713     
    12959314           7  0.80373533029155730     
    12959314           8   1.1405554088381389     
    12959314           9   1.3403157817855840     
    12959314          10   1.2159065391788104     
    12959328           1   1.1963389317700956     
    12959328           2   1.4087461390546285     
    12959328           3   1.4136650039520944     
    12959328           4   1.0528262897516205     
    12959328           5   1.2494229303460349     
    12959328           6  0.77734281468798194     
    12959328           7  0.85882448326468575     
    12959328           8   4.4289084885171685E-002
    12959328           9  0.96086232211915057     
    12959328          10   1.0376820001685347     
    12959473           1  0.79454505718131052     
    12959473           2   1.1846009219550699     
    12959473           3  0.98938696941271664     
    12959473           4   1.1734629133329595     
    12959473           5   1.2485434245172844     
    12959473           6  0.77146453087600686     
    12959473           7  0.52358559688935413     
    12959473           8   1.2543680723791222     
    12959473           9   1.2440158935366092     
    12959473          10  0.81602661991956538     
    12959474           1   1.1909388104889667     
    12959474           2   1.4023872387436931     
    12959474           3   1.4072839005126754     
    12959474           4   1.0480739662238661     
    12959474           5   1.2437831946690314     
    12959474           6  0.81821214490960481     
    12959474           7  0.85494785913612870     
    12959474           8   4.4849737078160201E-002
    12959474           9  0.95652511220637682     
    12959474          10   1.0329980360314959     
    12959526           1   1.1988267623513118     
    12959526           2   1.3901147073655464     
    12959526           3   1.4166047720521120     
    12959526           4   1.0550156805428046     
    12959526           5   1.2520211510445691     
    12959526           6  0.77895932751316277     
    12959526           7  0.86061044020098787     
    12959526           8   4.5146790599294599E-002
    12959526           9  0.96286047047479217     
    12959526          10   1.0398398978554193     
    12959593           1   1.2089867245951895     
    12959593           2   1.0574525851930330     
    12959593           3   1.3027310895049744     
    12959593           4  0.81824387701718515     
    12959593           5  0.47298199521285306     
    12959593           6  0.93515887832972655     
    12959593           7  0.41992626293505264     
    12959593           8   1.3006823546166231     
    12959593           9   1.4250277294282854     
    12959593          10   1.0588085031670771     
    12959622           1   1.4012638521000300     
    12959622           2   1.3289040624357575     
    12959622           3  0.90350068097449365     
    12959622           4   1.3079848016682207     
    12959622           5   1.3728955472235753     
    12959622           6   1.0743389415506142     
    12959622           7  0.69549846514929259     
    12959622           8   1.0802337534622310     
    12959622           9  0.75484565294057637     
    12959622          10   8.0534242495207145E-002
    12959631           1   1.1617637062123596     
    12959631           2  0.91583925687899381     
    12959631           3   1.2507405312512918     
    12959631           4  0.86261766717429089     
    12959631           5   1.3411158185618981     
    12959631           6   1.2001544787896550     
    12959631           7   1.0465840861761273     
    12959631           8  0.60164487276073586     
    12959631           9  0.90193324766125405     
    12959631          10  0.71760633453339284     
    12959635           1   1.3971338448377373     
    12959635           2   1.2013020508710728     
    12959635           3  0.41198402581938010     
    12959635           4  0.34100980143332821     
    12959635           5   1.4756016311866276     
    12959635           6   1.6438506657527532     
    12959635           7  0.26519721585328082     
    12959635           8   1.6865417626371439     
    12959635           9  0.46069966434180809     
    12959635          10   1.1166793372668684     
    12959905           1   1.1010155426026988     
    12959905           2  0.99651465926628013     
    12959905           3  0.40813614111958874     
    12959905           4  0.89207360782275591     
    12959905           5   1.2773433100408886     
    12959905           6  0.85686109324862814     
    12959905           7  0.84953517574505388     
    12959905           8   1.1413792088257069     
    12959905           9   1.4765811148313599     
    12959905          10   1.0005601464970397     
    12959999           1   1.0768986590812080     
    12959999           2   1.1519436319585867     
    12959999           3   1.2124011414138467     
    12959999           4   1.3245600286949000     
    12959999           5   1.1280979050043702     
    12959999           6   1.0755853509713589     
    12959999           7  0.67773296435015651     
    12959999           8   1.2140342780658744     
    12959999           9  0.87410523741881940     
    12959999          10  0.26464080304087972     
    12960027           1   1.4500194804004647     
    12960027           2   1.0023133729623077     
    12960027           3   1.3093050160142190     
    12960027           4  0.86181589379539170     
    12960027           5  0.84203963738614762     
    12960027           6  0.93686369029804784     
    12960027           7  0.68545936659966067     
    12960027           8  0.56583754967604871     
    12960027           9   1.1803567024962414     
    12960027          10   1.1659892903714701     
    12960156           1   1.1479079886762971     
    12960156           2   1.2678854996079414     
    12960156           3  0.83249105707746618     
    12960156           4   1.2179249101308109     
    12960156           5   1.2363885505422274     
    12960156           6  0.32861685750912306     
    12960156           7   1.0182062060224000     
    12960156           8  0.86942632652958118     
    12960156           9  0.82821826502097340     
    12960156          10   1.2529343388831800     
    12960159           1   1.2331635438454218     
    12960159           2   1.0801102585228415     
    12960159           3  0.50752391553913367     
    12960159           4  0.50568366238977192     
    12960159           5   1.0805303884254469     
    12960159           6   1.1331722988739896     
    12960159           7   1.4179206533368560     
    12960159           8   1.3000327079961285     
    12960159           9  0.94172847216167443     
    12960159          10  0.80013409890873521     
    12960197           1   1.4503437912009176     
    12960197           2   1.1516176363656503     
    12960197           3  0.99209833908429601     
    12960197           4  0.30624793726061450     
    12960197           5  0.70908474799659393     
    12960197           6   1.5402451468349805     
    12960197           7  0.35435922219877541     
    12960197           8   1.4787160452861809     
    12960197           9   1.1001514200050295     
    12960197          10  0.91713571376696335     
    12960223           1   1.0498485467326828     
    12960223           2   1.1353930687605820     
    12960223           3  0.27974336214237422     
    12960223           4  0.99674237837890833     
    12960223           5   1.2879741417768218     
    12960223           6  0.84280110902245675     
    12960223           7  0.95013094609001425     
    12960223           8   1.0688169515240284     
    12960223           9   1.2163405569395795     
    12960223          10   1.1722089386325523     
    12960226           1   1.3571912387361136     
    12960226           2   1.4586593739773368     
    12960226           3  0.73857649950610582     
    12960226           4   1.5341126128188900     
    12960226           5   1.3273031379560771     
    12960226           6   1.2962288177660073     
    12960226           7  0.41683660418932494     
    12960226           8   1.6290508078830956     
    12960226           9   7.4543511844585547E-002
    12960226          10  0.16749739532246410     
    12960298           1   1.1824954851998568     
    12960298           2   1.1241458239228925     
    12960298           3   1.0622433989612943     
    12960298           4   1.2516162198268674     
    12960298           5   1.2197483841013115     
    12960298           6   1.0580437642984153     
    12960298           7  0.78237658917321495     
    12960298           8   1.1781811017692312     
    12960298           9  0.82891341847215227     
    12960298          10  0.31223581427476338     
    12960394           1   1.1961278523869265     
    12960394           2   1.2043595882647167     
    12960394           3  0.83074611658486297     
    12960394           4  0.61457992535359396     
    12960394           5   1.5098691684275742     
    12960394           6   1.4505527196543793     
    12960394           7   1.2972648433140919     
    12960394           8   1.2964602701685022     
    12960394           9  0.44353163190256595     
    12960394          10  0.15650788394278556     
    12960472           1  0.75827077304510093     
    12960472           2   1.2771601798114711     
    12960472           3  0.55003378499647571     
    12960472           4   1.3662715377840888     
    12960472           5  0.82292089131068913     
    12960472           6  0.67503035219983942     
    12960472           7   1.4253371562863100     
    12960472           8  0.47615160393625400     
    12960472           9   1.4413318189502040     
    12960472          10   1.2074919016795667     
    12960528           1   1.2369153013925309     
    12960528           2   1.0109828152315450     
    12960528           3  0.33500247716174225     
    12960528           4   1.3617267777517674     
    12960528           5   1.1852909133237370     
    12960528           6  0.28888580553158127     
    12960528           7   1.0470760028066988     
    12960528           8   1.0903546179442143     
    12960528           9   1.1841426453650128     
    12960528          10   1.2596226434911693     
    12960670           1  0.95840321958440899     
    12960670           2   1.3684644374280874     
    12960670           3   1.3495363801919407     
    12960670           4   1.2990935109767587     
    12960670           5   1.2045388934683283     
    12960670           6  0.89108251671679983     
    12960670           7  0.46772922310718651     
    12960670           8   1.1244596130247890     
    12960670           9   1.2067684063104938     
    12960670          10  0.12992379919120617     
    12960746           1   1.0274885885499696     
    12960746           2   1.0754471325560448     
    12960746           3  0.55833760697450752     
    12960746           4   1.4244352735741517     
    12960746           5   1.5297713368999031     
    12960746           6  0.47881387159097483     
    12960746           7  0.72154729442508925     
    12960746           8   1.0772277039223666     
    12960746           9   1.1816566479991284     
    12960746          10  0.92527454350786464     
    12960894           1   1.4727147308633775     
    12960894           2   1.0028540060480247     
    12960894           3   1.3658901360160420     
    12960894           4  0.55136709918140658     
    12960894           5   1.0189911969355021     
    12960894           6   1.2883569102577985     
    12960894           7  0.86563199050904993     
    12960894           8  0.20479839494318092     
    12960894           9   1.2781556482711405     
    12960894          10  0.95123988697447692     
    12960975           1  0.95273140564202252     
    12960975           2  0.34010698328829120     
    12960975           3   1.3174703716926122     
    12960975           4   1.2498112928406813     
    12960975           5   1.1064197110045484     
    12960975           6  0.89664280916589534     
    12960975           7   1.3548877956501628     
    12960975           8   1.4575539424318094     
    12960975           9   1.1837145387927994     
    12960975          10  0.14066114949117794     
    12961086           1   1.1795548633282937     
    12961086           2   1.0105023135282083     
    12961086           3   1.2607227501054186     
    12961086           4  0.82049756143714048     
    12961086           5  0.88102473616671395     
    12961086           6   1.0007756717856977     
    12961086           7  0.63023550619968383     
    12961086           8  0.79369232644627841     
    12961086           9   1.2605338217438358     
    12961086          10   1.1624604492587285     
    12961140           1   1.1542891234108961     
    12961140           2  0.94758106022445865     
    12961140           3  0.14785824402709019     
    12961140           4   1.1949014046061772     
    12961140           5   1.4003943823133542     
    12961140           6  0.66439986593213751     
    12961140           7  0.79877761458399099     
    12961140           8   1.1513436416166511     
    12961140           9   1.3320482534662219     
    12961140          10   1.2084064098190215     
    12961174           1  0.67444662102042863     
    12961174           2   1.2758585588624678     
    12961174           3  0.22145473296591617     
    12961174           4   1.1798524898144354     
    12961174           5  0.40335517004940785     
    12961174           6  0.84430436494386196     
    12961174           7   1.6974454868925029     
    12961174           8  0.97585016580808270     
    12961174           9   1.4757560119646180     
    12961174          10   1.2516763976782790     
    12961239           1  0.46938458605731448     
    12961239           2   1.2609752270886023     
    12961239           3  0.23794331756444065     
    12961239           4   1.3502760667032438     
    12961239           5  0.81657339740975976     
    12961239           6   1.0578483521958781     
    12961239           7   1.3545732089422819     
    12961239           8  0.56570886738440718     
    12961239           9   1.4883055303080890     
    12961239          10   1.3984114463459838     
    12961286           1   1.4493344658537155     
    12961286           2   1.0018398626059568     
    12961286           3   1.3399038145316537     
    12961286           4  0.86140875690388852     
    12961286           5  0.81514868083739900     
    12961286           6  0.93642109951575170     
    12961286           7  0.68513554361405749     
    12961286           8  0.56557023812757368     
    12961286           9   1.1797990813590831     
    12961286          10   1.1654384566509206     
    12961298           1   1.1279683006361783     
    12961298           2   1.3505751446138587     
    12961298           3   1.4046283527707804     
    12961298           4   1.2905718464885854     
    12961298           5  0.60187338775498656     
    12961298           6  0.24913917343597441     
    12961298           7  0.11829299769361512     
    12961298           8   1.1939680351620432     
    12961298           9   1.3887409430715050     
    12961298          10   1.2742418183724731     
    12961322           1   1.2499795101640603     
    12961322           2   1.3136055368039172     
    12961322           3  0.70181935956158492     
    12961322           4   1.4835535757775753     
    12961322           5   1.3479974680780327     
    12961322           6   1.2340414258751615     
    12961322           7  0.56113589514896844     
    12961322           8   1.4636567389703536     
    12961322           9  0.43668304878201114     
    12961322          10  0.20752744083833266     
    12961368           1  0.76599669021724637     
    12961368           2   1.3129192482807499     
    12961368           3  0.47641240671849155     
    12961368           4   1.3801922915712743     
    12961368           5  0.84432164362776596     
    12961368           6  0.62294454938708255     
    12961368           7   1.4398597215800071     
    12961368           8  0.48100304748935652     
    12961368           9   1.4560173516736508     
    12961368          10   1.2203330494543743     
    12961387           1   1.4493536591122900     
    12961387           2   1.0018531297792603     
    12961387           3   1.3087038081241462     
    12961387           4  0.86142016437497204     
    12961387           5  0.81515947569516056     
    12961387           6  0.93643350036091266     
    12961387           7  0.68514461673275917     
    12961387           8  0.56557772786584881     
    12961387           9   1.2109000276255963     
    12961387          10   1.1654538903290526     
    12961410           1  0.73368657120840797     
    12961410           2  0.86285924137179448     
    12961410           3  0.71710415719986242     
    12961410           4  0.75820997212346286     
    12961410           5  0.81769336832592776     
    12961410           6   1.1659938933837268     
    12961410           7   1.1253153016980182     
    12961410           8   1.3527523108038508     
    12961410           9   1.3039929320542163     
    12961410          10   1.1623922518307319     
    12961451           1   1.0790988280596467     
    12961451           2   1.2145432752533203     
    12961451           3  0.46816653001971642     
    12961451           4   1.0788601783637404     
    12961451           5   1.1720495822137305     
    12961451           6  0.68955505950919038     
    12961451           7   1.1002680719655429     
    12961451           8  0.78269050542452034     
    12961451           9   1.2089351799344292     
    12961451          10   1.2058327892561638     
    12961476           1  0.40283309521871935     
    12961476           2   1.3008471396123436     
    12961476           3  0.30563615177117309     
    12961476           4   1.4760631880333739     
    12961476           5  0.68019417629781587     
    12961476           6   1.0383798257261243     
    12961476           7   1.3678468066033938     
    12961476           8  0.51152044410668696     
    12961476           9   1.5096673582760569     
    12961476          10   1.4070118143543122     
    12961505           1   1.1483444428204712     
    12961505           2   1.1502141220786111     
    12961505           3   1.1502175229756884     
    12961505           4  0.97437794155001756     
    12961505           5  0.71940425295583799     
    12961505           6  0.75523576955608818     
    12961505           7  0.33846721836159793     
    12961505           8   1.2026065010959204     
    12961505           9   1.2802928464887913     
    12961505          10   1.2808393821169781     
    12961511           1  0.73884074826302959     
    12961511           2  0.91784340722341906     
    12961511           3  0.63924921348764330     
    12961511           4   1.0094850004864371     
    12961511           5  0.45879232459802077     
    12961511           6   1.0900265592069238     
    12961511           7   1.2656742320363226     
    12961511           8   1.3862262920611159     
    12961511           9   1.2450579607893775     
    12961511          10   1.2488042618477113     
    12961557           1   1.1877335211404649     
    12961557           2   1.3819141556765973     
    12961557           3  0.80283436060973612     
    12961557           4  0.94406652573537719     
    12961557           5   1.1421047562110223     
    12961557           6  0.34913340900428635     
    12961557           7   1.1516228848344139     
    12961557           8  0.41597632293914916     
    12961557           9   1.4736397433627162     
    12961557          10   1.1509743204862368     
    12961609           1   1.1434736760338697     
    12961609           2   1.2629877196852275     
    12961609           3  0.82927518467695871     
    12961609           4   1.2132201255315260     
    12961609           5   1.2316124417994492     
    12961609           6  0.34008106763689622     
    12961609           7   1.0401687968795998     
    12961609           8  0.86606777498240106     
    12961609           9  0.82501889820804042     
    12961609          10   1.2480943145660326     
    12961634           1  0.66753688081682550     
    12961634           2  0.55539647815514859     
    12961634           3  0.86378090836175436     
    12961634           4   1.1317258515594701     
    12961634           5  0.38272669004923965     
    12961634           6  0.85171785145509737     
    12961634           7   1.4824652568788055     
    12961634           8   1.5200319848038106     
    12961634           9   1.2730551444187965     
    12961634          10   1.2715629535010520     
    12961645           1   1.4151559901955317     
    12961645           2   1.3789440993872684     
    12961645           3  0.20985740652078369     
    12961645           4  0.47958445054578547     
    12961645           5   1.4433466828525228     
    12961645           6   1.2704707194104530     
    12961645           7   1.7139375053631967     
    12961645           8   1.2068037471737234     
    12961645           9  0.41299390437168360     
    12961645          10  0.46890549417905070     
    12961723           1   1.4161151988829292     
    12961723           2   1.2604567683558698     
    12961723           3   1.1029319369647019     
    12961723           4  0.28979757107924481     
    12961723           5  0.77228907745257525     
    12961723           6   1.5164269208268375     
    12961723           7  0.27294395082733114     
    12961723           8   1.6791065696145475     
    12961723           9  0.97468129083511168     
    12961723          10  0.71525071516085115     
    12961744           1   1.4833568255466467     
    12961744           2   1.3833824530975531     
    12961744           3   4.0672627845572108E-002
    12961744           4   1.0037979673757536     
    12961744           5   1.3799282907109118     
    12961744           6   1.2963503555600846     
    12961744           7   1.0606015483635198     
    12961744           8   1.3924604901179374     
    12961744           9  0.20415735922058575     
    12961744          10  0.75529208216143462     
    12961750           1   1.1437859151253169     
    12961750           2   1.2537703750637164     
    12961750           3   1.2536258696323348     
    12961750           4   1.1811188854413375     
    12961750           5  0.60882126904491829     
    12961750           6  0.57655193346502598     
    12961750           7  0.22585311198267957     
    12961750           8   1.2858963324648067     
    12961750           9   1.3037396883949404     
    12961750          10   1.1668366193849229     
    12961812           1  0.76734265166561366     
    12961812           2   1.3753557570268240     
    12961812           3   1.0601208738325905     
    12961812           4   1.3078869552256291     
    12961812           5   1.2017552355586172     
    12961812           6  0.51497396206949519     
    12961812           7  0.58906653699458511     
    12961812           8   1.1468199417042784     
    12961812           9   1.3083531945725309     
    12961812          10  0.72832489134983669     
    12961831           1   1.2219675080692729     
    12961831           2   1.1165700272393009     
    12961831           3   1.4670260370533643     
    12961831           4  0.79020902196679965     
    12961831           5   1.3450741870185823     
    12961831           6   1.3221246995223961     
    12961831           7  0.79082445435891302     
    12961831           8   6.8003789330350256E-002
    12961831           9   1.0309102688972895     
    12961831          10  0.84729000654373299     
    12961850           1   1.4174837316413955     
    12961850           2   1.4390753227786539     
    12961850           3  0.72866032562855976     
    12961850           4   1.5692619151748446     
    12961850           5   1.3094826837269129     
    12961850           6   1.2788255692864672     
    12961850           7  0.41124013009567151     
    12961850           8   1.6071790707277329     
    12961850           9   7.3542686032515819E-002
    12961850          10  0.16524856490724740     
    12961860           1  0.87106907967979075     
    12961860           2  0.65892895516985805     
    12961860           3   1.2128416886326805     
    12961860           4   1.1299334576619899     
    12961860           5   1.1526727720042502     
    12961860           6   1.1905019897786424     
    12961860           7   1.1663197662090738     
    12961860           8   1.3457002305306527     
    12961860           9   1.0330317933606123     
    12961860          10  0.23900026697244925     
    12961868           1   1.3621734317780501     
    12961868           2   1.5273975863416811     
    12961868           3   1.4394141986680417E-002
    12961868           4   8.6449011413093579E-002
    12961868           5   1.5208372738913434     
    12961868           6   1.5105403093272609     
    12961868           7  0.90744142020968188     
    12961868           8   1.4437804477242071     
    12961868           9  0.38402717677724468     
    12961868          10   1.2429592005507570     
    12961892           1   1.0236091819101696     
    12961892           2   1.0713866526701521     
    12961892           3  0.55622953624371374     
    12961892           4   1.4045618112356157     
    12961892           5   1.5561822873871005     
    12961892           6  0.48241201695980274     
    12961892           7  0.70698874986985050     
    12961892           8   1.0731605012753085     
    12961892           9   1.1771951613244382     
    12961892          10  0.94827410112384691     
    12961953           1   1.1993520492262602     
    12961953           2   1.4122942285384419     
    12961953           3   1.4172254821639625     
    12961953           4   1.0554779540816162     
    12961953           5   1.2525697459695870     
    12961953           6  0.77930064214152384     
    12961953           7  0.86098753168983189     
    12961953           8   4.5166572453764833E-002
    12961953           9  0.96328236459947381     
    12961953          10   1.0143434291355398     
    12961999           1  0.78803753131436549     
    12961999           2  0.40293398598588465     
    12961999           3   1.2515379364510162     
    12961999           4   1.4780989088522425     
    12961999           5  0.77412404542767099     
    12961999           6   1.2552055783787990     
    12961999           7   1.0629000788414003     
    12961999           8   1.1446229976708258     
    12961999           9  0.96399980926822848     
    12961999          10  0.87853912780956722     
    12962062           1  0.37216571209691957     
    12962062           2  0.92072064576194756     
    12962062           3   1.2172485217380775     
    12962062           4   1.2221739932028748     
    12962062           5  0.12865091258982636     
    12962062           6   1.2470067601031880     
    12962062           7   1.3824774794005759     
    12962062           8   1.0974715958602523     
    12962062           9   1.2919853372661050     
    12962062          10   1.1200990419802317     
    12962276           1  0.99318709035624797     
    12962276           2  0.86607911994842224     
    12962276           3   1.3799533713984773     
    12962276           4   1.2605675521023278     
    12962276           5   1.0390311312721447     
    12962276           6  0.80139314859455180     
    12962276           7  0.67238987146384155     
    12962276           8   1.2962063785423463     
    12962276           9   1.4313117941054057     
    12962276          10  0.25988054221623408     
    12962321           1   1.0004536332754914     
    12962321           2   1.2794768635861515     
    12962321           3  0.86927703750759588     
    12962321           4   1.1071357958963628     
    12962321           5   1.0988107897204491     
    12962321           6  0.85621414798222195     
    12962321           7   1.1761586809805973     
    12962321           8  0.50339418756849497     
    12962321           9   1.2985243218258027     
    12962321          10  0.81055454165683305     
    12962431           1   1.3387957504407164     
    12962431           2   1.2248868198497240     
    12962431           3   1.2072040147365988     
    12962431           4  0.88954153170622596     
    12962431           5  0.98377069384608151     
    12962431           6  0.75162901582840491     
    12962431           7  0.97978397861407451     
    12962431           8  0.39703684225686781     
    12962431           9   1.1013807339402877     
    12962431          10   1.1259706187810188     
    12962475           1   1.1815994722051690     
    12962475           2   1.0259258866877980     
    12962475           3   1.2380604853531416     
    12962475           4   1.3731506191277918     
    12962475           5   1.0461226952437108     
    12962475           6   1.2554376699109273     
    12962475           7  0.79453189685195091     
    12962475           8   1.4730554058808496     
    12962475           9  0.50625910320941825     
    12962475          10  0.10585676552924289     
    12962494           1   1.2359288887532853     
    12962494           2   1.4736659885770929     
    12962494           3   1.3184918581685237     
    12962494           4  0.87917340167975300     
    12962494           5  0.53730397954100606     
    12962494           6  0.86373417404776265     
    12962494           7  0.43623683900859928     
    12962494           8   1.2921715709028023     
    12962494           9   1.0768996815661616     
    12962494          10  0.88639361775501202     
    12962499           1   1.4268933319239172     
    12962499           2  0.95717532782284420     
    12962499           3   1.3196359412150276     
    12962499           4  0.67671644033515244     
    12962499           5   1.1340152912707271     
    12962499           6   1.3271078733385373     
    12962499           7  0.90320975965019890     
    12962499           8  0.25513077607250323     
    12962499           9   1.0549964238767635     
    12962499          10  0.94511883449432987     
    12962535           1   8.1814350802717678E-002
    12962535           2  0.69930136064082438     
    12962535           3   1.1425793161556099     
    12962535           4   1.0632974772025789     
    12962535           5   6.5452362256188903E-002
    12962535           6   1.2750111968632696     
    12962535           7   1.5571939445127110     
    12962535           8   1.4959304047775106     
    12962535           9   1.3691390620917989     
    12962535          10   1.2502805246967887     
    12962545           1   1.2448539395117799     
    12962545           2   1.3875495911761768     
    12962545           3   1.1904449079399519     
    12962545           4   1.2036682503069924     
    12962545           5   1.2158333741170908     
    12962545           6  0.49995334630948962     
    12962545           7  0.89568093711578445     
    12962545           8  0.54971888101762223     
    12962545           9  0.73139088745804537     
    12962545          10   1.0809058850470679     
    12962563           1   1.0972739106811278     
    12962563           2   1.3588932269349363     
    12962563           3   1.4512975206868055     
    12962563           4  0.95299415719886382     
    12962563           5  0.48158262173523009     
    12962563           6  0.94428063518669292     
    12962563           7  0.48528741929793395     
    12962563           8   1.1427983705706737     
    12962563           9   1.1758331954318615     
    12962563          10  0.90975894227587473     
    12962572           1   1.2639399593882803     
    12962572           2  0.92168251402285784     
    12962572           3   1.1238559642417698     
    12962572           4  0.32387538242872338     
    12962572           5   1.3134558839872044     
    12962572           6   1.4230301596622958     
    12962572           7  0.35643893573875107     
    12962572           8   1.3952378558922958     
    12962572           9  0.76611143308070395     
    12962572          10   1.1123719115571171     
    12962592           1  0.75108193285074798     
    12962592           2  0.13814719455981259     
    12962592           3   1.4065280641844520     
    12962592           4   1.2179851672814941     
    12962592           5   1.0787195834974808     
    12962592           6   1.2103006471727904     
    12962592           7   1.2698125727818217     
    12962592           8   1.5831858511915584     
    12962592           9  0.70678917771475891     
    12962592          10  0.63744980876508173     
    12962610           1   1.4101286613309776     
    12962610           2   1.3402669685704998     
    12962610           3   1.0862194959019387     
    12962610           4   1.0176193936426701     
    12962610           5   1.0777812587687130     
    12962610           6  0.31454764629984028     
    12962610           7  0.95717270926692544     
    12962610           8  0.31925744024670832     
    12962610           9   1.3035983630093317     
    12962610          10   1.1734080629623942     
    12962638           1   1.1952622785672125     
    12962638           2   1.4018361494088503     
    12962638           3  0.83911141621673913     
    12962638           4  0.67677403084110410     
    12962638           5  0.99348959629122402     
    12962638           6  0.93658167750399768     
    12962638           7   1.1832319568326757     
    12962638           8  0.72565384115028420     
    12962638           9   1.1357288305380566     
    12962638          10  0.91233022264985530     
    12962650           1  0.73819587339322146     
    12962650           2  0.99089475663137094     
    12962650           3  0.33846332043038968     
    12962650           4   1.1905597325379271     
    12962650           5  0.88660004237495749     
    12962650           6  0.77002079839597504     
    12962650           7   1.3371198287034183     
    12962650           8   1.0402176787846480     
    12962650           9   1.3546283043335769     
    12962650          10   1.3532996644145152     
    12962654           1   1.2335078686194272     
    12962654           2  0.98682578332780924     
    12962654           3   1.3095767993585943     
    12962654           4  0.74523545511604883     
    12962654           5   1.2987389813812737     
    12962654           6   1.2791726110515944     
    12962654           7   1.0184801092486535     
    12962654           8   1.1554968562399837     
    12962654           9  0.83417969822434479     
    12962654          10  0.13878583743226899     
    12962657           1   1.3157465172933289     
    12962657           2   1.0474785948039953     
    12962657           3   1.1802695265631959     
    12962657           4  0.34585991943068800     
    12962657           5  0.74204830406382849     
    12962657           6   1.2958906302716753     
    12962657           7  0.54133437260747264     
    12962657           8   1.1956249858663834     
    12962657           9   1.3164103786122880     
    12962657          10   1.0193367704871430     
    12962690           1   1.1764042475027074     
    12962690           2  0.96817893756591666     
    12962690           3  0.15069107277712979     
    12962690           4   1.1337899682105108     
    12962690           5   1.3574198112291334     
    12962690           6  0.65452966357239528     
    12962690           7  0.81408146325587849     
    12962690           8   1.1557773843119981     
    12962690           9   1.3575690799422064     
    12962690          10   1.2315583716321234     
    12962700           1  0.80593687550143356     
    12962700           2   1.2710089924702210     
    12962700           3   1.4967651227247230     
    12962700           4   1.5278693428734866     
    12962700           5  0.90931417280423632     
    12962700           6  0.52236698042532925     
    12962700           7  0.31207874096814309     
    12962700           8   1.1561516151369813     
    12962700           9   1.5732144755940951     
    12962700          10  0.42529368150135149     
    12962739           1   1.1198551795080893     
    12962739           2   1.2109244651652127     
    12962739           3  0.43761998346307485     
    12962739           4   1.0756456448212399     
    12962739           5   1.1685573848270276     
    12962739           6  0.68750048569819389     
    12962739           7   1.0969897522221637     
    12962739           8  0.78035842854047077     
    12962739           9   1.2053330795283304     
    12962739          10   1.2172155962261948     
    12962752           1   1.0297707506534517     
    12962752           2   1.2404132749459904     
    12962752           3  0.44353226973127197     
    12962752           4   1.3104097127088201     
    12962752           5   1.3117519514715608     
    12962752           6  0.47574095216219675     
    12962752           7  0.61509613832269594     
    12962752           8   1.1154880485961784     
    12962752           9   1.4936735030832304     
    12962752          10  0.96412339832460359     
    12962774           1   1.2192119360213214     
    12962774           2   1.4190117521484795     
    12962774           3  0.92005429136004380     
    12962774           4   1.2937557101073252     
    12962774           5   1.3597830350744600     
    12962774           6   1.2798095471892299     
    12962774           7  0.59356794245024969     
    12962774           8   1.5341676617152460     
    12962774           9   9.1711743113792911E-003
    12962774          10  0.37146694962226490     
    12962843           1   1.0117063654044014     
    12962843           2   1.1015555146915883     
    12962843           3  0.22045538304242687     
    12962843           4  0.96761051105282514     
    12962843           5   1.3165452431317495     
    12962843           6  0.78277991728189500     
    12962843           7  0.88073248499217893     
    12962843           8   1.1356681135630342     
    12962843           9   1.3491146934856517     
    12962843          10   1.2338317733542472     
    12962860           1   1.4712640199370928     
    12962860           2   1.0029320543815010     
    12962860           3   1.3101131890939322     
    12962860           4  0.86234785265640224     
    12962860           5  0.81603734450340693     
    12962860           6  0.93744197267274176     
    12962860           7  0.68588246878024306     
    12962860           8  0.56618681487365030     
    12962860           9   1.1810852817804789     
    12962860          10   1.1667090013205508     
    12962934           1   8.1874867177852334E-002
    12962934           2  0.68444863241829423     
    12962934           3   1.2273908485195488     
    12962934           4   1.0049627975342987     
    12962934           5   6.2116434585661726E-002
    12962934           6   1.2759542961500481     
    12962934           7   1.5438450043887573     
    12962934           8   1.4970369134115420     
    12962934           9   1.4163683626018817     
    12962934          10   1.2060018432121156     
    12962939           1   1.2626833465658391     
    12962939           2   1.1121299620110747     
    12962939           3  0.84368780069449456     
    12962939           4   1.2532875095644198     
    12962939           5   1.2238671597582920     
    12962939           6   1.0868669393094936     
    12962939           7  0.94729270684296751     
    12962939           8   1.0939285398719603     
    12962939           9  0.68373142093946826     
    12962939          10  0.49252461444199253     
    12962949           1  0.84836348000036421     
    12962949           2  0.75127523567423771     
    12962949           3  0.28268734517177591     
    12962949           4  0.97484812201495941     
    12962949           5   1.0414582801405181     
    12962949           6  0.91220813955116942     
    12962949           7   1.2033926031103475     
    12962949           8   1.0740115266133692     
    12962949           9   1.6399357468324669     
    12962949          10   1.2718195208907939     
    12962955           1  0.78540956614229940     
    12962955           2  0.13761020067666488     
    12962955           3   1.4010607293656068     
    12962955           4   1.2132507201819431     
    12962955           5   1.0745264775874004     
    12962955           6   1.2055960706783317     
    12962955           7   1.2648766666528510     
    12962955           8   1.5786557923128242     
    12962955           9  0.70404180766271274     
    12962955          10  0.63497196873936690     
    12962965           1   1.1949727925725055     
    12962965           2   1.3937008129256987     
    12962965           3   1.2778412054105603     
    12962965           4  0.92458877591071209     
    12962965           5  0.80402083811490688     
    12962965           6  0.94108652662999792     
    12962965           7  0.79845787740249852     
    12962965           8  0.35913228352208459     
    12962965           9   1.1857299731534772     
    12962965          10   1.1204689143575566     
    12962972           1  0.69413483449915070     
    12962972           2  0.89529163112882504     
    12962972           3  0.59670762442517755     
    12962972           4   1.1796804525534352     
    12962972           5  0.41414252729309353     
    12962972           6   1.0534136844136235     
    12962972           7   1.2216742443706583     
    12962972           8   1.4463349924667204     
    12962972           9   1.2995533784615865     
    12962972          10   1.1990666303877282     
    12962978           1   1.2471519220219687     
    12962978           2   1.3862104853936272     
    12962978           3   1.1892960252836731     
    12962978           4   1.2025066059776599     
    12962978           5   1.2009826570363078     
    12962978           6  0.49947084793876073     
    12962978           7  0.91464535293303972     
    12962978           8  0.54918835458669046     
    12962978           9  0.73068503177337119     
    12962978          10   1.0798627170549016     
    12962981           1   1.0239179258663649     
    12962981           2   1.0293265504014932     
    12962981           3  0.97673814315295737     
    12962981           4  0.88661306270791540     
    12962981           5  0.66772917369848028     
    12962981           6   1.1522120319118352     
    12962981           7   1.0288744748201601     
    12962981           8   1.1301654010475020     
    12962981           9   1.0609002831588239     
    12962981          10   1.0435229532344663     
    12962990           1   1.0245003226313241     
    12962990           2   1.0723193878303761     
    12962990           3  0.55671378237867963     
    12962990           4   1.4202925595539939     
    12962990           5   1.5253222718686021     
    12962990           6  0.47742132748898219     
    12962990           7  0.72201589942712152     
    12962990           8   1.0740947807248500     
    12962990           9   1.1782200119837931     
    12962990          10  0.94909965611227576     
    12963020           1   1.3104818788660106     
    12963020           2   1.4131769177261186     
    12963020           3  0.23552995638709087     
    12963020           4  0.29916880965505105     
    12963020           5   1.4672431763945899     
    12963020           6   1.3569345930120893     
    12963020           7   1.1911515004234932     
    12963020           8   1.2685779845873930     
    12963020           9  0.66768368297017555     
    12963020          10  0.79005149997798751     
    12963028           1   1.6421203817065229     
    12963028           2   1.4138191572340864     
    12963028           3  0.23232738362115021     
    12963028           4  0.71264565430529725     
    12963028           5   1.3990766635258132     
    12963028           6   1.3321748178085613     
    12963028           7   1.1302809831253648     
    12963028           8   1.3863765921922691     
    12963028           9  0.49063388087593934     
    12963028          10  0.26054448560499455     
    12963035           1   1.2980174680877810     
    12963035           2   1.1740396533050577     
    12963035           3  0.81910035429130057     
    12963035           4   1.0667556028454814     
    12963035           5   1.3211086995798238     
    12963035           6   1.0858004827504717     
    12963035           7  0.99588813123642073     
    12963035           8  0.61195769764072339     
    12963035           9   1.0594861404089417     
    12963035          10  0.56784576985399904     
    12963056           1  0.78676788606375059     
    12963056           2  0.13784818947261512     
    12963056           3   1.4034837819764983     
    12963056           4   1.2153489663632733     
    12963056           5   1.0590903930061728     
    12963056           6   1.2076810785909156     
    12963056           7   1.2670641968900140     
    12963056           8   1.5813859852010330     
    12963056           9  0.70525940680347687     
    12963056          10  0.63607011563225246     
    12963087           1   1.2234612430196594     
    12963087           2   1.4801033490063797     
    12963087           3   1.3242513772046562     
    12963087           4  0.84747344797374191     
    12963087           5  0.54601279640513678     
    12963087           6  0.86750719197484838     
    12963087           7  0.43814243619751353     
    12963087           8   1.2978161160051906     
    12963087           9   1.0849664241240424     
    12963087          10  0.89026561808883120     
    12963102           1   1.0927538400013344     
    12963102           2   1.3836549331056871     
    12963102           3  0.82458070519078852     
    12963102           4  0.96557190744599131     
    12963102           5   1.2333503810802513     
    12963102           6  0.91164724451346701     
    12963102           7   1.1247268916302058     
    12963102           8  0.43765812043915098     
    12963102           9   1.2398956558215184     
    12963102          10  0.78616032077160725     
    12963106           1   1.3606961079004585     
    12963106           2   1.1339380291806775     
    12963106           3  0.49819181096443704     
    12963106           4  0.32142621344611838     
    12963106           5   1.4580715368323764     
    12963106           6   1.6500560819685148     
    12963106           7  0.23790911863532402     
    12963106           8   1.6618242130677936     
    12963106           9  0.55699216778833105     
    12963106          10   1.1208947202159685     
    12963157           1   1.3874338263529689     
    12963157           2   1.2131834840274232     
    12963157           3  0.45143226327859293     
    12963157           4  0.33864223916317598     
    12963157           5   1.4653568266880812     
    12963157           6   1.6671916935091255     
    12963157           7  0.26335600507351842     
    12963157           8   1.6748324433522657     
    12963157           9  0.42964476069396446     
    12963157          10   1.1089264578608828     
    12963170           1   1.1573264985805503     
    12963170           2  0.95007450759841938     
    12963170           3  0.14824731549101378     
    12963170           4   1.1540703682801696     
    12963170           5   1.4040793543349155     
    12963170           6  0.66614815551970696     
    12963170           7  0.80087950330788682     
    12963170           8   1.1543732660996853     
    12963170           9   1.3532148425668462     
    12963170          10   1.2115861882208048     
    12963225           1  0.63032957443310955     
    12963225           2  0.82644516612732888     
    12963225           3  0.75654420119068788     
    12963225           4   1.1387119259005654     
    12963225           5  0.38736712953420804     
    12963225           6  0.58102647221688175     
    12963225           7   1.4543935414642482     
    12963225           8   1.5816703977713098     
    12963225           9   1.2954775541053969     
    12963225          10   1.3480340372562629     
    12963233           1  0.95219834360237310     
    12963233           2   1.3596047508717861     
    12963233           3   1.3407992373054969     
    12963233           4   1.3042409652378837     
    12963233           5   1.1967404905656851     
    12963233           6  0.88531348715491476     
    12963233           7  0.46470105942487694     
    12963233           8   1.1683634477090830     
    12963233           9   1.1989555691380114     
    12963233          10  0.12908264898988908     
    12963234           1  0.88752592185353663     
    12963234           2   1.3111347634358752     
    12963234           3   1.3265202405639758     
    12963234           4   1.3938669083499757     
    12963234           5   1.0594686988064455     
    12963234           6  0.44401880741664052     
    12963234           7  0.34343892431689266     
    12963234           8   1.0263520162065647     
    12963234           9   1.3669161533725698     
    12963234          10  0.84075756567752435     
    12963239           1   1.4181288649843389     
    12963239           2   1.2622490936333137     
    12963239           3   1.0874582572286371     
    12963239           4  0.29020965305224633     
    12963239           5  0.77338724541022585     
    12963239           6   1.5185832266755019     
    12963239           7  0.27333206754396505     
    12963239           8   1.6843165614867677     
    12963239           9  0.97606725341540257     
    12963239          10  0.71626777656960139     
    12963261           1   1.1264177859072804     
    12963261           2   1.2180207583194052     
    12963261           3  0.44018453623421994     
    12963261           4   1.0819491732784343     
    12963261           5   1.1754053972413261     
    12963261           6  0.69152939512277833     
    12963261           7   1.0598795089098312     
    12963261           8  0.78493150665852873     
    12963261           9   1.2123966058892512     
    12963261          10   1.2092853324389448     
    12963280           1   1.4079947703213551     
    12963280           2   1.3029703382569642     
    12963280           3   1.3700521534177872     
    12963280           4  0.83506444616973297     
    12963280           5  0.81809252431833246     
    12963280           6  0.76049386837032551     
    12963280           7  0.88844097822909884     
    12963280           8  0.32594323382882390     
    12963280           9   1.1064309270487092     
    12963280          10   1.1845167600388704     
    12963282           1   1.4496406092551974     
    12963282           2   1.1464947918348354     
    12963282           3   1.3238638770198947     
    12963282           4  0.85675025870439181     
    12963282           5  0.70646409607627270     
    12963282           6   1.1035684930736773     
    12963282           7  0.45432850649084566     
    12963282           8  0.71147226703376309     
    12963282           9   1.2148025155895716     
    12963282          10   1.0326145849215500     
    12963293           1   1.0939703780480687     
    12963293           2   1.0150431367215451     
    12963293           3  0.46047797649308597     
    12963293           4   1.4077434584356268     
    12963293           5   1.5872274828665869     
    12963293           6  0.52464982177914776     
    12963293           7  0.63160253318363691     
    12963293           8   1.0279355809845099     
    12963293           9   1.2379152138803762     
    12963293          10   1.0134344176074155     
    12963294           1  0.89721511695188139     
    12963294           2   1.3930748623919897     
    12963294           3   1.3344250234810537     
    12963294           4   1.4345750146420133     
    12963294           5   1.1653978192155845     
    12963294           6  0.52866618837980606     
    12963294           7  0.49668404294599450     
    12963294           8  0.96881564473170978     
    12963294           9   1.5044744771396639     
    12963294          10  0.27667181012030528     
    12963303           1   2.3474868519286447E-002
    12963303           2  0.40080015293582372     
    12963303           3   1.3794148082977125     
    12963303           4   1.1701895412593761     
    12963303           5  0.18501550787545934     
    12963303           6   1.3518447795817576     
    12963303           7   1.2165853617457389     
    12963303           8   1.5602444582433419     
    12963303           9   1.4108476643340779     
    12963303          10   1.3015828572074257     
    12963317           1   1.2117266997831240     
    12963317           2   1.3843776933567364     
    12963317           3   1.3114401820210448     
    12963317           4  0.91840376716996197     
    12963317           5  0.79864236495900276     
    12963317           6  0.93479115668320678     
    12963317           7  0.79311661750456075     
    12963317           8  0.35672987893905067     
    12963317           9   1.1777980682469960     
    12963317          10   1.1129735713363154     
    12963319           1   1.2041817237690136     
    12963319           2   1.2858265798202724     
    12963319           3  0.81162970053646000     
    12963319           4   1.2310520461058951     
    12963319           5   1.2335663195062592     
    12963319           6  0.29712570976321290     
    12963319           7   1.0370123518091909     
    12963319           8  0.89890407265203309     
    12963319           9  0.79247259958870953     
    12963319          10   1.2082288964489551     
    12963327           1   1.2034432548579743     
    12963327           2   1.1774599180030683     
    12963327           3  0.80588540523568974     
    12963327           4   1.0446131722444028     
    12963327           5   1.0139249379923392     
    12963327           6  0.53529926675051542     
    12963327           7  0.49682043413333654     
    12963327           8   1.2165431752827578     
    12963327           9   1.3223168886033554     
    12963327          10   1.1836935468965615     
    12963370           1   1.2920927483386890     
    12963370           2   1.1686808225565004     
    12963370           3  0.81536162182824135     
    12963370           4   1.0618864634517382     
    12963370           5   1.3150785813452606     
    12963370           6   1.0808444141906224     
    12963370           7   1.0423777518572965     
    12963370           8  0.60377354114301018     
    12963370           9   1.0546501820229446     
    12963370          10  0.56525387326569776     
    12963381           1   1.0316835148339774     
    12963381           2   1.0681304769229005     
    12963381           3  0.90417916098539719     
    12963381           4   1.0405266648743496     
    12963381           5  0.53385739536270194     
    12963381           6  0.95964402739330201     
    12963381           7   1.0579425972806604     
    12963381           8   1.1688420289631216     
    12963381           9   1.1339602438734639     
    12963381          10   1.1012338895101279     
    12963403           1   1.2259068281324719     
    12963403           2   1.1201695719745126     
    12963403           3   1.4717553650124446     
    12963403           4  0.79275645979456411     
    12963403           5   1.3494103724706696     
    12963403           6   1.2941493826245476     
    12963403           7  0.79337387618801447     
    12963403           8   6.8223016674705664E-002
    12963403           9   1.0342336678246813     
    12963403          10  0.85002145930338890     
    12963433           1  0.85234586107056265     
    12963433           2  0.72246597687375014     
    12963433           3  0.28401433384907759     
    12963433           4  0.97942424628121039     
    12963433           5   1.0463470852788901     
    12963433           6  0.90188418861249919     
    12963433           7   1.2090415590539030     
    12963433           8   1.0790531429412644     
    12963433           9   1.6476339201137171     
    12963433          10   1.2777896859251279     
    12963434           1  0.57880392325832275     
    12963434           2  0.82557764914173604     
    12963434           3  0.50151344339854131     
    12963434           4   1.0645381442479471     
    12963434           5  0.44353443907216317     
    12963434           6   1.0309043076181525     
    12963434           7   1.4906887863120752     
    12963434           8   1.4044547203287434     
    12963434           9   1.3191073542738039     
    12963434          10   1.3408772323485170     
    12963454           1  0.62095951925673376     
    12963454           2  0.11968221768173530     
    12963454           3   1.3168602031469736     
    12963454           4   1.2021056344517054     
    12963454           5  0.98006433445343855     
    12963454           6   1.3200539374018556     
    12963454           7   1.2087422061155544     
    12963454           8   1.3914132080067294     
    12963454           9  0.89239293587369495     
    12963454          10  0.94772580361157877     
    12963461           1   1.0236486878862503     
    12963461           2  0.86642274729971103     
    12963461           3   1.3805008845655700     
    12963461           4   1.2610676975036803     
    12963461           5   1.0394433794228295     
    12963461           6  0.79871613120842333     
    12963461           7  0.67265665026642740     
    12963461           8   1.2656804845399214     
    12963461           9   1.4318796843470110     
    12963461          10  0.25998365296017922     
    12963474           1  0.85117265217234916     
    12963474           2   1.3506292047613424     
    12963474           3  0.53682350369922693     
    12963474           4   1.2517483664416318     
    12963474           5   1.0844904158098647     
    12963474           6  0.45049239810501346     
    12963474           7   1.3481486655417867     
    12963474           8  0.46479479348748143     
    12963474           9   1.4325542468291912     
    12963474          10   1.2291457531521117     
    12963504           1   4.3722967955821092E-003
    12963504           2  0.35756215325537000     
    12963504           3   1.3422356288369017     
    12963504           4   1.1945348415875003     
    12963504           5   3.3792206740575729E-004
    12963504           6   1.3091669825691530     
    12963504           7   1.5610683686583460     
    12963504           8   1.5727488161440724     
    12963504           9   1.4229154435178026     
    12963504          10   1.2350575465678653     
    12963506           1   1.1870161685309288     
    12963506           2   1.1284434363463713     
    12963506           3   1.0663043582523262     
    12963506           4   1.2564011519071068     
    12963506           5   1.2244114853622663     
    12963506           6   1.0620886683751529     
    12963506           7  0.78536761691882928     
    12963506           8   1.1509924113410692     
    12963506           9  0.82554521035700046     
    12963506          10  0.31342949260894926     
    12963513           1   1.3594494505401675     
    12963513           2   1.5243432011430569     
    12963513           3   1.4365357566288400E-002
    12963513           4   8.6276136594344993E-002
    12963513           5   1.4907390609115780     
    12963513           6   1.5075196341579458     
    12963513           7  0.95268104344938831     
    12963513           8   1.4408932743588532     
    12963513           9  0.38325922550175046     
    12963513          10   1.2404736157766256     
    12963515           1   1.0797936587156696     
    12963515           2   1.3505738609935716     
    12963515           3   1.3219203190751498     
    12963515           4   1.1351046269986154     
    12963515           5   1.2058705679079047     
    12963515           6   1.1248662280136865     
    12963515           7  0.87937714554389590     
    12963515           8  0.23026643230170610     
    12963515           9  0.74660700144419734     
    12963515          10  0.92562015900560202     
    12963522           1   1.2385469184452143     
    12963522           2   1.4292808587086097     
    12963522           3  0.32959169649326020     
    12963522           4  0.67773754293568389     
    12963522           5  0.81063491653305475     
    12963522           6  0.99783964729673635     
    12963522           7  0.96798014574678970     
    12963522           8   1.3700562986835030     
    12963522           9   1.2027538702006402     
    12963522          10  0.97557810495650843     
    12963539           1   1.2304465769735047     
    12963539           2   1.3638942760795232     
    12963539           3   1.1279624543870768     
    12963539           4  0.90205376140392668     
    12963539           5  0.49254369502751738     
    12963539           6  0.85241387571478544     
    12963539           7  0.53660973347627483     
    12963539           8   1.3961496870609238     
    12963539           9   1.1669536918814150     
    12963539          10  0.93097224799505196     
    12963558           1   1.2294244670587846     
    12963558           2   1.3627613135533161     
    12963558           3   1.1270254761958767     
    12963558           4  0.90961126225612188     
    12963558           5  0.49213454780931082     
    12963558           6  0.85170579078845243     
    12963558           7  0.53616398138984900     
    12963558           8   1.3949899305430193     
    12963558           9   1.1659843243681787     
    12963558          10  0.93019890603708943     
    12963562           1   1.2539185082213489     
    12963562           2   1.2740686862604356     
    12963562           3   1.0244270590673381     
    12963562           4   1.1822917373822077     
    12963562           5   1.2964069568901249     
    12963562           6   1.2768954031591928     
    12963562           7  0.75230437338702649     
    12963562           8  0.98455212813048920     
    12963562           9  0.79539463049619763     
    12963562          10  0.15974051700563838     
    12963564           1   1.4119699407052229     
    12963564           2   1.2567671541699661     
    12963564           3   1.0997034301068116     
    12963564           4  0.31822131517677243     
    12963564           5  0.77002842971968677     
    12963564           6   1.5119880297681085     
    12963564           7  0.27214498818282667     
    12963564           8   1.6741914820253276     
    12963564           9  0.97182819979090940     
    12963564          10  0.71315703035436817     
    12963574           1   1.1411537062580088     
    12963574           2   1.3576219801838059     
    12963574           3  0.67285465220574436     
    12963574           4   1.0566922382247310     
    12963574           5   1.1033985914771469     
    12963574           6  0.42154504540694437     
    12963574           7   1.2460465105003804     
    12963574           8  0.72904313358475636     
    12963574           9   1.0756149552790089     
    12963574          10   1.1960291868794750     
    12963581           1   1.3692382375603045     
    12963581           2   1.1284491748673924     
    12963581           3   1.3642139758379670     
    12963581           4  0.79267736504384601     
    12963581           5   1.1845313563933950     
    12963581           6   1.2296199471539564     
    12963581           7  0.76688792665386141     
    12963581           8  0.11317655264311406     
    12963581           9   1.0977896868445338     
    12963581          10  0.95341577700162883     
    12963592           1  0.95723632922633617     
    12963592           2   1.3275190440247069     
    12963592           3   1.3478932711562706     
    12963592           4   1.2975118179469178     
    12963592           5   1.2030723240829277     
    12963592           6  0.88999759173349791     
    12963592           7  0.46715974597117554     
    12963592           8   1.1745451411479242     
    12963592           9   1.2052991224130949     
    12963592          10  0.12976561229714906     
    12963596           1  0.95363259284120150     
    12963596           2   1.3616526562185527     
    12963596           3   1.3428188168378998     
    12963596           4   1.2926270362000145     
    12963596           5   1.1985430815376199     
    12963596           6  0.88664699104473754     
    12963596           7  0.46391695320549192     
    12963596           8   1.1701232957457979     
    12963596           9   1.2007614965731714     
    12963596          10  0.12927707979551231     
    12963603           1  0.81493561960564997     
    12963603           2   1.3351686971232111     
    12963603           3  0.88104505626417795     
    12963603           4   1.0883565454046789     
    12963603           5   1.0051582662934162     
    12963603           6   1.0392383999180663     
    12963603           7   1.1695172783409002     
    12963603           8  0.43505425779904872     
    12963603           9   1.2518457390938889     
    12963603          10  0.97968014015696214     
    12963612           1   1.0736273001073948     
    12963612           2   1.1383043617177702     
    12963612           3  0.33440418669134031     
    12963612           4   1.1042831008694824     
    12963612           5   1.1369378718583278     
    12963612           6  0.86074597418026388     
    12963612           7   1.2230889747329678     
    12963612           8  0.78679831477270912     
    12963612           9   1.2018979855527350     
    12963612          10   1.1399119295170075     
    12963614           1   1.4128180679299771     
    12963614           2   1.3789971782090356     
    12963614           3  0.30505548418786255     
    12963614           4  0.47960291088626195     
    12963614           5   1.4434022406821410     
    12963614           6   1.2131957772240922     
    12963614           7   1.7716124743015020     
    12963614           8   1.2068501999059498     
    12963614           9  0.29629029211048852     
    12963614          10  0.49217537456268923     
    12963622           1   1.1895328286689042     
    12963622           2   1.4007316281069453     
    12963622           3   1.4617539337979972     
    12963622           4   1.0468366457758185     
    12963622           5   1.2423148265678308     
    12963622           6  0.77292042634866032     
    12963622           7  0.85393853679608911     
    12963622           8   4.4796789005252427E-002
    12963622           9  0.95539587121905578     
    12963622          10   1.0317785137134481     
    12963624           1  0.57691372136109265     
    12963624           2  0.87559402531284658     
    12963624           3  0.50870287795182823     
    12963624           4   1.0610616784897264     
    12963624           5  0.44208598717933290     
    12963624           6  0.99865501673201929     
    12963624           7   1.4858206389847302     
    12963624           8   1.3998681878774863     
    12963624           9   1.3147995409997293     
    12963624          10   1.3364983251112095     
    12963640           1   1.4240181188043144     
    12963640           2  0.95524660407121964     
    12963640           3   1.3169768534707706     
    12963640           4  0.67535284577347687     
    12963640           5   1.1317302321353708     
    12963640           6   1.3244337295303197     
    12963640           7  0.90138977739041914     
    12963640           8  0.27784820005935074     
    12963640           9   1.0528705890359946     
    12963640          10  0.94013304972876410     
    12963655           1   1.2592052103746589     
    12963655           2   1.0609132320796382     
    12963655           3   1.3016288832775595     
    12963655           4  0.81181503394807852     
    12963655           5  0.68599357532455807     
    12963655           6   1.0457648278216420     
    12963655           7  0.73918564477607318     
    12963655           8  0.70555287374307518     
    12963655           9   1.2362209715571599     
    12963655          10   1.1537197470975540     
    12963658           1   1.1238228573088305     
    12963658           2  0.96623841886489847     
    12963658           3   1.1523911706930552     
    12963658           4  0.70638384994981052     
    12963658           5  0.82378469526584075     
    12963658           6   1.0888694679207354     
    12963658           7  0.81593866003846161     
    12963658           8  0.94518225770582931     
    12963658           9   1.1635187774446680     
    12963658          10   1.2138698448078691     
    12963664           1   1.4031504741678920     
    12963664           2   1.3738379573115012     
    12963664           3  0.93226965608576751     
    12963664           4   1.2677634525398576     
    12963664           5   1.2447635122815406     
    12963664           6   1.1339138813613932     
    12963664           7  0.76090068316002901     
    12963664           8  0.91762469391295431     
    12963664           9  0.84541426295685651     
    12963664          10  0.12036142622220758     
    12963676           1   1.0723667392401859     
    12963676           2   1.0909805457750974     
    12963676           3   1.1988627401767524     
    12963676           4  0.83680497088252703     
    12963676           5  0.81708634932960378     
    12963676           6   1.0535235639590119     
    12963676           7  0.49435091999617153     
    12963676           8   1.1639315096694811     
    12963676           9   1.1274214855579927     
    12963676          10   1.1446711754131762     
    12963689           1   1.4053314221960949     
    12963689           2   1.3716897523092515     
    12963689           3  0.30343896866393621     
    12963689           4  0.47706145337786171     
    12963689           5   1.4357535267586898     
    12963689           6   1.2100780488871643     
    12963689           7   1.7622245458244439     
    12963689           8   1.2004549958059632     
    12963689           9  0.34439999170003327     
    12963689          10  0.48956729447656006     
    12963700           1  0.75807724946771837     
    12963700           2  0.86163848183659941     
    12963700           3  0.71608960964024193     
    12963700           4  0.75713726871047260     
    12963700           5  0.81653650874977879     
    12963700           6   1.1643442637627188     
    12963700           7   1.1237232235017358     
    12963700           8   1.3331894581591388     
    12963700           9   1.3021480635874878     
    12963700          10   1.1671158725841084     
    12963704           1   1.2492596531570228     
    12963704           2   1.3455124873489108     
    12963704           3  0.70141518526948909     
    12963704           4   1.4557947056140805     
    12963704           5   1.3472211630146502     
    12963704           6   1.2333307475319029     
    12963704           7  0.56081273976702928     
    12963704           8   1.4628138263058836     
    12963704           9  0.43643156517770876     
    12963704          10  0.20740792681332243     
    12963719           1   1.2113554449158135     
    12963719           2   1.0595244106115309     
    12963719           3   1.3052834794868016     
    12963719           4  0.81984703018610483     
    12963719           5  0.47390869030433558     
    12963719           6  0.93699109847991313     
    12963719           7  0.40808170403859800     
    12963719           8   1.3032307305924542     
    12963719           9   1.4208944262019116     
    12963719          10   1.0608829851825361     
    12963720           1   1.2000544037725249     
    12963720           2   1.4074564843476833     
    12963720           3  0.84247563764313427     
    12963720           4  0.67948739840038352     
    12963720           5  0.95647718906671020     
    12963720           6  0.94033668319946806     
    12963720           7   1.1888787545958142     
    12963720           8  0.72856318090346095     
    12963720           9   1.1402822702749364     
    12963720          10  0.91598799779588391     
    12963728           1   4.3746920549734471E-003
    12963728           2  0.35775803522441590     
    12963728           3   1.3429709408812736     
    12963728           4   1.1932545781449091     
    12963728           5   3.3810719001827339E-004
    12963728           6   1.3098841787377653     
    12963728           7   1.5583799606551265     
    12963728           8   1.5736104093862993     
    12963728           9   1.4236949540905086     
    12963728          10   1.2357341436347085     
    12963746           1  0.84676914397086589     
    12963746           2  0.92534195640620676     
    12963746           3  0.22157556815349999     
    12963746           4  0.96667802390051638     
    12963746           5   1.0712978840341227     
    12963746           6  0.93542720836672588     
    12963746           7   1.1692505551581489     
    12963746           8   1.0168862859818271     
    12963746           9   1.5773439933696065     
    12963746          10   1.2694293806584793     
    12963761           1  0.78469158974307041     
    12963761           2  0.94643323807453716     
    12963761           3  0.86123211946849965     
    12963761           4  0.71965893870091469     
    12963761           5  0.83455530382089249     
    12963761           6   1.1522423262414339     
    12963761           7   1.0916968303311663     
    12963761           8   1.2386715503999530     
    12963761           9   1.2454865857007400     
    12963761          10   1.1253315175187917     
    12963771           1  0.95682104025588810     
    12963771           2  0.34156690502807668     
    12963771           3   1.3231256617385885     
    12963771           4   1.2551761538012129     
    12963771           5   1.1111690583240461     
    12963771           6  0.91349488147405977     
    12963771           7   1.3607037013652274     
    12963771           8   1.4078819783573999     
    12963771           9   1.1887956770045924     
    12963771          10  0.14126494265090650     
    12963774           1   1.0755807050876098     
    12963774           2   1.1403754430035735     
    12963774           3  0.33501261645427782     
    12963774           4   1.1062922823690493     
    12963774           5   1.1280851897555637     
    12963774           6  0.86231205346354545     
    12963774           7   1.2180411518792309     
    12963774           8  0.78822985041487104     
    12963774           9   1.2040847718895338     
    12963774          10   1.1419859356827433     
    12963776           1   1.3826865387014902     
    12963776           2  0.40954852475217518     
    12963776           3  0.71839192071215563     
    12963776           4  0.90818620127266880     
    12963776           5   1.3740077162363329     
    12963776           6   1.2318060728578408     
    12963776           7   1.4489873531365007     
    12963776           8   1.6134560963133879     
    12963776           9  0.78970811217995673     
    12963776          10  0.12322146383749066     
    12963781           1   1.4387907869582726     
    12963781           2   1.3703157312272880     
    12963781           3   7.7781620865275555E-002
    12963781           4  0.65494261769222739     
    12963781           5   1.4547686087828697     
    12963781           6   1.3165094079303425     
    12963781           7   1.2862627846637584     
    12963781           8   1.4017336983009949     
    12963781           9  0.47991045136097976     
    12963781          10  0.51898429221799014     
    12963789           1   1.3922845983603713     
    12963789           2   1.1795384651146061     
    12963789           3  0.69765140838791895     
    12963789           4  0.19504888742631082     
    12963789           5   1.3295535417110400     
    12963789           6   1.5138130794611220     
    12963789           7  0.24499957079704954     
    12963789           8   1.7336601734791419     
    12963789           9  0.76290511474734046     
    12963789          10  0.95054516051509896     
    12963795           1  0.53913579458538496     
    12963795           2   1.0895558996545058     
    12963795           3   1.1873142452521779     
    12963795           4   1.2458418793417927     
    12963795           5  0.32772803846004839     
    12963795           6   1.2945570472121095     
    12963795           7   1.2967616512417015     
    12963795           8  0.81557941834203962     
    12963795           9   1.2810881362194084     
    12963795          10  0.92243788969083107     
    12963797           1   1.1672336098476741     
    12963797           2   1.2700307009109895     
    12963797           3  0.68198093445136343     
    12963797           4   1.3466059120537361     
    12963797           5   1.4438653546438553     
    12963797           6   1.2757635046125100     
    12963797           7  0.83333323664921233     
    12963797           8   1.5539931019265041     
    12963797           9  0.38310697192111037     
    12963797          10   4.4086672983043348E-002
    12963801           1   1.0877799179348322     
    12963801           2  0.12226753380654810     
    12963801           3   1.0536934450832325     
    12963801           4   1.2410955872156286     
    12963801           5   1.1176130134924593     
    12963801           6  0.59787923192844683     
    12963801           7   1.3158548650970225     
    12963801           8   1.4163145828038761     
    12963801           9   1.1846041493900707     
    12963801          10  0.86289767324788380     
    12963804           1   1.3908339685668243     
    12963804           2   1.4933813549871127     
    12963804           3   8.1389132279417978E-002
    12963804           4  0.33282079808417869     
    12963804           5   1.6001765637736918     
    12963804           6   1.5959296985185458     
    12963804           7  0.70133475602282691     
    12963804           8   1.4116698699505932     
    12963804           9  0.33789091040806507     
    12963804          10   1.0545729474087453     
    12963808           1   1.4641563975575678     
    12963808           2   1.4246732864113101     
    12963808           3   1.4122012512636288     
    12963808           4  0.87383418349008735     
    12963808           5   1.0536548108578878     
    12963808           6  0.54292157996014057     
    12963808           7  0.80056784067506748     
    12963808           8  0.24100971874958080     
    12963808           9   1.0392664782534680     
    12963808          10   1.1477144527812602     
    12963811           1  0.86410976968901976     
    12963811           2   1.2155597991958713     
    12963811           3   1.5469041327894673     
    12963811           4   1.4911474738067223     
    12963811           5  0.93684320973935176     
    12963811           6  0.53724593868992387     
    12963811           7  0.26211622019130731     
    12963811           8   1.1491754399976062     
    12963811           9   1.6043173517821072     
    12963811          10  0.39258066411862375     
    12963830           1   1.1026083352254252     
    12963830           2   1.1961232778173421     
    12963830           3   1.2412871223200324     
    12963830           4   1.2213485146985923     
    12963830           5   1.4149584450104498     
    12963830           6  0.86114577738874853     
    12963830           7  0.86730844977607680     
    12963830           8  0.35717305586057713     
    12963830           9  0.72038243315210282     
    12963830          10   1.0176645887506532     
    12963841           1  0.78409423930893662     
    12963841           2  0.15574800809339467     
    12963841           3   1.3987143704059664     
    12963841           4   1.2112188869873333     
    12963841           5   1.0727269661349599     
    12963841           6   1.2035770567392112     
    12963841           7   1.2627583753914970     
    12963841           8   1.5743907693509307     
    12963841           9  0.70286274756292755     
    12963841          10  0.63390858002484141     
    12963848           1   8.2008628550166426E-002
    12963848           2  0.71722165723602171     
    12963848           3   1.1814039585950080     
    12963848           4   1.0066046347372928     
    12963848           5   6.2217916027034789E-002
    12963848           6   1.2780388601138875     
    12963848           7   1.5463672292612411     
    12963848           8   1.4994826665326775     
    12963848           9   1.4186823251451413     
    12963848          10   1.2079721238015297     
    12963850           1   1.1688460343137099     
    12963850           2   1.0776620210948997     
    12963850           3  0.81787714008579393     
    12963850           4   1.3433820525771547     
    12963850           5   1.4410284209206823     
    12963850           6   1.1181034476326475     
    12963850           7  0.98201068803758740     
    12963850           8   1.0678462016862249     
    12963850           9  0.78355307587128153     
    12963850          10  0.19969091778001852     
    12963854           1   1.2622085920037205     
    12963854           2   1.1751148752705005     
    12963854           3  0.47742250817768150     
    12963854           4   1.1315576449312810     
    12963854           5   1.1997954387098744     
    12963854           6  0.39722269783696557     
    12963854           7   1.0860197029899410     
    12963854           8   1.1241570036857862     
    12963854           9  0.90257898512727663     
    12963854          10   1.2439225512669725     
    12963855           1  0.46801489019195841     
    12963855           2   1.2606915084565231     
    12963855           3  0.23724898292300159     
    12963855           4   1.3463358701126662     
    12963855           5  0.81419058118738097     
    12963855           6   1.0547614793900473     
    12963855           7   1.3506204730009619     
    12963855           8  0.56405809077250302     
    12963855           9   1.5097473364923630     
    12963855          10   1.3943307874725950     
    12963857           1  0.73447441486788534     
    12963857           2  0.86378579258455068     
    12963857           3  0.71844500285415502     
    12963857           4  0.75902414937916218     
    12963857           5  0.81857141974585657     
    12963857           6   1.1672459551386238     
    12963857           7   1.1265236821702072     
    12963857           8   1.3365119328546264     
    12963857           9   1.3053931792494593     
    12963857          10   1.1700244711554750     
    12963859           1   1.3297652484697067     
    12963859           2   1.5129998421992856     
    12963859           3  0.90687495298165721     
    12963859           4  0.95845274546544401     
    12963859           5   1.1262066710139031     
    12963859           6  0.29757315782058807     
    12963859           7   1.2131941618917796     
    12963859           8  0.36255938871774701     
    12963859           9   1.2461949517974762     
    12963859          10   1.0461788796424132     
    12963860           1   1.2004658500660195     
    12963860           2   1.4079390397651037     
    12963860           3  0.87520591966192995     
    12963860           4  0.67972036498145616     
    12963860           5  0.92183834069817505     
    12963860           6  0.94065908361875161     
    12963860           7   1.1883831543543046     
    12963860           8  0.72881297342904727     
    12963860           9   1.1406732233118717     
    12963860          10  0.91630205011334043     
    12963861           1   1.1558812383540107     
    12963861           2   1.2870483136529349     
    12963861           3   1.1962472768839048     
    12963861           4  0.91761307486844823     
    12963861           5  0.54018868125396835     
    12963861           6  0.77222120368171843     
    12963861           7  0.26061911061246862     
    12963861           8   1.2702368556625678     
    12963861           9   1.3963630861638616     
    12963861          10   1.2035811588661163     
    12963864           1  0.73680177547105186     
    12963864           2  0.98902343172818685     
    12963864           3  0.33782412556524682     
    12963864           4   1.1883113362664599     
    12963864           5  0.88492568016105233     
    12963864           6  0.78943146407682263     
    12963864           7   1.3345946507092381     
    12963864           8   1.0382532065397247     
    12963864           9   1.3520700612270384     
    12963864          10   1.3487642682551797     
    12963865           1   1.0986594498576496     
    12963865           2   1.1223609828221601     
    12963865           3  0.78900779163280887     
    12963865           4   1.3516197118877131     
    12963865           5   1.2587964646604559     
    12963865           6  0.62368226299616036     
    12963865           7   1.0062375922329618     
    12963865           8  0.86918883276905046     
    12963865           9   1.0039498939943778     
    12963865          10  0.87649701714666250     
    12963866           1   1.4490910532487318     
    12963866           2   1.1460601578329925     
    12963866           3   1.3233620027341482     
    12963866           4  0.85642546630570626     
    12963866           5  0.72596388043558679     
    12963866           6   1.0871735098317268     
    12963866           7  0.45415627141543691     
    12963866           8  0.71120254924627435     
    12963866           9   1.2143419862591640     
    12963866          10   1.0322231226902323     
    12963867           1   1.2890747134033216     
    12963867           2   1.2641073679741215     
    12963867           3   1.0164175662460091     
    12963867           4   1.1999010830813879     
    12963867           5   1.3050026002794084     
    12963867           6   1.2669119841595986     
    12963867           7  0.73406287285765970     
    12963867           8  0.97685439784048245     
    12963867           9  0.78917582992206714     
    12963867          10  0.15849158423594287     
    12963872           1   1.1720548298240268     
    12963872           2   1.1766588162699834     
    12963872           3  0.88919187032662428     
    12963872           4   1.1886541174905803     
    12963872           5   1.4381002789202959     
    12963872           6   1.3103033344482846     
    12963872           7   1.0313642047074327     
    12963872           8  0.42092257234364677     
    12963872           9  0.87028252584303134     
    12963872          10  0.50246744982609459     
    12963874           1  0.55548010766228462     
    12963874           2  0.92126347042654255     
    12963874           3  0.46245373238699050     
    12963874           4   1.1148173439441544     
    12963874           5  0.46145831397146431     
    12963874           6   1.0673243922740423     
    12963874           7   1.4517048820109810     
    12963874           8   1.4224761949346663     
    12963874           9   1.3076567673074886     
    12963874          10   1.2353647950813846     
    12963881           1   1.1853677401443292     
    12963881           2   1.0154820950148313     
    12963881           3   1.2176553662183494     
    12963881           4  0.82454099460059160     
    12963881           5  0.88536644880970783     
    12963881           6   1.0057075201307260     
    12963881           7  0.63334132304341551     
    12963881           8  0.79760366271973238     
    12963881           9   1.2667457649573699     
    12963881          10   1.1681890843609466     
    12963884           1   1.1824999249332391     
    12963884           2   1.0429205937311496     
    12963884           3   1.2286911833496512     
    12963884           4   1.2878983150349059     
    12963884           5  0.93778893727674129     
    12963884           6   1.2373782077801219     
    12963884           7   1.0298158800205692     
    12963884           8   1.0720471817408093     
    12963884           9  0.57888654124407002     
    12963884          10  0.40207323488874253     
    12963886           1   1.0332841064184239     
    12963886           2   1.2038667882090215     
    12963886           3  0.46997301645310885     
    12963886           4   1.2626359704711883     
    12963886           5   1.3189728277804500     
    12963886           6  0.49501360815845175     
    12963886           7  0.61619287684931201     
    12963886           8   1.0230307270661052     
    12963886           9   1.5208420409165435     
    12963886          10   1.0561880376773936     
    12963890           1   1.1033239852787755     
    12963890           2   1.4065889666330789     
    12963890           3  0.74512409712557937     
    12963890           4   1.0079093083701665     
    12963890           5   1.2452805086430976     
    12963890           6  0.92055051560847079     
    12963890           7   1.1356063104039360     
    12963890           8  0.44189156235950883     
    12963890           9   1.1999599410714508     
    12963890          10  0.79376480450593623     
    12963891           1   1.2094535752580629     
    12963891           2  0.92882421761407263     
    12963891           3   1.2173620105217442     
    12963891           4  0.91424610737752254     
    12963891           5  0.66671485701032585     
    12963891           6   1.0109534231317665     
    12963891           7  0.50435441799957625     
    12963891           8   1.0474074053935796     
    12963891           9   1.3258438250565927     
    12963891          10   1.1748401606367567     
    12963893           1  0.73215989634938705     
    12963893           2  0.95579307698212657     
    12963893           3  0.63346890245138332     
    12963893           4   1.0412549087476026     
    12963893           5  0.45464376675661705     
    12963893           6   1.0801701645222519     
    12963893           7   1.2575058630521230     
    12963893           8   1.3736915576168793     
    12963893           9   1.2337997189023528     
    12963893          10   1.2375121446192769     
    12963895           1   1.2213390058006877     
    12963895           2  0.93310535629408708     
    12963895           3   1.3172257197044726     
    12963895           4  0.88897990668067439     
    12963895           5  0.66978788063391248     
    12963895           6   1.0165211226064348     
    12963895           7  0.48880559404165447     
    12963895           8  0.98846676408221690     
    12963895           9   1.3238247331709170     
    12963895          10   1.1519439169849417     
    12963897           1   1.1406424955015433     
    12963897           2   1.2808727967086739     
    12963897           3  0.87113816346092676     
    12963897           4   1.1831361310006305     
    12963897           5   1.2921775638515658     
    12963897           6  0.33763046147526515     
    12963897           7   1.0483219787129343     
    12963897           8  0.71380510491371496     
    12963897           9  0.88132755833541165     
    12963897          10   1.2509477460393341     
    12963900           1   1.1714776347137181     
    12963900           2   1.0740751291559052     
    12963900           3   1.1475934152914866     
    12963900           4  0.88567909950199186     
    12963900           5  0.60777506563034567     
    12963900           6   1.0022413735301106     
    12963900           7  0.76264509954405291     
    12963900           8   1.2081542330805233     
    12963900           9   1.1066815068733804     
    12963900          10   1.0336774426784865     
    12963905           1   1.2667779696121528     
    12963905           2   1.5845790012350802     
    12963905           3   1.3830550317460082     
    12963905           4   1.2220072885380970     
    12963905           5  0.37951147405253965     
    12963905           6   1.0509826022759940     
    12963905           7  0.61535805820554901     
    12963905           8  0.20254506954246429     
    12963905           9   1.2073556524415954     
    12963905          10   1.0878278523505194     
    12963906           1   1.4087408140082334     
    12963906           2   1.2966870992413551     
    12963906           3   1.3707780927332567     
    12963906           4  0.83550691553917478     
    12963906           5  0.81852600090213457     
    12963906           6  0.76089682558392224     
    12963906           7  0.88891172982345368     
    12963906           8  0.32611593893895952     
    12963906           9   1.1070171833512827     
    12963906          10   1.1868193998782262     
    12963909           1   1.2457973320855564     
    12963909           2   1.2377712176539677     
    12963909           3   1.3006563820763211     
    12963909           4   1.3734335372069495     
    12963909           5  0.89172767431373812     
    12963909           6   5.1204344375112678E-003
    12963909           7  0.10679413992177439     
    12963909           8   1.4189270019841251     
    12963909           9   1.2732288333807451     
    12963909          10   1.1465434469393112     
    12963910           1   1.0487747189290733     
    12963910           2   1.2501221739567843     
    12963910           3   1.3228909850433752     
    12963910           4   1.2175455780981204     
    12963910           5  0.81100290405959130     
    12963910           6   1.1741509536765404     
    12963910           7   2.5678589125680749E-002
    12963910           8   1.5205006374646779     
    12963910           9  0.99687203591186746     
    12963910          10  0.63246142373428982     
    12963911           1   1.3948889600844308     
    12963911           2   1.1993718244521219     
    12963911           3  0.41132205870607524     
    12963911           4  0.34046187418441481     
    12963911           5   1.4732306660739831     
    12963911           6   1.6412093616930912     
    12963911           7  0.26477110264395010     
    12963911           8   1.6998996493659364     
    12963911           9  0.45995942198338574     
    12963911          10   1.1148850808126101     
    12963913           1   1.3563220132146157     
    12963913           2   1.2649152856235506     
    12963913           3   1.1715771013585254     
    12963913           4   1.3203661712823926     
    12963913           5   1.0701207816415468     
    12963913           6   1.0787268032259496     
    12963913           7  0.78950038852830773     
    12963913           8   1.5292286911837711     
    12963913           9  0.41683134506191361     
    12963913          10   2.4114188794281117E-003
    12963914           1   1.1437616579433652     
    12963914           2   1.3496641992424014     
    12963914           3  0.66891067515925218     
    12963914           4   1.0649413788956079     
    12963914           5   1.0969309558538343     
    12963914           6  0.41907413437482582     
    12963914           7   1.2387427357250040     
    12963914           8  0.70626672532099510     
    12963914           9   1.0617827883169446     
    12963914          10   1.2499247491677694     
    12963915           1   1.4389292233832787     
    12963915           2   1.1425541179846739     
    12963915           3  0.98429027740819663     
    12963915           4  0.30383768951791978     
    12963915           5  0.70350407395671100     
    12963915           6   1.5420268829562642     
    12963915           7  0.41636897377838128     
    12963915           8   1.4670781807437516     
    12963915           9   1.0914929535989915     
    12963915          10  0.90991762667183174     
    12963916           1  0.46731033023579321     
    12963916           2  0.34073567505028701     
    12963916           3   1.0834693866785046     
    12963916           4   1.2660449549392174     
    12963916           5  0.71822486101871841     
    12963916           6  0.88895528376223087     
    12963916           7   1.4788250386115047     
    12963916           8   1.3055702395303983     
    12963916           9   1.3361084577840523     
    12963916          10   1.1147557723892938     
    12963917           1   1.3600802055374008     
    12963917           2   1.2348586158401342     
    12963917           3   1.5566212649210998     
    12963917           4  0.88821020623123692     
    12963917           5   1.2626370972181491     
    12963917           6   1.1241821023307348     
    12963917           7  0.67230393875192596     
    12963917           8   4.5708197516029926E-002
    12963917           9  0.96954362769489455     
    12963917          10  0.88585474395839303     
    12963918           1   1.4935786677712009     
    12963918           2   1.3621320337716141     
    12963918           3   4.0952903755950072E-002
    12963918           4   1.0240277603790113     
    12963918           5   1.3894374047864464     
    12963918           6   1.3052835323750402     
    12963918           7   1.0164707062182234     
    12963918           8   1.4020559638359118     
    12963918           9  0.20556421175868991     
    12963918          10  0.76049681534791114     
    12963922           1  0.82228494471341707     
    12963922           2   1.3657994807810772     
    12963922           3  0.46898112792148478     
    12963922           4   1.2658080122416995     
    12963922           5   1.0966714192196789     
    12963922           6  0.45555233165298742     
    12963922           7   1.3632910801288605     
    12963922           8  0.47001537163349200     
    12963922           9   1.4486447054547191     
    12963922          10   1.2429515262525810     
    12963924           1   1.2733659027998434     
    12963924           2   1.5869415182638829     
    12963924           3   1.3902476687847083     
    12963924           4   1.1822351148439674     
    12963924           5  0.38148513975797144     
    12963924           6   1.0564482823961963     
    12963924           7  0.61855825419191135     
    12963924           8  0.20359841386771366     
    12963924           9   1.2136345573190626     
    12963924          10   1.0934851477747429     
    12963925           1   1.4207359649356217     
    12963925           2   1.1701415565238975     
    12963925           3  0.69506991715280975     
    12963925           4  0.19432715593225092     
    12963925           5   1.3246338486189464     
    12963925           6   1.4622621564614338     
    12963925           7  0.20388428968850722     
    12963925           8   1.6999939014410681     
    12963925           9  0.76008216786690452     
    12963925          10   1.0688690413785589     
    12963926           1   1.1342465158852570     
    12963926           2   1.3513464784800668     
    12963926           3   1.4432375958121311     
    12963926           4  0.94770160952787263     
    12963926           5  0.47890810483100654     
    12963926           6  0.93196454909133353     
    12963926           7  0.48259232743261132     
    12963926           8   1.1364517263558194     
    12963926           9   1.1888445869202917     
    12963926          10  0.90470650566361022     
    12963927           1   1.3537954416159177     
    12963927           2   1.1383492348222239     
    12963927           3   1.3263016788344930     
    12963927           4  0.80646712954976252     
    12963927           5  0.77184221385788776     
    12963927           6   1.0142318377581925     
    12963927           7  0.64969639474943985     
    12963927           8  0.56666448685263482     
    12963927           9   1.3007025448143443     
    12963927          10   1.0719490371451053     
    12963928           1   1.0781204927341637     
    12963928           2   1.1400651181526209     
    12963928           3   1.1429267701948760     
    12963928           4   1.2244988995388069     
    12963928           5   1.3115065696713977     
    12963928           6   1.1510159032434999     
    12963928           7  0.90457839476950030     
    12963928           8  0.96643263902834819     
    12963928           9  0.65888866841863047     
    12963928          10  0.42196654424815494     
    12963929           1   1.2701708517940309     
    12963929           2   1.1187247103520852     
    12963929           3  0.84869073102999193     
    12963929           4   1.2558037060463834     
    12963929           5   1.2311244913626291     
    12963929           6   1.0933118820677565     
    12963929           7  0.89852722975922783     
    12963929           8   1.1004153567638091     
    12963929           9  0.68778583616786804     
    12963929          10  0.49544520465621950     
    12963930           1  0.79686248230015233     
    12963930           2   1.1880560110120464     
    12963930           3  0.99227268394136248     
    12963930           4   1.1574943182078126     
    12963930           5   1.2521850127038696     
    12963930           6  0.77371463773399918     
    12963930           7  0.52511272288822408     
    12963930           8   1.2580266491368923     
    12963930           9   1.2476442764129025     
    12963930          10  0.80863120566273849     
    12963932           1   1.4188160089040303     
    12963932           2   1.3285849633654738     
    12963932           3   1.0929113436462570     
    12963932           4  0.98222080316534499     
    12963932           5   1.0844211212574368     
    12963932           6  0.31648547283058620     
    12963932           7  0.96306954140775547     
    12963932           8  0.32122428229790700     
    12963932           9   1.3116294117963521     
    12963932          10   1.1806370513288564     
    12963933           1   1.2341518499742483     
    12963933           2   1.4242089578022226     
    12963933           3  0.32842211781038871     
    12963933           4  0.67533254489952899     
    12963933           5  0.80775832307497974     
    12963933           6   1.0285543450116483     
    12963933           7  0.96454520197862526     
    12963933           8   1.3651945601800066     
    12963933           9   1.1997158999580495     
    12963933          10  0.97211619931030047     
    12963934           1   1.0334668034105059     
    12963934           2   1.2040796462600714     
    12963934           3  0.47005611330510944     
    12963934           4   1.2628592196167685     
    12963934           5   1.3192060379564088     
    12963934           6  0.53335110897626681     
    12963934           7  0.57628373099376073     
    12963934           8   1.0232116111380476     
    12963934           9   1.5211109439845198     
    12963934          10   1.0563747843585414     
    12963935           1   1.4572839839936531     
    12963935           2   1.0073348979816645     
    12963935           3   1.3158645492632401     
    12963935           4  0.86613353555246286     
    12963935           5  0.76490343992135568     
    12963935           6  0.94155731665030784     
    12963935           7  0.68889347358853559     
    12963935           8  0.56867235911712433     
    12963935           9   1.2175256228055913     
    12963935          10   1.1718308211260664     
    12963936           1  0.79016508531815821     
    12963936           2  0.91992194296039798     
    12963936           3  0.86723951174420610     
    12963936           4  0.72467880901434767     
    12963936           5  0.84037661606934588     
    12963936           6   1.1602796154854493     
    12963936           7   1.0993117937744619     
    12963936           8   1.2473117134126868     
    12963936           9   1.2541742859447256     
    12963936          10   1.0965406262762198     
    12963937           1   1.1689612463738124     
    12963937           2   1.1361538841322525     
    12963937           3  0.71364226216460569     
    12963937           4   1.1936793486306416     
    12963937           5   1.1471087878380504     
    12963937           6   1.1018780837699289     
    12963937           7  0.91780168464065626     
    12963937           8  0.98005522400186074     
    12963937           9   1.3044263950676012     
    12963937          10  0.33629308338059105     
    12963938           1  0.56142936619364681     
    12963938           2   1.2609499337163546     
    12963938           3  0.27219385698374021     
    12963938           4   1.3277324609819403     
    12963938           5  0.56136975670400435     
    12963938           6  0.87884325606608615     
    12963938           7   1.5079702623686768     
    12963938           8  0.92134871371014682     
    12963938           9   1.4972686999543450     
    12963938          10   1.2108936933210599     
    12963939           1   1.1994997775482961     
    12963939           2   1.4124681856819992     
    12963939           3   1.3845455962271382     
    12963939           4   1.0556079609359028     
    12963939           5   1.2527240292985933     
    12963939           6  0.78506405799554901     
    12963939           7  0.86109358248903844     
    12963939           8   4.5172135776031234E-002
    12963939           9  0.96340101540551604     
    12963939          10   1.0404236586419360     
    12963940           1  0.36893442146582628     
    12963940           2  0.91272658317154431     
    12963940           3   1.2066798862723254     
    12963940           4   1.2115625928362179     
    12963940           5  0.12753391423393040     
    12963940           6   1.2361797517844257     
    12963940           7   1.4572982349912935     
    12963940           8   1.0879429112707630     
    12963940           9   1.2807678070635089     
    12963940          10   1.1103738969101649     
