    11700131           1   1.0400662247700840     
    11700131           2  0.97928450161702696     
    11700131           3  0.98805675907995028     
    11700131           4   1.0710976172286617     
    11700131           5   1.0700823014605627     
    11700131           6   1.0835970636241761     
    11700131           7  0.64002115964966466     
    11700131           8  0.96977129120238337     
    11700131           9   1.1446568433132256     
    11700131          10  0.90702629869600826     
    11700131          11   1.1040271322289876     
    11700131          12   1.0525779335413439     
    11700131          13   1.0954669310470251     
    11700131          14  0.65743585167275209     
    11700131          15   1.1840977602673199     
    11700131          16  0.99938245185029817     
    11700131          17   1.1912388182196001     
    11700131          18  0.96577067996848065     
    11700131          19  0.92959972319794992     
    11700131          20   1.0205660518591713     
    11700131          21  0.80804916833203477     
    11700131          22   1.0496943940094816     
    11700131          23   1.0604039234185418     
    11700131          24   1.0157859319314173     
    11700131          25  0.97224318781385699     
    11914219           1  0.96600563405014828     
    11914219           2   1.0660598528227001     
    11914219           3  0.62507517599054774     
    11914219           4  0.78798962657747573     
    11914219           5   1.1013480304963617     
    11914219           6   1.0786521535164617     
    11914219           7   1.0651995354971597     
    11914219           8   1.1470280324476596     
    11914219           9   1.0706923707922686     
    11914219          10   1.0372269518423081     
    11914219          11  0.83324936692503104     
    11914219          12  0.96589612645660217     
    11914219          13   1.1065226611937895     
    11914219          14   1.1484449713206550     
    11914219          15   1.2193823539097972     
    11914219          16  0.98818125539818691     
    11914219          17   1.2635663706150126     
    11914219          18   1.0961684581181428     
    11914219          19  0.95939303760226580     
    11914219          20  0.92695192963570250     
    11914219          21   1.1262843731061689     
    11914219          22   1.0126027281346683     
    11914219          23   1.0222164807970680     
    11914219          24  0.30010662720903414     
    11914219          25   1.0857558955447835     
    11938073           1   1.0400224733240382     
    11938073           2   1.0595822480072861     
    11938073           3  0.90873145655084309     
    11938073           4   1.0115383993575755     
    11938073           5   1.0858336236051909     
    11938073           6   1.1059387652719799     
    11938073           7   1.0180850207968115     
    11938073           8  0.27771211740118501     
    11938073           9   1.1551447310270404     
    11938073          10  0.64947603444825874     
    11938073          11   1.0650435869875503     
    11938073          12   1.0840057544777546     
    11938073          13   1.0778263218084827     
    11938073          14   1.1312361317150750     
    11938073          15   1.1100176700346391     
    11938073          16  0.90868925133886247     
    11938073          17   1.1223731886817059     
    11938073          18   1.0992481511769241     
    11938073          19  0.99733900705165945     
    11938073          20  0.98857497254718363     
    11938073          21   1.1530892635589676     
    11938073          22  0.98307748564235931     
    11938073          23   1.0401924022750264     
    11938073          24   1.1602012497476415     
    11938073          25  0.76702069316596033     
    11991798           1   1.1457856351213551     
    11991798           2   1.1333705981118973     
    11991798           3  0.55085002387188842     
    11991798           4   1.0590676564456971     
    11991798           5   1.0966707846377077     
    11991798           6   1.0498908342080542     
    11991798           7   1.0240365703091066     
    11991798           8  0.62914336547296301     
    11991798           9   1.1590031815805666     
    11991798          10  0.38475937211676625     
    11991798          11   1.0568140977563596     
    11991798          12   1.0489837451114048     
    11991798          13   1.1011762047850480     
    11991798          14   1.1473360431617803     
    11991798          15   1.1201126788928810     
    11991798          16  0.84588817649941184     
    11991798          17   1.1405372462103833     
    11991798          18   1.0544640169003328     
    11991798          19  0.98265747247678792     
    11991798          20   1.0182051126324589     
    11991798          21   1.1757635421877395     
    11991798          22   1.0246973455106756     
    11991798          23   1.0698068843770947     
    11991798          24   1.0375965196517327     
    11991798          25  0.94338289196990799     
    12059058           1   1.0078051426005366     
    12059058           2   1.0050262474262253     
    12059058           3   1.0920561160296305     
    12059058           4  0.98158976857596592     
    12059058           5  0.81038813685827782     
    12059058           6   1.0946791105285842     
    12059058           7  0.97301367921806259     
    12059058           8   1.0600244475537377     
    12059058           9   1.1338670630939496     
    12059058          10   1.0157796272230644     
    12059058          11  0.96334689660422501     
    12059058          12   1.1145932063874737     
    12059058          13  0.73562078473676118     
    12059058          14   1.2492777478617403     
    12059058          15  0.80735809106835454     
    12059058          16   1.0195599445617591     
    12059058          17   1.1051681502565636     
    12059058          18  0.99183172417208498     
    12059058          19   1.0957286988650554     
    12059058          20  0.33176603867094245     
    12059058          21   1.0575418807007764     
    12059058          22   1.2020976266259595     
    12059058          23  0.97953134141441556     
    12059058          24   1.0645727637118694     
    12059058          25   1.1077757652539848     
    12059299           1   1.1640704624117297     
    12059299           2   1.0281070429514907     
    12059299           3   1.0549691208525251     
    12059299           4  0.82588720297122864     
    12059299           5   1.0713063394720670     
    12059299           6  0.97371339020476821     
    12059299           7   1.0677874746558695     
    12059299           8   1.0122513057768188     
    12059299           9  0.60877034231086036     
    12059299          10  0.26316264351052399     
    12059299          11   1.1294999520118623     
    12059299          12   1.1170388069404309     
    12059299          13   1.1147247111358853     
    12059299          14   1.1081294833747357     
    12059299          15   1.1199608575203768     
    12059299          16  0.48300068609615932     
    12059299          17   1.0777915358162622     
    12059299          18   1.1516936015206605     
    12059299          19  0.97032804431783337     
    12059299          20   1.0263302990354644     
    12059299          21   1.2411753657245037     
    12059299          22   1.0542369118743791     
    12059299          23   1.1022711302954467     
    12059299          24   1.0866153424177860     
    12059299          25   1.1471779468003289     
    12115245           1   1.1007601202345363     
    12115245           2   1.0264070369004012     
    12115245           3  0.88113079753904489     
    12115245           4  0.97145609392938259     
    12115245           5   1.0906418653874672     
    12115245           6  0.87639264120208460     
    12115245           7   1.0523606268949308     
    12115245           8   1.0287297712853070     
    12115245           9   1.0742322178913195     
    12115245          10   1.0270013937841700     
    12115245          11  0.87708961546185304     
    12115245          12   1.0467680458605830     
    12115245          13   1.0715874177235691     
    12115245          14   1.1105336396356553     
    12115245          15   1.1037639583982739     
    12115245          16   1.0155276635232113     
    12115245          17   1.0821771056010954     
    12115245          18   1.1647497577335650     
    12115245          19  0.94120468510778599     
    12115245          20   1.1517269455995536     
    12115245          21   1.0260972798664920     
    12115245          22   1.0726112223813475     
    12115245          23   1.0099978958714557     
    12115245          24  0.11016320824830822     
    12115245          25   1.0868889939386073     
    12131580           1   1.0815498270184589     
    12131580           2  0.95069563444346716     
    12131580           3  0.97207938618763612     
    12131580           4  0.92385121368485001     
    12131580           5   1.1292674169532513     
    12131580           6   1.1402951771581959     
    12131580           7   1.1051760437351872     
    12131580           8   1.0475302786219425     
    12131580           9   1.0457089940744018     
    12131580          10   1.0759156801792691     
    12131580          11   1.0535038015780163     
    12131580          12  0.83534313629535795     
    12131580          13   1.3011182767511271     
    12131580          14   1.2651406779019536     
    12131580          15   5.4824483915670325E-002
    12131580          16  0.47791534559263937     
    12131580          17   1.1586110409214017     
    12131580          18   1.1857922750795700     
    12131580          19  0.96343619065580843     
    12131580          20   1.0627983798577487     
    12131580          21   1.1693012869307455     
    12131580          22   1.0762566745197155     
    12131580          23  0.80217405645077122     
    12131580          24   1.0063305567933529     
    12131580          25   1.1153841646994618     
    12137547           1   1.0835672515966612     
    12137547           2  0.89301276584867795     
    12137547           3   1.1411819403471501     
    12137547           4  0.95116853708947946     
    12137547           5   1.1058814193854565     
    12137547           6   1.0741765345605976     
    12137547           7   1.1353804411842088     
    12137547           8   1.0084374368972424     
    12137547           9  0.65131441023371839     
    12137547          10  0.86053069661113757     
    12137547          11   1.1139975767560113     
    12137547          12   1.1574186864072635     
    12137547          13   1.1662990196231924     
    12137547          14  0.20962679138278778     
    12137547          15   1.1301932660180782     
    12137547          16  0.87281078344445417     
    12137547          17   1.1237500460429539     
    12137547          18   1.0702166278740404     
    12137547          19   1.0536057309973115     
    12137547          20   1.1321914595364913     
    12137547          21  0.62482722837069027     
    12137547          22   1.0879532936071958     
    12137547          23   1.0069500580821420     
    12137547          24   1.1462119531186794     
    12137547          25   1.1992960449843808     
    12142775           1   1.2006088609996679     
    12142775           2   1.0507258505756940     
    12142775           3  0.90006037919709569     
    12142775           4  0.99790052297327214     
    12142775           5   1.0448064116802624     
    12142775           6  0.99346289425840084     
    12142775           7   1.0332019698858024     
    12142775           8   1.0238697702001793     
    12142775           9   1.1208066792899583     
    12142775          10   1.0451582618235804     
    12142775          11   1.1034609723498876     
    12142775          12   1.0318987864521625     
    12142775          13   1.0804901793498813     
    12142775          14   1.1123203626247196     
    12142775          15   1.0366168437796524     
    12142775          16  0.99646498299155184     
    12142775          17  0.86134363797534408     
    12142775          18   1.0156171002818022     
    12142775          19  0.95139969719797812     
    12142775          20   1.0063095068162449     
    12142775          21   1.0853720963226701     
    12142775          22  0.93294575044148653     
    12142775          23   1.0260390368746226     
    12142775          24  0.30223345762851422     
    12142775          25   1.0468859880295667     
    12149364           1   1.2166269332879664     
    12149364           2  0.41600459900925424     
    12149364           3   1.0879819844421819     
    12149364           4  0.61269986788617703     
    12149364           5   1.0967905575560264     
    12149364           6   1.2060877183679524     
    12149364           7  0.95173743413736578     
    12149364           8   1.0674288424082572     
    12149364           9  0.88288829315257622     
    12149364          10   1.0545335313306368     
    12149364          11   1.1110801288763068     
    12149364          12   1.3304106469748047     
    12149364          13   1.1736846539900312     
    12149364          14  0.92999471498051089     
    12149364          15  0.98919041333747149     
    12149364          16  0.13555216447819340     
    12149364          17   1.1638946842238675     
    12149364          18   1.0734164735510709     
    12149364          19  0.97830853893394709     
    12149364          20   1.0625955057356056     
    12149364          21   1.1510719237881930     
    12149364          22   1.0435050077970118     
    12149364          23   1.1618597300930325     
    12149364          24   1.0268367507376783     
    12149364          25   1.0758189009238779     
    12174190           1   1.1122009402168525     
    12174190           2   1.0619577146481385     
    12174190           3  0.95352738298353312     
    12174190           4  0.96659181717274678     
    12174190           5   1.1202399519786228     
    12174190           6   1.1190413889496924     
    12174190           7  0.78605846857195771     
    12174190           8   1.0705698303427460     
    12174190           9   1.0850727427358864     
    12174190          10   1.0039704827228519     
    12174190          11  0.92018354068864316     
    12174190          12   1.1321287146333905     
    12174190          13   1.0422314287799166     
    12174190          14  0.81409905022292706     
    12174190          15   1.1203794235348212     
    12174190          16   1.0282952839417938     
    12174190          17   1.0620740919960736     
    12174190          18   1.0304600843829907     
    12174190          19  0.96581167091475140     
    12174190          20  0.96085076373526235     
    12174190          21   1.0322757011287713     
    12174190          22  0.34584236185515238     
    12174190          23   1.1334474407069444     
    12174190          24   1.0675851126773119     
    12174190          25   1.0651046104782200     
    12187879           1   1.1577516679732547     
    12187879           2  0.96626741264216720     
    12187879           3   1.0477911162239282     
    12187879           4  0.94626160786790048     
    12187879           5   1.1196789382726806     
    12187879           6   1.1481367368083408     
    12187879           7  0.98966585903781035     
    12187879           8   1.0197401912522415     
    12187879           9  0.79448830602327336     
    12187879          10  0.97998000805316565     
    12187879          11   1.0520188000804864     
    12187879          12   1.0778936157826755     
    12187879          13   1.0726281467980021     
    12187879          14   1.2731436561379050     
    12187879          15  0.48341131989974145     
    12187879          16  0.49552144749252192     
    12187879          17   1.0620548492913890     
    12187879          18   1.1196800409772829     
    12187879          19  0.94842018302264819     
    12187879          20   1.0930234183563077     
    12187879          21   1.0927862062253091     
    12187879          22   1.0771120417561055     
    12187879          23   1.0618876719396151     
    12187879          24  0.73190296035811597     
    12187879          25   1.1887537977271265     
    12251947           1   1.0596582234531169     
    12251947           2   1.1090432386684661     
    12251947           3  0.40511214941221496     
    12251947           4  0.88942764884214676     
    12251947           5  0.70675534523634687     
    12251947           6  0.85108498876750371     
    12251947           7   1.0464257404248543     
    12251947           8   1.1061135152382586     
    12251947           9   1.1422190317439509     
    12251947          10   1.1291118563038995     
    12251947          11   1.0629925035271686     
    12251947          12  0.93185674785215800     
    12251947          13   1.1596273972669318     
    12251947          14   1.1664931314237998     
    12251947          15   1.1771799481774312     
    12251947          16   1.0879333541843703     
    12251947          17   1.0752225861351279     
    12251947          18   1.0663610379258450     
    12251947          19  0.47764321369225504     
    12251947          20   1.0771790039640896     
    12251947          21   1.1225598892529074     
    12251947          22   1.0975835407072465     
    12251947          23   1.0942383155368749     
    12251947          24  0.89414583678346338     
    12251947          25   1.0640317554795775     
    12262018           1   1.1490672617686271     
    12262018           2   1.1261000600145081     
    12262018           3  0.51653805177887657     
    12262018           4   1.0621009154918257     
    12262018           5   1.0906563841711285     
    12262018           6   1.0528978100616992     
    12262018           7   1.0188942756440562     
    12262018           8  0.60902064503816578     
    12262018           9   1.1623226643951199     
    12262018          10  0.38586135539323846     
    12262018          11   1.0601568843738451     
    12262018          12   1.0981128478096531     
    12262018          13   1.1043300662633178     
    12262018          14   1.1506221103083771     
    12262018          15   1.1522484360771676     
    12262018          16  0.90180914089378661     
    12262018          17   1.1156367954853537     
    12262018          18   1.0815202328240976     
    12262018          19  0.94058527246762769     
    12262018          20  0.99963620257007346     
    12262018          21   1.1791310280879490     
    12262018          22   1.0276321650889120     
    12262018          23   1.0728709014773223     
    12262018          24   1.0405682835520933     
    12262018          25  0.90168020896317658     
    12266822           1   1.1364048555374704     
    12266822           2   1.1303735172313891     
    12266822           3   1.1273693880260158     
    12266822           4   1.0331633991286882     
    12266822           5   1.1765298682897589     
    12266822           6   1.1677971005356240     
    12266822           7   1.0595461790706659     
    12266822           8   1.0576031119538651     
    12266822           9  0.72346327822373269     
    12266822          10   1.0349671450314184     
    12266822          11  0.93574854855443923     
    12266822          12   1.0736388220159039     
    12266822          13   1.1260984793723812     
    12266822          14   1.1739872128438602     
    12266822          15  0.54213445792500747     
    12266822          16  0.18607943548699385     
    12266822          17  0.91179017997141965     
    12266822          18   1.1304928620725716     
    12266822          19  0.98022850330936151     
    12266822          20  0.99134980160030528     
    12266822          21   1.2153181664781680     
    12266822          22   1.0265722962372978     
    12266822          23   1.0333378232271133     
    12266822          24  0.94869369645805968     
    12266822          25   1.0773118714184826     
    12307623           1   1.0766623495980119     
    12307623           2   1.0764919068439478     
    12307623           3   1.0969623741869576     
    12307623           4  0.96873910067580082     
    12307623           5  0.98439152312456268     
    12307623           6   1.0917981915905821     
    12307623           7  0.98986114257849944     
    12307623           8   1.0452634612879823     
    12307623           9  0.93941412121343559     
    12307623          10  0.73877092017325929     
    12307623          11   1.0682519359103466     
    12307623          12   1.2119406472262126     
    12307623          13   1.1090561773462093     
    12307623          14   1.1015384885619217     
    12307623          15   1.1569902048425194     
    12307623          16  0.96274023656538865     
    12307623          17   1.1116959532344257     
    12307623          18   1.0190963467584215     
    12307623          19   1.0205533625627388     
    12307623          20   1.0043318902155614     
    12307623          21  0.94551955051320646     
    12307623          22   1.0630369683222849     
    12307623          23  0.65452852491115854     
    12307623          24  0.48793942122096601     
    12307623          25   1.0744252005355961     
    12317685           1   1.1127693741513545     
    12317685           2  0.86070252925165236     
    12317685           3  0.98233173669535967     
    12317685           4  0.68099973218205745     
    12317685           5   1.0586442425608769     
    12317685           6   1.1740177536529679     
    12317685           7  0.97057735864468830     
    12317685           8  0.88980698526286184     
    12317685           9   1.0703136714759800     
    12317685          10  0.96020917133342643     
    12317685          11   1.2172189503000972     
    12317685          12   1.0729097108991816     
    12317685          13   1.1659098781229142     
    12317685          14   1.1552569162375570     
    12317685          15  0.93486414713497568     
    12317685          16  0.54508197226760025     
    12317685          17   1.0639490009004622     
    12317685          18   1.1396035861753722     
    12317685          19  0.90626414795795707     
    12317685          20  0.96962865742462157     
    12317685          21   1.1493916838883191     
    12317685          22  0.90438059899284162     
    12317685          23   1.0925909709312969     
    12317685          24   1.0351342342712129     
    12317685          25  0.88744298928437371     
    12319287           1  0.94846614654228256     
    12319287           2   1.1301015422823169     
    12319287           3  0.68565466612017079     
    12319287           4  0.35911771005682869     
    12319287           5   1.1947512384564998     
    12319287           6   1.1890608380244847     
    12319287           7  0.98209013134495404     
    12319287           8   1.0415815042142100     
    12319287           9   1.1035923380013686     
    12319287          10   1.0094556404242925     
    12319287          11  0.68363471594721070     
    12319287          12   1.1627108162622852     
    12319287          13   1.1463105159502340     
    12319287          14   1.3268249908685705     
    12319287          15   1.1558635964205222     
    12319287          16   1.0938514500731813     
    12319287          17   1.1263469213799879     
    12319287          18  0.80945216861930214     
    12319287          19  0.90746582449951929     
    12319287          20   1.0413586154367649     
    12319287          21   1.0464828408242219     
    12319287          22   1.0498837046264327     
    12319287          23   1.1550180940324168     
    12319287          24  0.54718655773523939     
    12319287          25   1.1037374318567061     
    12337389           1   1.0739219041265906     
    12337389           2  0.88506363448730951     
    12337389           3   1.0540986322472699     
    12337389           4   1.0230697419036119     
    12337389           5   1.1428118781920065     
    12337389           6   1.0591342814824827     
    12337389           7   1.1252738798703574     
    12337389           8  0.99946085564087062     
    12337389           9  0.64551675089166027     
    12337389          10  0.90817551990103340     
    12337389          11   1.0514360853493041     
    12337389          12   1.1210652603059914     
    12337389          13   1.1559172373372368     
    12337389          14  0.29982446773890625     
    12337389          15   1.1201328782174922     
    12337389          16  0.81318503877737947     
    12337389          17   1.1137470124078745     
    12337389          18   1.0606901206555168     
    12337389          19   1.1185450901514122     
    12337389          20   1.1258673371664509     
    12337389          21  0.69845795989041548     
    12337389          22   1.1290275049793883     
    12337389          23  0.99798671669202699     
    12337389          24   1.0889696711056918     
    12337389          25   1.1886205404817207     
    12339870           1   1.0266782126668796     
    12339870           2  0.82306347735989682     
    12339870           3  0.79843727217783866     
    12339870           4  0.99085511543587912     
    12339870           5   1.0710249828728966     
    12339870           6   1.1215826137212228     
    12339870           7  0.93696612537397639     
    12339870           8  0.99419130889574603     
    12339870           9   1.1189444596001541     
    12339870          10   1.0419884837241518     
    12339870          11   1.0776046302498736     
    12339870          12   1.0684989379592844     
    12339870          13   1.0913507145433314     
    12339870          14  0.44182770127875176     
    12339870          15   1.2089287647643896     
    12339870          16  0.96593843936324664     
    12339870          17   1.0761698378128111     
    12339870          18   1.0623909372221028     
    12339870          19  0.99074812367959697     
    12339870          20   1.0087291815619162     
    12339870          21  0.97539616631274151     
    12339870          22   1.0264360278155058     
    12339870          23   1.0360539604589960     
    12339870          24   1.0211846390185857     
    12339870          25   1.0250098861302219     
    12373080           1   1.0850624174093375     
    12373080           2   1.1896139629920321     
    12373080           3   1.0538979700935684     
    12373080           4  0.97359147686545666     
    12373080           5   1.0850387467685350     
    12373080           6   1.1246900294381708     
    12373080           7   1.0012437051061587     
    12373080           8   1.0489810762093048     
    12373080           9  0.83425386433599347     
    12373080          10  0.96841880916271827     
    12373080          11   1.0650808530487024     
    12373080          12   1.0849304218993392     
    12373080          13  0.74035298140678640     
    12373080          14   1.0876056974632051     
    12373080          15  0.54937040724047326     
    12373080          16  0.57628135512447243     
    12373080          17   1.1414764860289721     
    12373080          18   1.0898106385019650     
    12373080          19  0.94582725466664397     
    12373080          20   1.0241251978584969     
    12373080          21   1.0713194362007719     
    12373080          22   1.0410500334692978     
    12373080          23   1.0382919788894021     
    12373080          24   1.0413026625164905     
    12373080          25   1.1383825373037055     
    12386168           1   1.1096321306968222     
    12386168           2   1.0810272785734081     
    12386168           3  0.37284683890803655     
    12386168           4   1.0404463923341880     
    12386168           5   1.1544809153219109     
    12386168           6   1.0726773840029846     
    12386168           7  0.96884568395758330     
    12386168           8  0.95165503013230124     
    12386168           9  0.97252309113738999     
    12386168          10   1.0633297386332512     
    12386168          11   1.0345901963787902     
    12386168          12  0.99659340321571410     
    12386168          13  0.76560846298439800     
    12386168          14  0.95347306150725009     
    12386168          15   1.0754300721243895     
    12386168          16   1.0374742767713601     
    12386168          17   1.1448662434970358     
    12386168          18  0.97131388820964448     
    12386168          19  0.91857054503867375     
    12386168          20   1.0024598143308299     
    12386168          21   1.0401075199470540     
    12386168          22   1.0514246227526620     
    12386168          23   1.0909965093146514     
    12386168          24   1.0249291478176279     
    12386168          25   1.1046977524120396     
    12419535           1  0.89343653522357147     
    12419535           2  0.98696631015657121     
    12419535           3   1.0889531457592185     
    12419535           4   1.0047265142535284     
    12419535           5   1.1500062090101357     
    12419535           6   1.0371509203461386     
    12419535           7  0.91042602908161596     
    12419535           8   1.0225779820634771     
    12419535           9   1.0287714002477915     
    12419535          10  0.57041903878511091     
    12419535          11  0.99747613358679255     
    12419535          12   1.0898979394648443     
    12419535          13   1.1250939973749583     
    12419535          14   1.1567968766989152     
    12419535          15  0.78778464339158594     
    12419535          16  0.99219918389369555     
    12419535          17   1.0913025830303842     
    12419535          18  0.95040747585093743     
    12419535          19  0.95148623092938600     
    12419535          20  0.99811218752076258     
    12419535          21   1.0409449779168807     
    12419535          22  0.99433685130021687     
    12419535          23   1.0069326031571424     
    12419535          24   1.0590682852693951     
    12419535          25   1.0647259456869409     
    12425110           1   1.1084875333472675     
    12425110           2   1.0684020187984735     
    12425110           3  0.84839991809282522     
    12425110           4  0.99136347119446844     
    12425110           5   1.1972169047087844     
    12425110           6  0.94723360187321659     
    12425110           7  0.95362353585438386     
    12425110           8  0.61881638434799058     
    12425110           9   1.1150343207994147     
    12425110          10   1.0293585038236075     
    12425110          11   1.1226281244118759     
    12425110          12   1.0881132313161748     
    12425110          13   1.0748729807231190     
    12425110          14   1.1001022433703300     
    12425110          15   1.1439541077361901     
    12425110          16   1.0150193221489836     
    12425110          17   1.1474142431696528     
    12425110          18  0.71967951840359246     
    12425110          19  0.94451561603881062     
    12425110          20   1.0611238124617897     
    12425110          21  0.99207179810619661     
    12425110          22   1.1665262941735157     
    12425110          23   1.0872092223668277     
    12425110          24   1.1162801817829384     
    12425110          25  0.34255311094957314     
    12453706           1  0.96591037682565106     
    12453706           2   1.0559733949944863     
    12453706           3  0.94514459901811165     
    12453706           4  0.90111137660752261     
    12453706           5   1.2049995063244745     
    12453706           6   1.1843741325660204     
    12453706           7  0.90398250939401037     
    12453706           8   1.0364085683685667     
    12453706           9   1.1705259441048670     
    12453706          10  0.94233885097338144     
    12453706          11  0.48346771089908641     
    12453706          12   1.0035512665701991     
    12453706          13   1.1627008995496411     
    12453706          14   1.1556787724965767     
    12453706          15  0.92435749302955095     
    12453706          16  0.96951060150172896     
    12453706          17   1.1659116037598269     
    12453706          18  0.44173799035025946     
    12453706          19   1.0971549018248157     
    12453706          20   1.1026814560769074     
    12453706          21   1.0144612302780347     
    12453706          22  0.82741893124124843     
    12453706          23   1.1306574701284717     
    12453706          24   1.0670246468744078     
    12453706          25   1.1429157662421479     
    12465472           1   1.1397672767465239     
    12465472           2   1.0904606017281904     
    12465472           3  0.82612528340945612     
    12465472           4  0.96576755519929725     
    12465472           5   1.2155763248223750     
    12465472           6   1.1031652527817815     
    12465472           7  0.97788518106724998     
    12465472           8  0.71186461470867679     
    12465472           9   1.1942482369591416     
    12465472          10   1.0061735464638517     
    12465472          11   1.0742968245677877     
    12465472          12  0.99175596030481517     
    12465472          13  0.69318937298106409     
    12465472          14  0.99074697437133497     
    12465472          15   1.2642313667427252     
    12465472          16   1.0849956876751889     
    12465472          17   1.0980578755394366     
    12465472          18   1.0663676515760654     
    12465472          19  0.92962441822052810     
    12465472          20   1.0011501715144251     
    12465472          21  0.99028443894937135     
    12465472          22   1.1280179115046838     
    12465472          23   1.0657113389880963     
    12465472          24   1.0786534973290720     
    12465472          25  0.31188263584886305     
    12466800           1   1.0430033809581787     
    12466800           2   1.0375473077106969     
    12466800           3  0.70950460262970927     
    12466800           4   1.0434733980987341     
    12466800           5   1.1182255031066013     
    12466800           6  0.44415417193742629     
    12466800           7  0.94874704396554144     
    12466800           8  0.95491265663658353     
    12466800           9   1.1572400599792714     
    12466800          10   1.0333220544361488     
    12466800          11   1.0602150687458713     
    12466800          12  0.87999263043140696     
    12466800          13   1.0803997424971648     
    12466800          14   1.0470651338094004     
    12466800          15   1.3579998166477245     
    12466800          16   1.1517183775086453     
    12466800          17   1.2327894766219707     
    12466800          18  0.21030703987499955     
    12466800          19  0.99429768822079223     
    12466800          20   1.1137472194518758     
    12466800          21   1.0143222713016198     
    12466800          22   1.2333344378322670     
    12466800          23   1.0433183053824848     
    12466800          24   1.0530505250947213     
    12466800          25   1.0373120871201689     
    12474957           1   1.1070402338407046     
    12474957           2   1.0973659801160369     
    12474957           3   1.1029948380234418     
    12474957           4  0.98752375743028575     
    12474957           5  0.98225116989294392     
    12474957           6   1.1129690664524408     
    12474957           7   1.0090553732903269     
    12474957           8   1.1158736770014708     
    12474957           9  0.98108490162973794     
    12474957          10  0.89172415071579914     
    12474957          11   1.0658646424555496     
    12474957          12   1.2211991995857105     
    12474957          13  0.96235894629576879     
    12474957          14   1.1228982358819743     
    12474957          15   1.0321408958227194     
    12474957          16  0.85260957570393336     
    12474957          17   1.0979182277425943     
    12474957          18   1.0688824066409863     
    12474957          19   1.0531299974242370     
    12474957          20   1.0238067207577808     
    12474957          21  0.80981528181339624     
    12474957          22   1.0308669620173667     
    12474957          23  0.68252247151227297     
    12474957          24  0.49284408929880608     
    12474957          25   1.0952591986537175     
    12478534           1   1.0037052990971758     
    12478534           2   1.0009377087226172     
    12478534           3   1.0946382329732709     
    12478534           4  0.89415182291813222     
    12478534           5  0.67432738536493608     
    12478534           6   1.0602544188322656     
    12478534           7  0.95099401733284683     
    12478534           8   1.0692074194666985     
    12478534           9   1.1292543881672217     
    12478534          10  0.96309720290991263     
    12478534          11  0.95942791331214294     
    12478534          12   1.1482242745986513     
    12478534          13  0.74633030375037823     
    12478534          14   1.2499904038876510     
    12478534          15  0.97454180806853674     
    12478534          16   1.0154122814488165     
    12478534          17   1.1006722251323287     
    12478534          18   1.0071590882821277     
    12478534          19   1.1021786051011826     
    12478534          20  0.47291939190412069     
    12478534          21   1.0799605938037640     
    12478534          22   1.2121878315796863     
    12478534          23  0.97554651832046557     
    12478534          24   1.0116116329116369     
    12478534          25   1.1032692321134243     
    12487502           1   1.0056284302034308     
    12487502           2   1.0028555370381591     
    12487502           3   1.0967355944575834     
    12487502           4  0.96902195619118991     
    12487502           5  0.72649962025492354     
    12487502           6   1.0622858998409188     
    12487502           7  0.95281615195566915     
    12487502           8   1.0712560547078041     
    12487502           9   1.1314180753000014     
    12487502          10  0.96494252761919641     
    12487502          11  0.83159454564060753     
    12487502          12   1.1504243086339641     
    12487502          13  0.74776029622324280     
    12487502          14   1.2465794897895675     
    12487502          15  0.94046796429491863     
    12487502          16   1.0173578435036190     
    12487502          17   1.1027811479365093     
    12487502          18   1.0090888369577251     
    12487502          19   1.1042904141770395     
    12487502          20  0.47382552042026993     
    12487502          21   1.0820298324670865     
    12487502          22   1.2039620357781813     
    12487502          23  0.97741569631192216     
    12487502          24   1.0235790894313306     
    12487502          25   1.1053831308651394     
    12489252           1   1.1456163435404834     
    12489252           2  0.59066852666708936     
    12489252           3   1.1077768149650618     
    12489252           4  0.46931230207498170     
    12489252           5   1.2248182825962071     
    12489252           6   1.2200093604034377     
    12489252           7   1.0901904064893240     
    12489252           8   1.0215234584443809     
    12489252           9  0.73682665205783426     
    12489252          10  0.83779835529331892     
    12489252          11   1.0767545830249208     
    12489252          12  0.97821245597309403     
    12489252          13   1.1269999325914339     
    12489252          14  0.77387697121715338     
    12489252          15   1.1249623687028849     
    12489252          16  0.82839420087831317     
    12489252          17   1.0903319230768298     
    12489252          18   1.0359108230099807     
    12489252          19   1.0147933343579774     
    12489252          20   1.0309136757071620     
    12489252          21   1.0482830116661392     
    12489252          22   1.1368516103805706     
    12489252          23   1.1048773711851789     
    12489252          24   1.0599657158449951     
    12489252          25   1.1243315198512547     
    12495279           1   1.1131785652803818     
    12495279           2   1.0635303303195631     
    12495279           3  0.83892863539331763     
    12495279           4  0.97503617320430558     
    12495279           5   1.0786486409910947     
    12495279           6   1.0944487532187999     
    12495279           7  0.92854242945393839     
    12495279           8   1.0606384912090712     
    12495279           9   1.1175578069729042     
    12495279          10   1.0676991051143372     
    12495279          11   1.1158714522767497     
    12495279          12   1.0341198209581555     
    12495279          13   1.1243633991854554     
    12495279          14  0.98416647345558528     
    12495279          15   1.1452529165522569     
    12495279          16  0.65532218439272594     
    12495279          17   1.1265442270682466     
    12495279          18   1.0415007154322302     
    12495279          19  0.33005997628702666     
    12495279          20   1.0020084066370918     
    12495279          21   1.0972452962091968     
    12495279          22  0.92672691554195219     
    12495279          23   1.0453183843450464     
    12495279          24  0.98617729460994896     
    12495279          25   1.0471136058906174     
    12497594           1   1.1297543036418836     
    12497594           2   1.0615794551146245     
    12497594           3   1.1478402072659124     
    12497594           4  0.98710079340253731     
    12497594           5  0.95286804173366313     
    12497594           6   1.2162804995107355     
    12497594           7  0.97190897542942900     
    12497594           8  0.96942182029138146     
    12497594           9  0.98352969863446449     
    12497594          10  0.88192542937799279     
    12497594          11   1.0971179033167877     
    12497594          12   1.1822065187252904     
    12497594          13  0.86684457113684821     
    12497594          14   1.1246200934774191     
    12497594          15   1.2108461222494975     
    12497594          16  0.95178391149514718     
    12497594          17   1.1149027045324678     
    12497594          18   1.0565108358702870     
    12497594          19  0.96290079170185883     
    12497594          20   1.0184743842827124     
    12497594          21   1.0816130082382454     
    12497594          22   1.0468902421682664     
    12497594          23   2.9080814622899603E-002
    12497594          24  0.87009421753309668     
    12497594          25   1.0839046562465560     
    12502206           1   1.0057032748114705     
    12502206           2   1.0136559388135757     
    12502206           3   1.0680892997119649     
    12502206           4   1.0725985444663690     
    12502206           5   1.1074654803225201     
    12502206           6   1.0922020302114697     
    12502206           7  0.78396488331905134     
    12502206           8  0.98268628106073808     
    12502206           9   1.0738184563426114     
    12502206          10  0.91543144597096660     
    12502206          11  0.44673533252161446     
    12502206          12   1.1774865296210053     
    12502206          13   1.1343459008936601     
    12502206          14   1.0896554130792924     
    12502206          15   1.0594360139791583     
    12502206          16  0.99330820963859279     
    12502206          17   1.0400577357684726     
    12502206          18  0.68830282261061526     
    12502206          19  0.96546032716168029     
    12502206          20   1.0658397027685242     
    12502206          21   1.0571341195169317     
    12502206          22  0.96175264603716348     
    12502206          23   1.0557457625996580     
    12502206          24   1.0755055806818372     
    12502206          25   1.0736182680910564     
    12503102           1   1.0533155628482860     
    12503102           2   1.0239825681359784     
    12503102           3  0.95762389621517863     
    12503102           4  0.98253939570035664     
    12503102           5   1.0261962596478726     
    12503102           6  0.71993259674185928     
    12503102           7   1.0305576353673709     
    12503102           8   1.0838953834423344     
    12503102           9   1.0641375911696185     
    12503102          10   1.0569200948993105     
    12503102          11  0.71633145883144367     
    12503102          12   1.0398733761819794     
    12503102          13   1.1510011210695041     
    12503102          14   1.0900308756303456     
    12503102          15   1.1801605606156949     
    12503102          16   1.0059846871368290     
    12503102          17   1.0565305800897593     
    12503102          18   1.0741001367349416     
    12503102          19  0.95594265262946743     
    12503102          20   1.0617039104680097     
    12503102          21  0.98752188901044291     
    12503102          22  0.95299002418437695     
    12503102          23  0.72100071484537531     
    12503102          24  0.92764501190868898     
    12503102          25   1.0800820164949736     
    12506158           1   1.0837816419856356     
    12506158           2   1.1185547766125450     
    12506158           3  0.76969101922575411     
    12506158           4   1.1240249958866120     
    12506158           5   1.0672464374453943     
    12506158           6  0.83789251846335255     
    12506158           7  0.91645197022454894     
    12506158           8  0.77287325038474031     
    12506158           9   1.1610190465276506     
    12506158          10   1.0063594821672646     
    12506158          11   1.0382979353089767     
    12506158          12   1.1697028110528571     
    12506158          13   1.0956677237770363     
    12506158          14  0.85197967291463117     
    12506158          15   1.2541746845253945     
    12506158          16   1.0616755443301022     
    12506158          17   1.2127238153043582     
    12506158          18   8.3456208652090247E-002
    12506158          19  0.92565214557045183     
    12506158          20   1.0846861055766592     
    12506158          21   1.0069177457566385     
    12506158          22   1.1715210602239745     
    12506158          23   1.0877486013461650     
    12506158          24   1.0807484073958395     
    12506158          25   1.0171523993413236     
    12507551           1   1.0681571916644563     
    12507551           2   1.0278096550450055     
    12507551           3   1.1088276462254685     
    12507551           4  0.98443590790492486     
    12507551           5   1.0135163419964013     
    12507551           6   1.1396998258645505     
    12507551           7  0.70728909332825407     
    12507551           8  0.98877405785124561     
    12507551           9   1.1051040901241007     
    12507551          10  0.94544988234073479     
    12507551          11  0.96661528034668587     
    12507551          12   1.1095236732305984     
    12507551          13   1.0903805058484102     
    12507551          14  0.90810948345718889     
    12507551          15   1.0868195051809126     
    12507551          16   1.0322003226508512     
    12507551          17   1.1273680976807066     
    12507551          18   1.0197964746453556     
    12507551          19  0.98364135949664810     
    12507551          20  0.99733425573905410     
    12507551          21   1.0112514973770304     
    12507551          22  0.30307750650319737     
    12507551          23   1.1022880125735919     
    12507551          24   1.0785088859082708     
    12507551          25   1.0940214470163574     
    12512488           1   1.0631802446583314     
    12512488           2  0.73701564192491675     
    12512488           3   1.0412094785844417     
    12512488           4   1.0249448298707295     
    12512488           5   1.0866187880868219     
    12512488           6   1.1540181986220630     
    12512488           7  0.80164694013816706     
    12512488           8  0.96870897619315099     
    12512488           9   1.0175911638387978     
    12512488          10   1.0215897717615443     
    12512488          11  0.95955797760372419     
    12512488          12   1.0110397974498100     
    12512488          13  0.88689117899806436     
    12512488          14  0.47354683586924268     
    12512488          15   1.2274005743670944     
    12512488          16  0.96426007962423366     
    12512488          17   1.0733961095776556     
    12512488          18   1.1731343196017503     
    12512488          19   1.0110226132825908     
    12512488          20   1.0646289792112593     
    12512488          21  0.98088332384819232     
    12512488          22   1.1266990295954793     
    12512488          23   1.0627224597419047     
    12512488          24   1.0273259110226587     
    12512488          25   1.0409667765273769     
    12514465           1   1.0013624426776584     
    12514465           2   1.0017458787115971     
    12514465           3  0.47151950445084773     
    12514465           4   1.0978014473589979     
    12514465           5   1.1267759297043427     
    12514465           6   1.1778828524139620     
    12514465           7  0.95051980621131404     
    12514465           8  0.85309139550399915     
    12514465           9   1.1445478467923145     
    12514465          10   1.0414686552331489     
    12514465          11   1.0400537993434988     
    12514465          12   1.0435927018161473     
    12514465          13  0.98033431656870562     
    12514465          14   1.0855645978860897     
    12514465          15   1.2330408121516796     
    12514465          16  0.91078179195610431     
    12514465          17   1.0984697419613807     
    12514465          18   1.0429804240054001     
    12514465          19   1.0289930858953806     
    12514465          20   1.0348923947188606     
    12514465          21   1.0893136028182664     
    12514465          22   1.0842626276098368     
    12514465          23   1.1055534099165658     
    12514465          24   1.0902863535092926     
    12514465          25  0.26516458078460425     
    12515658           1  0.94416752040318919     
    12515658           2   1.1183878910390745     
    12515658           3  0.59521028019534727     
    12515658           4  0.43155140599261177     
    12515658           5   1.1110333104676413     
    12515658           6   1.1009013631199165     
    12515658           7  0.97896335347078578     
    12515658           8   1.0912101082051264     
    12515658           9   1.1000787214865195     
    12515658          10   1.0327871178065673     
    12515658          11  0.85616777782566000     
    12515658          12   1.1439206598477707     
    12515658          13   1.1690105700119477     
    12515658          14   1.2205860223226102     
    12515658          15   1.1521835587096307     
    12515658          16  0.98258171569042685     
    12515658          17   1.1795750615941616     
    12515658          18  0.91629996017396054     
    12515658          19  0.81483652887811542     
    12515658          20   1.0349126265184638     
    12515658          21  0.93269668853573995     
    12515658          22   1.0433731980987506     
    12515658          23   1.0636658252292510     
    12515658          24  0.81306914630610982     
    12515658          25   1.1728295880706270     
    12518838           1   1.0311452416935665     
    12518838           2  0.94784160407340956     
    12518838           3  0.68883341287970801     
    12518838           4   1.0418087425209390     
    12518838           5   1.1170792578366198     
    12518838           6   1.0472354103129762     
    12518838           7   1.0118916039652042     
    12518838           8  0.91429140690443711     
    12518838           9   1.1129355447461136     
    12518838          10  0.90293233712117071     
    12518838          11  0.99911014675221910     
    12518838          12   1.0522045225901493     
    12518838          13   1.0640295437367013     
    12518838          14   1.0522786574394964     
    12518838          15   1.2345234935984335     
    12518838          16   1.0497999255433899     
    12518838          17   1.1428427573651736     
    12518838          18  0.39480268534085378     
    12518838          19  0.89388531438794228     
    12518838          20  0.96507793969305544     
    12518838          21   1.1291479542682175     
    12518838          22   1.1663482485528149     
    12518838          23   1.0905444109332929     
    12518838          24   1.0263311327078677     
    12518838          25  0.92307870503624923     
    12519355           1   1.0295336609526258     
    12519355           2   1.0838522322005035     
    12519355           3  0.80733147705697994     
    12519355           4   1.1110464602171779     
    12519355           5  0.87437295136063886     
    12519355           6  0.98923730367930762     
    12519355           7  0.98533965020604330     
    12519355           8   1.1474588525368117     
    12519355           9   1.0854382723067209     
    12519355          10  0.96613413958700478     
    12519355          11   1.0889123520326651     
    12519355          12  0.87536810317632696     
    12519355          13   1.2151834720233470     
    12519355          14   1.0291260209531334     
    12519355          15   1.1645552809070394     
    12519355          16  0.86876160216029441     
    12519355          17   1.0705140955089689     
    12519355          18   1.2390097981612402     
    12519355          19   7.6583545066699704E-002
    12519355          20   1.0428896602850812     
    12519355          21   1.0759044399143129     
    12519355          22   1.0899697858588779     
    12519355          23   1.0490523606724480     
    12519355          24  0.98895794184314156     
    12519355          25   1.0454665413326150     
    12520992           1  0.96519864239071540     
    12520992           2  0.97687634885785235     
    12520992           3   1.0068465352697782     
    12520992           4  0.95165875197693162     
    12520992           5   1.0382213947443153     
    12520992           6   1.1328263738411404     
    12520992           7  0.99214057856088489     
    12520992           8  0.90981614392406396     
    12520992           9   1.0341611504898143     
    12520992          10  0.98706800854755972     
    12520992          11   1.1482239463481765     
    12520992          12  0.94285598654056468     
    12520992          13  0.72678565945808016     
    12520992          14   1.0701641543878868     
    12520992          15   1.0341733738290331     
    12520992          16  0.96137119731878229     
    12520992          17   1.2045975689511432     
    12520992          18  0.98468870200519265     
    12520992          19  0.93152755358369355     
    12520992          20  0.97951407790134393     
    12520992          21  0.99497877414106661     
    12520992          22   1.1133826508833242     
    12520992          23   1.0043214724765799     
    12520992          24   1.0111953754225365     
    12520992          25  0.89740557814954158     
    12522251           1   1.0773548141103932     
    12522251           2   1.0497312248599342     
    12522251           3   1.0369355486353040     
    12522251           4   1.0455935985368088     
    12522251           5   1.1488393031866859     
    12522251           6   1.1215814669459674     
    12522251           7   1.0034390881940434     
    12522251           8   1.0326637282414937     
    12522251           9   1.1111292178186976     
    12522251          10  0.78689635634949573     
    12522251          11  0.27389718973399874     
    12522251          12   1.0899819515103035     
    12522251          13  0.79757346965759146     
    12522251          14   1.0812890514358906     
    12522251          15  0.95574005299278064     
    12522251          16   1.0961798420818707     
    12522251          17   1.3496484669569062     
    12522251          18   1.0665274208745412     
    12522251          19   1.1062202192511583     
    12522251          20  0.90088830550938259     
    12522251          21  0.77507554739154971     
    12522251          22  0.84322227425794016     
    12522251          23  0.97843397405705024     
    12522251          24   1.1395218655682888     
    12522251          25   1.1316360218419201     
    12527055           1   1.0635713945637537     
    12527055           2  0.94898616188862484     
    12527055           3   1.0200619576449075     
    12527055           4  0.97230052639633380     
    12527055           5   1.0855637263652900     
    12527055           6  0.49555597377311278     
    12527055           7   1.0415819570045091     
    12527055           8  0.97812592359414074     
    12527055           9   1.0403909334265191     
    12527055          10   1.1935983585659784     
    12527055          11  0.78952131389109181     
    12527055          12  0.99921716865329901     
    12527055          13   1.1006144312663151     
    12527055          14   1.1316661274529798     
    12527055          15   1.2395402887475471     
    12527055          16  0.99550149859648551     
    12527055          17   1.1081376144305570     
    12527055          18   1.0144918552287823     
    12527055          19   1.0132157734983265     
    12527055          20   1.0198700171778139     
    12527055          21  0.98283879283747089     
    12527055          22  0.81884316462355577     
    12527055          23  0.94185442993482005     
    12527055          24  0.95415884314492883     
    12527055          25   1.0507917672928615     
    12533749           1   1.0587582937658910     
    12533749           2   1.1187675031681041     
    12533749           3  0.33650621373004624     
    12533749           4  0.91527067224140568     
    12533749           5  0.57448218322942557     
    12533749           6  0.94971275884754647     
    12533749           7   1.0848221200645962     
    12533749           8   1.1051741327394740     
    12533749           9   1.1412489861261939     
    12533749          10   1.1281529421396932     
    12533749          11   1.0736239454563552     
    12533749          12   1.0409159171695908     
    12533749          13   1.1586425673493006     
    12533749          14   1.1655024706846302     
    12533749          15   1.1761802115084519     
    12533749          16   1.0540887729853459     
    12533749          17   1.0743094381934402     
    12533749          18   1.0654554157789198     
    12533749          19  0.47723756845835796     
    12533749          20   1.1166949096209733     
    12533749          21   1.0496512970320491     
    12533749          22   1.0966514024096039     
    12533749          23   1.1122046417803286     
    12533749          24  0.86099301066951639     
    12533749          25   1.0649526248507584     
    12546222           1  0.99563222931050066     
    12546222           2   1.0811890093689462     
    12546222           3   1.1145678962080388     
    12546222           4  0.96034143779999126     
    12546222           5  0.93380154320382791     
    12546222           6   1.0398659548332989     
    12546222           7  0.96701090677852930     
    12546222           8   1.0449765416722965     
    12546222           9  0.96396405957366438     
    12546222          10  0.93174533644317237     
    12546222          11   1.0690195265805846     
    12546222          12   1.1426408675833279     
    12546222          13   1.1160285668918295     
    12546222          14   1.1217634365120210     
    12546222          15   1.0515125137587478     
    12546222          16   1.0323804498766751     
    12546222          17   1.0466942565542818     
    12546222          18   1.0710580057663668     
    12546222          19  0.86986406708942843     
    12546222          20   1.0040562061123339     
    12546222          21  0.99032210924245057     
    12546222          22   1.0590755957514644     
    12546222          23  0.72881395869501631     
    12546222          24  0.58954524822553023     
    12546222          25   1.0741302761676834     
    12557002           1   1.1534870217471889     
    12557002           2   1.0602706312789405     
    12557002           3   1.1222725521510768     
    12557002           4  0.94281731912193978     
    12557002           5   1.0807384297129758     
    12557002           6   1.1895242970227993     
    12557002           7  0.97071070654147207     
    12557002           8   1.0295127561170547     
    12557002           9  0.88725372748311238     
    12557002          10  0.93724514156406225     
    12557002          11   1.0433010264755236     
    12557002          12   1.1368463819686725     
    12557002          13  0.68607773949601047     
    12557002          14   1.1232335466887235     
    12557002          15   1.1757236870651169     
    12557002          16  0.95061045484639162     
    12557002          17   1.1424250913332878     
    12557002          18   1.1427737194315075     
    12557002          19   1.0351826653880367     
    12557002          20   1.0207844081020152     
    12557002          21  0.99954888788318730     
    12557002          22   1.0166994609092566     
    12557002          23  0.29604493388826097     
    12557002          24  0.79993374922891491     
    12557002          25   1.0569816645544752     
    12560173           1   1.0462256366068019     
    12560173           2   1.0194002055877813     
    12560173           3  0.88399102023819442     
    12560173           4  0.86902107523700045     
    12560173           5  0.81548461962312691     
    12560173           6   1.1996052800747141     
    12560173           7  0.93473946197920166     
    12560173           8   1.0232795390039011     
    12560173           9   1.2085807308606062     
    12560173          10   1.0265788570394065     
    12560173          11   1.1085573216246294     
    12560173          12   1.0879461955642773     
    12560173          13   1.3264241727666681     
    12560173          14   1.1137197293655847     
    12560173          15   1.1125310373824755     
    12560173          16  0.26436880287910702     
    12560173          17   1.1215791593590707     
    12560173          18   1.0669271947448424     
    12560173          19   1.0106312406259634     
    12560173          20   1.0372736165287746     
    12560173          21  0.91592999143474674     
    12560173          22   1.0322590343414693     
    12560173          23   1.0406436399407200     
    12560173          24  0.61302634147920498     
    12560173          25   1.1212760957117374     
    12560307           1   1.0753598030062019     
    12560307           2  0.87191478559074764     
    12560307           3   1.1325380909746650     
    12560307           4  0.94396393870620376     
    12560307           5   1.0975049527809375     
    12560307           6   1.1256689364332737     
    12560307           7   1.1690927071704846     
    12560307           8   1.0007990569002165     
    12560307           9  0.64638104820165143     
    12560307          10  0.90939149711272649     
    12560307          11   1.0757825966864856     
    12560307          12   1.0315636562085684     
    12560307          13   1.1574649216652158     
    12560307          14  0.28315902283425159     
    12560307          15   1.1216326500392750     
    12560307          16  0.86619970358414755     
    12560307          17   1.1373620795223538     
    12560307          18   1.1202780823192773     
    12560307          19   1.0492498282649416     
    12560307          20   1.1236157082990763     
    12560307          21  0.66163969233380848     
    12560307          22   1.0797126230692631     
    12560307          23  0.99198260221650436     
    12560307          24   1.1375300040609455     
    12560307          25   1.1902120120187794     
    12562424           1   1.0811299006018877     
    12562424           2   1.1325042732702926     
    12562424           3   1.0448476988000386     
    12562424           4  0.94408625265525048     
    12562424           5   1.1327501830982230     
    12562424           6   1.1231858069466887     
    12562424           7  0.91975201741757850     
    12562424           8   1.0567079657678360     
    12562424           9  0.96237400556161734     
    12562424          10   1.0490176388249517     
    12562424          11   1.0522332355429089     
    12562424          12  0.76562204813105117     
    12562424          13   1.1366681013925963     
    12562424          14   1.1081000606225291     
    12562424          15   1.1384888575308030     
    12562424          16   1.1281773164458282     
    12562424          17   1.1739989061025886     
    12562424          18   1.1001372063708066     
    12562424          19  0.46338976004596782     
    12562424          20   1.0133097087054808     
    12562424          21   1.1281134533800563     
    12562424          22  0.31111986084666693     
    12562424          23  0.98588876067680620     
    12562424          24   1.0624927511553581     
    12562424          25  0.98590423010618577     
    12570670           1   1.0679547662202806     
    12570670           2   1.0211904813890293     
    12570670           3   1.1478514121313614     
    12570670           4   1.0502256368559577     
    12570670           5   1.0662670064340412     
    12570670           6   1.1822638712895011     
    12570670           7   1.0289601625576517     
    12570670           8   1.0413528784554573     
    12570670           9  0.25744767828259796     
    12570670          10  0.72331024930386212     
    12570670          11   1.0345314386311142     
    12570670          12   1.2644198302353045     
    12570670          13   1.1516911812630402     
    12570670          14  0.35138714012464162     
    12570670          15  0.95723941904002674     
    12570670          16  0.98406068738219543     
    12570670          17   1.0882220492605827     
    12570670          18   1.2216432529348349     
    12570670          19  0.97654940647504973     
    12570670          20   1.0831060477744130     
    12570670          21  0.98908894492828570     
    12570670          22   1.0629564733163313     
    12570670          23   1.0594544071957244     
    12570670          24   1.0863301364106170     
    12570670          25   1.1024954421080981     
    12571363           1   1.0128577999648163     
    12571363           2   1.0020465291801428     
    12571363           3  0.94948627222310245     
    12571363           4  0.89264603229905970     
    12571363           5   1.1238483411168663     
    12571363           6  0.94940661352117917     
    12571363           7   1.1158763505003915     
    12571363           8   1.0258476336030531     
    12571363           9  0.24309526713091076     
    12571363          10  0.68535559065787277     
    12571363          11   1.0799198079451808     
    12571363          12   1.0514337362020416     
    12571363          13   1.1047793693699925     
    12571363          14  0.93935629257473929     
    12571363          15   1.1382929507521837     
    12571363          16  0.81480962133737700     
    12571363          17   1.0874180213361375     
    12571363          18   1.0965926069536438     
    12571363          19  0.96096660791163235     
    12571363          20   1.1065445608212574     
    12571363          21   1.1114684884323298     
    12571363          22   1.0970838349372654     
    12571363          23   1.0729366112210119     
    12571363          24   1.1954326614620734     
    12571363          25   1.1424983985457358     
    12578324           1   1.0615353141476089     
    12578324           2   1.1110078105436414     
    12578324           3  0.28162084461947584     
    12578324           4  0.84177933993332066     
    12578324           5  0.70800729973682952     
    12578324           6  0.85259261044898416     
    12578324           7   1.0482793909475927     
    12578324           8   1.1080728973678473     
    12578324           9   1.2014094141504275     
    12578324          10   1.1311119779578431     
    12578324          11   1.0648755006035118     
    12578324          12   1.0436461387269140     
    12578324          13   1.1616815744990912     
    12578324          14   1.1685594706959557     
    12578324          15   1.1792652181989915     
    12578324          16   1.0653531479780969     
    12578324          17   1.0771272477196576     
    12578324          18   1.0623393727187624     
    12578324          19  0.47848931634296377     
    12578324          20   1.1003151311575041     
    12578324          21   1.1245484046774936     
    12578324          22   1.0995278127424080     
    12578324          23   1.0672084336428285     
    12578324          24  0.89572973694353153     
    12578324          25   1.0659165934987138     
    12580912           1   1.0777185142055330     
    12580912           2  0.93491128950453273     
    12580912           3  0.97732925955642069     
    12580912           4  0.95286969179789660     
    12580912           5   1.0884536491988810     
    12580912           6  0.98516159976156914     
    12580912           7  0.96357155073405898     
    12580912           8   1.1701571295918722     
    12580912           9   1.0384458046857625     
    12580912          10  0.93943803199643094     
    12580912          11   1.0232398920873575     
    12580912          12  0.96073250328789173     
    12580912          13   1.1220312064803151     
    12580912          14  0.57983687485903568     
    12580912          15   1.1492735546687474     
    12580912          16  0.97339908100370642     
    12580912          17   1.1023997564278696     
    12580912          18  0.83650851313190810     
    12580912          19  0.94104538984977759     
    12580912          20   1.0144346017646593     
    12580912          21  0.98262979557881636     
    12580912          22   1.0859264016812471     
    12580912          23   1.0111040529480388     
    12580912          24  0.97073327035696477     
    12580912          25   1.1186485848407086     
    12582162           1  0.92077325142295885     
    12582162           2  0.98743565103453124     
    12582162           3   1.0466099264811848     
    12582162           4  0.89212675858623713     
    12582162           5  0.80960100265611068     
    12582162           6   1.1484395100288718     
    12582162           7   1.0092622632422998     
    12582162           8   1.0245025258297584     
    12582162           9   1.0446048316386054     
    12582162          10   1.1416669407304387     
    12582162          11   1.1375692862516442     
    12582162          12  0.35399732698395198     
    12582162          13   1.0874829553117136     
    12582162          14   1.1264080069098177     
    12582162          15   1.0591264823268696     
    12582162          16   1.0308681638848800     
    12582162          17   1.0491100634933230     
    12582162          18   1.1006325682069236     
    12582162          19  0.67927495287308037     
    12582162          20   1.0775042486782427     
    12582162          21   1.0218802182598761     
    12582162          22   1.0445931489904841     
    12582162          23   1.0647889100027501     
    12582162          24   1.0084866294118708     
    12582162          25   1.1332543767635759     
    12587109           1  0.95983520882313078     
    12587109           2   1.0203288157453094     
    12587109           3  0.77579470370668679     
    12587109           4   1.0329954650558630     
    12587109           5   1.0843125852048723     
    12587109           6   1.1068865922207802     
    12587109           7  0.92607243648864979     
    12587109           8   1.0170073389123742     
    12587109           9   1.1916438776176357     
    12587109          10  0.91996493558124626     
    12587109          11  0.32070998631213149     
    12587109          12   1.2120446784670287     
    12587109          13   1.1942256926680179     
    12587109          14   1.1285362249360151     
    12587109          15  0.93326833169050993     
    12587109          16  0.87101495870768597     
    12587109          17   1.2003388178909433     
    12587109          18  0.50690878022799601     
    12587109          19   1.1562610556821049     
    12587109          20   1.2157040182909775     
    12587109          21   1.1469514411248702     
    12587109          22  0.78555021639029954     
    12587109          23   1.1034204041588673     
    12587109          24   1.0603135128519168     
    12587109          25   1.1299099212440844     
    12588464           1  0.95115319606458304     
    12588464           2   1.1214157400233877     
    12588464           3  0.62588071588553140     
    12588464           4  0.89130337712839114     
    12588464           5   1.0813633764501420     
    12588464           6  0.86154171338701535     
    12588464           7   1.1770629805383097     
    12588464           8   1.0482689559547236     
    12588464           9  0.89487493200695289     
    12588464          10  0.97232908157300346     
    12588464          11   1.0287975577614925     
    12588464          12  0.72076966660616260     
    12588464          13   1.0874953858841199     
    12588464          14   1.1199602265156872     
    12588464          15   1.2009814089551132     
    12588464          16   1.1576278723184008     
    12588464          17   1.2476674997782036     
    12588464          18  0.97776778129331521     
    12588464          19  0.98366210482326666     
    12588464          20   1.1329578570823846     
    12588464          21   1.0532017614914693     
    12588464          22   1.0656598552049994     
    12588464          23   1.0742808125797187     
    12588464          24  0.44646159538552377     
    12588464          25   1.0775145453081023     
    12590466           1   1.0445982165456615     
    12590466           2  0.98472368873231964     
    12590466           3   1.0077718773816919     
    12590466           4  0.95235902415884766     
    12590466           5  0.57564792796288278     
    12590466           6   1.0793757121315388     
    12590466           7  0.92617919844056407     
    12590466           8  0.99226353536612300     
    12590466           9   1.0117189342151947     
    12590466          10   1.0379273701132776     
    12590466          11  0.68364036175760146     
    12590466          12   1.0367246448030538     
    12590466          13   1.1025841794837077     
    12590466          14   1.1708875524263096     
    12590466          15   1.0995155029833616     
    12590466          16   1.0564470248159086     
    12590466          17   1.1647676460314533     
    12590466          18   1.0320191984472329     
    12590466          19  0.98529976973348077     
    12590466          20  0.93597885734105790     
    12590466          21  0.99693279799510848     
    12590466          22   1.0507271169771717     
    12590466          23  0.99720148399439845     
    12590466          24  0.94396799962387323     
    12590466          25   1.1307403785381818     
    12594154           1  0.73781378355243543     
    12594154           2   1.1350901844582308     
    12594154           3  0.85680969966226539     
    12594154           4  0.68431454120131019     
    12594154           5   1.1162412726894715     
    12594154           6   1.0604166384910840     
    12594154           7  0.95244995518687481     
    12594154           8   1.0592952706891909     
    12594154           9   1.0422861237030228     
    12594154          10  0.95953713108661298     
    12594154          11  0.94115458663069174     
    12594154          12   1.0705096724090239     
    12594154          13   1.0234367598690104     
    12594154          14   1.1189427686257818     
    12594154          15   1.1054253558177771     
    12594154          16   1.1004957253867906     
    12594154          17   1.1003630857709024     
    12594154          18  0.93539363527299313     
    12594154          19  0.86067935432233644     
    12594154          20   1.0292347929034076     
    12594154          21  0.99275658390767341     
    12594154          22   1.0684702908151924     
    12594154          23   1.1013568126187763     
    12594154          24  0.90586572389253539     
    12594154          25   1.0416602510366006     
    12597561           1   1.3123652710693436     
    12597561           2   1.0011852305515783     
    12597561           3   1.1345804511095992     
    12597561           4  0.95105620104599276     
    12597561           5  0.96095981349082160     
    12597561           6  0.98876907838103356     
    12597561           7   1.1118791460042756     
    12597561           8   1.0661639651321648     
    12597561           9   1.1406201044838564     
    12597561          10  0.92152515735644092     
    12597561          11   1.1475982174949562     
    12597561          12   1.0695877202583484     
    12597561          13  0.71631535965425941     
    12597561          14   1.1993400650887789     
    12597561          15  0.60400897953426114     
    12597561          16  0.51624022738342268     
    12597561          17   1.1683646779185224     
    12597561          18   1.0969305349547167     
    12597561          19  0.96992164779650569     
    12597561          20  0.96462135333882526     
    12597561          21   1.0675683279445667     
    12597561          22   1.0953850693155389     
    12597561          23  0.54257857017939093     
    12597561          24   1.0872873187165266     
    12597561          25   1.1651475117962726     
    12598697           1   1.0528149610758792     
    12598697           2   1.0688800815669406     
    12598697           3  0.97347301936385089     
    12598697           4  0.96162786588205884     
    12598697           5  0.25087827481388592     
    12598697           6   1.0874844972057487     
    12598697           7  0.92056106659995607     
    12598697           8   1.0494782305674706     
    12598697           9   1.1042373362638975     
    12598697          10   1.0175011489261701     
    12598697          11   1.0237408574851961     
    12598697          12   1.1124076287546163     
    12598697          13   1.0460953893600233     
    12598697          14   1.1249226493857931     
    12598697          15   1.0787983510766721     
    12598697          16  0.98137821216952814     
    12598697          17   1.1247053097797737     
    12598697          18   1.1330145917726855     
    12598697          19  0.92079492991773759     
    12598697          20  0.96296267093507437     
    12598697          21  0.96023020469007125     
    12598697          22   1.0587707938141102     
    12598697          23  0.96365789946381430     
    12598697          24  0.83010704843671912     
    12598697          25   1.1914769806923187     
    12605225           1   1.0662608049551570     
    12605225           2   1.0337978495781115     
    12605225           3   1.0322921195075951     
    12605225           4  0.91861921568480864     
    12605225           5   1.2779745556480266     
    12605225           6   1.1489747262280803     
    12605225           7  0.92644280715020100     
    12605225           8   1.1655556009795978     
    12605225           9   1.2169027090011029     
    12605225          10  0.31205758344826628     
    12605225          11  0.41198919919967791     
    12605225          12   1.1417888523101090     
    12605225          13   1.0846101040680312     
    12605225          14   1.2353228671330359     
    12605225          15  0.58894338142607983     
    12605225          16  0.85633843656671405     
    12605225          17   1.1824531781482281     
    12605225          18  0.92469061002334485     
    12605225          19  0.95626081941384700     
    12605225          20   1.0343750962281402     
    12605225          21   1.1252657316927548     
    12605225          22   1.0765108282785789     
    12605225          23   1.0605719133335210     
    12605225          24   1.0395366695951416     
    12605225          25   1.1824643404018507     
    12619493           1   1.0251420329891876     
    12619493           2   1.0548356527233225     
    12619493           3  0.64004837574929496     
    12619493           4  0.93102663992968271     
    12619493           5   1.1814837149083448     
    12619493           6   1.0411851249661177     
    12619493           7   1.0066945953927307     
    12619493           8   1.0304610385608697     
    12619493           9  0.97231000059347794     
    12619493          10   1.0555659331303568     
    12619493          11  0.67964385563930463     
    12619493          12  0.94090539349816082     
    12619493          13   1.1608352482986868     
    12619493          14   1.1146957649496594     
    12619493          15   1.1191893562835373     
    12619493          16   1.0679874248394017     
    12619493          17   1.1933721936314925     
    12619493          18   1.0306372062019700     
    12619493          19  0.99376749555097554     
    12619493          20   1.0859345339246476     
    12619493          21   1.2198198872192680     
    12619493          22  0.96620548942468043     
    12619493          23   1.0676944152764163     
    12619493          24  0.36481411671390523     
    12619493          25   1.0557445096045091     
    12620147           1   1.0179641820158194     
    12620147           2  0.76532027219626764     
    12620147           3  0.44579446279455759     
    12620147           4   1.1408333594063507     
    12620147           5   1.0623026686732144     
    12620147           6  0.84041900108522627     
    12620147           7   1.0746530661114218     
    12620147           8  0.95899449096009493     
    12620147           9   1.2368668783379582     
    12620147          10   1.1108710483612783     
    12620147          11   1.0716455937581721     
    12620147          12   1.1059028889403759     
    12620147          13   1.2480786524499163     
    12620147          14   1.1470486175867611     
    12620147          15   1.0123025716918634     
    12620147          16  0.92919671547969940     
    12620147          17   1.0635054169520479     
    12620147          18   1.0650381480028324     
    12620147          19  0.94058323098485574     
    12620147          20   1.0939686187712134     
    12620147          21   1.0598583962476329     
    12620147          22  0.98272747058477894     
    12620147          23  0.66312344893993658     
    12620147          24  0.99312923190434110     
    12620147          25  0.96987156776338213     
    12622064           1   1.0449643052166262     
    12622064           2   1.0869546906473073     
    12622064           3  0.79942645403034751     
    12622064           4   1.0437220820583804     
    12622064           5   1.1505557755757012     
    12622064           6   1.0540435716524517     
    12622064           7   1.0175220064794310     
    12622064           8   1.0081080679022587     
    12622064           9   1.0777082027427869     
    12622064          10  0.94626668533733049     
    12622064          11  0.17926231871278428     
    12622064          12   1.1739516023108638     
    12622064          13   1.0603851651230196     
    12622064          14   1.1145643615611136     
    12622064          15  0.79889454029400297     
    12622064          16  0.96724153238052835     
    12622064          17   1.0877001275673142     
    12622064          18  0.94595336315408352     
    12622064          19  0.97529601327760818     
    12622064          20   1.0628175823549106     
    12622064          21   1.1121572457026367     
    12622064          22   1.0113598410853244     
    12622064          23   1.1075097523149053     
    12622064          24   1.0244454677764592     
    12622064          25   1.1491892447418286     
    12623570           1   1.0447257253740827     
    12623570           2   1.0966139152402672     
    12623570           3   1.0337621619351469     
    12623570           4  0.72415498595162286     
    12623570           5   1.0449697847233397     
    12623570           6   1.1341967898318337     
    12623570           7   1.0715069319993260     
    12623570           8   1.0314271094549730     
    12623570           9   1.0458923861118565     
    12623570          10  0.33233904038187650     
    12623570          11   1.0650760726571933     
    12623570          12   1.0639314688955388     
    12623570          13   1.0562588128493420     
    12623570          14  0.82811279129502890     
    12623570          15   1.2224237364803003     
    12623570          16   1.0659186617995160     
    12623570          17   1.0818993662026573     
    12623570          18  0.95958439745377411     
    12623570          19  0.99321690350253977     
    12623570          20   1.0573166331335428     
    12623570          21  0.84632959201507119     
    12623570          22   1.0549455486715642     
    12623570          23  0.96344951596007367     
    12623570          24   1.0420531085376878     
    12623570          25   1.1398945595418493     
    12624695           1  0.84212112149631047     
    12624695           2   1.1365650892698411     
    12624695           3  0.83759835059276333     
    12624695           4  0.34385391179242603     
    12624695           5   1.1867826142355966     
    12624695           6   1.1757814687710053     
    12624695           7  0.98345154707659987     
    12624695           8   1.0299491764478408     
    12624695           9   1.1840827853127918     
    12624695          10   1.0547789955379232     
    12624695          11  0.77502399408989919     
    12624695          12   1.2347184592314682     
    12624695          13   1.1487558354782248     
    12624695          14   1.2215150249238904     
    12624695          15   1.1429549722251255     
    12624695          16   1.0816353742850764     
    12624695          17   1.1498966108052493     
    12624695          18  0.85508191157413926     
    12624695          19  0.89733129363021380     
    12624695          20  0.79684868605207471     
    12624695          21   1.0347957751869237     
    12624695          22   1.0789611193968209     
    12624695          23   1.0357803318666925     
    12624695          24  0.68493210108623637     
    12624695          25   1.0868034496348664     
    12627858           1   1.0676380632248077     
    12627858           2   1.0077332818097227     
    12627858           3   1.1505336343140093     
    12627858           4   1.1295182919148674     
    12627858           5   1.0887468513334271     
    12627858           6   1.1784714362845039     
    12627858           7   1.0646134474924049     
    12627858           8   1.0477904758114196     
    12627858           9  0.92790789001460083     
    12627858          10  0.96310985845450880     
    12627858          11  0.70276309714019891     
    12627858          12   1.0861790088554255     
    12627858          13   1.1695995362529725     
    12627858          14   1.2467360445431663     
    12627858          15  0.51659635394919357     
    12627858          16  0.31999503628676207     
    12627858          17   1.0686074564264156     
    12627858          18   1.0625191097261990     
    12627858          19  0.97113376301339338     
    12627858          20   1.0271825195959174     
    12627858          21   1.0705334133805753     
    12627858          22  0.98772072594372118     
    12627858          23   1.0767547504559711     
    12627858          24   1.0513003060710078     
    12627858          25   1.0163156477048123     
    12633698           1  0.71078416665774879     
    12633698           2   1.1708305454212513     
    12633698           3   1.1039068377794079     
    12633698           4  0.95959591869919814     
    12633698           5   1.1196029351354817     
    12633698           6   1.1254150308669939     
    12633698           7  0.91049900729805511     
    12633698           8   1.0342001276205670     
    12633698           9  0.94640345547577120     
    12633698          10  0.95798165410352265     
    12633698          11   1.1966889901484277     
    12633698          12  0.69532777970201121     
    12633698          13   1.0822873161953517     
    12633698          14   1.2340599022128835     
    12633698          15   1.1722227669082907     
    12633698          16   1.0394847189902574     
    12633698          17  0.84475591195149291     
    12633698          18   1.1031725206583936     
    12633698          19  0.22880327157165820     
    12633698          20   1.0056625403936517     
    12633698          21   1.0808710059810136     
    12633698          22  0.97131461858137480     
    12633698          23   1.0255794172974984     
    12633698          24   1.1144523939739217     
    12633698          25   1.1660971663757780     
    12635098           1  0.99582694330127308     
    12635098           2   1.0710598224246402     
    12635098           3  0.91419809337288416     
    12635098           4   1.0349226499801334     
    12635098           5   1.1067649714146734     
    12635098           6   1.0810569997525192     
    12635098           7  0.85763983161038237     
    12635098           8   1.0512154780206453     
    12635098           9   1.2148234265869968     
    12635098          10  0.80720787594521903     
    12635098          11  0.27978410351783189     
    12635098          12   1.2270722176617095     
    12635098          13   1.2323941362513746     
    12635098          14   1.1886511836757501     
    12635098          15  0.80610765834160081     
    12635098          16  0.88905068430403200     
    12635098          17   1.1754948083769223     
    12635098          18  0.51740511851836846     
    12635098          19   1.1128296791293188     
    12635098          20   1.2496280702672733     
    12635098          21   1.0726014996339970     
    12635098          22  0.69048016211391983     
    12635098          23   1.1983924083742010     
    12635098          24   1.0822689607724298     
    12635098          25   1.1431232166519019     
    12637174           1  0.86524294955908343     
    12637174           2   1.0705293159907012     
    12637174           3  0.62769580790809376     
    12637174           4  0.79129327843476105     
    12637174           5   1.1059654395887504     
    12637174           6   1.0831744099905820     
    12637174           7   1.0696653917789349     
    12637174           8   1.1518369552582464     
    12637174           9   1.0751812558232969     
    12637174          10   1.0415755328772685     
    12637174          11  0.83674277055088830     
    12637174          12  0.96994565252203113     
    12637174          13   1.1111617649604959     
    12637174          14   1.1532598346570830     
    12637174          15   1.2244946227041620     
    12637174          16  0.99232421201794618     
    12637174          17   1.2688638811992781     
    12637174          18   1.1007641518181834     
    12637174          19  0.96341529942353832     
    12637174          20  0.93083818189165679     
    12637174          21   1.1310063279841853     
    12637174          22   1.0168480719446169     
    12637174          23   1.0265021303302995     
    12637174          24  0.30136482628034550     
    12637174          25   1.0903079345055684     
    12637720           1  0.94002620466096520     
    12637720           2   1.1200453147916243     
    12637720           3  0.67955335659657334     
    12637720           4  0.35592209510264072     
    12637720           5   1.1962856786583944     
    12637720           6   1.1784799602537144     
    12637720           7  0.97335098587204028     
    12637720           8   1.0323129737639971     
    12637720           9   1.2166099999079978     
    12637720          10   1.0004729825107670     
    12637720          11  0.65772813502189253     
    12637720          12   1.1523644146012368     
    12637720          13   1.1361100526360361     
    12637720          14   1.3150182164776922     
    12637720          15   1.1455781248598511     
    12637720          16   1.0841177946347995     
    12637720          17   1.1163241044462429     
    12637720          18  0.75455693958104864     
    12637720          19  0.89939072467020098     
    12637720          20   1.0371976471118898     
    12637720          21   1.0371706957481417     
    12637720          22   1.1093163412229095     
    12637720          23   1.1447401461888991     
    12637720          24  0.62341130483649920     
    12637720          25   1.0939158058439427     
    12637780           1   1.0706368978079230     
    12637780           2  0.93057765489502953     
    12637780           3  0.93688293650771093     
    12637780           4  0.91452947681785413     
    12637780           5   1.1178730132252708     
    12637780           6   1.1241917474773289     
    12637780           7   1.0940247240001451     
    12637780           8   1.0369606095314226     
    12637780           9   1.0343047696742635     
    12637780          10   1.0650595999867636     
    12637780          11   1.1345595276006304     
    12637780          12  0.88457213890989006     
    12637780          13   1.2247269506612801     
    12637780          14   1.2523753014815495     
    12637780          15   4.1288821076562489E-002
    12637780          16  0.59003326693409908     
    12637780          17   1.1469205575462840     
    12637780          18   1.1738275307533492     
    12637780          19   1.0508248381441445     
    12637780          20   1.0245776187617468     
    12637780          21   1.1575029380694251     
    12637780          22   1.2001504249902906     
    12637780          23  0.79408005238929535     
    12637780          24  0.89538875859704625     
    12637780          25   1.1041298441606913     
    12645594           1   1.1705541512886106     
    12645594           2   1.0739738211354073     
    12645594           3  0.22802212748745623     
    12645594           4   1.0882756285813551     
    12645594           5   1.1709803574479427     
    12645594           6   1.1000929419140231     
    12645594           7   1.0461878537153781     
    12645594           8  0.21100761964841130     
    12645594           9   1.1965999748969638     
    12645594          10  0.99135486214148882     
    12645594          11   1.1246462377193243     
    12645594          12  0.94875132535578577     
    12645594          13   1.1029091176253254     
    12645594          14   1.1765703717930716     
    12645594          15   1.2274731286970406     
    12645594          16   1.0411113582529652     
    12645594          17   1.2339351041448501     
    12645594          18  0.96419181042500490     
    12645594          19   1.0915535203510858     
    12645594          20   1.0976287142812133     
    12645594          21   1.0426153183749585     
    12645594          22   1.1102330367721056     
    12645594          23   1.1373274438194840     
    12645594          24   1.2292197058717622     
    12645594          25  0.19478446825898252     
    12647199           1   1.0170257137016099     
    12647199           2  0.98975462572210560     
    12647199           3   1.0197947743461544     
    12647199           4  0.83623447922334671     
    12647199           5   1.0583289811537280     
    12647199           6   1.1192898722664546     
    12647199           7   1.1137549298290774     
    12647199           8   1.0808105873559013     
    12647199           9   1.0192806010251076     
    12647199          10  0.80823067619651179     
    12647199          11   1.0574030860623593     
    12647199          12   1.0546556907601441     
    12647199          13  0.84876610860548130     
    12647199          14   1.1334581427821524     
    12647199          15   1.1788872748247960     
    12647199          16   1.0078512847986525     
    12647199          17   1.1242964207752706     
    12647199          18   1.0565833490470924     
    12647199          19  0.92752732087715928     
    12647199          20  0.99116370986254598     
    12647199          21   1.1015210475815906     
    12647199          22   1.0057192755270221     
    12647199          23  0.50240704264406266     
    12647199          24  0.84955236577630411     
    12647199          25   1.0977026392553737     
    12647553           1   1.1452211996922654     
    12647553           2  0.61563178593603196     
    12647553           3   1.1073947226563230     
    12647553           4  0.46915042775282861     
    12647553           5   1.1930239618674690     
    12647553           6   1.2073400868897484     
    12647553           7   1.0898143800517304     
    12647553           8   1.0211711164821777     
    12647553           9  0.73657250718603173     
    12647553          10  0.81917544130519782     
    12647553          11   1.0763831908464463     
    12647553          12  0.97787505276092113     
    12647553          13   1.1266112098808891     
    12647553          14  0.76607448373037101     
    12647553          15   1.1345022251554677     
    12647553          16  0.81045831579208416     
    12647553          17   1.0899558478275992     
    12647553          18   1.0962215951404357     
    12647553          19   1.0144433137375966     
    12647553          20   1.0305580948887698     
    12647553          21   1.0479214398488488     
    12647553          22   1.1364594896477340     
    12647553          23   1.1044962789471702     
    12647553          24   1.0596001144512128     
    12647553          25   1.1239437175246452     
    12649173           1   1.0772094047341729     
    12649173           2   1.0791619764292169     
    12649173           3   1.0920518226492506     
    12649173           4  0.98568240071712609     
    12649173           5   1.0542780655164328     
    12649173           6  0.87940133128566234     
    12649173           7   1.0380438323256185     
    12649173           8   1.0913962197035740     
    12649173           9  0.74964191581570849     
    12649173          10  0.41752498660714277     
    12649173          11   1.0734332787593626     
    12649173          12   1.0981058427114458     
    12649173          13   1.1523587325943985     
    12649173          14  0.43461550761586043     
    12649173          15   1.1835655833686614     
    12649173          16   1.0841040549539167     
    12649173          17   1.0847318004596289     
    12649173          18   1.3005571766226032     
    12649173          19  0.94333562029769868     
    12649173          20  0.82077018339304830     
    12649173          21  0.89877886819664432     
    12649173          22   1.1194211843991551     
    12649173          23   1.1367904493118384     
    12649173          24   1.0840455063711405     
    12649173          25   1.1209942551606917     
    12649536           1  0.99320686394766788     
    12649536           2   1.0620873538496496     
    12649536           3  0.78258883302335092     
    12649536           4  0.83297988409982027     
    12649536           5   1.0642174197118837     
    12649536           6   1.0987483627052370     
    12649536           7  0.94703737902909213     
    12649536           8   1.0192698732257324     
    12649536           9   1.0083387841144553     
    12649536          10  0.99896004816025041     
    12649536          11  0.97494963555713676     
    12649536          12  0.96529474809840632     
    12649536          13   1.1391420946517345     
    12649536          14   1.1153099120740819     
    12649536          15   1.2231008094891065     
    12649536          16  0.96656126887296745     
    12649536          17   1.2655016973517963     
    12649536          18  0.97478158177962360     
    12649536          19  0.94371752072180759     
    12649536          20   1.0287144530929659     
    12649536          21   1.0129227250662725     
    12649536          22   1.0236897407764693     
    12649536          23  0.98861493185261640     
    12649536          24  0.48721347308054547     
    12649536          25   1.0830506056673344     
    12650454           1   1.1986544549616598     
    12650454           2  0.96597783785966718     
    12650454           3   1.0674590501460746     
    12650454           4  0.63409458313147948     
    12650454           5   1.1007226871751119     
    12650454           6  0.98524132135976983     
    12650454           7   1.0752643766326084     
    12650454           8   1.0242354927890789     
    12650454           9  0.69721305836445913     
    12650454          10  0.26627826343264460     
    12650454          11   1.1428722624035601     
    12650454          12   1.1302635880653640     
    12650454          13   1.1799050249618128     
    12650454          14   1.0949490035404523     
    12650454          15   1.1332202332172394     
    12650454          16  0.50828315540445190     
    12650454          17   1.1428748552172903     
    12650454          18   1.1653286656817829     
    12650454          19  0.90372643527002516     
    12650454          20  0.98494884402270999     
    12650454          21   1.1598636470931765     
    12650454          22   1.0667181724418167     
    12650454          23   1.1153210747986435     
    12650454          24   1.0958243625454078     
    12650454          25   1.1607595494837106     
    12650543           1   1.0093020502273262     
    12650543           2  0.98487455089912668     
    12650543           3   1.0965305947224475     
    12650543           4  0.92899872798768557     
    12650543           5  0.90808379469801903     
    12650543           6   1.2739058263705472     
    12650543           7   1.0739580124175581     
    12650543           8   1.0755161449939989     
    12650543           9   1.0195932986117255     
    12650543          10  0.97191572179318375     
    12650543          11  0.92674020368175858     
    12650543          12   1.0616271520753775     
    12650543          13   1.1009143520670515     
    12650543          14   1.0708085198894701     
    12650543          15  0.99969822685163556     
    12650543          16   1.0600172769730829     
    12650543          17  0.20585257812837748     
    12650543          18   1.2431078896374448     
    12650543          19  0.98637407982586767     
    12650543          20   1.1161974363737091     
    12650543          21   1.1292599365637364     
    12650543          22  0.81077799523477145     
    12650543          23  0.93209280509597836     
    12650543          24  0.91545351988194679     
    12650543          25   1.0983993049981746     
    12652319           1  0.84749981939286645     
    12652319           2   1.1246180694055548     
    12652319           3  0.84294816117403337     
    12652319           4  0.34605013542922797     
    12652319           5   1.0402940734551733     
    12652319           6   1.1832912831569111     
    12652319           7  0.97732483867320885     
    12652319           8   1.0260880301336834     
    12652319           9   1.1655525606430710     
    12652319          10   1.0241107959257447     
    12652319          11  0.77997413703297658     
    12652319          12   1.3037610313710188     
    12652319          13   1.1560930348884051     
    12652319          14   1.2293169433504167     
    12652319          15   1.1502551210374978     
    12652319          16   1.0394854229534800     
    12652319          17   1.1208816666554102     
    12652319          18  0.86054339111878531     
    12652319          19  0.85923737721481874     
    12652319          20  0.90295387641838365     
    12652319          21   1.0414051021795452     
    12652319          22   1.0858525341294825     
    12652319          23   1.1047738918911352     
    12652319          24  0.68930681958854645     
    12652319          25   1.0983818827806207     
    12658279           1   1.0053822020922636     
    12658279           2   1.0827702183694272     
    12658279           3   1.0792373756565545     
    12658279           4  0.94319170035299160     
    12658279           5   1.1258278499607390     
    12658279           6   1.1949501233246642     
    12658279           7  0.88174122049987780     
    12658279           8   1.0325519311031532     
    12658279           9   1.0117104784987003     
    12658279          10   1.0345270254475427     
    12658279          11   1.0557207868348069     
    12658279          12  0.95500676925371408     
    12658279          13   1.1602222722772391     
    12658279          14   1.1397496615340590     
    12658279          15   1.1952515574194864     
    12658279          16   1.1111281404644997     
    12658279          17   1.0988936179948052     
    12658279          18   1.0518488243237163     
    12658279          19  0.25238094345681855     
    12658279          20  0.99832426954746145     
    12658279          21   1.1318525041901297     
    12658279          22  0.36566447652336825     
    12658279          23   1.0321418606944561     
    12658279          24   1.0490452329956110     
    12658279          25   1.0108789571839099     
    12658743           1   1.0635653132914435     
    12658743           2   1.0242793752111155     
    12658743           3   1.0453017643589086     
    12658743           4   1.0587988899283078     
    12658743           5   1.1164532429408862     
    12658743           6   1.1328700402480536     
    12658743           7   1.0367700672217850     
    12658743           8   1.0775724359931453     
    12658743           9  0.77363165889906849     
    12658743          10  0.49368325385906103     
    12658743          11   1.0947973995645512     
    12658743          12   1.0657583315517458     
    12658743          13   1.1334566661381704     
    12658743          14  0.44142625320669204     
    12658743          15   1.0640066084345192     
    12658743          16   1.0367655070822586     
    12658743          17   1.1193999301860391     
    12658743          18   1.2023011994961643     
    12658743          19  0.96143630811934255     
    12658743          20  0.99036378398115466     
    12658743          21  0.89031120619625514     
    12658743          22  0.89142527918076397     
    12658743          23   1.1181059167403997     
    12658743          24   1.1095896546781174     
    12658743          25   1.0579299134920481     
    12658899           1   1.0354308116644080     
    12658899           2   1.0058046225633941     
    12658899           3   1.0425269924294329     
    12658899           4  0.79024713762798438     
    12658899           5   1.1280632422133101     
    12658899           6  0.97079199295283958     
    12658899           7   1.1266368360433416     
    12658899           8   1.0571868646885387     
    12658899           9  0.15424013954563362     
    12658899          10  0.68792596063114453     
    12658899          11   1.0991994997617871     
    12658899          12   1.0441351112183828     
    12658899          13   1.1397375592560337     
    12658899          14  0.91187589221560128     
    12658899          15   1.1794483142411023     
    12658899          16  0.76546542710945820     
    12658899          17   1.0914962935039536     
    12658899          18   1.1007052876528989     
    12658899          19  0.90519719127381304     
    12658899          20   1.1106945655078639     
    12658899          21   1.1156369599058933     
    12658899          22   1.1011983579468143     
    12658899          23   1.0769605720470403     
    12658899          24   1.2126111228452612     
    12658899          25   1.1467832451540694     
    12659534           1   1.1644384583173069     
    12659534           2  0.10647845247935715     
    12659534           3  0.91131819359228639     
    12659534           4  0.92490703200357149     
    12659534           5   1.0587439724445940     
    12659534           6   1.1373060836775495     
    12659534           7  0.94979080530562976     
    12659534           8  0.99897808000702759     
    12659534           9   1.0869833987724624     
    12659534          10   1.0209285043122960     
    12659534          11   1.1138903405043541     
    12659534          12   1.2026058098485772     
    12659534          13   1.1467577529696851     
    12659534          14   1.1078977278521578     
    12659534          15  0.99032375834444775     
    12659534          16  0.39980510356702337     
    12659534          17   1.1665782853545874     
    12659534          18   1.0515925971192053     
    12659534          19  0.94496191576856525     
    12659534          20   1.0750194377231765     
    12659534          21   1.0970108679894706     
    12659534          22   1.0462664622263156     
    12659534          23   1.1442475779848347     
    12659534          24   1.0404025657266782     
    12659534          25   1.1127668161088424     
    12659558           1   1.2625463831155015     
    12659558           2   1.0065556429855718     
    12659558           3   1.1578393310333166     
    12659558           4  0.95772642037737166     
    12659558           5   1.0233107135309993     
    12659558           6  0.66901022963666312     
    12659558           7   1.0660498570909192     
    12659558           8  0.96678992396648700     
    12659558           9   1.0941904212072575     
    12659558          10  0.98216856009258324     
    12659558          11   1.0898438435075624     
    12659558          12   1.0433363002341602     
    12659558          13  0.66131123707315720     
    12659558          14   1.2247031796681218     
    12659558          15  0.34483124474582982     
    12659558          16  0.85581839857168718     
    12659558          17   1.0941007949457833     
    12659558          18   1.1924380012673634     
    12659558          19  0.93328982074555245     
    12659558          20   1.0200249094351743     
    12659558          21   1.1061440211046356     
    12659558          22   1.0245510932186044     
    12659558          23  0.77536223539826343     
    12659558          24   1.2216584376011987     
    12659558          25   1.2263989994462308     
    12663791           1   1.1353219050617220     
    12663791           2   1.0158648469470091     
    12663791           3   1.0539397840232685     
    12663791           4   1.0109057742007674     
    12663791           5   1.0753890240319990     
    12663791           6   1.1937989769531123     
    12663791           7  0.95224749802531194     
    12663791           8   1.1705079173974093     
    12663791           9  0.66485179246454884     
    12663791          10  0.66866301735008959     
    12663791          11   1.0433369304775344     
    12663791          12   1.0925652146474540     
    12663791          13   1.1087713853979568     
    12663791          14  0.47605130404441098     
    12663791          15   1.1458578659619167     
    12663791          16  0.76746662511746710     
    12663791          17   1.0798427478712724     
    12663791          18   1.2122366093058865     
    12663791          19  0.96938129206439294     
    12663791          20  0.98160982803281449     
    12663791          21  0.94999547368256265     
    12663791          22   1.0952266678880949     
    12663791          23   1.0512966164285218     
    12663791          24   1.0503699773975907     
    12663791          25   1.0345009252268849     
    12665778           1   1.2625865883853977     
    12665778           2   1.0065876963357163     
    12665778           3   1.1578762019502373     
    12665778           4  0.95775691878102076     
    12665778           5   1.0233433004394690     
    12665778           6  0.66903153399205595     
    12665778           7   1.0660838050098236     
    12665778           8  0.96682071099367728     
    12665778           9   1.0942252652508433     
    12665778          10  0.98219983684611101     
    12665778          11   1.0898785491361704     
    12665778          12   1.0433695248491957     
    12665778          13  0.66133229625730083     
    12665778          14   1.2247421798367808     
    12665778          15  0.34484222575488344     
    12665778          16  0.85584565175632799     
    12665778          17   1.0941356361352577     
    12665778          18   1.1924759739646968     
    12665778          19  0.93331954097574454     
    12665778          20   1.0200573917085649     
    12665778          21   1.1061792458056900     
    12665778          22   1.0237876049166568     
    12665778          23  0.77538692648950436     
    12665778          24   1.2216973408112999     
    12665778          25   1.2264380536175725     
    12665943           1   1.0174261149088515     
    12665943           2  0.96761749841524769     
    12665943           3  0.97851002051151414     
    12665943           4  0.76721304865212703     
    12665943           5   1.0582370492948345     
    12665943           6   1.1144377777393455     
    12665943           7   1.0415724256302765     
    12665943           8   1.0400819949812301     
    12665943           9   1.0825024754071715     
    12665943          10  0.98970046650555465     
    12665943          11   1.0268410555628809     
    12665943          12   1.0733821073963790     
    12665943          13   1.0127106665635135     
    12665943          14   1.0027264574087253     
    12665943          15  0.86019542104092461     
    12665943          16  0.87632703984753935     
    12665943          17   1.0367759057621291     
    12665943          18   1.0148361973539617     
    12665943          19  0.92939518278004363     
    12665943          20   1.0119622000883304     
    12665943          21  0.99073492970019050     
    12665943          22   1.0478363598166152     
    12665943          23   1.0144867808755216     
    12665943          24   1.0151667313046058     
    12665943          25   1.0293240924524829     
    12666551           1   1.1043469107151027     
    12666551           2   1.0946961935254975     
    12666551           3   1.1003113569593781     
    12666551           4  0.98512120647354151     
    12666551           5   1.0290508828389464     
    12666551           6   1.1102613190435175     
    12666551           7   1.0066004379692617     
    12666551           8   1.1131588629525797     
    12666551           9  0.97869801579400728     
    12666551          10  0.88955467104978170     
    12666551          11   1.0632714956099940     
    12666551          12   1.2182281386028591     
    12666551          13  0.96001761892034365     
    12666551          14   1.1201663317524324     
    12666551          15   1.0296297956308551     
    12666551          16  0.82275895025222656     
    12666551          17   1.0952470975863398     
    12666551          18   1.0662819178634761     
    12666551          19   1.0505678327534123     
    12666551          20   1.0213158968176272     
    12666551          21  0.80784507860008847     
    12666551          22   1.0283589611847428     
    12666551          23  0.70406048911597774     
    12666551          24  0.50785600032680933     
    12666551          25   1.0925945376612003     
    12675220           1   1.1044693090716304     
    12675220           2   1.1065196667402277     
    12675220           3   1.1286870273383860     
    12675220           4  0.88084756186262514     
    12675220           5   1.2022343541277090     
    12675220           6   1.1285039600569531     
    12675220           7   1.0202038788332011     
    12675220           8   1.1525306353480167     
    12675220           9  0.73317069644940980     
    12675220          10  0.94676704282086743     
    12675220          11   1.1049035475866262     
    12675220          12   1.1064160891595087     
    12675220          13   1.1827552107908665     
    12675220          14   9.8692462585027757E-002
    12675220          15   1.1345431824624832     
    12675220          16  0.39145517595491613     
    12675220          17   1.1271014058993505     
    12675220          18   1.0688503560563796     
    12675220          19  0.99420756562367207     
    12675220          20   1.2063690709748038     
    12675220          21  0.68122797504279320     
    12675220          22   1.0883803745818013     
    12675220          23   1.0983923641935460     
    12675220          24   1.0789434443768195     
    12675220          25   1.2338276420623759     
    12675916           1   1.1368378106041315     
    12675916           2   1.1308041744387389     
    12675916           3   1.1277989007002760     
    12675916           4   1.0335570205798477     
    12675916           5   1.1769781104501753     
    12675916           6   1.1682420156282032     
    12675916           7   1.0599498520084878     
    12675916           8   1.0580060446090764     
    12675916           9  0.72373890806667451     
    12675916          10   1.0353614536856672     
    12675916          11  0.93610505624907203     
    12675916          12   1.0740478640623985     
    12675916          13   1.1265275078474246     
    12675916          14   1.1744344862865237     
    12675916          15  0.56087461766997415     
    12675916          16  0.23244556736897792     
    12675916          17  0.83778404200509493     
    12675916          18   1.1309235647487115     
    12675916          19  0.98060195727246735     
    12675916          20  0.99172749262947035     
    12675916          21   1.2157811864619508     
    12675916          22   1.0269634065663182     
    12675916          23   1.0337315111315237     
    12675916          24  0.94905513608108594     
    12675916          25   1.0777223128477247     
    12678197           1   1.0152267867247753     
    12678197           2  0.96775141014348431     
    12678197           3   1.0756636893297784     
    12678197           4   1.0744398777820974     
    12678197           5   1.0734213938155195     
    12678197           6   1.0869783275382345     
    12678197           7  0.54984765116802348     
    12678197           8  0.97279737237398212     
    12678197           9   1.0700436291196131     
    12678197          10  0.98533782553834703     
    12678197          11   1.1074721462731030     
    12678197          12   1.0558624051432828     
    12678197          13  0.97893523181980646     
    12678197          14  0.60150035951408609     
    12678197          15   1.1877926272634700     
    12678197          16   1.0520967351679069     
    12678197          17   1.1949559682233106     
    12678197          18   1.0510164246640263     
    12678197          19  0.93250045272563553     
    12678197          20   1.0237506333599031     
    12678197          21  0.84746222290692885     
    12678197          22   1.0741618158358404     
    12678197          23   1.0267524337475376     
    12678197          24   1.0189555975122382     
    12678197          25  0.97527698230906290     
    12681054           1   1.0588844161789037     
    12681054           2   1.1082333683664156     
    12681054           3  0.35295866329268655     
    12681054           4  0.88877815113682324     
    12681054           5  0.70623924257689641     
    12681054           6  0.85046349049503656     
    12681054           7   1.0629592183126337     
    12681054           8   1.1053057843442282     
    12681054           9   1.1413849350739624     
    12681054          10   1.1282873310480481     
    12681054          11   1.0622162614205555     
    12681054          12  0.93117626662334974     
    12681054          13   1.1587805882718039     
    12681054          14   1.1656413087790669     
    12681054          15   1.1669818520795787     
    12681054          16   1.0871388992132349     
    12681054          17   1.0744374131046786     
    12681054          18   1.0655823359728744     
    12681054          19  0.47729441840614001     
    12681054          20   1.0975673910613937     
    12681054          21   1.1217401485206433     
    12681054          22   1.0967820387615648     
    12681054          23   1.1054207552910409     
    12681054          24  0.92737125468084680     
    12681054          25   1.0583744669875907     
    12682668           1   1.1657395381863618     
    12682668           2  0.95182757220851788     
    12682668           3   1.0590151923158886     
    12682668           4  0.99876386767687098     
    12682668           5   1.1516599659642393     
    12682668           6   1.1623315487925374     
    12682668           7   1.0019014406944622     
    12682668           8   1.0321428361471194     
    12682668           9  0.74817845406121397     
    12682668          10   1.0318453662467764     
    12682668          11  0.96495414425979231     
    12682668          12   1.0912199877421116     
    12682668          13   1.1208280865070457     
    12682668          14   1.2229490189059031     
    12682668          15  0.48938790141396482     
    12682668          16  0.42646867538201660     
    12682668          17   1.0677583502049197     
    12682668          18   1.1026216967395939     
    12682668          19  0.97860828841587477     
    12682668          20   1.1171002938306183     
    12682668          21   1.0786120276204270     
    12682668          22   1.0904287508452555     
    12682668          23   1.0082489157797858     
    12682668          24  0.70322859131633864     
    12682668          25   1.2341794887423636     
    12690107           1   1.1623546059536360     
    12690107           2   1.0664508056258031     
    12690107           3  0.22642486881330393     
    12690107           4   1.0806524311891819     
    12690107           5   1.1627778266067259     
    12690107           6   1.0923869661247105     
    12690107           7   1.0388594744806410     
    12690107           8  0.20952954489088935     
    12690107           9   1.1882179827172805     
    12690107          10   1.0412440633249758     
    12690107          11   1.1167682700047705     
    12690107          12  0.94210547347844364     
    12690107          13   1.1289819565772603     
    12690107          14   1.1683286837919784     
    12690107          15   1.2658405915460196     
    12690107          16   1.0338185390601453     
    12690107          17   1.2252915853330855     
    12690107          18  0.98366916725723763     
    12690107          19   1.0839073618493049     
    12690107          20   1.0899400000138630     
    12690107          21   1.0143599213367989     
    12690107          22   1.1346999819814783     
    12690107          23   1.1293606462765915     
    12690107          24   1.2206092176736347     
    12690107          25  0.19342003409224173     
    12692207           1   1.0422810458222682     
    12692207           2   1.0475802556779557     
    12692207           3  0.80362829062751662     
    12692207           4  0.98975021926384699     
    12692207           5   1.1472490663030452     
    12692207           6   1.0819323644267396     
    12692207           7  0.90020814710758923     
    12692207           8   1.0635640773031430     
    12692207           9   1.1973932878237847     
    12692207          10   1.1709764703953647     
    12692207          11   1.1466569791868142     
    12692207          12  0.28791155465933871     
    12692207          13  0.71438946154824434     
    12692207          14  0.91145022997052472     
    12692207          15   1.2205336831938565     
    12692207          16   1.0343077236585914     
    12692207          17   1.0734470512304839     
    12692207          18   1.0049506857103152     
    12692207          19  0.95354817668264924     
    12692207          20  0.99525104756281479     
    12692207          21   1.0120195221848882     
    12692207          22   1.0947733014350298     
    12692207          23   1.0814560905727970     
    12692207          24   1.0627104227297806     
    12692207          25  0.96203084492261981     
    12694511           1  0.99326449932718119     
    12694511           2   1.0683037905595401     
    12694511           3  0.94604359346087430     
    12694511           4   1.0322596056370057     
    12694511           5   1.1039170637025806     
    12694511           6   1.0782752433305829     
    12694511           7  0.85543296822590131     
    12694511           8   1.0485105092655356     
    12694511           9   1.2116974648021872     
    12694511          10  0.80513078316170961     
    12694511          11  0.26017393546489326     
    12694511          12   1.2239147375080803     
    12694511          13   1.2411414429341621     
    12694511          14   1.2347395548524351     
    12694511          15  0.72790816820912629     
    12694511          16  0.88676299507852774     
    12694511          17   1.1724700462849103     
    12694511          18  0.51607374097628622     
    12694511          19   1.1099661658204476     
    12694511          20   1.2744090336724112     
    12694511          21   1.0698415007528386     
    12694511          22  0.74530816231026964     
    12694511          23   1.1747891563510071     
    12694511          24   1.0794840857542018     
    12694511          25   1.1401817525573037     
    12696947           1   1.1290148590671911     
    12696947           2   1.0937669771737411     
    12696947           3  0.72076450173760342     
    12696947           4   1.0248171034593390     
    12696947           5   1.1669870479241833     
    12696947           6   1.1384183176973295     
    12696947           7  0.98413120870093629     
    12696947           8  0.28782792411450103     
    12696947           9   1.1403325880465827     
    12696947          10  0.99558442323496477     
    12696947          11   1.0948277705382248     
    12696947          12   1.1417616285336940     
    12696947          13   1.1039178327578776     
    12696947          14   1.1453752067350265     
    12696947          15   1.1468867248755201     
    12696947          16  0.85879247157303051     
    12696947          17   1.1954105517350653     
    12696947          18   1.1145580790120060     
    12696947          19   1.0029420758453853     
    12696947          20   1.0912873924767588     
    12696947          21   1.0153533377854476     
    12696947          22   1.0789296849845749     
    12696947          23   1.0814278180638108     
    12696947          24   1.1015305310743093     
    12696947          25  0.14535394285288883     
    12697119           1   1.0734982797287913     
    12697119           2  0.98686225593814114     
    12697119           3   1.0556167166419226     
    12697119           4  0.91745140379332180     
    12697119           5   1.0535057598040976     
    12697119           6  0.99764460402430211     
    12697119           7  0.78260347388317275     
    12697119           8   1.0432219881709754     
    12697119           9   1.0012327320040451     
    12697119          10  0.76898506002050238     
    12697119          11   1.1062921758287596     
    12697119          12  0.57665837793614250     
    12697119          13   1.1204394581432213     
    12697119          14   1.0161505019853203     
    12697119          15   1.0846092814574446     
    12697119          16   1.0459713169331872     
    12697119          17   1.1112019282258114     
    12697119          18  0.95939295422398663     
    12697119          19  0.65199161360998092     
    12697119          20   1.0632351329308005     
    12697119          21   1.2361176536921370     
    12697119          22   1.1353745229757362     
    12697119          23   1.0065973272433062     
    12697119          24   1.0513219730840355     
    12697119          25   1.1540235077208554     
    12697274           1   1.0607654606452832     
    12697274           2   1.0284698143508599     
    12697274           3   1.0269718445817038     
    12697274           4  0.91388479343427254     
    12697274           5   1.2713880712064090     
    12697274           6   1.1677539629499640     
    12697274           7  0.92166806331169870     
    12697274           8   1.1595485065521192     
    12697274           9   1.2106309794706709     
    12697274          10  0.31044928662483801     
    12697274          11  0.49603536073033577     
    12697274          12   1.1359042480524446     
    12697274          13   1.1197585696117323     
    12697274          14   1.2289562029386769     
    12697274          15  0.58590805775581334     
    12697274          16  0.91779975537380543     
    12697274          17   1.1763589962050942     
    12697274          18  0.83128755313934999     
    12697274          19  0.95133239812301462     
    12697274          20   1.0290440859603740     
    12697274          21   1.1194662850592327     
    12697274          22   1.0709626569238726     
    12697274          23   1.0551058886967113     
    12697274          24   1.0341790573715497     
    12697274          25   1.1763701009301772     
    12701118           1  0.97643740763601283     
    12701118           2   1.0379773680153246     
    12701118           3  0.83688931714454040     
    12701118           4  0.94039154491384513     
    12701118           5   1.0574699321649570     
    12701118           6   1.1260323279662894     
    12701118           7  0.99520868358949421     
    12701118           8   1.0594419009650742     
    12701118           9   1.1676841992400770     
    12701118          10  0.94485959021909904     
    12701118          11  0.34727663330449748     
    12701118          12   1.1861491705141649     
    12701118          13   1.2180557173877380     
    12701118          14   1.1700502282563141     
    12701118          15  0.94225695344307681     
    12701118          16  0.88608084020539613     
    12701118          17   1.1198994758088292     
    12701118          18  0.36700493366305187     
    12701118          19   1.1762608178804141     
    12701118          20   1.2216363771570271     
    12701118          21   1.0660691733371961     
    12701118          22  0.79031008150380877     
    12701118          23   1.1429800067836049     
    12701118          24   1.0732598677237248     
    12701118          25   1.1503174511764340     
    12702605           1   1.1030970863495111     
    12702605           2   1.0934572911821183     
    12702605           3   1.0990660997577488     
    12702605           4  0.98400631361246182     
    12702605           5   1.0278862733721867     
    12702605           6   1.1090048011547537     
    12702605           7   1.0054612363818054     
    12702605           8   1.1118990658216297     
    12702605           9  0.97759039226119593     
    12702605          10  0.91684122543320001     
    12702605          11   1.0620681575922402     
    12702605          12   1.2168494312458662     
    12702605          13  0.95893113658414830     
    12702605          14   1.1188986040471653     
    12702605          15   1.0284645309901588     
    12702605          16  0.82182780789735910     
    12702605          17   1.0940075717673916     
    12702605          18   1.0650751728555397     
    12702605          19   1.0493788718731469     
    12702605          20   1.0201600412794594     
    12702605          21  0.80693081474598494     
    12702605          22   1.0271951347876274     
    12702605          23  0.70326368156790597     
    12702605          24  0.50728124361108728     
    12702605          25   1.0913580138283070     
    12705348           1   1.1119437678844162     
    12705348           2  0.81227739773152186     
    12705348           3  0.98415633396409707     
    12705348           4  0.68226463099875478     
    12705348           5   1.0606105837889830     
    12705348           6   1.1761983913202092     
    12705348           7  0.97238012316051159     
    12705348           8  0.89794065498652198     
    12705348           9   1.0723016876712390     
    12705348          10  0.96199267782719544     
    12705348          11   1.2194798304989234     
    12705348          12   1.0749025490158590     
    12705348          13   1.1680754561041098     
    12705348          14   1.1574027072522586     
    12705348          15  0.93660057741182023     
    12705348          16  0.54609441545831228     
    12705348          17   1.0659251952639361     
    12705348          18   1.1417203024669318     
    12705348          19  0.90794745617996508     
    12705348          20  0.97142965980898743     
    12705348          21   1.1515265807350679     
    12705348          22  0.90606040868358084     
    12705348          23   1.0946203653068820     
    12705348          24   1.0370569076676579     
    12705348          25  0.88909133881225888     
    12705715           1   1.1473252175767761     
    12705715           2   1.0624356859261641     
    12705715           3  0.45272367655399876     
    12705715           4   1.0843817801451248     
    12705715           5   1.1584000417775671     
    12705715           6   1.0882741984244293     
    12705715           7   1.0349482343942342     
    12705715           8   7.0697391493654130E-002
    12705715           9   1.1756946149541796     
    12705715          10   1.0036958955716286     
    12705715          11   1.1125637082404829     
    12705715          12   1.0366339156737507     
    12705715          13   1.1631873815064375     
    12705715          14   1.1639300003372890     
    12705715          15   1.2802053184153297     
    12705715          16   1.0269106360846760     
    12705715          17   1.2203346178435217     
    12705715          18  0.97740540146865074     
    12705715          19   1.0191894881369290     
    12705715          20   1.0688590141479564     
    12705715          21   1.0403401452927759     
    12705715          22   1.1304279084579738     
    12705715          23   1.0976647845307406     
    12705715          24   1.2099013932453651     
    12705715          25  0.17386954980036665     
    12706960           1   1.0956655281895473     
    12706960           2   1.0025874451335830     
    12706960           3   1.0625227400420036     
    12706960           4  0.98633314265745997     
    12706960           5   1.0652101074501954     
    12706960           6  0.82074798089406142     
    12706960           7   1.0178811872162670     
    12706960           8   1.0647377643657487     
    12706960           9   1.0682464022423401     
    12706960          10   1.0342400532459979     
    12706960          11  0.47054212395089612     
    12706960          12   1.0247127478669917     
    12706960          13   1.1461934210052440     
    12706960          14   1.0396206376108681     
    12706960          15   1.1196786225172453     
    12706960          16   1.0098689602381610     
    12706960          17   1.1640563244328201     
    12706960          18   1.0674338135646437     
    12706960          19  0.95442639352884184     
    12706960          20   1.0650092094900687     
    12706960          21   1.0996764612591876     
    12706960          22  0.84218602326782033     
    12706960          23  0.83706724429377000     
    12706960          24  0.85372881646466015     
    12706960          25   1.0876268490715819     
    12707143           1   1.0401430469325499     
    12707143           2  0.99961561132911292     
    12707143           3  0.95757842988156727     
    12707143           4  0.79427738016304394     
    12707143           5  0.47219387852302441     
    12707143           6   1.0353152731621749     
    12707143           7  0.89670796050938462     
    12707143           8   1.0988347470845086     
    12707143           9   1.0933251406870739     
    12707143          10   1.0074460899528057     
    12707143          11   1.0102128160250559     
    12707143          12   1.0916638363664191     
    12707143          13   1.1337941983697017     
    12707143          14   1.1229213787485075     
    12707143          15  0.99984226482328231     
    12707143          16   1.0339148079666463     
    12707143          17   1.1012778177825404     
    12707143          18   1.0744641393983407     
    12707143          19  0.96879624678415410     
    12707143          20  0.95344656723767851     
    12707143          21  0.95890286760294752     
    12707143          22   1.0766456604071855     
    12707143          23  0.96583298047075206     
    12707143          24  0.91449576701986857     
    12707143          25   1.1983510927716696     
    12709602           1   1.0146262577927843     
    12709602           2  0.98908696349036973     
    12709602           3  0.91477489140513057     
    12709602           4   1.0219327584642501     
    12709602           5  0.96721202431598929     
    12709602           6   1.0408180887671727     
    12709602           7  0.97071638440321295     
    12709602           8  0.99618065242877751     
    12709602           9   1.1057797935668414     
    12709602          10  0.94627160847633018     
    12709602          11   1.0158324801718757     
    12709602          12   1.0732864259307486     
    12709602          13   1.1018076481620942     
    12709602          14   1.1940074451603484     
    12709602          15   1.0346631362880667     
    12709602          16   1.0497560145253675     
    12709602          17   1.1214462585984846     
    12709602          18  0.55314143074557098     
    12709602          19  0.95766051514461170     
    12709602          20  0.91809181425144826     
    12709602          21   1.1339427184666222     
    12709602          22   1.0840833302599500     
    12709602          23   1.0127109266078702     
    12709602          24  0.88332602113875125     
    12709602          25  0.89884441143733251     
    12713094           1  0.76003293950823003     
    12713094           2   1.0064046242082871     
    12713094           3  0.88252597652990061     
    12713094           4  0.98381877654328165     
    12713094           5   1.0704060385262593     
    12713094           6   1.0555634437438433     
    12713094           7  0.94543723276311564     
    12713094           8  0.96066036545679323     
    12713094           9   1.0592428017052911     
    12713094          10   1.0195998790692702     
    12713094          11   1.1208136396814030     
    12713094          12  0.82426164038015226     
    12713094          13   1.1239389188747975     
    12713094          14   1.1121184968650633     
    12713094          15   1.1020085210825619     
    12713094          16   1.0766233870592565     
    12713094          17   1.1101490918352235     
    12713094          18   1.0594990149223626     
    12713094          19  0.95477423688816365     
    12713094          20   1.0610257595639789     
    12713094          21   1.0268937375160172     
    12713094          22  0.89283045908433090     
    12713094          23   1.1427636989989578     
    12713094          24   1.2844917538914502     
    12713094          25  0.36411556530201677     
    12714450           1   1.0678230509620195     
    12714450           2   1.0068213288177923     
    12714450           3   1.1343280389633861     
    12714450           4   1.0378524385066998     
    12714450           5   1.0709657924197971     
    12714450           6   1.1749364452977851     
    12714450           7   1.0168375026853176     
    12714450           8   1.0837859709181759     
    12714450           9  0.44948038433191945     
    12714450          10  0.71355472920778640     
    12714450          11   1.0223431409553438     
    12714450          12   1.2999815912105090     
    12714450          13   1.1091316060438901     
    12714450          14  0.26720449877840269     
    12714450          15  0.98340945151986647     
    12714450          16   1.0624393441606610     
    12714450          17   1.0702653105836346     
    12714450          18   1.2520489987559513     
    12714450          19  0.96401845536330044     
    12714450          20   1.0106535574148647     
    12714450          21  0.91931253356127274     
    12714450          22   1.0504332870414803     
    12714450          23   1.0728963200728128     
    12714450          24   1.0692345044483180     
    12714450          25   1.0902417179790074     
    12716974           1   1.0350767081971668     
    12716974           2   1.0031238769809430     
    12716974           3   1.0301471994042419     
    12716974           4  0.96478457180313060     
    12716974           5   1.0191121929479050     
    12716974           6   1.0365238747996519     
    12716974           7  0.95339796973288082     
    12716974           8   1.0108046104432193     
    12716974           9   1.0684537869315807     
    12716974          10  0.45371902398721931     
    12716974          11   1.1122249197239324     
    12716974          12  0.68989083603866397     
    12716974          13   1.1258501550527928     
    12716974          14   1.0840203741094445     
    12716974          15   1.0309276172588726     
    12716974          16   1.0510224008903766     
    12716974          17   1.0902849073149508     
    12716974          18  0.95783388082245835     
    12716974          19  0.70216723469298836     
    12716974          20   1.0918767640368545     
    12716974          21   1.2188106402662917     
    12716974          22   1.1033530664882709     
    12716974          23   1.0114582708740512     
    12716974          24   1.0563988958123334     
    12716974          25   1.0987362213897771     
    12719420           1   1.0617443817548367     
    12719420           2  0.93553557765100692     
    12719420           3  0.97798187235379830     
    12719420           4  0.95350597168926376     
    12719420           5   1.0891804654421007     
    12719420           6  0.98581944261360976     
    12719420           7  0.96421497680469914     
    12719420           8   1.1709385034331310     
    12719420           9   1.0391392281302101     
    12719420          10  0.94006534288068944     
    12719420          11   1.0239231617652413     
    12719420          12  0.96137403358115936     
    12719420          13   1.1227804441780982     
    12719420          14  0.58022406163485796     
    12719420          15   1.1500409834775449     
    12719420          16  0.97404906941959291     
    12719420          17   1.1031358852010911     
    12719420          18  0.83706709270521684     
    12719420          19  0.94167377404919050     
    12719420          20   1.0151119916992599     
    12719420          21  0.98328594781554601     
    12719420          22   1.0866515303518745     
    12719420          23   1.0117792189046313     
    12719420          24  0.97138147867456148     
    12719420          25   1.1193955637887929     
    12721436           1  0.99725609018123507     
    12721436           2   1.0615743036345127     
    12721436           3  0.67384642702589492     
    12721436           4  0.92311771775840645     
    12721436           5   1.0393384367793093     
    12721436           6   1.0456232000351930     
    12721436           7   1.0735699187502836     
    12721436           8   1.0217313938314898     
    12721436           9   1.0145676767150953     
    12721436          10  0.97054224764801111     
    12721436          11   1.0667958912428959     
    12721436          12  0.91899741844591454     
    12721436          13   1.1125111153165788     
    12721436          14   1.1085019867736050     
    12721436          15   1.1705778387950418     
    12721436          16   1.0561256512349981     
    12721436          17   1.1759051937382472     
    12721436          18   1.0561470788641734     
    12721436          19  0.91627505460970349     
    12721436          20   1.0108140223842530     
    12721436          21   1.0308104445466590     
    12721436          22   1.0512742217701208     
    12721436          23   1.0054506186991681     
    12721436          24  0.48198686064005947     
    12721436          25   1.0166591905791527     
    12721809           1   1.0248089048043274     
    12721809           2   1.2040448030090081     
    12721809           3  0.94778424806913075     
    12721809           4  0.78977024774955007     
    12721809           5  0.79271586267381100     
    12721809           6   1.1298623349164354     
    12721809           7   1.0601292878770718     
    12721809           8   1.0448047373154798     
    12721809           9   1.0842891950125857     
    12721809          10  0.95167874027409394     
    12721809          11  0.48954129594479673     
    12721809          12   1.0411341657289224     
    12721809          13   1.1399587284639199     
    12721809          14   1.0534816410150327     
    12721809          15   1.1847276976890408     
    12721809          16   1.0534568749719004     
    12721809          17   1.1798330430387616     
    12721809          18  0.92596340079595529     
    12721809          19  0.94440360554825209     
    12721809          20   1.0322149706022772     
    12721809          21  0.65103710391470881     
    12721809          22   1.0368268387673207     
    12721809          23   1.1550935830035403     
    12721809          24   1.0526145264265931     
    12721809          25   1.0298241623874804     
    12727663           1   1.1377017301304753     
    12727663           2   1.0884844112796774     
    12727663           3  0.82462813542285174     
    12727663           4  0.96401734009290663     
    12727663           5   1.2133733930348851     
    12727663           6   1.1011660382918462     
    12727663           7  0.97611300575756466     
    12727663           8  0.71057453595664111     
    12727663           9   1.1920839570619206     
    12727663          10   1.0043501054803656     
    12727663          11   1.0723499269722085     
    12727663          12  0.98995864763445918     
    12727663          13  0.69193313849104698     
    12727663          14   1.0342578141302272     
    12727663          15   1.2619402597117075     
    12727663          16   1.0830294010333210     
    12727663          17   1.0960679169090044     
    12727663          18   1.0644351236476763     
    12727663          19  0.92793970362095413     
    12727663          20  0.99933583415703842     
    12727663          21  0.98848979304794116     
    12727663          22   1.1259736577105219     
    12727663          23   1.0637800004641347     
    12727663          24   1.0766987043404044     
    12727663          25  0.31131742562022691     
    12728108           1   1.0649746515851850     
    12728108           2   1.0542335046425733     
    12728108           3   1.0422786619180007     
    12728108           4   1.0306083540623852     
    12728108           5   1.0634905807717676     
    12728108           6   1.2077549331599926     
    12728108           7   1.0162785402888346     
    12728108           8   1.0262393038774207     
    12728108           9  0.62985104824681726     
    12728108          10  0.74443211398626574     
    12728108          11  0.79803284543649411     
    12728108          12   1.2558972686112340     
    12728108          13   1.1188241273946686     
    12728108          14  0.38543799543239848     
    12728108          15  0.96460372761052093     
    12728108          16   1.0461726225162904     
    12728108          17   1.0997713704289995     
    12728108          18   1.2307864889443481     
    12728108          19  0.98900085350268674     
    12728108          20   1.0135846405863094     
    12728108          21   1.0044800426183969     
    12728108          22  0.95671944427533007     
    12728108          23   1.0396647391629816     
    12728108          24   1.0215562748274867     
    12728108          25   1.1953258661126169     
    12728317           1   1.0500651743949103     
    12728317           2   1.0504555475623947     
    12728317           3  0.59360330155027374     
    12728317           4   1.0015735394986645     
    12728317           5   1.2333588299673459     
    12728317           6   1.0321838893559323     
    12728317           7  0.98450630735802636     
    12728317           8  0.96832451910745732     
    12728317           9  0.72748884915815604     
    12728317          10   1.0677515986512580     
    12728317          11   1.0842541836310942     
    12728317          12  0.87021178984396041     
    12728317          13  0.45260597411317799     
    12728317          14   1.1232937496214421     
    12728317          15   1.0521903827356265     
    12728317          16   1.0464968389155274     
    12728317          17   1.1379556819986263     
    12728317          18   1.1381644071096957     
    12728317          19  0.92290999407160179     
    12728317          20   1.0186637835348671     
    12728317          21   1.0729075254770464     
    12728317          22   1.1385500711114211     
    12728317          23   1.1275829125894581     
    12728317          24   1.0451627338974687     
    12728317          25   1.0597384147445688     
    12730340           1   1.0282999795809955     
    12730340           2   1.0143026340464083     
    12730340           3   1.0443315065440619     
    12730340           4   1.0159493683695389     
    12730340           5   1.0971761939194107     
    12730340           6  0.97711379182572644     
    12730340           7   1.0494990681183121     
    12730340           8   1.0026725537797041     
    12730340           9  0.92552256257567078     
    12730340          10  0.95555318565431002     
    12730340          11   1.1111599325882309     
    12730340          12  0.96264648522120067     
    12730340          13   1.1245962009489436     
    12730340          14   1.0497743990945647     
    12730340          15   1.2226574414786340     
    12730340          16  0.78881278933459709     
    12730340          17   1.0404521098083996     
    12730340          18   1.1296387969257935     
    12730340          19  0.25934857265487155     
    12730340          20   1.0052327675653476     
    12730340          21   1.0404021648399051     
    12730340          22  0.96912962167592753     
    12730340          23  0.97868758767495323     
    12730340          24   1.0564631075415229     
    12730340          25   1.1505771782329666     
    12730860           1  0.87697941706852789     
    12730860           2   1.0018692187401612     
    12730860           3   1.0253187112422126     
    12730860           4  0.95463180330313935     
    12730860           5   1.0276769550655342     
    12730860           6   1.0662458211724264     
    12730860           7  0.98315941089271708     
    12730860           8   1.0154854701818374     
    12730860           9  0.98902308413771234     
    12730860          10   1.0108555237372823     
    12730860          11   1.0479812196782030     
    12730860          12   1.2203398357667021     
    12730860          13   1.0903648022679111     
    12730860          14  0.80743127958965621     
    12730860          15   1.0644843551921819     
    12730860          16  0.64449305308644578     
    12730860          17   1.0734079243817829     
    12730860          18   1.0487741947419236     
    12730860          19  0.92243903173064623     
    12730860          20   1.0581276562333295     
    12730860          21  0.91561826411735547     
    12730860          22   1.0145069096556161     
    12730860          23   1.1374504444517701     
    12730860          24  0.98003852599193597     
    12730860          25   1.0232970875729890     
    12732875           1   1.0752824642772207     
    12732875           2   1.0772315431607671     
    12732875           3   1.1286452103904803     
    12732875           4  0.98391918616728957     
    12732875           5   1.0856351290551338     
    12732875           6  0.80082703639631203     
    12732875           7  0.92041301219009375     
    12732875           8   1.1110551469920871     
    12732875           9  0.65855107759775244     
    12732875          10  0.48012726183655058     
    12732875          11   1.0033094469995052     
    12732875          12   1.0961415221577657     
    12732875          13   1.1634107998631764     
    12732875          14  0.43383805598838354     
    12732875          15   1.1929900550090178     
    12732875          16   1.0643696221239316     
    12732875          17   1.1487449234849545     
    12732875          18   1.3625712803602446     
    12732875          19   1.0788494606203314     
    12732875          20  0.82367358711692840     
    12732875          21  0.87194743546168996     
    12732875          22   1.1089614928817113     
    12732875          23   1.1492440059099713     
    12732875          24   1.0821063373161512     
    12732875          25   1.0981549066425476     
    12735430           1   1.0632032747557285     
    12735430           2   1.0975539814603479     
    12735430           3  0.71150174902488328     
    12735430           4   1.1006905157789502     
    12735430           5   1.0675810267665262     
    12735430           6   1.2460874407058025     
    12735430           7   1.1119482454642431     
    12735430           8   1.0438745535864900     
    12735430           9   1.0392855986779068     
    12735430          10  0.92584774928144853     
    12735430          11   1.1286120599655380     
    12735430          12   1.0671773624073921     
    12735430          13   1.1609693617234265     
    12735430          14  0.94856275471358720     
    12735430          15   1.1255028797161015     
    12735430          16   1.0355287478179402     
    12735430          17   1.1175342016672207     
    12735430          18  0.75316790064040529     
    12735430          19  0.97512962244677837     
    12735430          20   1.0745340484467811     
    12735430          21   1.0487866805252395     
    12735430          22   1.0010721159005702     
    12735430          23  0.85264667459658405     
    12735430          24  0.21789499273921811     
    12735430          25   1.0853064611908831     
    12736895           1   1.1794215612368506     
    12736895           2   1.0274700995032497     
    12736895           3   1.0813654595746747     
    12736895           4  0.85513990790118000     
    12736895           5   1.0706426327513865     
    12736895           6  0.97311014527165784     
    12736895           7   1.0671259479785078     
    12736895           8   1.0116241854379315     
    12736895           9  0.60839319064783381     
    12736895          10  0.20345024455061267     
    12736895          11   1.1256095692482764     
    12736895          12   1.1163467675711942     
    12736895          13   1.1140341054190797     
    12736895          14   1.1074429636012577     
    12736895          15   1.1192670078523146     
    12736895          16  0.48270145254395863     
    12736895          17   1.0771238113200490     
    12736895          18   1.1509800924566977     
    12736895          19  0.96972689670902157     
    12736895          20   1.0256944563338861     
    12736895          21   1.2404064199977562     
    12736895          22   1.0535837801810248     
    12736895          23   1.1069299152842129     
    12736895          24   1.0859421513061638     
    12736895          25   1.1464672353212171     
    12737942           1   1.0722326585499748     
    12737942           2   1.0761366069538010     
    12737942           3  0.37598063191658709     
    12737942           4   1.0144145645024361     
    12737942           5   1.1725989571052644     
    12737942           6   1.0890002135671806     
    12737942           7  0.98385596439461465     
    12737942           8   1.0099097617312498     
    12737942           9  0.80825655292456666     
    12737942          10   1.0752931160245849     
    12737942          11   1.0835379494398010     
    12737942          12  0.86322984052337004     
    12737942          13  0.76583041549385666     
    12737942          14   1.1008160921798480     
    12737942          15   1.0911457439342429     
    12737942          16   1.0508219845313194     
    12737942          17   1.2510113223377712     
    12737942          18   1.1374125610241630     
    12737942          19  0.62714919984814310     
    12737942          20   1.0000457119326622     
    12737942          21   1.0792158012376301     
    12737942          22   1.0677142947894391     
    12737942          23   1.0942860513494044     
    12737942          24   1.0510656285833109     
    12737942          25   1.0590383751247769     
    12738956           1   1.1148631888646394     
    12738956           2   1.1076562060913637     
    12738956           3   1.0377255911581271     
    12738956           4  0.94820008131958555     
    12738956           5   1.1878719110590579     
    12738956           6   1.0275198717917209     
    12738956           7  0.95758273240157887     
    12738956           8   1.1332741072751227     
    12738956           9   1.1393493477973666     
    12738956          10  0.39947163111825318     
    12738956          11  0.66493028697033796     
    12738956          12   1.1091703105194901     
    12738956          13   1.0916986225281089     
    12738956          14   1.2011090833162583     
    12738956          15  0.72160864856020346     
    12738956          16  0.77255267616783840     
    12738956          17   1.1803584320227178     
    12738956          18  0.83616281995445962     
    12738956          19  0.96661722882057288     
    12738956          20   1.0057268076961376     
    12738956          21   1.0625216039933969     
    12738956          22   1.0228895703936092     
    12738956          23   1.0311980717813514     
    12738956          24   1.0272001745080950     
    12738956          25   1.2527409938906044     
    12739132           1   1.0654450302254621     
    12739132           2   1.1083391085916090     
    12739132           3   1.0209605578442518     
    12739132           4  0.99246926365354893     
    12739132           5   1.1354849256764672     
    12739132           6   1.1209400058807233     
    12739132           7  0.35607714280730379     
    12739132           8   1.0415220175769486     
    12739132           9  0.98887424994573037     
    12739132          10   1.0584611300033759     
    12739132          11   1.0550850200869903     
    12739132          12  0.92007892084269138     
    12739132          13   1.0997813608748039     
    12739132          14   1.1111032566055459     
    12739132          15   1.1803046563962585     
    12739132          16   1.0985205970512331     
    12739132          17   1.1031843561430239     
    12739132          18   1.0877835580956869     
    12739132          19  0.76887823819126233     
    12739132          20   1.0819374679809453     
    12739132          21  0.96806227497151875     
    12739132          22  0.59440385361644832     
    12739132          23   1.0079182523789048     
    12739132          24   1.0241145598768218     
    12739132          25   1.0102701946824419     
    12746336           1   1.0703186571674890     
    12746336           2  0.96103767143369723     
    12746336           3  0.86025988864529046     
    12746336           4  0.96681374768503359     
    12746336           5   1.0694242778188416     
    12746336           6   1.0459017034374960     
    12746336           7  0.94086746956713718     
    12746336           8  0.97103286422238255     
    12746336           9   1.0245901134811743     
    12746336          10  0.99346556385166818     
    12746336          11   1.0175467172637704     
    12746336          12   1.2030058829488042     
    12746336          13   1.0931436365702383     
    12746336          14   1.1091673258635413     
    12746336          15   1.0502418390465313     
    12746336          16   1.0304046293123803     
    12746336          17   1.0536754157629242     
    12746336          18   1.0823045891950633     
    12746336          19  0.96238047187320552     
    12746336          20   1.0195224672323373     
    12746336          21   1.0427790912482189     
    12746336          22  0.99702712582645081     
    12746336          23  0.60511524963965502     
    12746336          24   1.0826153785529062     
    12746336          25  0.74735822235376892     
    12746965           1   1.0310465336442429     
    12746965           2   1.1750656491405329     
    12746965           3   1.0438444632586652     
    12746965           4  0.81279063808140417     
    12746965           5  0.97676589583667872     
    12746965           6   1.1898387543413793     
    12746965           7  0.94554831544457452     
    12746965           8   1.0067558914124655     
    12746965           9   1.0375188526961117     
    12746965          10   1.0135936824418281     
    12746965          11   1.1077699675477748     
    12746965          12  0.99683420432693415     
    12746965          13   1.0243460273462144     
    12746965          14  0.93591185754921136     
    12746965          15   1.1799132630777700     
    12746965          16  0.99502855096071885     
    12746965          17   1.0244464888781244     
    12746965          18  0.73738441917265218     
    12746965          19  0.63625272316486836     
    12746965          20   1.0199113533690440     
    12746965          21   1.0576110778193817     
    12746965          22   1.0029116435161203     
    12746965          23  0.98684452029128100     
    12746965          24  0.99746266567769759     
    12746965          25   1.0646025610043286     
    12748683           1   1.0678831560636941     
    12748683           2   1.0353708072255015     
    12748683           3   1.0338627861368423     
    12748683           4  0.92001692522825607     
    12748683           5   1.2799190362360804     
    12748683           6   1.1507229293057089     
    12748683           7  0.92785242054702799     
    12748683           8   1.1673290324069965     
    12748683           9   1.2187542667529727     
    12748683          10  0.31253238939075423     
    12748683          11  0.41261605440332111     
    12748683          12   1.1435261218427151     
    12748683          13   1.0862603742425401     
    12748683          14   1.2372024517652205     
    12748683          15  0.55180115076201430     
    12748683          16  0.85764138384320643     
    12748683          17   1.1842523197986077     
    12748683          18  0.92609755739424471     
    12748683          19  0.95771580190332517     
    12748683          20   1.0359489321754152     
    12748683          21   1.1269778607504175     
    12748683          22   1.0781487751368839     
    12748683          23   1.0621856086051504     
    12748683          24   1.0411183590471453     
    12748683          25   1.1842634990359686     
    12748931           1   1.2414309342765850     
    12748931           2   1.0982854585966444     
    12748931           3   1.0310878010215803     
    12748931           4  0.97739692311257331     
    12748931           5  0.99405901115963236     
    12748931           6  0.70681260398669177     
    12748931           7   1.0437364942483951     
    12748931           8   1.0152206562587518     
    12748931           9   1.2109668650827923     
    12748931          10  0.92951745343961989     
    12748931          11   1.0352480894450822     
    12748931          12   1.0516942979846426     
    12748931          13  0.81426793242164464     
    12748931          14   1.1562424530590261     
    12748931          15  0.49192524824120820     
    12748931          16  0.91836829754852067     
    12748931          17   1.1147199630420459     
    12748931          18   1.0894888862625696     
    12748931          19  0.98474286294340185     
    12748931          20   1.0157824487863978     
    12748931          21   1.0871361575435976     
    12748931          22  0.83926277871284249     
    12748931          23  0.90289136986812235     
    12748931          24   1.0631196722031135     
    12748931          25   1.1865953407545153     
    12754087           1  0.84752685809032369     
    12754087           2   1.1438609180261929     
    12754087           3  0.84297505465504752     
    12754087           4  0.34606117583856244     
    12754087           5   1.1944007988923511     
    12754087           6   1.1833290349702767     
    12754087           7  0.98578543296028798     
    12754087           8   1.0365606172619664     
    12754087           9   1.1916836392511576     
    12754087          10   1.0615498237112440     
    12754087          11  0.77999902138602717     
    12754087          12   1.2426443532483662     
    12754087          13   1.1561299189668293     
    12754087          14   1.2293561635698793     
    12754087          15   1.1502918188626836     
    12754087          16   1.0885785986917542     
    12754087          17   1.1572780171489316     
    12754087          18  0.86057084595932820     
    12754087          19  0.90309143488199861     
    12754087          20  0.66553694033467925     
    12754087          21   1.0414383272456098     
    12754087          22   1.0858871772497309     
    12754087          23   1.0794287691284890     
    12754087          24  0.68932881128473777     
    12754087          25   1.0367064483835517     
    12754645           1   1.0324590360928851     
    12754645           2   1.0029178767051616     
    12754645           3   1.0395348502081918     
    12754645           4  0.89342224866058750     
    12754645           5   1.1248256035912245     
    12754645           6  0.96800573635588794     
    12754645           7   1.1528807843570044     
    12754645           8   1.0615691509608181     
    12754645           9  0.18816860998793636     
    12754645          10  0.63238796788844853     
    12754645          11   1.0960447025654678     
    12754645          12   1.0411383535577716     
    12754645          13   1.1364664143389731     
    12754645          14  0.94017312668055242     
    12754645          15   1.1392827737958264     
    12754645          16  0.76326847543339948     
    12754645          17   1.0883636051727759     
    12754645          18   1.0975461687156953     
    12754645          19  0.83833168241789757     
    12754645          20   1.1075067764832229     
    12754645          21   1.1124349857838300     
    12754645          22   1.1294374178810700     
    12754645          23   1.0738696024878498     
    12754645          24   1.1964721713656150     
    12754645          25   1.1434918785119061     
    12755357           1  0.61305391703338097     
    12755357           2   1.1361285941111894     
    12755357           3   1.1641937813384737     
    12755357           4  0.96074851491641178     
    12755357           5   1.1563516471142887     
    12755357           6   1.1924905025891746     
    12755357           7  0.91159263190726736     
    12755357           8   1.0736893405249621     
    12755357           9  0.55939552245358426     
    12755357          10  0.95913231138453436     
    12755357          11   1.2269417682428223     
    12755357          12  0.87862200734452034     
    12755357          13   1.0835872803180386     
    12755357          14   1.3101799162899763     
    12755357          15   1.2220742884888014     
    12755357          16   1.1288426436783172     
    12755357          17  0.88426851193759315     
    12755357          18   1.1183323485035723     
    12755357          19  0.34116324581322238     
    12755357          20   1.0270059025999432     
    12755357          21   1.0144710706010536     
    12755357          22  0.80413653351111403     
    12755357          23   1.0229289878152941     
    12755357          24  0.98124179598784389     
    12755357          25   1.2294269354946206     
    12756871           1   1.0198276307880569     
    12756871           2   1.2809495690703538     
    12756871           3  0.94317736670246399     
    12756871           4  0.78593142277886974     
    12756871           5  0.82762261371473589     
    12756871           6   1.1243704291918686     
    12756871           7   1.0549763325789350     
    12756871           8   1.0397262698415271     
    12756871           9   1.0790188059986745     
    12756871          10  0.94705292900475346     
    12756871          11  0.48716178955492317     
    12756871          12   1.0360735397498895     
    12756871          13   1.1344177473433448     
    12756871          14   1.0483609978391148     
    12756871          15   1.1789691086787499     
    12756871          16   1.0483363521759348     
    12756871          17   1.1740982454064668     
    12756871          18  0.92146258371017575     
    12756871          19  0.93981315642243390     
    12756871          20   1.0271976980276909     
    12756871          21  0.64787261715609934     
    12756871          22   1.0317871493509707     
    12756871          23   1.1494790361115272     
    12756871          24   1.0474980980221786     
    12756871          25   1.0248185107802594     
    12757426           1   1.0703985634130444     
    12757426           2   1.0452287109543201     
    12757426           3  0.28593734420423422     
    12757426           4   1.0208976584356031     
    12757426           5   1.1509719640586182     
    12757426           6   1.0759739426799655     
    12757426           7   1.0520206010107009     
    12757426           8  0.93295981957366514     
    12757426           9  0.96956718594750069     
    12757426          10   1.0118258449899127     
    12757426          11  0.99839509357280443     
    12757426          12  0.99356433826124646     
    12757426          13  0.76328145805281111     
    12757426          14  0.93578982564338808     
    12757426          15   1.0987590591039926     
    12757426          16  0.95106670824224837     
    12757426          17   1.1789358985599216     
    12757426          18   1.0556969078276615     
    12757426          19   1.0161704477812448     
    12757426          20   1.0509983404512508     
    12757426          21   1.0419672536272071     
    12757426          22   1.0751580160159355     
    12757426          23   1.0876805137630572     
    12757426          24   1.0354143907882241     
    12757426          25   1.1013401130414462     
    12757577           1   1.0578633628476628     
    12757577           2  0.98241095194549644     
    12757577           3   1.0456203273513860     
    12757577           4  0.96645762655381418     
    12757577           5   1.0732037393842724     
    12757577           6  0.56989138276684004     
    12757577           7   1.0062941664215712     
    12757577           8  0.99749416917573064     
    12757577           9   1.0009330966124197     
    12757577          10  0.94751931751572038     
    12757577          11   1.0869363832360355     
    12757577          12  0.94066903843878302     
    12757577          13   1.0296116228885142     
    12757577          14   1.1384808406674964     
    12757577          15   1.0868476687239905     
    12757577          16   1.0268851508763182     
    12757577          17   1.1458252747953459     
    12757577          18   1.1003044108540649     
    12757577          19  0.69312968645924455     
    12757577          20  0.95769304910777264     
    12757577          21   1.0021880454301322     
    12757577          22   1.0024014705937483     
    12757577          23   1.0569724907064546     
    12757577          24   1.0159632624734702     
    12757577          25   1.0684034641737208     
    12759565           1   1.1310225915211729     
    12759565           2  0.98716104778741831     
    12759565           3   1.0495429988231655     
    12759565           4   1.0418439599762779     
    12759565           5   1.1033099538642250     
    12759565           6  0.78573490733750351     
    12759565           7  0.68426533553449220     
    12759565           8  0.94112218303979411     
    12759565           9   1.0628261658389322     
    12759565          10  0.93636502726206761     
    12759565          11  0.99851756967969918     
    12759565          12  0.92130250035314432     
    12759565          13   1.1176662700641657     
    12759565          14  0.98805966168410408     
    12759565          15   1.2679195985686054     
    12759565          16   1.1807426560403020     
    12759565          17   1.1562858580161253     
    12759565          18  0.26146601459430979     
    12759565          19  0.99970247304279736     
    12759565          20   1.0269233721693904     
    12759565          21   1.1076930497177624     
    12759565          22   1.1672930515110500     
    12759565          23  0.96753284712628196     
    12759565          24   1.1798970140468488     
    12759565          25  0.93580389240036177     
    12760347           1   1.0549639910073043     
    12760347           2  0.89185322824517332     
    12760347           3   1.0122055921334201     
    12760347           4   1.1346672189509555     
    12760347           5   1.0579097947392018     
    12760347           6   1.0697295643542846     
    12760347           7  0.73121660835399049     
    12760347           8  0.97114793092157359     
    12760347           9   1.0981031906398884     
    12760347          10  0.82757506059274555     
    12760347          11   1.2109837754062378     
    12760347          12   1.1067569980840815     
    12760347          13   1.0263872236388667     
    12760347          14  0.56638313330224144     
    12760347          15   1.1857786473207690     
    12760347          16  0.95511056861662214     
    12760347          17   1.1944016675913944     
    12760347          18  0.95439028978387908     
    12760347          19  0.94331721271062718     
    12760347          20   1.0220147973270894     
    12760347          21  0.97712552085249449     
    12760347          22   1.0791673737874818     
    12760347          23   1.0250115079661988     
    12760347          24   1.0227502441886693     
    12760347          25  0.88104885948480183     
    12761889           1   1.0521616042324962     
    12761889           2   1.0911525913073137     
    12761889           3  0.84572131131281369     
    12761889           4  0.95153748161766671     
    12761889           5   1.0955707383363900     
    12761889           6   1.0048541040282843     
    12761889           7   1.0389869482312482     
    12761889           8  0.88173151312288756     
    12761889           9   1.1626729718551636     
    12761889          10   1.0176241587897243     
    12761889          11   1.0670788242765552     
    12761889          12   1.1481666897836424     
    12761889          13   1.0976758847434891     
    12761889          14   1.1163099265933225     
    12761889          15   1.1181212840200523     
    12761889          16  0.74694748769982955     
    12761889          17   1.2550166745849975     
    12761889          18   1.1161461377802377     
    12761889          19  0.89663377281625267     
    12761889          20   1.0397426973825097     
    12761889          21  0.99874331598499833     
    12761889          22  0.88762987797575321     
    12761889          23   1.0527235695729837     
    12761889          24   1.1334218023539151     
    12761889          25  0.18362863159747075     
    12762548           1  0.94148439961236130     
    12762548           2   1.1217827604237416     
    12762548           3  0.68060749877780202     
    12762548           4  0.35647421141556435     
    12762548           5   1.1981413904762115     
    12762548           6   1.1803080513429232     
    12762548           7  0.97486087515650643     
    12762548           8   1.0339143265338875     
    12762548           9   1.2184972393816289     
    12762548          10   1.0020249441953155     
    12762548          11  0.65874842130872646     
    12762548          12   1.1541519945252945     
    12762548          13   1.1378724183390025     
    12762548          14   1.3170581095304112     
    12762548          15   1.1473551777013757     
    12762548          16   1.0857995084923673     
    12762548          17   1.1180557776327498     
    12762548          18  0.75572742941886628     
    12762548          19  0.90078588472802046     
    12762548          20   1.0388065771237547     
    12762548          21   1.0387795839522971     
    12762548          22   1.1110371437710211     
    12762548          23   1.1465158991344619     
    12762548          24  0.58559765837505273     
    12762548          25   1.0956127186506546     
    12763603           1  0.96542605872189513     
    12763603           2   1.0667038214174605     
    12763603           3  0.59794330565591247     
    12763603           4  0.92524314544322206     
    12763603           5   1.0816788211562558     
    12763603           6  0.98458559278241009     
    12763603           7   1.1603568313294561     
    12763603           8   1.0485747466814486     
    12763603           9  0.92789594341133308     
    12763603          10  0.97261271986523856     
    12763603          11   1.0378704350639649     
    12763603          12  0.63967674429658539     
    12763603          13   1.0878126193598139     
    12763603          14   1.1202869303159133     
    12763603          15   1.2013317474591223     
    12763603          16   1.1061781069644441     
    12763603          17   1.2067990648908644     
    12763603          18  0.97805300610962953     
    12763603          19  0.90424932947636250     
    12763603          20   1.1312900476088616     
    12763603          21   1.0535089911677897     
    12763603          22   1.1331334791440033     
    12763603          23   1.1230412034979900     
    12763603          24  0.46791844090903900     
    12763603          25   1.0778288672709868     
    12764949           1   1.0745711130294953     
    12764949           2   1.0470188984220477     
    12764949           3   1.0335451991105136     
    12764949           4   1.0428919630196081     
    12764949           5   1.0914975020052526     
    12764949           6   1.0827288355592224     
    12764949           7   1.0008463727414949     
    12764949           8   1.0949465328490495     
    12764949           9   1.1728994697782025     
    12764949          10  0.71042806884883047     
    12764949          11  0.31273901198235959     
    12764949          12   1.1295743639393736     
    12764949          13  0.70358554822836372     
    12764949          14   1.0211653778203658     
    12764949          15  0.90640026722333689     
    12764949          16   1.1664630233109752     
    12764949          17   1.2830110596033899     
    12764949          18   1.0519447656393728     
    12764949          19   1.0693414132262620     
    12764949          20  0.89856056378774185     
    12764949          21  0.93949144366226045     
    12764949          22  0.84104353172526036     
    12764949          23  0.98103962620135199     
    12764949          24   1.2155539809071627     
    12764949          25   1.1287120673787041     
    12765132           1  0.91250936808704641     
    12765132           2   1.0275530174982614     
    12765132           3   1.0972090884298957     
    12765132           4  0.75349289954761633     
    12765132           5   1.0814020526747445     
    12765132           6  0.86735645775016879     
    12765132           7  0.93530690129798588     
    12765132           8   1.0176086628242229     
    12765132           9  0.98249599877114002     
    12765132          10   1.0501667550862390     
    12765132          11   1.1516291156319616     
    12765132          12   1.0817392558822845     
    12765132          13   1.0997112944845955     
    12765132          14   1.1339177234225701     
    12765132          15   1.1324896975624223     
    12765132          16   1.0041107642894649     
    12765132          17   1.0797701076673238     
    12765132          18   1.0239562585695059     
    12765132          19  0.96961754435908709     
    12765132          20   1.0264525235657989     
    12765132          21   1.0924048526891388     
    12765132          22  0.78230218814378871     
    12765132          23   1.0935550576082018     
    12765132          24   1.0914541542120493     
    12765132          25  0.51178825994448329     
    12767345           1   1.0620319114710599     
    12767345           2   1.0963447729605715     
    12767345           3  0.63893979475518103     
    12767345           4   1.1811002951208338     
    12767345           5   1.0664048403797319     
    12767345           6   1.2447145883903645     
    12767345           7   1.1076714722075307     
    12767345           8   1.0427244853399906     
    12767345           9   1.0381405862221695     
    12767345          10  0.92482771474388525     
    12767345          11   1.0867421814230112     
    12767345          12  0.97223631011145195     
    12767345          13   1.2814185133319222     
    12767345          14  0.99675459200173178     
    12767345          15   1.1614920928863190     
    12767345          16   1.0343878743987052     
    12767345          17   1.1163029803530320     
    12767345          18  0.75233811272783191     
    12767345          19  0.97405529257529733     
    12767345          20   1.0302726645489251     
    12767345          21   1.0476312004395532     
    12767345          22   1.0077175223990011     
    12767345          23  0.83203870110142364     
    12767345          24  0.21960075395494413     
    12767345          25   1.0841107461555395     
    12767717           1   1.2542277387062066     
    12767717           2  0.99992366606643157     
    12767717           3   1.1502105786906152     
    12767717           4   1.0300944748862308     
    12767717           5   1.0165683410843889     
    12767717           6  0.64400622977891087     
    12767717           7   1.0590258856928660     
    12767717           8  0.96041995474910213     
    12767717           9   1.0869810377328708     
    12767717          10  0.97569726437571791     
    12767717          11   1.0826630986913386     
    12767717          12   1.0364619835381350     
    12767717          13  0.65695400069859544     
    12767717          14   1.2481223724230925     
    12767717          15  0.38064423513208429     
    12767717          16  0.85017959667746912     
    12767717          17   1.0868920019994033     
    12767717          18   1.1845812857871798     
    12767717          19  0.92714057644576009     
    12767717          20   1.0133041864394174     
    12767717          21   1.0988558779519613     
    12767717          22   1.0178005481791355     
    12767717          23  0.77025354172099991     
    12767717          24   1.2506730002405948     
    12767717          25   1.2183185223114954     
    12768589           1   1.1460354886858899     
    12768589           2   1.1336177444150077     
    12768589           3  0.55097014393428900     
    12768589           4   1.0592986000192028     
    12768589           5   1.0969099280658183     
    12768589           6   1.0501197766552786     
    12768589           7   1.0188082974608266     
    12768589           8  0.62928055842393782     
    12768589           9   1.1592559174042221     
    12768589          10  0.38484327393719825     
    12768589          11   1.0570445499118772     
    12768589          12   1.0492124897559711     
    12768589          13   1.1014163306790310     
    12768589          14   1.1475862348130945     
    12768589          15   1.1203569341330615     
    12768589          16  0.84607263349522133     
    12768589          17   1.1407859552949760     
    12768589          18   1.0546939565899400     
    12768589          19  0.98287175380890557     
    12768589          20   1.0184271455930936     
    12768589          21   1.1760199328275422     
    12768589          22   1.0249207941877208     
    12768589          23   1.0700401697799067     
    12768589          24   1.0378227811626448     
    12768589          25  0.94358860896535168     
    12768962           1   1.1026018480706152     
    12768962           2   1.0466798048941131     
    12768962           3   1.0815960692007831     
    12768962           4   1.0425542060645738     
    12768962           5   1.0911440033824060     
    12768962           6   1.1078959950628353     
    12768962           7   1.0005222329117702     
    12768962           8   1.0305045937763486     
    12768962           9   1.1026200204254240     
    12768962          10  0.78275925721352790     
    12768962          11  0.24950298274253180     
    12768962          12   1.1292085335262745     
    12768962          13  0.75877528044770293     
    12768962          14  0.97372969078790361     
    12768962          15  0.95296185204879569     
    12768962          16   1.1660852459257001     
    12768962          17   1.3089293796373036     
    12768962          18   1.0516040767919121     
    12768962          19   1.0648328074530344     
    12768962          20  0.89826955082503712     
    12768962          21  0.93824832433223693     
    12768962          22  0.84077114655747676     
    12768962          23  0.97558980509935023     
    12768962          24   1.1742667765884451     
    12768962          25   1.1283465162338999     
    12769151           1   1.1442534883893960     
    12769151           2   1.0595912311402171     
    12769151           3  0.45151160127683698     
    12769151           4   1.0814785691694520     
    12769151           5   1.1552986620079266     
    12769151           6   1.0853605662929631     
    12769151           7   1.0321773716516451     
    12769151           8   7.0508113651943857E-002
    12769151           9   1.2036524208033623     
    12769151          10   1.0010087045899880     
    12769151          11   1.1095850459021441     
    12769151          12   1.0338585398634563     
    12769151          13   1.1600731846114087     
    12769151          14   1.1608138152318532     
    12769151          15   1.2767778298687766     
    12769151          16   1.0241612923716923     
    12769151          17   1.2528943319552084     
    12769151          18  0.97478859792106065     
    12769151          19   1.0164608162222704     
    12769151          20   1.0659973622112131     
    12769151          21   1.0375548468088389     
    12769151          22   1.1274014183682908     
    12769151          23   1.0947260110208861     
    12769151          24   1.2066621291147173     
    12769151          25  0.17340404955445859     
    12770411           1  0.99629247683038058     
    12770411           2   1.1945090413377832     
    12770411           3  0.62851407441575746     
    12770411           4  0.89505348684036601     
    12770411           5   1.0859131531078554     
    12770411           6  0.84221002451699434     
    12770411           7   1.1820154079925220     
    12770411           8   1.0526794896667726     
    12770411           9  0.93097253500479971     
    12770411          10  0.97642010245950595     
    12770411          11   1.0331261666414993     
    12770411          12  0.54288057979282311     
    12770411          13   1.0920709626327139     
    12770411          14   1.1246723972874548     
    12770411          15   1.2060344718753220     
    12770411          16   1.1105083436399412     
    12770411          17   1.2115231916276405     
    12770411          18   1.0223513708993068     
    12770411          19  0.92645350770648305     
    12770411          20   1.1377247146666021     
    12770411          21   1.0576330497102613     
    12770411          22   1.0660581877796649     
    12770411          23   1.1095054134918285     
    12770411          24  0.44834005787971210     
    12770411          25   1.1265377921960034     
    12771333           1   1.0465103880082807     
    12771333           2   1.0196776559073415     
    12771333           3  0.88423161621778013     
    12771333           4  0.86925759684422332     
    12771333           5  0.81570657020452819     
    12771333           6   1.1999317768386724     
    12771333           7  0.93499387017042035     
    12771333           8   1.0235580451622672     
    12771333           9   1.1904002697808811     
    12771333          10   1.0268582611736985     
    12771333          11   1.1088590378509451     
    12771333          12   1.0882423020570648     
    12771333          13   1.3267851858492525     
    12771333          14   1.0908073354795831     
    12771333          15   1.1128338351356544     
    12771333          16  0.26444075617913432     
    12771333          17   1.1218844197410782     
    12771333          18   1.0672175804927626     
    12771333          19   1.0109063042949051     
    12771333          20   1.0537247888388319     
    12771333          21  0.91617928024931172     
    12771333          22   1.0325399844505403     
    12771333          23   1.0409268720892588     
    12771333          24  0.63194499337471732     
    12771333          25   1.1215812736088628     
    12774537           1   1.1321329114973788     
    12774537           2   1.0809892672247563     
    12774537           3  0.96443446898899488     
    12774537           4  0.92611129931976799     
    12774537           5   1.0635225862912707     
    12774537           6   1.1666025004717002     
    12774537           7  0.80014557662397556     
    12774537           8   1.0897557223345558     
    12774537           9   1.1045185442663876     
    12774537          10   1.0266119177551536     
    12774537          11  0.84922395388919825     
    12774537          12   1.1056676014114126     
    12774537          13   1.0898027613678338     
    12774537          14  0.90762831634257934     
    12774537          15  0.97610278384954341     
    12774537          16   1.0467235654926363     
    12774537          17   1.0696188102632918     
    12774537          18   1.0402433452351463     
    12774537          19   1.0035141118839923     
    12774537          20  0.97626064538597457     
    12774537          21   1.0507753165170410     
    12774537          22  0.26281985913195738     
    12774537          23   1.1170204905595806     
    12774537          24   1.0563318705340352     
    12774537          25   1.0934417733618349     
    12774627           1  0.96469065658440045     
    12774627           2   1.0424759842019455     
    12774627           3   1.0085067539767611     
    12774627           4  0.96209079566537525     
    12774627           5   1.0242732327735340     
    12774627           6  0.97112719077752108     
    12774627           7   1.0015237248599889     
    12774627           8   1.0098356144801377     
    12774627           9   1.0897529653848905     
    12774627          10   1.0339211439966565     
    12774627          11  0.86756521668622832     
    12774627          12   1.0675440616104948     
    12774627          13   1.1043047548186185     
    12774627          14   1.0993560033978618     
    12774627          15   1.1031289454908015     
    12774627          16   1.0370874247265405     
    12774627          17   1.0217244064545119     
    12774627          18   1.0348267104993336     
    12774627          19  0.94314842290159673     
    12774627          20  0.73192502606847232     
    12774627          21   1.0517293591118091     
    12774627          22  0.94210886092537649     
    12774627          23  0.97186500795743791     
    12774627          24  0.89867954580585807     
    12774627          25   1.0168081908438500     
    12779393           1   1.0742557507650383     
    12779393           2  0.98755859573649418     
    12779393           3   1.0563615702698543     
    12779393           4  0.91809876660578316     
    12779393           5   1.0542491239199421     
    12779393           6  0.99834855195443528     
    12779393           7  0.78315568665847657     
    12779393           8   1.0439580959555312     
    12779393           9   1.0019392117528783     
    12779393          10  0.76952766350787771     
    12779393          11   1.1070727865634398     
    12779393          12  0.57706527380858508     
    12779393          13   1.1212300513406563     
    12779393          14   1.0168675078606499     
    12779393          15   1.0853745925267426     
    12779393          16   1.0467093646713934     
    12779393          17   1.1119860033304922     
    12779393          18  0.96006991141052989     
    12779393          19  0.63481141733836877     
    12779393          20   1.0639853621888473     
    12779393          21   1.2369898705719835     
    12779393          22   1.1361756545030863     
    12779393          23   1.0073075923037618     
    12779393          24   1.0520637962983050     
    12779393          25   1.1548377981568565     
    12780468           1   1.0847951390729802     
    12780468           2   1.0461914908023719     
    12780468           3  0.96215520229003848     
    12780468           4  0.98991751548621976     
    12780468           5   1.0315874277103743     
    12780468           6  0.94390113793396213     
    12780468           7   1.1013024980233086     
    12780468           8   1.1020097842486407     
    12780468           9   1.0799403048853375     
    12780468          10  0.93996688047670174     
    12780468          11   1.0425757405756415     
    12780468          12   1.0422051433650799     
    12780468          13   1.0833577158213918     
    12780468          14   1.1308483471096953     
    12780468          15  0.45364925630913994     
    12780468          16  0.87092174614816042     
    12780468          17   1.1581375149913200     
    12780468          18   1.0434203617169366     
    12780468          19   1.0010937070204640     
    12780468          20   1.0388634624555249     
    12780468          21   1.0395467124451427     
    12780468          22   1.0517408111282975     
    12780468          23  0.75466333662928708     
    12780468          24  0.96953887620740020     
    12780468          25   1.0376698871465859     
    12780919           1   1.2634606445360304     
    12780919           2   1.0072845310520255     
    12780919           3   1.1586777697993620     
    12780919           4  0.95841994920869378     
    12780919           5   1.0240517346286058     
    12780919           6  0.66949468727804218     
    12780919           7   1.0668218273485925     
    12780919           8  0.96749001605107032     
    12780919           9   1.0949827691971612     
    12780919          10  0.98287978847591839     
    12780919          11   1.0906330439629635     
    12780919          12   1.0440918226772942     
    12780919          13  0.66179011955945932     
    12780919          14   1.2255900372788548     
    12780919          15  0.34508095113909992     
    12780919          16  0.85643813164071070     
    12780919          17   1.0948930780336492     
    12780919          18   1.1933014943441413     
    12780919          19  0.93396565403666232     
    12780919          20   1.0207635511477851     
    12780919          21   1.1069450251846196     
    12780919          22   1.0244963466863306     
    12780919          23  0.77592370687229373     
    12780919          24   1.2052362347912853     
    12780919          25   1.2272870850693520     
    12781807           1  0.59511628118047288     
    12781807           2   1.1000572510394391     
    12781807           3   1.0395958423162468     
    12781807           4  0.94958162114062639     
    12781807           5  0.63835001844942352     
    12781807           6   1.0382724537737820     
    12781807           7  0.96508166733934975     
    12781807           8   1.0806492754240837     
    12781807           9   1.1584475927434883     
    12781807          10   1.0405126462528258     
    12781807          11   1.0797098562747238     
    12781807          12  0.20995636002254969     
    12781807          13   1.1728119844143643     
    12781807          14   1.1837201064772978     
    12781807          15   1.1315187807212466     
    12781807          16   1.0646729099738241     
    12781807          17   1.0948276541839228     
    12781807          18   1.0543094635860333     
    12781807          19  0.80197290165158019     
    12781807          20   1.1661085616986946     
    12781807          21   1.0533755992275635     
    12781807          22   1.1441562641273673     
    12781807          23   1.0881415786678148     
    12781807          24   1.1028415765801838     
    12781807          25   1.0462117527330994     
    12782470           1   1.2633201420066109     
    12782470           2   1.0071725164633087     
    12782470           3   1.1585489195988097     
    12782470           4  0.95831336858214888     
    12782470           5   1.0239378554511314     
    12782470           6  0.64922219077427734     
    12782470           7   1.0667031919436591     
    12782470           8  0.96738242679213227     
    12782470           9   1.0948610021683205     
    12782470          10  0.98277048780478715     
    12782470          11   1.0905117606432118     
    12782470          12   1.0439757149515285     
    12782470          13  0.66171652550954208     
    12782470          14   1.2254537461319852     
    12782470          15  0.38340367888618671     
    12782470          16  0.86575160683333452     
    12782470          17   1.0947713209788708     
    12782470          18   1.1931687938290598     
    12782470          19  0.93386179283817539     
    12782470          20   1.0206500376311627     
    12782470          21   1.0957047242650095     
    12782470          22   1.0251789953126391     
    12782470          23  0.77583742065204353     
    12782470          24   1.1906311747489613     
    12782470          25   1.2271506052031045     
    12783610           1   1.0614607112822900     
    12783610           2  0.93773286244352494     
    12783610           3   1.0491760423708443     
    12783610           4  0.96974414251808583     
    12783610           5   1.0768532539884246     
    12783610           6  0.57182934370367144     
    12783610           7  0.97272051895218103     
    12783610           8   1.0008862273696875     
    12783610           9   1.0043368491524194     
    12783610          10  0.95074143225506513     
    12783610          11   1.0906325967869501     
    12783610          12  0.94386785825972941     
    12783610          13   1.0331128990362217     
    12783610          14   1.1423523352421867     
    12783610          15   1.0905435805941566     
    12783610          16   1.0303771554392731     
    12783610          17   1.1497217447019563     
    12783610          18   1.1040460834452628     
    12783610          19  0.69548672904163045     
    12783610          20  0.96094976042991098     
    12783610          21   1.0055960655233185     
    12783610          22   1.0058102164561644     
    12783610          23   1.0605668096595673     
    12783610          24   1.0194181262869400     
    12783610          25   1.0720366550605378     
    12785423           1   1.0302959626140415     
    12785423           2   1.0846547531754576     
    12785423           3  0.80792925268065829     
    12785423           4   1.1118691167214345     
    12785423           5  0.87502036676704975     
    12785423           6  0.98996976855027796     
    12785423           7  0.98066403666803381     
    12785423           8   1.1352028140517449     
    12785423           9   1.0862419676395945     
    12785423          10  0.96684949809123899     
    12785423          11   1.0897186196920661     
    12785423          12  0.87601625542691419     
    12785423          13   1.2160832351051984     
    12785423          14   1.0298880207840597     
    12785423          15   1.1654175571580407     
    12785423          16  0.86940486273332740     
    12785423          17   1.0713067404748657     
    12785423          18   1.2399272030635480     
    12785423          19   7.6640250122450321E-002
    12785423          20   1.0436618511816598     
    12785423          21   1.0767010760741376     
    12785423          22   1.0907768364781696     
    12785423          23   1.0498291146415344     
    12785423          24  0.98969019986512774     
    12785423          25   1.0462406402393716     
    12786010           1  0.84733327742653175     
    12786010           2   1.1243970710048843     
    12786010           3  0.84278251365285661     
    12786010           4  0.34598213320824095     
    12786010           5   1.0400896455407418     
    12786010           6   1.1830587548984568     
    12786010           7  0.97713278482652244     
    12786010           8   1.0258863938450840     
    12786010           9   1.1653235182163066     
    12786010          10   1.0288222915996119     
    12786010          11  0.77982086452070065     
    12786010          12   1.3035048296340666     
    12786010          13   1.1558658513505560     
    12786010          14   1.2290753706015980     
    12786010          15   1.1500290847065622     
    12786010          16   1.0392811539467457     
    12786010          17   1.1206614024942603     
    12786010          18  0.86037428596360543     
    12786010          19  0.85906852870408723     
    12786010          20  0.90277643718990563     
    12786010          21   1.0412004559371515     
    12786010          22   1.0856391535339407     
    12786010          23   1.1045567930645623     
    12786010          24  0.68917136408694590     
    12786010          25   1.0981660400460749     
    12786029           1  0.33091973650558165     
    12786029           2   1.0686284972716151     
    12786029           3   1.0390655463312741     
    12786029           4  0.94729894534322656     
    12786029           5  0.98310255991229689     
    12786029           6   1.0984932645641472     
    12786029           7  0.99292784501767595     
    12786029           8   1.0174328492436144     
    12786029           9   1.0928084259985991     
    12786029          10   1.1211791384345000     
    12786029          11   1.1019258904062998     
    12786029          12  0.15255543203010705     
    12786029          13   1.1037096079403097     
    12786029          14   1.2038421692075982     
    12786029          15   1.2357704619164749     
    12786029          16   1.0290336172609191     
    12786029          17   1.0537257144280765     
    12786029          18   1.0537716622090949     
    12786029          19  0.75346061055472902     
    12786029          20   1.1375842839256598     
    12786029          21   1.0206120079275558     
    12786029          22   1.1953824273959139     
    12786029          23   1.0203508530766605     
    12786029          24   1.1297559737778036     
    12786029          25   1.1166624793202722     
    12787573           1   1.0820036568926112     
    12787573           2  0.92854446931119350     
    12787573           3   1.0467168568363188     
    12787573           4   1.0023835252147040     
    12787573           5   1.1294930418348044     
    12787573           6   1.0739164466433726     
    12787573           7   1.0247248620763896     
    12787573           8   1.0303451214184696     
    12787573           9  0.95450606558985995     
    12787573          10   1.0322230732004360     
    12787573          11  0.67309438552719647     
    12787573          12   1.0285693511065934     
    12787573          13   1.1924501782896797     
    12787573          14  0.77716869762565510     
    12787573          15   1.1720893581128846     
    12787573          16  0.59857318344599530     
    12787573          17   1.0701984150449706     
    12787573          18   1.0289997874860488     
    12787573          19   1.0728897778577524     
    12787573          20  0.99868036689236583     
    12787573          21  0.79961581178177377     
    12787573          22   1.0619678378222512     
    12787573          23   1.0515139274844627     
    12787573          24   1.0103606226014892     
    12787573          25   1.1589711799027222     
    12790829           1   1.0303600146298291     
    12790829           2   1.0479923386052059     
    12790829           3  0.76140565285545392     
    12790829           4  0.94254651836357839     
    12790829           5   1.1321039743600982     
    12790829           6   1.0877829116616180     
    12790829           7  0.95602246446265138     
    12790829           8   1.1008879585662654     
    12790829           9   1.0122190172983274     
    12790829          10   1.0057827902520349     
    12790829          11  0.90749151450536492     
    12790829          12  0.99754370856820118     
    12790829          13   1.2343530344855380     
    12790829          14   1.1857737876413228     
    12790829          15   1.1335903532453890     
    12790829          16   1.0305720699131731     
    12790829          17   1.2069074792976979     
    12790829          18   1.0556368217657610     
    12790829          19  0.97410587819353711     
    12790829          20   1.0596711408643864     
    12790829          21  0.98958340886632379     
    12790829          22  0.57286227508109677     
    12790829          23   1.0559327288420861     
    12790829          24  0.41407288519368834     
    12790829          25   1.1047992724813691     
    12791644           1   1.0481382891136171     
    12791644           2   1.0455789735582213     
    12791644           3   1.0716159904220179     
    12791644           4   1.0414577137714800     
    12791644           5   1.0973379978210973     
    12791644           6   1.1527453835365382     
    12791644           7  0.93852850141992228     
    12791644           8   1.0389431849536332     
    12791644           9   1.1676556619337806     
    12791644          10  0.72146062486613349     
    12791644          11  0.14283986042615626     
    12791644          12   1.0779232291790151     
    12791644          13  0.75797724880353523     
    12791644          14   1.1107726775776467     
    12791644          15  0.91814165437485584     
    12791644          16   1.0898587527256847     
    12791644          17   1.2564394003730397     
    12791644          18   1.0975773440207026     
    12791644          19   1.0774647091293332     
    12791644          20  0.81786151721452394     
    12791644          21  0.92703081983343838     
    12791644          22   1.1368764606576967     
    12791644          23   1.0450481898955950     
    12791644          24   1.0935660213540095     
    12791644          25   1.1271597930383188     
    12795529           1   1.1374700428030191     
    12795529           2   1.2244729343703256     
    12795529           3  0.81341510086065261     
    12795529           4  0.86161705387844201     
    12795529           5   1.0335826576764484     
    12795529           6   1.2248132260504145     
    12795529           7  0.97781154740185172     
    12795529           8   1.0201408587043732     
    12795529           9   1.0982451845328050     
    12795529          10  0.96459968714867639     
    12795529          11  0.43881595365698606     
    12795529          12   1.1546240410771906     
    12795529          13   1.1806660868981322     
    12795529          14  0.94749375341525310     
    12795529          15   1.3136990882502655     
    12795529          16  0.99268894770113714     
    12795529          17   1.2182862659336502     
    12795529          18   1.0635479421190290     
    12795529          19  0.63992028585500560     
    12795529          20   1.0415255215632560     
    12795529          21  0.81073731983232256     
    12795529          22  0.59634410330160414     
    12795529          23   1.1080514872856400     
    12795529          24   1.0519286332671460     
    12795529          25   1.0855022764163706     
    12796254           1  0.98940396941986897     
    12796254           2  0.91975630779239037     
    12796254           3  0.50333047663090880     
    12796254           4   1.0784667475096472     
    12796254           5   1.0695113465253903     
    12796254           6   1.0682966159241725     
    12796254           7   1.0995273483698524     
    12796254           8  0.97503982821119084     
    12796254           9   1.0900876168458125     
    12796254          10  0.94746307984266120     
    12796254          11   1.0667032104848710     
    12796254          12   1.1434899938117578     
    12796254          13   1.1464167499004254     
    12796254          14   1.1111903804509364     
    12796254          15  0.99095319765101564     
    12796254          16  0.75807266133734585     
    12796254          17   1.0797281351442805     
    12796254          18   1.0188666174052017     
    12796254          19  0.98554891897282326     
    12796254          20   1.1594023745345534     
    12796254          21  0.98985426989525849     
    12796254          22   1.0853633420507520     
    12796254          23  0.81377465408514815     
    12796254          24  0.89978066155046066     
    12796254          25   1.0099714956532728     
    12796875           1   1.1625973488354193     
    12796875           2   6.8044387284604629E-002
    12796875           3  0.93168574371727286     
    12796875           4  0.92344464891726641     
    12796875           5   1.0570699779516812     
    12796875           6   1.1355078735621835     
    12796875           7  0.94828907814695718     
    12796875           8  0.99739858217941657     
    12796875           9   1.0852647545385488     
    12796875          10   1.0193143003703073     
    12796875          11   1.1121291533389550     
    12796875          12   1.2007043534481376     
    12796875          13   1.1449445986914661     
    12796875          14   1.1061460156881178     
    12796875          15  0.98875794398250938     
    12796875          16  0.45515806921239316     
    12796875          17   1.1647337925630712     
    12796875          18   1.0499299097630725     
    12796875          19  0.94346782363280879     
    12796875          20   1.0733197098707781     
    12796875          21   1.0952763691876120     
    12796875          22   1.0446121960944930     
    12796875          23   1.1424383925784207     
    12796875          24   1.0387575710813557     
    12796875          25   1.1110074053631440     
    12798764           1   1.1470601971314733     
    12798764           2  0.95628634449301886     
    12798764           3   1.0396633545397580     
    12798764           4  0.94267144838476680     
    12798764           5   1.1236969123494038     
    12798764           6   1.0911394762961375     
    12798764           7   1.0295271158085795     
    12798764           8   1.0564073606852067     
    12798764           9  0.96831284298542486     
    12798764          10  0.19676849861462978     
    12798764          11   1.0281298130369845     
    12798764          12   1.1641360742013329     
    12798764          13   1.1164863850414484     
    12798764          14   1.0073231083973366     
    12798764          15   1.1102034493023696     
    12798764          16   1.0001791795246477     
    12798764          17   1.1178916061711901     
    12798764          18   1.0692180847433741     
    12798764          19  0.94184188296476845     
    12798764          20   1.0440717309684606     
    12798764          21  0.66149554431539881     
    12798764          22   1.0132002540983360     
    12798764          23   1.1158057653919573     
    12798764          24   1.0221146573420945     
    12798764          25   1.0363689132119007     
    12800330           1   1.0847125891465030     
    12800330           2   1.0093068332784925     
    12800330           3  0.85069856084211204     
    12800330           4   1.0436705474592527     
    12800330           5   1.1727270435237696     
    12800330           6  0.94181221766774181     
    12800330           7  0.95610947089386378     
    12800330           8  0.75891123302663543     
    12800330           9   1.0950951581605726     
    12800330          10   1.0321474332079348     
    12800330          11   1.0477977972372163     
    12800330          12   1.0648637668637320     
    12800330          13   1.1216393637547482     
    12800330          14   1.1026567758962518     
    12800330          15   1.0959588647809397     
    12800330          16   1.0177694011571103     
    12800330          17   1.1441469220141964     
    12800330          18  0.87126481772267961     
    12800330          19  0.97683968072954652     
    12800330          20   1.0423273304885443     
    12800330          21   1.0285577744581194     
    12800330          22   1.1473265245518647     
    12800330          23   1.0740291414471592     
    12800330          24   1.0444452808085238     
    12800330          25  0.27518547088248380     
    12800551           1   1.0308388745875565     
    12800551           2   1.0392503082162883     
    12800551           3  0.87835059537701410     
    12800551           4  0.98188011357795324     
    12800551           5   1.1033133497543066     
    12800551           6   1.0395576847535073     
    12800551           7  0.89305004487214978     
    12800551           8   1.1141385081696429     
    12800551           9   1.1811934787405172     
    12800551          10   1.0022556034858905     
    12800551          11   1.1375392124654489     
    12800551          12  0.39153167726385563     
    12800551          13  0.90989767187316239     
    12800551          14   1.0079172318678877     
    12800551          15   1.1790169783554629     
    12800551          16   1.0393335792240270     
    12800551          17   1.0918011365784295     
    12800551          18   1.0158329848881786     
    12800551          19  0.80461919364172796     
    12800551          20   1.0461905822972857     
    12800551          21   1.0039723397334335     
    12800551          22   1.0860680933767821     
    12800551          23   1.0728567757539615     
    12800551          24  0.99521282831215896     
    12800551          25  0.95438115283337521     
    12800611           1  0.91306537914046060     
    12800611           2   1.0281791270546992     
    12800611           3   1.0978776408879953     
    12800611           4  0.75395201853912419     
    12800611           5   1.0820609735751758     
    12800611           6  0.86788495619043171     
    12800611           7  0.93587680336545342     
    12800611           8   1.0182287130772592     
    12800611           9  0.98309465414319086     
    12800611          10   1.0508066436662107     
    12800611          11   1.1523308273514450     
    12800611          12   1.0823983822476866     
    12800611          13   1.1003813715892061     
    12800611          14   1.1346086432201465     
    12800611          15   1.1331797472339589     
    12800611          16   1.0047225899904628     
    12800611          17   1.0804280341895116     
    12800611          18   1.0245801765454614     
    12800611          19  0.97020835261936633     
    12800611          20   1.0270779625682542     
    12800611          21   1.0778374546685396     
    12800611          22  0.78277886123770979     
    12800611          23   1.0942213835888566     
    12800611          24   1.0921192000683004     
    12800611          25  0.51210010324109878     
    12801018           1   1.1219990832164455     
    12801018           2  0.94908788264492661     
    12801018           3  0.97043547164249122     
    12801018           4  0.92228885934496163     
    12801018           5   1.1273576767011013     
    12801018           6   1.1383667875080044     
    12801018           7   1.1033070451749283     
    12801018           8   1.0457587666590564     
    12801018           9   1.0439405621440738     
    12801018          10   1.0740961647558089     
    12801018          11   1.0517221875993763     
    12801018          12  0.83393046079636546     
    12801018          13   1.2989179140127569     
    12801018          14   1.2630011580318594     
    12801018          15   5.4731768477178720E-002
    12801018          16  0.47710712766401020     
    12801018          17   1.1566516767281068     
    12801018          18   1.1837869438317088     
    12801018          19  0.96180689289510846     
    12801018          20   1.0610010475204623     
    12801018          21   1.1673238441204614     
    12801018          22   1.0744365824298183     
    12801018          23  0.80081747424372629     
    12801018          24   1.0046287189979601     
    12801018          25   1.1134979028592999     
    12801913           1  0.96018062898314793     
    12801913           2   1.0889159919698628     
    12801913           3  0.84398778683638453     
    12801913           4  0.92429929622865570     
    12801913           5   1.0933250828643559     
    12801913           6   1.0027943957517251     
    12801913           7   1.0408154458443835     
    12801913           8  0.87992417642793697     
    12801913           9   1.1602897730072304     
    12801913          10   1.0155382749844208     
    12801913          11   1.0648915703485546     
    12801913          12   1.1965212595680015     
    12801913          13   1.0954259142296388     
    12801913          14   1.1167562193083698     
    12801913          15   1.1678638081389749     
    12801913          16  0.74541642571142464     
    12801913          17   1.2524441934442039     
    12801913          18   1.1138583077075741     
    12801913          19  0.93130932762091367     
    12801913          20   1.0376114759139345     
    12801913          21  0.99669613334838891     
    12801913          22  0.84552114450730642     
    12801913          23   1.0560743471276643     
    12801913          24   1.1310985613403370     
    12801913          25  0.23844045878661449     
    12801975           1   1.2225513067619218     
    12801975           2  0.69474952688732472     
    12801975           3   1.0400924825869784     
    12801975           4  0.76976601357666019     
    12801975           5   1.1106346836797762     
    12801975           6   1.0565596534727504     
    12801975           7   1.0425178974314109     
    12801975           8   1.0331142523780499     
    12801975           9   1.0764174003826990     
    12801975          10   1.0437672772085447     
    12801975          11   1.1331537073250679     
    12801975          12   1.1653669656089818     
    12801975          13   1.2353075947547552     
    12801975          14   1.1018741867108977     
    12801975          15  0.94292290966185310     
    12801975          16  0.42397727387353606     
    12801975          17   1.1081729760187848     
    12801975          18   1.1047245383835420     
    12801975          19  0.50504706940931965     
    12801975          20  0.96490699162195559     
    12801975          21   1.0963589146304664     
    12801975          22  0.91938863862400544     
    12801975          23   1.0873349984944782     
    12801975          24   1.0347459897625080     
    12801975          25   1.0865467507537279     
    12803171           1   1.1761843842102988     
    12803171           2  0.88920369068371874     
    12803171           3   1.0543691718736581     
    12803171           4  0.97765773692279123     
    12803171           5   1.1165050954977169     
    12803171           6   1.1080544109743227     
    12803171           7   1.0049070258913255     
    12803171           8   1.0958904113181778     
    12803171           9   1.0362374913363743     
    12803171          10  0.93186914838421031     
    12803171          11   1.0395739055573727     
    12803171          12   1.0542674073294227     
    12803171          13  0.98859763993184413     
    12803171          14  0.41928038325565625     
    12803171          15   1.1020596656885655     
    12803171          16  0.97073306260880299     
    12803171          17   1.0913338185712242     
    12803171          18   1.0495322966791536     
    12803171          19  0.94543882681025548     
    12803171          20  0.82125836770480831     
    12803171          21  0.98849825000294500     
    12803171          22  0.94809343493187748     
    12803171          23   1.0714321796286412     
    12803171          24   1.0809136454144368     
    12803171          25   1.0381085487924004     
    12805473           1   1.0749091414657421     
    12805473           2  0.91453314935943453     
    12805473           3  0.90273301475116041     
    12805473           4  0.91817879318759954     
    12805473           5   1.1223337467389178     
    12805473           6   1.1286776951157544     
    12805473           7   1.0983902938755870     
    12805473           8   1.0335356470864738     
    12805473           9   1.0384320344841544     
    12805473          10   1.0693095881298580     
    12805473          11   1.1390868465788335     
    12805473          12  0.88810191424089047     
    12805473          13   1.2296140715500110     
    12805473          14   1.2573727496826332     
    12805473          15   4.1453578992476224E-002
    12805473          16  0.54358922262944220     
    12805473          17   1.1514972016802867     
    12805473          18   1.1785115438243559     
    12805473          19  0.98228641814323170     
    12805473          20   1.0286660685832134     
    12805473          21   1.1621218098794657     
    12805473          22   1.2049394763036649     
    12805473          23  0.77537544346502152     
    12805473          24   1.0078148129878599     
    12805473          25   1.1085357372639295     
    12805657           1  0.87809992871120701     
    12805657           2   1.0274689573397231     
    12805657           3   1.0966366436885395     
    12805657           4   1.0293768621384505     
    12805657           5   1.2154771967502149     
    12805657           6   1.0687464790079124     
    12805657           7  0.80054183848177229     
    12805657           8  0.98439779253498749     
    12805657           9   1.0241844705452254     
    12805657          10  0.95744170686105068     
    12805657          11   1.1262955189040242     
    12805657          12  0.97599212526761803     
    12805657          13   1.0873796898076700     
    12805657          14   1.2104220024920873     
    12805657          15   1.1732687726961633     
    12805657          16   1.1138343124881751     
    12805657          17  0.56607506087015680     
    12805657          18   1.0446930643482153     
    12805657          19  0.33945531496481179     
    12805657          20   1.0414606243738631     
    12805657          21   1.0126829237932100     
    12805657          22   1.0823215636202954     
    12805657          23  0.96188387785128482     
    12805657          24   1.0929390850821312     
    12805657          25   1.0889241873812092     
    12807878           1   1.1518207976285562     
    12807878           2   1.1289565908804651     
    12807878           3  0.69588832808084944     
    12807878           4  0.87958447023805586     
    12807878           5   1.0466227297258979     
    12807878           6   1.1969229089960065     
    12807878           7  0.99014798990521979     
    12807878           8   1.0136200031623783     
    12807878           9   1.1121010636227884     
    12807878          10  0.93854729073100185     
    12807878          11  0.40388016791850340     
    12807878          12   1.1917714320550856     
    12807878          13   1.1937815504097680     
    12807878          14   1.0044909653999925     
    12807878          15   1.3498903913470102     
    12807878          16  0.91975662369224298     
    12807878          17   1.1609933645088955     
    12807878          18   1.0769660675976955     
    12807878          19  0.74527394616987563     
    12807878          20   1.0546658038054693     
    12807878          21  0.78491076596272225     
    12807878          22  0.66698020237835909     
    12807878          23   1.1220310864220904     
    12807878          24   1.0652001651246175     
    12807878          25   1.1051952942364538     
    12811295           1  0.61288615850136974     
    12811295           2   1.1358176993271769     
    12811295           3   1.1638752066840958     
    12811295           4  0.96048561184048931     
    12811295           5   1.1560352184129643     
    12811295           6   1.1921641847065325     
    12811295           7  0.91134318004427128     
    12811295           8   1.0733955318686628     
    12811295           9  0.55924244721981919     
    12811295          10  0.95886985057302687     
    12811295          11   1.2334471232198818     
    12811295          12  0.87838157769543146     
    12811295          13   1.0832907631498068     
    12811295          14   1.3098213934042715     
    12811295          15   1.2217398751803641     
    12811295          16   1.1285337426509956     
    12811295          17  0.88402653715634671     
    12811295          18   1.1180263235555652     
    12811295          19  0.34106988853468029     
    12811295          20   1.0267248685867836     
    12811295          21   1.0141934666695829     
    12811295          22  0.80391648636574831     
    12811295          23   1.0226490694254433     
    12811295          24  0.98097328504831738     
    12811295          25   1.2290905101783747     
    12811617           1   1.0970807185305129     
    12811617           2   1.0448552152541748     
    12811617           3   1.0642802610754822     
    12811617           4  0.48220382340017459     
    12811617           5  0.94209318014719856     
    12811617           6   1.0756597966172650     
    12811617           7  0.97279362652409473     
    12811617           8  0.92158810052678164     
    12811617           9   1.0614539764317543     
    12811617          10   1.0037632089833719     
    12811617          11  0.71803481657479595     
    12811617          12   1.0248860701748062     
    12811617          13   1.1383876590078446     
    12811617          14   1.0923569990588471     
    12811617          15   1.2103008027197828     
    12811617          16   1.0539388869856583     
    12811617          17   1.0673919550466813     
    12811617          18   1.0343808991995118     
    12811617          19   1.0398954913134650     
    12811617          20   1.0996238093770716     
    12811617          21  0.71898465748271556     
    12811617          22  0.96975173862646247     
    12811617          23   1.0687857680937412     
    12811617          24   1.0280800040474074     
    12811617          25   1.0694285348003925     
    12811995           1   1.1120359508737794     
    12811995           2  0.86013524254814988     
    12811995           3  0.98168428451099077     
    12811995           4  0.68055088710489531     
    12811995           5   1.0579464930107896     
    12811995           6   1.1732439617345192     
    12811995           7  0.96993765373902430     
    12811995           8  0.88922051589131001     
    12811995           9   1.0696082306369328     
    12811995          10  0.97605373229218229     
    12811995          11   1.2164166845900650     
    12811995          12   1.0722025590175890     
    12811995          13   1.1651414300832454     
    12811995          14   1.1544954895361847     
    12811995          15  0.93424798071019244     
    12811995          16  0.54472271021749896     
    12811995          17   1.0632477549985355     
    12811995          18   1.1388524765414048     
    12811995          19  0.90566683171509144     
    12811995          20  0.96898957780535955     
    12811995          21   1.1486341229456865     
    12811995          22  0.90378452419199218     
    12811995          23   1.0918708471845766     
    12811995          24   1.0344519801038492     
    12811995          25  0.88685807801616212     
    12812168           1   1.1072896405679138     
    12812168           2   1.1093452339531253     
    12812168           3   1.1315692002937618     
    12812168           4  0.83039426659848159     
    12812168           5   1.2053043347844918     
    12812168           6   1.1313856655385697     
    12812168           7   1.0228090332802018     
    12812168           8   1.1554736944485324     
    12812168           9  0.73504289370320797     
    12812168          10  0.94918467171157439     
    12812168          11   1.1077249879381315     
    12812168          12   1.1092413918805724     
    12812168          13   1.1857754502361713     
    12812168          14  0.11378178813378413     
    12812168          15   1.1374403094764354     
    12812168          16  0.36648100325677352     
    12812168          17   1.1299795298711568     
    12812168          18   1.0715797323271730     
    12812168          19  0.99674633685809289     
    12812168          20   1.2094496098897982     
    12812168          21  0.68296753330700377     
    12812168          22   1.0911596219770503     
    12812168          23   1.1011971778307996     
    12812168          24   1.0816985939802450     
    12812168          25   1.2369782981569470     
    12814494           1   1.0732516343779079     
    12814494           2   1.0457332514625075     
    12814494           3   1.0322760966666258     
    12814494           4   1.0255626987854281     
    12814494           5   1.0901572392393046     
    12814494           6   1.0813993399431057     
    12814494           7  0.99961742157545475     
    12814494           8   1.0668386530782115     
    12814494           9   1.1714592525677592     
    12814494          10  0.70955572577263182     
    12814494          11  0.31235499602955230     
    12814494          12   1.1281873461417371     
    12814494          13  0.70272160716462595     
    12814494          14   1.0199114767062969     
    12814494          15  0.90528728755368770     
    12814494          16   1.1650307094897097     
    12814494          17   1.2814356350620359     
    12814494          18   1.0506530701488839     
    12814494          19   1.0680283561852699     
    12814494          20  0.89745721058319372     
    12814494          21  0.93833783094344625     
    12814494          22  0.84001080436854003     
    12814494          23   1.0526089166168890     
    12814494          24   1.2147973311319253     
    12814494          25   1.1273261084052713     
    12815724           1   1.0260263483999450     
    12815724           2   1.1757758905118887     
    12815724           3  0.94891018858099563     
    12815724           4  0.79070847215960793     
    12815724           5  0.79365758638994233     
    12815724           6   1.1312045789749374     
    12815724           7   1.0613886910750749     
    12815724           8   1.0460459353868008     
    12815724           9   1.0855772994875537     
    12815724          10  0.95280930733103553     
    12815724          11  0.49012285696826591     
    12815724          12   1.0423710032664411     
    12815724          13   1.1413129667484729     
    12815724          14   1.0547331469991648     
    12815724          15   1.1861351202254187     
    12815724          16   1.0547083515346833     
    12815724          17   1.1812346508657543     
    12815724          18  0.92706341876690634     
    12815724          19  0.94552552995373185     
    12815724          20   1.0334412123917163     
    12815724          21  0.65181051732764339     
    12815724          22   1.0380585593239087     
    12815724          23   1.1564658010613402     
    12815724          24   1.0538650023034561     
    12815724          25   1.0310475639653096     
    12815783           1   1.0415343701435780     
    12815783           2   1.0360859814642884     
    12815783           3  0.70850530583614124     
    12815783           4   1.0420037252917802     
    12815783           5   1.1166505462203475     
    12815783           6  0.44352860610145867     
    12815783           7  0.94741078782931920     
    12815783           8  0.95356771658633210     
    12815783           9   1.1556101533133534     
    12815783          10   1.0318666792181530     
    12815783          11   1.0587218162500265     
    12815783          12  0.87875321096789083     
    12815783          13   1.0788780610387958     
    12815783          14   1.0808014773364323     
    12815783          15   1.3560871513071302     
    12815783          16   1.1500962478177708     
    12815783          17   1.2310531629087591     
    12815783          18  0.21001083439608803     
    12815783          19  0.99289727659836102     
    12815783          20   1.1121785699729034     
    12815783          21   1.0128936561952491     
    12815783          22   1.2315973565722516     
    12815783          23   1.0418488510147819     
    12815783          24   1.0515673634502556     
    12815783          25   1.0358510921685553     
    12817031           1  0.59095068716951105     
    12817031           2   1.0923572568676188     
    12817031           3   1.0323190556587158     
    12817031           4  0.93881522851548460     
    12817031           5  0.63388180425693708     
    12817031           6   1.0310049303469186     
    12817031           7  0.95832645236592695     
    12817031           8   1.0730851299083071     
    12817031           9   1.1503388877610379     
    12817031          10   1.0332294423065931     
    12817031          11   1.1458834264436162     
    12817031          12  0.20848674310308232     
    12817031          13   1.1646027339993528     
    12817031          14   1.1754345032395301     
    12817031          15   1.1235985674699576     
    12817031          16   1.0572205931112721     
    12817031          17   1.0871642652572113     
    12817031          18   1.0469296870178257     
    12817031          19  0.79635938775233517     
    12817031          20   1.1579462327650814     
    12817031          21   1.1513816514154755     
    12817031          22   1.1361475931630987     
    12817031          23   1.0805249897985163     
    12817031          24   1.0951220931586756     
    12817031          25   1.0388886571479168     
    12817456           1   1.1170934796267651     
    12817456           2   1.1098720792395054     
    12817456           3   1.0398015676749752     
    12817456           4  0.95009696149567902     
    12817456           5   1.1902482562252497     
    12817456           6  0.98064869796400034     
    12817456           7  0.95949838262967646     
    12817456           8   1.1355412291943474     
    12817456           9   1.1416286232731441     
    12817456          10  0.40027077660759486     
    12817456          11  0.66166150324201212     
    12817456          12   1.1113892126429830     
    12817456          13   1.0938825724308132     
    12817456          14   1.2035119095281037     
    12817456          15  0.72656528990393143     
    12817456          16  0.77409817261450764     
    12817456          17   1.1827197464272399     
    12817456          18  0.83783556889047617     
    12817456          19  0.96855095261510005     
    12817456          20   1.0077387704471108     
    12817456          21   1.0646471850885613     
    12817456          22   1.0249358673583935     
    12817456          23   1.0332609899549774     
    12817456          24   1.0292550948632933     
    12817456          25   1.2552471100615541     
    12818342           1   1.0209062765595596     
    12818342           2  0.86418212831057184     
    12818342           3  0.49963504924700108     
    12818342           4   1.1191340234282185     
    12818342           5   1.0914538493986234     
    12818342           6  0.80350424560116618     
    12818342           7   1.0934633011876660     
    12818342           8  0.93889515956586100     
    12818342           9   1.1944945119762524     
    12818342          10   1.0290814199665363     
    12818342          11   1.0747428369715595     
    12818342          12   1.1090991417289711     
    12818342          13   1.2269774119396466     
    12818342          14   1.1691362212825360     
    12818342          15   1.0973864444760433     
    12818342          16   1.0738336779506434     
    12818342          17   1.0878478614552294     
    12818342          18   1.0152964448407413     
    12818342          19  0.92383695112074982     
    12818342          20   1.0971303794315310     
    12818342          21   1.0086280796715148     
    12818342          22   1.0157476851927478     
    12818342          23  0.55346223326265076     
    12818342          24  0.99599954909824151     
    12818342          25  0.89612511633573244     
    12818637           1   1.1857426444874108     
    12818637           2   1.1919806299035449     
    12818637           3  0.69339026794195180     
    12818637           4  0.89746547546865274     
    12818637           5   1.0428656232821047     
    12818637           6   1.1810661556370854     
    12818637           7  0.98659361325399275     
    12818637           8   1.0099813680197660     
    12818637           9   1.1322752555888833     
    12818637          10  0.97326309268525779     
    12818637          11  0.46552658674402869     
    12818637          12   1.1874932790972623     
    12818637          13   1.1912700599766664     
    12818637          14   1.0008851011552669     
    12818637          15   1.3254978770184762     
    12818637          16  0.89837884997263573     
    12818637          17   1.1568256968984860     
    12818637          18   1.0731000363742222     
    12818637          19  0.74259860436234704     
    12818637          20   1.0399918880148069     
    12818637          21  0.72664876093657482     
    12818637          22  0.66458591497654251     
    12818637          23   1.1180032833702347     
    12818637          24   1.0133420074848427     
    12818637          25   1.1012279273489487     
    12819069           1   1.1487516122314292     
    12819069           2   1.0637565429596376     
    12819069           3  0.45328651839027895     
    12819069           4   1.0857299213269851     
    12819069           5   1.1598402050392369     
    12819069           6   1.0896271787962091     
    12819069           7   1.0362349180709867     
    12819069           8   7.0785284952090827E-002
    12819069           9   1.1771562794313337     
    12819069          10   1.0049437252527058     
    12819069          11   1.1139468861765061     
    12819069          12   1.0379226950481570     
    12819069          13   1.1646334965555296     
    12819069          14   1.1653770386359659     
    12819069          15   1.2817969142375698     
    12819069          16   1.0281873271393809     
    12819069          17   1.2218517803264108     
    12819069          18  0.97862054589215464     
    12819069          19   1.0204565799916931     
    12819069          20   1.0701878568867034     
    12819069          21   1.0416335323808770     
    12819069          22   1.1318332957896500     
    12819069          23   1.0990294396061013     
    12819069          24   1.2114055847802008     
    12819069          25  0.14300484010220557     
    12820595           1   1.0251588777762310     
    12820595           2   1.0548529854258788     
    12820595           3  0.64005889280765371     
    12820595           4  0.93104193824442993     
    12820595           5   1.1815031286490094     
    12820595           6   1.0412022333678206     
    12820595           7   1.0067111370577209     
    12820595           8   1.0300671792064131     
    12820595           9  0.97232597726243997     
    12820595          10   1.0555832778326339     
    12820595          11  0.67965502331719230     
    12820595          12  0.94092085413724436     
    12820595          13   1.1608543227507342     
    12820595          14   1.1147140812533272     
    12820595          15   1.1192077464243775     
    12820595          16   1.0680049736474277     
    12820595          17   1.1933918027196171     
    12820595          18   1.0306541412838404     
    12820595          19  0.99378382480223493     
    12820595          20   1.0859523776334981     
    12820595          21   1.2198399308869456     
    12820595          22  0.96622136578638029     
    12820595          23   1.0677119592698083     
    12820595          24  0.36482011121604124     
    12820595          25   1.0557618572410943     
    12820774           1   1.2398393622148787     
    12820774           2   1.0968774056768906     
    12820774           3   1.0297658986168940     
    12820774           4  0.97614385490469091     
    12820774           5  0.99278458138173176     
    12820774           6  0.70590643743138304     
    12820774           7   1.0423983756320767     
    12820774           8   1.0139190962699069     
    12820774           9   1.2094143493713636     
    12820774          10  0.92832576893352614     
    12820774          11   1.0339208533575943     
    12820774          12   1.0503459770946821     
    12820774          13  0.81322400314921928     
    12820774          14   1.1547600965830938     
    12820774          15  0.49129457724700998     
    12820774          16  0.91719090677761417     
    12820774          17   1.1453420003566022     
    12820774          18   1.0880921109567201     
    12820774          19  0.98348037689979551     
    12820774          20   1.0144801685534646     
    12820774          21   1.0857423985451355     
    12820774          22  0.83818680488767938     
    12820774          23  0.90173382123665113     
    12820774          24   1.0617567034532531     
    12820774          25   1.1850740704681451     
    12821023           1   1.1840234054310104     
    12821023           2  0.95706542041273035     
    12821023           3  0.90733945119846393     
    12821023           4  0.89919318009273308     
    12821023           5   1.1222257479179332     
    12821023           6   1.1805639947308861     
    12821023           7   1.0649977865891997     
    12821023           8   1.0415302540044429     
    12821023           9  0.96967104558072370     
    12821023          10  0.94903973368244443     
    12821023          11   1.0410648329930070     
    12821023          12   1.0988811914086734     
    12821023          13   1.1315401531885696     
    12821023          14   1.1346699873883250     
    12821023          15  0.35138882103499802     
    12821023          16  0.45195780656169915     
    12821023          17   1.0968888892780226     
    12821023          18   1.0337108935646842     
    12821023          19  0.96091191848654745     
    12821023          20   1.0113597341121809     
    12821023          21   1.1945173890289247     
    12821023          22   1.0847818693886342     
    12821023          23   1.0271310081369447     
    12821023          24   1.0576817998669925     
    12821023          25   1.0478636859212298     
    12821361           1   1.0458158677714657     
    12821361           2   1.0977582015285516     
    12821361           3   1.0348408641573330     
    12821361           4  0.72491062164938413     
    12821361           5   1.0460601817899031     
    12821361           6   1.1353802928102148     
    12821361           7   1.0726250198450562     
    12821361           8   1.0325033751144832     
    12821361           9   1.0469837458874498     
    12821361          10  0.33268582697803900     
    12821361          11   1.0661874500790771     
    12821361          12   1.0650416519550570     
    12821361          13   1.0573609897045011     
    12821361          14  0.82897690408720004     
    12821361          15   1.1976124933355083     
    12821361          16   1.0670309184398639     
    12821361          17   1.0830282982660244     
    12821361          18  0.96058569723047593     
    12821361          19  0.99425329786903049     
    12821361          20   1.0584199137949093     
    12821361          21  0.84721271353491812     
    12821361          22   1.0560463551718786     
    12821361          23  0.96445484888102784     
    12821361          24   1.0431404621333267     
    12821361          25   1.1410840079853228     
    12822435           1   1.1156492629589039     
    12822435           2   1.1401422457069712     
    12822435           3   1.0523748155173556     
    12822435           4   1.0643895015083873     
    12822435           5   1.1022065330336757     
    12822435           6   1.1190793288573464     
    12822435           7  0.98728455863961440     
    12822435           8   1.0558233195209581     
    12822435           9  0.99068146703722682     
    12822435          10  0.53173752159986898     
    12822435          11  0.82522252735459278     
    12822435          12   1.1473658026701874     
    12822435          13   1.1267002952002121     
    12822435          14   1.1361565785889869     
    12822435          15  0.67414981968256660     
    12822435          16   1.0114855843231365     
    12822435          17   1.1623334034249573     
    12822435          18  0.64912096422200916     
    12822435          19  0.96617261302123625     
    12822435          20  0.85019989305265498     
    12822435          21   1.1005749948379302     
    12822435          22   1.0442303697178827     
    12822435          23   1.1033990082307743     
    12822435          24   1.0812325306363855     
    12822435          25  0.96228706065618386     
    12822836           1   1.1071920427842725     
    12822836           2   1.1092474549871165     
    12822836           3   1.1314694624817754     
    12822836           4  0.83032107469186633     
    12822836           5   1.2051980978728669     
    12822836           6   1.1312859439035479     
    12822836           7   1.0227188817145416     
    12822836           8   1.1553718496669123     
    12822836           9  0.73497810617636905     
    12822836          10  0.94910100948189990     
    12822836          11   1.1076273517824717     
    12822836          12   1.0874079646903363     
    12822836          13   1.1856709346229122     
    12822836          14  0.11377175927599141     
    12822836          15   1.1373400541781267     
    12822836          16  0.36644870119925027     
    12822836          17   1.1298799321745514     
    12822836          18   1.0714852820559535     
    12822836          19  0.99665848248849898     
    12822836          20   1.2093430076088534     
    12822836          21  0.68290733576237983     
    12822836          22   1.0910634459118167     
    12822836          23   1.1250393032010544     
    12822836          24   1.0816032518209107     
    12822836          25   1.2368692694657271     
    12824766           1  0.93751442727050660     
    12824766           2   1.1265144797500215     
    12824766           3  0.54992115246178352     
    12824766           4  0.42638348399367559     
    12824766           5   1.0881234584704131     
    12824766           6   1.1107806583404027     
    12824766           7  0.94775548641307805     
    12824766           8   1.0382754137008281     
    12824766           9   1.0963131811933386     
    12824766          10  0.98376064667669683     
    12824766          11  0.89462685977145839     
    12824766          12   1.0750086092392455     
    12824766          13   1.1754426476558901     
    12824766          14   1.2205978911367685     
    12824766          15   1.1521947623874413     
    12824766          16   1.0174716078884878     
    12824766          17   1.1211917314322297     
    12824766          18  0.94719127296085870     
    12824766          19  0.88994885382560684     
    12824766          20   1.0409502557446304     
    12824766          21   1.0303610325932859     
    12824766          22   1.0433833437192628     
    12824766          23   1.0826722515311096     
    12824766          24  0.90019008083435348     
    12824766          25   1.1034264110086278     
    12824819           1   1.2182425485047772     
    12824819           2  0.41655703077122930     
    12824819           3   1.0894267660770338     
    12824819           4  0.61351350039981833     
    12824819           5   1.0982470365028247     
    12824819           6   1.2076893380734588     
    12824819           7  0.95300129032773073     
    12824819           8   1.0688463305744913     
    12824819           9  0.88406072138191549     
    12824819          10   1.0559338952164259     
    12824819          11   1.1125555836062604     
    12824819          12   1.3321773608515479     
    12824819          13   1.1752432441665603     
    12824819          14  0.89803104087205132     
    12824819          15  0.99050400507244341     
    12824819          16  0.13573217047149386     
    12824819          17   1.1654402738464114     
    12824819          18   1.0748419129698397     
    12824819          19  0.97960768012422639     
    12824819          20   1.0640065754903592     
    12824819          21   1.1526004854736474     
    12824819          22   1.0448907263959408     
    12824819          23   1.1634026174057972     
    12824819          24   1.0282003347865607     
    12824819          25   1.0772475306371523     
    12826179           1   1.0813211097476274     
    12826179           2  0.89116162708258984     
    12826179           3   1.1933565455411008     
    12826179           4  0.94919684640439028     
    12826179           5   1.1035890221830766     
    12826179           6   1.0719498588614462     
    12826179           7   1.1330268950432005     
    12826179           8   1.0063470327014625     
    12826179           9  0.64869035490906524     
    12826179          10  0.85874689038481600     
    12826179          11   1.1465315872087860     
    12826179          12   1.1550194568766901     
    12826179          13   1.1638813819245608     
    12826179          14  0.26336404299972133     
    12826179          15   1.1278504724456822     
    12826179          16  0.87100152165281775     
    12826179          17   1.1214206087121823     
    12826179          18   1.0126391544149913     
    12826179          19   1.0514216968071979     
    12826179          20   1.1218979808701681     
    12826179          21  0.59637915479387449     
    12826179          22   1.0856980598697752     
    12826179          23   1.0048627370949004     
    12826179          24   1.1438359541837089     
    12826179          25   1.1968100072861660     
    12826640           1   1.0722173505075503     
    12826640           2   1.0918843028306371     
    12826640           3   1.0965430898622368     
    12826640           4   1.0406075911551236     
    12826640           5   1.0891066635750504     
    12826640           6   1.0887292528026031     
    12826640           7  0.99865409839704400     
    12826640           8   1.0270309214833069     
    12826640           9   1.1667025262728687     
    12826640          10  0.76279546887185390     
    12826640          11  0.22167931518283268     
    12826640          12   1.1566681663351317     
    12826640          13  0.76259696009633737     
    12826640          14   1.1246237900615437     
    12826640          15  0.83627219035482281     
    12826640          16   1.0708452182518899     
    12826640          17   1.2019545671022720     
    12826640          18   1.0190274035652653     
    12826640          19   1.0962169779441537     
    12826640          20  0.72672138637766170     
    12826640          21  0.90892848489490063     
    12826640          22   1.1359484494879404     
    12826640          23  0.99606328773575681     
    12826640          24   1.1381143295830365     
    12826640          25   1.1700682072681781     
    12827731           1  0.63177699749431215     
    12827731           2   1.0530807649540159     
    12827731           3  0.97149386657006498     
    12827731           4  0.98088272705970514     
    12827731           5  0.94686770049787983     
    12827731           6  0.99321561730356489     
    12827731           7  0.82302885136930204     
    12827731           8   1.0643834327372046     
    12827731           9   1.1509250921134651     
    12827731          10   1.0168436528883906     
    12827731          11   1.1326406957862967     
    12827731          12  0.20610563968544601     
    12827731          13   1.1714341080688488     
    12827731          14   1.1412863488756364     
    12827731          15   1.1144872544869471     
    12827731          16   1.0399918288891097     
    12827731          17   1.1137492700717040     
    12827731          18   1.0883239361435244     
    12827731          19  0.85926980231160355     
    12827731          20   1.0591360214163110     
    12827731          21   1.0412086875032984     
    12827731          22   1.2266359423271607     
    12827731          23   1.0717629624579283     
    12827731          24   1.0827547823574832     
    12827731          25   1.0187140166307940     
    12830352           1   1.0198351265171883     
    12830352           2  0.76672687547401386     
    12830352           3  0.44661380075717089     
    12830352           4   1.1429301285643114     
    12830352           5   1.0642551041044963     
    12830352           6  0.84196363039213629     
    12830352           7   1.0766282006794561     
    12830352           8  0.96075705343665652     
    12830352           9   1.2391401501542307     
    12830352          10   1.1129127489597666     
    12830352          11   1.0736152008096576     
    12830352          12   1.1079354584213705     
    12830352          13   1.2503725306956646     
    12830352          14   1.1491568099394891     
    12830352          15   1.0141631105631603     
    12830352          16  0.88495632093111753     
    12830352          17   1.0654600629476292     
    12830352          18   1.0669956110471686     
    12830352          19  0.94231195489791730     
    12830352          20   1.0959792539272628     
    12830352          21   1.0618063392830768     
    12830352          22  0.98453365256044900     
    12830352          23  0.66434222185203062     
    12830352          24  0.99495453156459102     
    12830352          25  0.97165412151998631     
    12831303           1   1.0365130124393693     
    12831303           2   1.0409539414694855     
    12831303           3  0.76862312408298439     
    12831303           4  0.92446600448705096     
    12831303           5   1.1128610540595765     
    12831303           6   1.0311610464516647     
    12831303           7  0.99960075300500184     
    12831303           8   1.0573653756016772     
    12831303           9   1.0433918747547726     
    12831303          10   1.0224123630496864     
    12831303          11  0.89584508459782686     
    12831303          12  0.88574322426331564     
    12831303          13   1.1388389270790165     
    12831303          14   1.1187150865809403     
    12831303          15   1.2031930981983521     
    12831303          16   1.0321804191029598     
    12831303          17   1.1849628962236538     
    12831303          18   1.0140773380301531     
    12831303          19   1.0388199553480764     
    12831303          20   1.0415273031461898     
    12831303          21   1.1116291311274753     
    12831303          22  0.99915880347287778     
    12831303          23   1.0083526973354482     
    12831303          24  0.23128116371467425     
    12831303          25   1.0583263223777750     
    12831315           1   1.0317707287609907     
    12831315           2  0.97297918748869117     
    12831315           3   1.0064462144287680     
    12831315           4   1.0602268067882521     
    12831315           5   1.3036403332622002     
    12831315           6   1.0696277101019913     
    12831315           7  0.83020437160721727     
    12831315           8  0.89990134035302283     
    12831315           9   1.0552899837276715     
    12831315          10  0.99057719896342455     
    12831315          11   1.1121316703167221     
    12831315          12   1.1120790867584620     
    12831315          13   1.0826186018323396     
    12831315          14  0.57264088063567786     
    12831315          15   1.1363138890498721     
    12831315          16   1.0623306426122989     
    12831315          17   1.0662225826819294     
    12831315          18  0.81048398206205208     
    12831315          19  0.82305996986205299     
    12831315          20   1.0009164192173510     
    12831315          21  0.98114146076104380     
    12831315          22  0.97436099337779258     
    12831315          23   1.0650634774816752     
    12831315          24   1.0454457295692594     
    12831315          25  0.93452673829924615     
    12833511           1   1.0216764181061526     
    12833511           2   1.0530554926981888     
    12833511           3  0.89883058208754996     
    12833511           4   1.0516184574510419     
    12833511           5   1.1035129537734167     
    12833511           6   1.1195603413661619     
    12833511           7  0.89134372661785055     
    12833511           8  0.92885975277943800     
    12833511           9   1.1918743888681758     
    12833511          10  0.91887752527242228     
    12833511          11  0.41891756049272233     
    12833511          12   1.1701189520744935     
    12833511          13   1.2306227275380690     
    12833511          14   1.1524853608443177     
    12833511          15  0.94402731699406384     
    12833511          16  0.85574497793553628     
    12833511          17   1.1047645891740334     
    12833511          18  0.46053689562424099     
    12833511          19   1.0941232053610568     
    12833511          20   1.2346075173453179     
    12833511          21   1.0836854231847688     
    12833511          22  0.73467010134125410     
    12833511          23   1.1275331982064198     
    12833511          24   1.0904492546637758     
    12833511          25   1.1185032801995316     
    12833745           1   1.0469727320321369     
    12833745           2   1.0215921754274231     
    12833745           3   1.1013130706230088     
    12833745           4  0.82673716741747483     
    12833745           5   1.0472173163067107     
    12833745           6   1.1378513757659250     
    12833745           7   1.0569242839630284     
    12833745           8   1.0336455133153866     
    12833745           9   1.0909599021623351     
    12833745          10  0.34765760933913203     
    12833745          11   1.0504400504273996     
    12833745          12  0.93642673788990405     
    12833745          13   1.0779096159256800     
    12833745          14  0.85684157504148240     
    12833745          15   1.2250529378181454     
    12833745          16   1.0237722124851867     
    12833745          17   1.0842263263034349     
    12833745          18   1.0325078802054106     
    12833745          19   1.0133568550198007     
    12833745          20   1.0595907204433694     
    12833745          21  0.84814988626262133     
    12833745          22   1.0339885504673598     
    12833745          23  0.92112291207320940     
    12833745          24  0.98339633699332329     
    12833745          25   1.1423462562911115     
    12833904           1   1.0613693451457151     
    12833904           2   1.0956607999841614     
    12833904           3  0.65413784856820090     
    12833904           4   1.1803634459979879     
    12833904           5   1.0657395459297361     
    12833904           6   1.2439380524294155     
    12833904           7   1.1069804328808375     
    12833904           8   1.0420739642745342     
    12833904           9   1.0374929248986489     
    12833904          10  0.92425074554558106     
    12833904          11   1.0860641991835271     
    12833904          12  0.97162976427003267     
    12833904          13   1.2806190790150842     
    12833904          14  0.99613275002112844     
    12833904          15   1.1607674766675513     
    12833904          16   1.0337425542670602     
    12833904          17   1.1156065561159867     
    12833904          18  0.75186875404530751     
    12833904          19  0.97344761193132279     
    12833904          20   1.0296299117595971     
    12833904          21   1.0469776182380255     
    12833904          22   1.0070888410113801     
    12833904          23  0.83151961987723533     
    12833904          24  0.21946375236109433     
    12833904          25   1.0834344055808460     
    12834830           1  0.84742353457115804     
    12834830           2   1.1245168407244961     
    12834830           3  0.84287228605440123     
    12834830           4  0.34335601038797492     
    12834830           5   1.0402004349126015     
    12834830           6   1.1831847732055232     
    12834830           7  0.97723686809272803     
    12834830           8   1.0259956702999173     
    12834830           9   1.1654476473826243     
    12834830          10   1.0289318807835157     
    12834830          11  0.77990393030653338     
    12834830          12   1.3036436777438525     
    12834830          13   1.1559889730950847     
    12834830          14   1.2292062905553356     
    12834830          15   1.1501515847241917     
    12834830          16   1.0393918571988403     
    12834830          17   1.1207807742939719     
    12834830          18  0.86046593222420886     
    12834830          19  0.85916003587665413     
    12834830          20  0.90287260008782011     
    12834830          21   1.0413113636314910     
    12834830          22   1.0857547947965973     
    12834830          23   1.1046744494164082     
    12834830          24  0.68924477397315931     
    12834830          25   1.0982830156609134     
    12835854           1  0.98917652694588065     
    12835854           2  0.91954487580244859     
    12835854           3  0.50321477189110897     
    12835854           4   1.0782188314382051     
    12835854           5   1.0692654891060442     
    12835854           6   1.0680510377449970     
    12835854           7   1.0992745909238946     
    12835854           8  0.97481568774115046     
    12835854           9   1.0898370293890178     
    12835854          10  0.94724527866786057     
    12835854          11   1.0664579985949831     
    12835854          12   1.1489740870883589     
    12835854          13   1.1461532135999071     
    12835854          14   1.1109349419273271     
    12835854          15  0.99072539904311985     
    12835854          16  0.75789839690452920     
    12835854          17   1.0794799291072297     
    12835854          18   1.0186324021086302     
    12835854          19  0.98532236269116702     
    12835854          20   1.1591358531210940     
    12835854          21  0.98962672390697537     
    12835854          22   1.0851138406020797     
    12835854          23  0.81358758497453743     
    12835854          24  0.89957382152754273     
    12835854          25   1.0097393251519116     
    12836561           1   1.0012097118902246     
    12836561           2   1.0785111069946369     
    12836561           3  0.99011896603274030     
    12836561           4  0.93421457165623811     
    12836561           5   1.1057991880638369     
    12836561           6  0.78073996680223257     
    12836561           7  0.95538437977557711     
    12836561           8  0.99434487781075709     
    12836561           9   1.0730141582615422     
    12836561          10  0.99076123965206653     
    12836561          11   1.1209939175970014     
    12836561          12  0.90337225203440386     
    12836561          13   1.0524901628735441     
    12836561          14   1.0480584766128811     
    12836561          15   1.0721001096941065     
    12836561          16  0.98602368230957316     
    12836561          17  0.94826756435239279     
    12836561          18   1.0355700764393134     
    12836561          19  0.79185813688291595     
    12836561          20  0.90150000529167396     
    12836561          21  0.99902393454599425     
    12836561          22   1.1334650042839796     
    12836561          23   1.0073530648468016     
    12836561          24   1.0532467709247568     
    12836561          25   1.0425786743708119     
    12836789           1   1.0829082624023694     
    12836789           2   1.0378837933301721     
    12836789           3   1.0774415220806268     
    12836789           4  0.94162222710635413     
    12836789           5   1.1239544697240686     
    12836789           6   1.1929617234596925     
    12836789           7  0.88027400099877939     
    12836789           8   1.0308337622186901     
    12836789           9   1.0100269898412488     
    12836789          10   1.0328055700013639     
    12836789          11   1.0539640649189586     
    12836789          12  0.95341763570414995     
    12836789          13   1.1582916596395212     
    12836789          14   1.1378531153696130     
    12836789          15   1.1932626559674595     
    12836789          16   1.1092792205796105     
    12836789          17   1.0970650563845854     
    12836789          18   1.0500985453627527     
    12836789          19  0.25196098096290737     
    12836789          20   1.0021487895079688     
    12836789          21   1.1299690989144033     
    12836789          22  0.36505600995932369     
    12836789          23   1.0304243741681347     
    12836789          24   1.0472996192173272     
    12836789          25   1.0091968521799164     
    12836880           1   1.0101133680972740     
    12836880           2  0.98566623295567390     
    12836880           3   1.0974120304296697     
    12836880           4  0.92974549479451551     
    12836880           5  0.90881374923430736     
    12836880           6   1.2749298434735861     
    12836880           7   1.0748213033688168     
    12836880           8   1.0763806884353351     
    12836880           9   1.0204128890039739     
    12836880          10  0.97269698701799578     
    12836880          11  0.92748515499526951     
    12836880          12   1.0624805309816292     
    12836880          13   1.1017993116159921     
    12836880          14   1.0716692791510638     
    12836880          15   1.0005018247793493     
    12836880          16   1.0608693617965190     
    12836880          17  0.18592203813892522     
    12836880          18   1.2441071501114613     
    12836880          19  0.98716696726450492     
    12836880          20   1.1170946810848597     
    12836880          21   1.1301676814416388     
    12836880          22  0.81142973142806096     
    12836880          23  0.93284205904731421     
    12836880          24  0.91618939850185011     
    12836880          25   1.0992822428504088     
    12838820           1   1.0631873314754490     
    12838820           2   1.1127368195835878     
    12838820           3  0.35439295697774315     
    12838820           4  0.89238981738039891     
    12838820           5  0.70910913809473841     
    12838820           6  0.85391946010464692     
    12838820           7   1.0672786921005153     
    12838820           8   1.0917566563707004     
    12838820           9   1.1460231020177154     
    12838820          10   1.1328722741650543     
    12838820          11   1.0665327161059488     
    12838820          12  0.93496022315365002     
    12838820          13   1.1634894447271733     
    12838820          14   1.1703780446694014     
    12838820          15   1.1717240354429188     
    12838820          16   1.0915566302964577     
    12838820          17   1.0788035300381129     
    12838820          18   1.0699124691423962     
    12838820          19  0.39568387998613136     
    12838820          20   1.1020274996849861     
    12838820          21   1.1262984863052679     
    12838820          22   1.1012389560033855     
    12838820          23   1.1099127770871731     
    12838820          24  0.93113974904753338     
    12838820          25   1.0626753100389104     
    12840394           1  0.94641275204498754     
    12840394           2  0.73308635685974366     
    12840394           3   1.0826878163250018     
    12840394           4   1.0151661888198042     
    12840394           5   1.2106385644683029     
    12840394           6  0.93788788930423661     
    12840394           7  0.93364340243055410     
    12840394           8   1.0101167639079129     
    12840394           9  0.99095241277693857     
    12840394          10  0.98720466073828272     
    12840394          11   1.1426161505159007     
    12840394          12   1.0001657310761756     
    12840394          13   1.1007912459917992     
    12840394          14   1.2997129556123725     
    12840394          15   1.2133168327430148     
    12840394          16   1.0621731172781952     
    12840394          17  0.59014422905383357     
    12840394          18   1.0598312322309225     
    12840394          19  0.23768885213716714     
    12840394          20   1.1072195658724500     
    12840394          21   1.0273572474156183     
    12840394          22   1.0275760325923335     
    12840394          23   1.0167604177415304     
    12840394          24   1.1318379202967161     
    12840394          25   1.1350116617662049     
    12840646           1   1.0188919778572494     
    12840646           2   1.0115757570856150     
    12840646           3  0.94132174951193559     
    12840646           4   1.0770540434904632     
    12840646           5   1.0557222532208994     
    12840646           6   1.1385740527031494     
    12840646           7  0.98409093882954346     
    12840646           8   1.0777935816732604     
    12840646           9   1.1203419353006923     
    12840646          10  0.90076935497700905     
    12840646          11  0.84903073557947928     
    12840646          12   1.0810226702876091     
    12840646          13   1.1159322404440843     
    12840646          14   1.0578654293253615     
    12840646          15  0.81086625082758201     
    12840646          16  0.77093708606968481     
    12840646          17   1.0240827549614235     
    12840646          18   1.0855325610695230     
    12840646          19   1.0061115681657193     
    12840646          20  0.99881582485948006     
    12840646          21   1.1115512745638385     
    12840646          22  0.66512023623096472     
    12840646          23   1.0851021620059416     
    12840646          24  0.98361551142546266     
    12840646          25   1.0282780495340196     
    12841032           1   1.0432898381362008     
    12841032           2   1.0485941769369014     
    12841032           3  0.80440609815466424     
    12841032           4  0.99070816857886956     
    12841032           5   1.1483594539906001     
    12841032           6   1.0829795340532078     
    12841032           7  0.90107943135801438     
    12841032           8   1.0645934688198158     
    12841032           9   1.1985522085873856     
    12841032          10   1.1721098231200118     
    12841032          11   1.1477667938111493     
    12841032          12  0.28819021554892976     
    12841032          13  0.69088415331247821     
    12841032          14  0.91233239509308139     
    12841032          15   1.2217150008465538     
    12841032          16   1.0353087988350518     
    12841032          17   1.0744860081788381     
    12841032          18   1.0059233470972697     
    12841032          19  0.95447108713512030     
    12841032          20  0.99621432096324647     
    12841032          21   1.0129990252849608     
    12841032          22   1.0958328994162201     
    12841032          23   1.0825027992282008     
    12841032          24   1.0637389880199994     
    12841032          25  0.96296196549323176     
    12841219           1   1.0669206487078566     
    12841219           2   1.0344376039885039     
    12841219           3   1.0329309421135211     
    12841219           4  0.90371671847862478     
    12841219           5   1.2787654161230011     
    12841219           6   1.1496857565797431     
    12841219           7  0.92701612607526207     
    12841219           8   1.1662768922229376     
    12841219           9   1.2176557758365771     
    12841219          10  0.31225069684600537     
    12841219          11  0.41224415417692956     
    12841219          12   1.1424954357628607     
    12841219          13   1.0852813030823421     
    12841219          14   1.2360873330804447     
    12841219          15  0.58930784254958912     
    12841219          16  0.85686837217434331     
    12841219          17   1.1831849262710468     
    12841219          18  0.92526284462051700     
    12841219          19  0.95685259088730779     
    12841219          20   1.0350152078612627     
    12841219          21   1.1259620899943392     
    12841219          22   1.0771770151452931     
    12841219          23   1.0612282365783123     
    12841219          24   1.0401799754110799     
    12841219          25   1.1831960954323071     
    12841336           1  0.94028079771836248     
    12841336           2   1.1135777603302004     
    12841336           3  0.67973740419637707     
    12841336           4  0.35601849166471328     
    12841336           5   1.1966096760394673     
    12841336           6   1.1787991352029601     
    12841336           7  0.97361460448414394     
    12841336           8   1.0325925614125948     
    12841336           9   1.2169395018495404     
    12841336          10   1.0007439467394212     
    12841336          11  0.65790627156319437     
    12841336          12   1.1526765165172201     
    12841336          13   1.1364177522835632     
    12841336          14   1.3153743709195642     
    12841336          15   1.1458883888033979     
    12841336          16   1.0844114129004885     
    12841336          17   1.1166264453441752     
    12841336          18  0.75476130086084670     
    12841336          19  0.89963431217154199     
    12841336          20   1.0374785577065031     
    12841336          21   1.0374515990433519     
    12841336          22   1.1096167841653852     
    12841336          23   1.1450501831775475     
    12841336          24  0.62358014714039178     
    12841336          25   1.0942120777650488     
    12842222           1  0.63206136071706998     
    12842222           2   1.0673989874953265     
    12842222           3  0.97193113656862939     
    12842222           4  0.98132422299026367     
    12842222           5  0.92219714033759503     
    12842222           6  0.99366266427575622     
    12842222           7  0.82339929717142268     
    12842222           8   1.0648625123877518     
    12842222           9   1.1514431242191676     
    12842222          10   1.0173013348542157     
    12842222          11   1.1331504980737459     
    12842222          12  0.20619840796311675     
    12842222          13   1.1719613712954939     
    12842222          14   1.1418000425769630     
    12842222          15   1.1149888858990837     
    12842222          16   1.0404599298634687     
    12842222          17   1.1142505693165925     
    12842222          18   1.0888137914296676     
    12842222          19  0.85965656018846981     
    12842222          20   1.0596127392037318     
    12842222          21   1.0416773361864828     
    12842222          22   1.2271880519340221     
    12842222          23   1.0722453636394305     
    12842222          24   1.0832421309640150     
    12842222          25   1.0191725404485124     
    12845045           1   1.0969765983890869     
    12845045           2  0.90058857432495398     
    12845045           3   1.0932177147142352     
    12845045           4  0.96102847042563799     
    12845045           5   1.0597873410212471     
    12845045           6   1.0792842713328432     
    12845045           7  0.75474787115341835     
    12845045           8   1.0321929610703664     
    12845045           9   1.1268640474919769     
    12845045          10  0.61570713634046936     
    12845045          11   1.1357592965100400     
    12845045          12  0.91110783562977027     
    12845045          13   1.0742905092514063     
    12845045          14   1.0721002403088336     
    12845045          15   1.0918028329775413     
    12845045          16   1.0914464438429674     
    12845045          17  0.99951416286991512     
    12845045          18  0.98650437850265793     
    12845045          19  0.65973069426086550     
    12845045          20   1.1349966047733193     
    12845045          21   1.0370501183146357     
    12845045          22   1.1732873053402886     
    12845045          23  0.92018005442829431     
    12845045          24  0.96715742138518801     
    12845045          25   1.0246771153400478     
    12846498           1   1.0740182440768229     
    12846498           2   1.0878436263694991     
    12846498           3   1.0393562198844943     
    12846498           4  0.94286014006803176     
    12846498           5   1.1321421120693322     
    12846498           6   1.1592285112295801     
    12846498           7  0.91925828582176827     
    12846498           8   1.0285884650424726     
    12846498           9   1.0401842045700453     
    12846498          10   1.0650378438693673     
    12846498          11   1.0516683867742074     
    12846498          12  0.65438420118864626     
    12846498          13   1.1557687416987787     
    12846498          14   1.1075052220128954     
    12846498          15   1.1378777059271137     
    12846498          16   1.1566585149260038     
    12846498          17   1.1807472833617949     
    12846498          18   1.0995466422967675     
    12846498          19  0.46314100803305913     
    12846498          20  0.99996597213265459     
    12846498          21   1.1275078713916027     
    12846498          22  0.30241390908846127     
    12846498          23   1.0269995058091712     
    12846498          24   1.0619223949814871     
    12846498          25  0.98537498737594076     
    12846872           1   1.0200162227449274     
    12846872           2   1.2811864490867315     
    12846872           3  0.94335178408427689     
    12846872           4  0.78607676140327376     
    12846872           5  0.82777566209620623     
    12846872           6   1.1245783537597926     
    12846872           7   1.0551714244209351     
    12846872           8   1.0399185415607073     
    12846872           9   1.0792183439029046     
    12846872          10  0.94722806307618768     
    12846872          11  0.48725187810756787     
    12846872          12   1.0362651359867676     
    12846872          13   1.1346275299148514     
    12846872          14   1.0485548663381832     
    12846872          15   1.1791871299252659     
    12846872          16   1.0485302161173957     
    12846872          17   1.1743153659070051     
    12846872          18  0.92163298547866934     
    12846872          19  0.93998695167656476     
    12846872          20   1.0273876528966468     
    12846872          21  0.64799242521089573     
    12846872          22   1.0319779529257078     
    12846872          23   1.1450684707520775     
    12846872          24   1.0476918069492172     
    12846872          25   1.0250080256772385     
    12847140           1   1.0563833308181616     
    12847140           2   1.1162579300362638     
    12847140           3  0.33575137686690637     
    12847140           4  0.91321757480971044     
    12847140           5  0.57319352848420735     
    12847140           6  0.94758240234736157     
    12847140           7   1.0823886918164294     
    12847140           8   1.1026950516956699     
    12847140           9   1.1386889834587834     
    12847140          10   1.1256223159781509     
    12847140          11   1.0712156364917240     
    12847140          12   1.0385809775053294     
    12847140          13   1.1560435481176976     
    12847140          14   1.1628880636007266     
    12847140          15   1.1735418525566184     
    12847140          16   1.0517242845140882     
    12847140          17   1.0718995915597669     
    12847140          18   1.0630654301232398     
    12847140          19  0.47616704882320909     
    12847140          20   1.1141899856455164     
    12847140          21   1.0472967625238749     
    12847140          22   1.1502704083528899     
    12847140          23   1.1097097901885402     
    12847140          24  0.85906166665017381     
    12847140          25   1.0625637670349564     
    12850519           1   1.0900992217113239     
    12850519           2  0.93706522270720161     
    12850519           3   1.0824733674986111     
    12850519           4   1.0090174776096077     
    12850519           5  0.97032724470602238     
    12850519           6   1.2061002310746562     
    12850519           7   1.0782479965141041     
    12850519           8   1.0824612455258484     
    12850519           9   1.0784546937800137     
    12850519          10  0.97819182692443263     
    12850519          11   1.0914438135886020     
    12850519          12   1.0684825650162444     
    12850519          13   1.1060643997301642     
    12850519          14   1.0121758047352811     
    12850519          15   1.1026288428497912     
    12850519          16   1.0166705679064392     
    12850519          17  0.42788256026509852     
    12850519          18   1.0742751685870091     
    12850519          19  0.99247981933222806     
    12850519          20   1.0623490841312859     
    12850519          21   1.1048966044113042     
    12850519          22  0.92483872527056998     
    12850519          23  0.90532334130991821     
    12850519          24  0.57476527466386573     
    12850519          25   1.0232849001503743     
    12850925           1   1.0585700720263567     
    12850925           2   1.1365785526976115     
    12850925           3   1.0476154695586197     
    12850925           4  0.84914558907571913     
    12850925           5  0.98029457321767677     
    12850925           6   1.1725367580585286     
    12850925           7  0.92740031432605052     
    12850925           8   1.0103929110477290     
    12850925           9   1.0412670070117698     
    12850925          10   1.0172554043713096     
    12850925          11   1.1117719119691516     
    12850925          12   1.0004353807443402     
    12850925          13   1.0280465933389649     
    12850925          14  0.93929294509170069     
    12850925          15   1.1841758333217851     
    12850925          16  0.99862320425091666     
    12850925          17   1.0281474177995324     
    12850925          18  0.74004830386818210     
    12850925          19  0.63855125815917946     
    12850925          20   1.0235958985999909     
    12850925          21   1.0614318175729924     
    12850925          22   1.0065347753706406     
    12850925          23  0.99040960784414955     
    12850925          24   1.0010661124828832     
    12850925          25   1.0068122881942183     
    12852056           1   1.0890902719092435     
    12852056           2  0.99177312218979885     
    12852056           3  0.55130191966541309     
    12852056           4  0.99806124189529022     
    12852056           5   1.0472684847827558     
    12852056           6   1.0578331876798677     
    12852056           7  0.96248943262396114     
    12852056           8  0.86313321283343070     
    12852056           9   1.1381487932960785     
    12852056          10  0.99462237534742504     
    12852056          11   1.0727237390296447     
    12852056          12   1.0988274755652070     
    12852056          13   1.1747394645570555     
    12852056          14   1.0989317072463236     
    12852056          15   1.0810963985958248     
    12852056          16   1.0127279634913651     
    12852056          17   1.1080590306266676     
    12852056          18   1.0911875179346058     
    12852056          19  0.95691415466476315     
    12852056          20   1.0507853112190417     
    12852056          21   1.0698592892540915     
    12852056          22   1.0512708049805846     
    12852056          23   1.0171195520347642     
    12852056          24   1.0460928376312832     
    12852056          25  0.37594271094550896     
    12852175           1  0.82757983025610971     
    12852175           2   1.0951457181804169     
    12852175           3  0.69281404649752076     
    12852175           4  0.66630822230079956     
    12852175           5  0.93111965155715748     
    12852175           6   1.0784676305519616     
    12852175           7  0.97395152245576544     
    12852175           8  0.96759991969919523     
    12852175           9   1.0414108540069238     
    12852175          10  0.98479029807337737     
    12852175          11   1.0191591674493969     
    12852175          12   1.1291474066421670     
    12852175          13   1.0240674776804939     
    12852175          14   1.1232603233393046     
    12852175          15   1.1201349877679290     
    12852175          16   1.1717723174979229     
    12852175          17   1.1039659259109300     
    12852175          18   1.0749510360628713     
    12852175          19  0.85814487418197893     
    12852175          20  0.94730893993564469     
    12852175          21  0.98824718749774143     
    12852175          22   1.0053487559218612     
    12852175          23   1.1175797929943538     
    12852175          24  0.97638269718897863     
    12852175          25   1.0813414163491919     
    12852855           1   1.0926473866967843     
    12852855           2   1.1559307542747246     
    12852855           3   1.0212324896681471     
    12852855           4   1.0337793251826595     
    12852855           5   1.0531805941582737     
    12852855           6  0.89972213175571125     
    12852855           7   1.0393345713830651     
    12852855           8   1.0124185190027863     
    12852855           9   1.1345477812298788     
    12852855          10  0.96525141589879349     
    12852855          11   1.0514938335511743     
    12852855          12   1.0228303391432048     
    12852855          13   1.1974727586264433     
    12852855          14   1.1412332505588632     
    12852855          15   1.0868311713462901     
    12852855          16   1.0154122224218214     
    12852855          17  0.90338809193422631     
    12852855          18  0.71231834020071227     
    12852855          19  0.72504544179922603     
    12852855          20   1.0803871386617121     
    12852855          21   1.0788558789746896     
    12852855          22   1.0259713782839563     
    12852855          23   1.0629035015600792     
    12852855          24  0.39980210291126084     
    12852855          25   1.0880095807755124     
    12854071           1   1.1103123506375854     
    12854071           2   1.0816899633416770     
    12854071           3  0.37307539920983362     
    12854071           4   1.0410842004543588     
    12854071           5   1.1551886281918864     
    12854071           6   1.0733349501696621     
    12854071           7  0.96943959984692984     
    12854071           8  0.95223840791158121     
    12854071           9  0.97311926132852256     
    12854071          10   1.0639815745632100     
    12854071          11   1.0352244145693297     
    12854071          12  0.99720432884317833     
    12854071          13  0.75075244366078842     
    12854071          14  0.95405755376506751     
    12854071          15   1.0760893257271993     
    12854071          16   1.0381102629433228     
    12854071          17   1.1455680624393589     
    12854071          18  0.97190931714255180     
    12854071          19  0.91913364156809796     
    12854071          20   1.0030743361499606     
    12854071          21   1.0407451203337348     
    12854071          22   1.0520691606808821     
    12854071          23   1.0916653053601235     
    12854071          24   1.0255574436509300     
    12854071          25   1.1053749475102341     
    12855883           1  0.94433478857999320     
    12855883           2   1.1185860239968932     
    12855883           3  0.59531572730746651     
    12855883           4  0.43162785939237158     
    12855883           5   1.1112301404921809     
    12855883           6   1.1010963981744708     
    12855883           7  0.97913678605743426     
    12855883           8   1.0914034263625141     
    12855883           9   1.1002736108023534     
    12855883          10   1.0329700857804587     
    12855883          11  0.85631945601850246     
    12855883          12   1.1441233161762785     
    12855883          13   1.1692176712545610     
    12855883          14   1.2208022606427964     
    12855883          15   1.1523876788885654     
    12855883          16  0.98275578930405250     
    12855883          17   1.1797840344360488     
    12855883          18  0.91646229134976553     
    12855883          19  0.81498088485058162     
    12855883          20   1.0350959710462604     
    12855883          21  0.93286192454654437     
    12855883          22   1.0435580414965595     
    12855883          23   1.0638542636572526     
    12855883          24  0.80878420349780622     
    12855883          25   1.1730373658882909     
    12857391           1   1.1970325721953232     
    12857391           2   1.0289697889603167     
    12857391           3   1.0558544084348738     
    12857391           4  0.83644755270900462     
    12857391           5   1.0722053365900674     
    12857391           6  0.97453049125168634     
    12857391           7   1.0686835188842887     
    12857391           8   1.0131007462898229     
    12857391           9  0.60928119785525237     
    12857391          10  0.20374719935926142     
    12857391          11   1.1272525025118250     
    12857391          12   1.1179761809026059     
    12857391          13   1.1156601432020945     
    12857391          14   1.1090593809915243     
    12857391          15   1.1209006835496713     
    12857391          16  0.48340600081221591     
    12857391          17   1.0786959750497513     
    12857391          18   1.1526600563902332     
    12857391          19  0.97114230451887618     
    12857391          20   1.0271915540723797     
    12857391          21   1.2422169100854465     
    12857391          22   1.0551215850164535     
    12857391          23   1.1031961118183595     
    12857391          24   1.0875271862342710     
    12857391          25   1.1481406123143922     
    12859872           1   1.1139750762016587     
    12859872           2   1.0798307324895413     
    12859872           3  0.59776097898912184     
    12859872           4   1.1048711398500199     
    12859872           5   1.0733043698092022     
    12859872           6   1.0847181757215971     
    12859872           7  0.96825027450439671     
    12859872           8  0.80342390530234509     
    12859872           9   1.1449610189812087     
    12859872          10   1.0021218536874368     
    12859872          11   1.0842964693290864     
    12859872          12   1.1099906722268240     
    12859872          13   1.1120888374222337     
    12859872          14   1.1304399020329674     
    12859872          15   1.1438772337058809     
    12859872          16  0.93086032793729878     
    12859872          17   1.1071729709634852     
    12859872          18   1.0621426503006886     
    12859872          19  0.87546481209306592     
    12859872          20   1.0239034424046511     
    12859872          21   1.0120188740691551     
    12859872          22   1.0291552685111653     
    12859872          23   1.0486477196527830     
    12859872          24   1.0384769213649074     
    12859872          25  0.31824637244927528     
    12860122           1   1.0830726582887549     
    12860122           2  0.93102619027786571     
    12860122           3  0.66979856662341197     
    12860122           4  0.99254659625183805     
    12860122           5   1.0570230484711605     
    12860122           6   1.0519882806390333     
    12860122           7  0.95717133396058729     
    12860122           8  0.85339219467148064     
    12860122           9   1.1318601137831545     
    12860122          10  0.98912673067268142     
    12860122          11   1.0824501404940770     
    12860122          12   1.0920932250123758     
    12860122          13   1.1555332603715684     
    12860122          14   1.0928597161725999     
    12860122          15   1.0751229539870080     
    12860122          16   1.0203801862681117     
    12860122          17   1.1019366078239046     
    12860122          18   1.0858633738900025     
    12860122          19   1.0319262704290928     
    12860122          20   1.0449793462186239     
    12860122          21   1.0639479336970030     
    12860122          22   1.0294607237602071     
    12860122          23  0.99226225511916843     
    12860122          24   1.0403128002272304     
    12860122          25  0.37386549288906340     
    12860414           1   1.0671251395381618     
    12860414           2   1.0866986889049297     
    12860414           3   1.0913353502673120     
    12860414           4   1.0356655023258385     
    12860414           5   1.0839342413078064     
    12860414           6   1.0835586229473866     
    12860414           7  0.99391125651701384     
    12860414           8   1.0221533114336254     
    12860414           9   1.1611615831054338     
    12860414          10  0.75917277478641465     
    12860414          11  0.28151955308319893     
    12860414          12   1.1511748786898925     
    12860414          13  0.75897520877550051     
    12860414          14   1.1192826886538152     
    12860414          15  0.83230053813421334     
    12860414          16   1.0657595238595001     
    12860414          17   1.1962462037481372     
    12860414          18   1.0241223470195202     
    12860414          19   1.0910107871309995     
    12860414          20  0.72327001654704881     
    12860414          21  0.90461177093855549     
    12860414          22   1.1305535646239675     
    12860414          23   1.0392360095192639     
    12860414          24   1.1327091584479325     
    12860414          25   1.1645112796945258     
    12860930           1   1.0981101136783178     
    12860930           2   1.0458356070071004     
    12860930           3   1.0652788794252086     
    12860930           4  0.48265627714188825     
    12860930           5  0.94297714987890846     
    12860930           6   1.0766690924298918     
    12860930           7  0.97370640260523911     
    12860930           8  0.92245283026173464     
    12860930           9   1.0624499428674972     
    12860930          10   1.0047050439453939     
    12860930          11  0.71870855146380852     
    12860930          12   1.0258477248004600     
    12860930          13   1.1394558126201633     
    12860930          14   1.0933819619221157     
    12860930          15   1.2114364327173393     
    12860930          16   1.0549278019834527     
    12860930          17   1.0683934931110843     
    12860930          18   1.0353514628605378     
    12860930          19   1.0408712293379341     
    12860930          20   1.1006555907170077     
    12860930          21  0.71965928361118325     
    12860930          22  0.94720406228599285     
    12860930          23   1.0697886139784014     
    12860930          24   1.0290446555537607     
    12860930          25   1.0704319837955785     
    12861117           1   1.1525969949234989     
    12861117           2   1.0594525299180950     
    12861117           3   1.1214066103103160     
    12861117           4  0.94208984435366105     
    12861117           5   1.0638797528194279     
    12861117           6   1.1886064639550482     
    12861117           7  0.96996170932643944     
    12861117           8   1.0287183874323622     
    12861117           9  0.88656912540091226     
    12861117          10  0.93652196626981266     
    12861117          11   1.0424960188063952     
    12861117          12   1.1359691950083595     
    12861117          13  0.68554836414997222     
    12861117          14   1.1223668633477120     
    12861117          15   1.1748165025029962     
    12861117          16  0.94987696692000656     
    12861117          17   1.1415435998590249     
    12861117          18   1.1418919589569412     
    12861117          19   1.0343839218198443     
    12861117          20   1.0199967741821820     
    12861117          21  0.99877763922149188     
    12861117          22   1.0159149789213537     
    12861117          23  0.29581650658287267     
    12861117          24  0.83463122406164747     
    12861117          25   1.0561661009496268     
    12861126           1  0.84592001184911647     
    12861126           2   1.1416922450230322     
    12861126           3  0.84137683828576815     
    12861126           4  0.35747658320502107     
    12861126           5   1.1921363061321810     
    12861126           6   1.1810855334295260     
    12861126           7  0.98391645901277414     
    12861126           8   1.0345953774400878     
    12861126           9   1.1894242980182987     
    12861126          10   1.0595372062610691     
    12861126          11  0.77852020276960776     
    12861126          12   1.2402883943909990     
    12861126          13   1.1539379848742330     
    12861126          14   1.2270253981060117     
    12861126          15   1.1481109533623317     
    12861126          16   1.0865147367470041     
    12861126          17   1.1550839063498033     
    12861126          18  0.85893926931261511     
    12861126          19  0.90137924244378342     
    12861126          20  0.66427513308839214     
    12861126          21   1.0394638396578602     
    12861126          22   1.0838284180346303     
    12861126          23   1.1127088336619804     
    12861126          24  0.68802189646688239     
    12861126          25   1.0347409320769960     
    12861997           1  0.99715089413556657     
    12861997           2   1.1955382443641351     
    12861997           3  0.62905560952776385     
    12861997           4  0.89582467544214606     
    12861997           5   1.0868487886408291     
    12861997           6  0.84293568257068807     
    12861997           7   1.1830338463575745     
    12861997           8   1.0535864906848060     
    12861997           9  0.93177467188055274     
    12861997          10  0.97726139749341934     
    12861997          11   1.0340163202866486     
    12861997          12  0.54334833207960753     
    12861997          13   1.0930119038067327     
    12861997          14   1.1256414282406624     
    12861997          15   1.2070736053480571     
    12861997          16   1.1114651706780885     
    12861997          17   1.2125670542458107     
    12861997          18   1.0232322408538332     
    12861997          19  0.92725175093521406     
    12861997          20   1.1171646978819638     
    12861997          21   1.0585443187738361     
    12861997          22   1.0669767160412018     
    12861997          23   1.1104613763935749     
    12861997          24  0.44872635294189750     
    12861997          25   1.1275084303953840     
    12862119           1   1.0707584279374605     
    12862119           2  0.96143254101193709     
    12862119           3  0.86061335081384338     
    12862119           4  0.96721099052798620     
    12862119           5   1.0698636811076969     
    12862119           6   1.0463314418096668     
    12862119           7  0.94125405164599918     
    12862119           8  0.97143184060900067     
    12862119           9   1.0250110953823057     
    12862119          10  0.99387375734902472     
    12862119          11   1.0179648051858452     
    12862119          12   1.2035001720279319     
    12862119          13   1.0935927856302163     
    12862119          14   1.1096230587106291     
    12862119          15   1.0506733606864849     
    12862119          16   1.0308280002722159     
    12862119          17   1.0541083481852331     
    12862119          18   1.0827492847250781     
    12862119          19  0.96277589317908208     
    12862119          20   1.0199413669473105     
    12862119          21   1.0432075466066277     
    12862119          22  0.98716482379910964     
    12862119          23  0.60536387839845829     
    12862119          24   1.0830602017795414     
    12862119          25  0.74766529567131601     
    12863428           1  0.96033973545680584     
    12863428           2   1.0856794246759338     
    12863428           3  0.84412763960629100     
    12863428           4  0.92445245699569090     
    12863428           5   1.0935062520040422     
    12863428           6   1.0029605635281786     
    12863428           7   1.0409879138887477     
    12863428           8  0.88006998402764458     
    12863428           9   1.1604820385129406     
    12863428          10   1.0157065544819655     
    12863428          11   1.0650680279206739     
    12863428          12   1.1967195288024770     
    12863428          13   1.0956074314870230     
    12863428          14   1.1169412710982376     
    12863428          15   1.1680573286981457     
    12863428          16  0.74553994474036733     
    12863428          17   1.2526517293734416     
    12863428          18   1.1140428792997772     
    12863428          19  0.93146364998332098     
    12863428          20   1.0370578005753339     
    12863428          21  0.99686129061390616     
    12863428          22  0.84566125136183468     
    12863428          23   1.0562493436441740     
    12863428          24   1.1312859897241454     
    12863428          25  0.23847996949890107     
    12863565           1   1.0719345927602026     
    12863565           2  0.98542476537244372     
    12863565           3   1.0540790764474228     
    12863565           4  0.91611501897416070     
    12863565           5   1.0519711944870902     
    12863565           6  0.99619140759534297     
    12863565           7  0.78146351224858812     
    12863565           8   1.0417024024771258     
    12863565           9  0.99977430900968800     
    12863565          10  0.76786493534019329     
    12863565          11   1.1046807203737661     
    12863565          12  0.57581840156362885     
    12863565          13   1.1188073953696938     
    12863565          14   1.0146703493590108     
    12863565          15   1.0830294098997055     
    12863565          16   1.0808634105715531     
    12863565          17   1.1095833210911299     
    12863565          18  0.95799547619481373     
    12863565          19  0.65104190478502721     
    12863565          20   1.0616863955426701     
    12863565          21   1.2343170908936487     
    12863565          22   1.1337207053781027     
    12863565          23   1.0051310900327313     
    12863565          24   1.0497905887305199     
    12863565          25   1.1523425255017463     
    12863761           1   1.0130339398919548     
    12863761           2   1.0267688255057190     
    12863761           3  0.91333927664193448     
    12863761           4   1.0203289740044565     
    12863761           5  0.96569411660525628     
    12863761           6   1.0391846663502757     
    12863761           7  0.96919297707599061     
    12863761           8  0.99461728239657177     
    12863761           9   1.1040444225904364     
    12863761          10  0.94478656389991500     
    12863761          11   1.0142382692690941     
    12863761          12   1.0716020488750586     
    12863761          13   1.1000785109276057     
    12863761          14   1.1921336128856068     
    12863761          15   1.0330393732318810     
    12863761          16   1.0481085652497413     
    12863761          17   1.1196863012361853     
    12863761          18  0.55227335050902882     
    12863761          19  0.95615759722831450     
    12863761          20  0.91665099402901695     
    12863761          21   1.1321631496103446     
    12863761          22   1.0823820089315241     
    12863761          23   1.0111216145588096     
    12863761          24  0.88193976109972216     
    12863761          25  0.89743379739556139     
    12863863           1   1.0871530879952387     
    12863863           2  0.95029903267766014     
    12863863           3  0.97167386376058473     
    12863863           4  0.92346581060797039     
    12863863           5   1.1287963203841647     
    12863863           6   1.1398194801375958     
    12863863           7   1.1047149973659887     
    12863863           8   1.0470932803406985     
    12863863           9   1.0452727555785628     
    12863863          10   1.0754668403580276     
    12863863          11   1.0530643113217735     
    12863863          12  0.83499465613945234     
    12863863          13   1.3005754891465691     
    12863863          14   1.2646128990748804     
    12863863          15   5.4801612781794608E-002
    12863863          16  0.47771597361374174     
    12863863          17   1.1581277030706056     
    12863863          18   1.1852975980313765     
    12863863          19  0.96303427391125518     
    12863863          20   1.0623550121816205     
    12863863          21   1.1688134894292574     
    12863863          22   1.0758076924458408     
    12863863          23  0.80621421403462379     
    12863863          24   1.0059107458030105     
    12863863          25   1.1149188598077104     
    12864414           1   1.0258170284295336     
    12864414           2   1.0075395728141565     
    12864414           3  0.96785545443006271     
    12864414           4  0.90790891689354103     
    12864414           5   1.0998484404485158     
    12864414           6   1.0696950545445949     
    12864414           7  0.89186378126385890     
    12864414           8   1.0088344995353904     
    12864414           9   1.0491393047690345     
    12864414          10   1.0037148914047527     
    12864414          11   1.0735523970380918     
    12864414          12   1.0511077911348947     
    12864414          13   1.0826373589558111     
    12864414          14   1.1496397272896011     
    12864414          15   1.0903711935740539     
    12864414          16   1.0716158846999739     
    12864414          17   1.1532234192902511     
    12864414          18   1.0340138980455098     
    12864414          19  0.69487138815457139     
    12864414          20   1.0280423053740619     
    12864414          21   1.1037779231780425     
    12864414          22  0.50171212924293185     
    12864414          23   1.0027511355538989     
    12864414          24   1.0227172499465136     
    12864414          25  0.90774925398834738     
    12865030           1  0.91091993323802323     
    12865030           2   1.0257631963387763     
    12865030           3   1.0952979383389423     
    12865030           4  0.75218044411985108     
    12865030           5   1.0795184357296059     
    12865030           6  0.86584567152847391     
    12865030           7  0.93367775705525735     
    12865030           8   1.0158361630253974     
    12865030           9  0.98078465921224167     
    12865030          10   1.0483375446735077     
    12865030          11   1.1496231751851556     
    12865030          12   1.0798550515869794     
    12865030          13   1.0977957859797540     
    12865030          14   1.1319426331839777     
    12865030          15   1.1305170947000114     
    12865030          16   1.0023617755153698     
    12865030          17   1.0778893332905546     
    12865030          18   1.0221727023473297     
    12865030          19   1.0114743500491210     
    12865030          20   1.0246646192780398     
    12865030          21   1.0905020707530519     
    12865030          22  0.78093955187528719     
    12865030          23   1.0916502722123742     
    12865030          24   1.0895530282296908     
    12865030          25  0.51089681255322861     
    12865554           1   1.0357496531634933     
    12865554           2   1.0629196537635486     
    12865554           3  0.66642801261035833     
    12865554           4  0.93816179914262621     
    12865554           5   1.1922074016146758     
    12865554           6   1.1078884710724739     
    12865554           7   1.0144096552082913     
    12865554           8   1.0255144376041703     
    12865554           9   1.0298436884237723     
    12865554          10  0.97688009938141407     
    12865554          11  0.85132955727556503     
    12865554          12  0.92961959657296656     
    12865554          13   1.1237510064850642     
    12865554          14   1.1372244247066374     
    12865554          15   1.2210181837330800     
    12865554          16  0.99688225968948274     
    12865554          17   1.2025179046527190     
    12865554          18   1.0010224663919420     
    12865554          19   1.0965102455865530     
    12865554          20   1.0549961710140998     
    12865554          21   1.0993293856561259     
    12865554          22   1.0139611582747374     
    12865554          23  0.97315676546374685     
    12865554          24  0.17467276936941437     
    12865554          25   1.0740052331430427     
    12866808           1   1.1346531373470052     
    12866808           2   1.1286310960841142     
    12866808           3   1.1256315976120135     
    12866808           4   1.0315708231104164     
    12866808           5   1.1747162991538420     
    12866808           6   1.1659969925777842     
    12866808           7   1.0579129351554610     
    12866808           8   1.0559728631913095     
    12866808           9  0.72234809134431843     
    12866808          10   1.0333717886180318     
    12866808          11  0.97284253561549661     
    12866808          12   1.0719838549103424     
    12866808          13   1.1243626480082687     
    12866808          14   1.1721775630996769     
    12866808          15  0.54129878146076349     
    12866808          16  0.18579260220708860     
    12866808          17  0.91038469544153522     
    12866808          18   1.1287502569604639     
    12866808          19  0.97871752410886581     
    12866808          20  0.98982167940677945     
    12866808          21   1.2134448068836108     
    12866808          22   1.0249898801147479     
    12866808          23   1.0317449783417521     
    12866808          24  0.94723132677777588     
    12866808          25   1.0756512424685338     
    12866878           1   1.1153220256283953     
    12866878           2   1.1398078242025858     
    12866878           3   1.0520661375692244     
    12866878           4   1.0640772994654522     
    12866878           5   1.1018832386655311     
    12866878           6   1.1187510854350082     
    12866878           7  0.98699497267909053     
    12866878           8   1.0555136300728134     
    12866878           9  0.99039088471048564     
    12866878          10  0.53158155469084400     
    12866878          11  0.82498047671565733     
    12866878          12   1.1470292623838729     
    12866878          13   1.1263698164295752     
    12866878          14   1.1358233261429349     
    12866878          15  0.67395208102519444     
    12866878          16   1.0111888998242968     
    12866878          17   1.1619924729078799     
    12866878          18  0.64893056691833884     
    12866878          19  0.96588921952366247     
    12866878          20  0.84995051616276818     
    12866878          21   1.1002521790253870     
    12866878          22   1.0439240806627399     
    12866878          23   1.0927487506720985     
    12866878          24   1.0739063130108095     
    12866878          25  0.98667338547535954     
    12868028           1   1.0312188223864409     
    12868028           2   1.0150846059643630     
    12868028           3   1.0382861368699527     
    12868028           4  0.89234904916337121     
    12868028           5   1.1259744555314823     
    12868028           6  0.96684294544585958     
    12868028           7   1.1220538332776142     
    12868028           8   1.0602939695101887     
    12868028           9  0.18794257749553575     
    12868028          10  0.68512757300584681     
    12868028          11   1.0947281082837790     
    12868028          12   1.0398877140541711     
    12868028          13   1.1351012645609144     
    12868028          14  0.93904376894588404     
    12868028          15   1.1379142409415597     
    12868028          16  0.67265939901395000     
    12868028          17   1.1340219618532663     
    12868028          18   1.0962277708380928     
    12868028          19  0.90151497434426020     
    12868028          20   1.1061764136928767     
    12868028          21   1.1110987031143322     
    12868028          22   1.0967188353902746     
    12868028          23   1.0725796454499612     
    12868028          24   1.1950349412824510     
    12868028          25   1.1421182895835695     
    12869014           1  0.96476343777247142     
    12869014           2   1.0941132367675621     
    12869014           3  0.84801602332735782     
    12869014           4  0.92871084840005091     
    12869014           5   1.0985433716405466     
    12869014           6   1.0075805941315052     
    12869014           7   1.0457831134157765     
    12869014           8  0.88412393231547526     
    12869014           9   1.1658276749492127     
    12869014          10   1.0203852981298698     
    12869014          11   1.0699741499184405     
    12869014          12   1.2022320893633991     
    12869014          13   1.1006542299821660     
    12869014          14   1.1220863416446201     
    12869014          15   1.1211551041565879     
    12869014          16  0.74897419478563942     
    12869014          17   1.2468347907154291     
    12869014          18   1.1191745987142248     
    12869014          19  0.93575433769856953     
    12869014          20   1.0425638513818267     
    12869014          21   1.0014532255686632     
    12869014          22  0.84955669950148549     
    12869014          23   1.0611148433156796     
    12869014          24   1.1364971376831978     
    12869014          25  0.18412687472023995     
    12869080           1   1.0762633606293406     
    12869080           2  0.98940418267141639     
    12869080           3   1.0583357388114081     
    12869080           4  0.91981454437930577     
    12869080           5   1.0562193446416894     
    12869080           6   1.0002143035685069     
    12869080           7  0.78461927768947659     
    12869080           8   1.0459090844141603     
    12869080           9   1.0038116737280771     
    12869080          10  0.77096578597267407     
    12869080          11   1.1091417261480987     
    12869080          12  0.57814371526465302     
    12869080          13   1.1233254485583306     
    12869080          14   1.0187678684014390     
    12869080          15   1.0874029817039641     
    12869080          16   1.0486654948052794     
    12869080          17   1.1140641249208700     
    12869080          18  0.96186412645028629     
    12869080          19  0.65367099176284271     
    12869080          20   1.0659737783617020     
    12869080          21   1.1749074417714711     
    12869080          22   1.1382989826304304     
    12869080          23   1.0091900869120107     
    12869080          24   1.0540299329969633     
    12869080          25   1.1569960028056077     
    12870085           1   1.2968101836832542     
    12870085           2   1.0227699290182570     
    12870085           3   1.1098315286804987     
    12870085           4  0.84336457902199891     
    12870085           5  0.97799849177637488     
    12870085           6  0.99423835086848122     
    12870085           7   1.0712964860152794     
    12870085           8   1.0259927619438522     
    12870085           9   1.1594803872486255     
    12870085          10  0.97046669366724614     
    12870085          11   1.1339960665155193     
    12870085          12   1.0569102052231101     
    12870085          13  0.74068151033095198     
    12870085          14   1.2059609222503620     
    12870085          15  0.59018144925306038     
    12870085          16  0.61927385823423764     
    12870085          17   1.1545163880677600     
    12870085          18   1.0839289334160025     
    12870085          19  0.95842544599832713     
    12870085          20   1.0133558722101037     
    12870085          21   1.0903141904258045     
    12870085          22   1.0804689420076292     
    12870085          23  0.57399945461367918     
    12870085          24   1.0744000154410887     
    12870085          25   1.1513373540884975     
    12870196           1   1.1407357510371638     
    12870196           2   1.0913871795298835     
    12870196           3  0.82682725223603404     
    12870196           4  0.96658817978383049     
    12870196           5   1.2166092149947105     
    12870196           6   1.1041026258819253     
    12870196           7  0.97871610214770488     
    12870196           8  0.71246949483800426     
    12870196           9   1.1952630043925763     
    12870196          10   1.0070285045167393     
    12870196          11   1.0752096678089798     
    12870196          12  0.99259866755719905     
    12870196          13  0.69377838452752061     
    12870196          14  0.99158882427594608     
    12870196          15   1.2653055997033396     
    12870196          16   1.0859176218721138     
    12870196          17   1.0989909088382432     
    12870196          18   1.0460309494404900     
    12870196          19  0.93041433153648823     
    12870196          20   1.0020008611437581     
    12870196          21  0.99112589583193855     
    12870196          22   1.1289764022149908     
    12870196          23   1.0666168870364661     
    12870196          24   1.0795700424887593     
    12870196          25  0.31214764636520181     
    12872018           1   1.1545558692022997     
    12872018           2   1.1316373699444173     
    12872018           3  0.63817667267767497     
    12872018           4  0.88167309937742144     
    12872018           5   1.0491080018119732     
    12872018           6   1.1997650783951852     
    12872018           7  0.99249915913793785     
    12872018           8   1.0160269081800122     
    12872018           9   1.1147418181676854     
    12872018          10  0.94077593082916422     
    12872018          11  0.40483920700578757     
    12872018          12   1.1946013689453767     
    12872018          13   1.1966162604536459     
    12872018          14   1.0068761929381687     
    12872018          15   1.3530957917397137     
    12872018          16  0.92194064415914390     
    12872018          17   1.1637502169247493     
    12872018          18   1.0795233918650098     
    12872018          19  0.74704364644705212     
    12872018          20   1.0571701746813265     
    12872018          21  0.78677458638368514     
    12872018          22  0.66856398919270610     
    12872018          23   1.1246954204362425     
    12872018          24   1.0677295505098940     
    12872018          25   1.1078196505937314     
    12872531           1   1.0767288403859112     
    12872531           2   1.0491213012248184     
    12872531           3   1.0356205468684911     
    12872531           4   1.0449860789800209     
    12872531           5   1.0936892173705546     
    12872531           6   1.0849029435356410     
    12872531           7   1.0028560616041944     
    12872531           8   1.0971451738315718     
    12872531           9   1.1752546394282886     
    12872531          10  0.71185460084874552     
    12872531          11  0.31336698858938972     
    12872531          12   1.1318425372381204     
    12872531          13  0.70499834051970978     
    12872531          14  0.97301613314787050     
    12872531          15  0.90822030931151165     
    12872531          16   1.1688052686450694     
    12872531          17   1.2855873321537339     
    12872531          18   1.0540570595310814     
    12872531          19   1.0714886394011420     
    12872531          20  0.90036486383486969     
    12872531          21  0.94137793248047708     
    12872531          22  0.84273233818426152     
    12872531          23  0.98300954332783685     
    12872531          24   1.2179948003615488     
    12872531          25   1.1309785091951361     
    12875879           1   1.0064276910637218     
    12875879           2   1.0036525940377496     
    12875879           3   1.0905635116443906     
    12875879           4  0.98024814778232949     
    12875879           5  0.80928051164647208     
    12875879           6   1.0931829210774908     
    12875879           7  0.97168378008267786     
    12875879           8   1.0585756235275212     
    12875879           9   1.1323173121921313     
    12875879          10   1.0143912762914815     
    12875879          11  0.96203020986874244     
    12875879          12   1.1472393885754435     
    12875879          13  0.73461535031534730     
    12875879          14   1.2475702555291845     
    12875879          15  0.80625460727342935     
    12875879          16   1.0181664267544501     
    12875879          17   1.1036576245580327     
    12875879          18  0.99047610484154935     
    12875879          19   1.0942310748538413     
    12875879          20  0.33131258629159560     
    12875879          21   1.0560964498062104     
    12875879          22   1.2004546193091636     
    12875879          23  0.97819253404525697     
    12875879          24   1.0631177231217388     
    12875879          25   1.1062616755100509     
    12875897           1   1.2147568673155760     
    12875897           2  0.45379243027200233     
    12875897           3   1.0863096574272104     
    12875897           4  0.61175809260332548     
    12875897           5   1.0951046909650397     
    12875897           6   1.2042338521250420     
    12875897           7  0.95027452735671392     
    12875897           8   1.0657881074372326     
    12875897           9  0.88153121374781196     
    12875897          10   1.0529126176226387     
    12875897          11   1.1093722979178093     
    12875897          12   1.3283656851116887     
    12875897          13   1.1718805941967698     
    12875897          14  0.92856522873176572     
    12875897          15  0.98766993792994606     
    12875897          16  0.13534380850370459     
    12875897          17   1.1621056725023111     
    12875897          18   1.0717665350477645     
    12875897          19  0.97680478995461517     
    12875897          20   1.0609622000415413     
    12875897          21   1.1493026218127445     
    12875897          22   1.0419010459302245     
    12875897          23   1.1600738462805922     
    12875897          24   1.0252584094941839     
    12875897          25   1.0741652696717443     
    12875991           1   1.0414746479792805     
    12875991           2   1.0008953287663438     
    12875991           3  0.92679909253646175     
    12875991           4  0.79529422163878005     
    12875991           5  0.47279838562880694     
    12875991           6   1.0366406936468904     
    12875991           7  0.89785593459078361     
    12875991           8   1.1002414858054150     
    12875991           9   1.0947248259573348     
    12875991          10   1.0087358320434365     
    12875991          11   1.0115061001047858     
    12875991          12   1.0930613948190477     
    12875991          13   1.1352456925134915     
    12875991          14   1.1243589534049427     
    12875991          15   1.0011222724244777     
    12875991          16   1.0352384355624646     
    12875991          17   1.1026876841458499     
    12875991          18   1.0758396786349069     
    12875991          19  0.97003650897702354     
    12875991          20  0.95466717862442918     
    12875991          21  0.96013046419745307     
    12875991          22   1.0780239924477486     
    12875991          23  0.96706944906183145     
    12875991          24  0.91566651322077386     
    12875991          25   1.1998852332672403     
    12877380           1   1.0593626768600364     
    12877380           2  0.96202528681614319     
    12877380           3   1.0337271414636682     
    12877380           4  0.98532587776906744     
    12877380           5   1.0570594163713489     
    12877380           6  0.37443697784421331     
    12877380           7   1.0341730482849045     
    12877380           8  0.99122931446528750     
    12877380           9   1.0319278796489944     
    12877380          10   1.1651732631124181     
    12877380          11  0.74074627514377689     
    12877380          12   1.0110246001146563     
    12877380          13   1.0913662539127196     
    12877380          14   1.1124839948425864     
    12877380          15   1.2561456976342793     
    12877380          16   1.0088376600602260     
    12877380          17   1.1229826972063497     
    12877380          18   1.0198038115834089     
    12877380          19   1.0365492127830558     
    12877380          20   1.0127217526421644     
    12877380          21   1.0217538652721534     
    12877380          22  0.93018235818816675     
    12877380          23  0.95447191245057639     
    12877380          24  0.92038320737894952     
    12877380          25   1.0661058181508427     
    12877483           1   1.0522662669548151     
    12877483           2  0.88957260641766422     
    12877483           3   1.0096172086480697     
    12877483           4   1.1317656800603129     
    12877483           5   1.0552045377608028     
    12877483           6   1.0669940821956356     
    12877483           7  0.75880748507688434     
    12877483           8  0.96866453892515969     
    12877483           9   1.0952951522473402     
    12877483          10  0.82545880907588598     
    12877483          11   1.2078870819778977     
    12877483          12   1.1039268304201202     
    12877483          13   1.0237625752869031     
    12877483          14  0.56493479438768301     
    12877483          15   1.1827464077324290     
    12877483          16  0.95266818690908761     
    12877483          17   1.1913473774597303     
    12877483          18  0.95194974995298498     
    12877483          19  0.94090498863895355     
    12877483          20   1.0194013300199098     
    12877483          21  0.97462684313233072     
    12877483          22   1.1108763266631720     
    12877483          23   1.0223903775554077     
    12877483          24   1.0201348962175951     
    12877483          25  0.87879586628322248     
    12878565           1  0.93835157113203482     
    12878565           2   1.1180499816522167     
    12878565           3  0.67834274903051706     
    12878565           4  0.35528802865726861     
    12878565           5   1.1941545251887067     
    12878565           6   1.1763805272327754     
    12878565           7  0.97161698506623650     
    12878565           8   1.0304739336291124     
    12878565           9   1.2144426391606316     
    12878565          10  0.99869066453601896     
    12878565          11  0.65655640855047392     
    12878565          12   1.1503115057816009     
    12878565          13   1.1340861005618645     
    12878565          14   1.3126755439164928     
    12878565          15   1.1311933625206279     
    12878565          16   1.0821864654875868     
    12878565          17   1.1143354005514050     
    12878565          18  0.75321271497938957     
    12878565          19  0.89778848224794328     
    12878565          20   1.0922307323807454     
    12878565          21   1.0353230017011974     
    12878565          22   1.1073401214856393     
    12878565          23   1.1427008198156392     
    12878565          24  0.62230071295276557     
    12878565          25   1.0919670217811048     
    12878818           1  0.71130720424630167     
    12878818           2   1.1716921127068041     
    12878818           3   1.1047191585900054     
    12878818           4  0.96030204688669241     
    12878818           5   1.1204268060752125     
    12878818           6   1.1262431786950944     
    12878818           7  0.91116900703566361     
    12878818           8   1.0349611540561661     
    12878818           9  0.94709987585817479     
    12878818          10  0.95868659441838122     
    12878818          11   1.1975695856273594     
    12878818          12  0.69583944355470972     
    12878818          13   1.0830837280662660     
    12878818          14   1.2349679974486263     
    12878818          15   1.1730853586738523     
    12878818          16   1.0402496341449023     
    12878818          17  0.84537753397942939     
    12878818          18   1.1039843011144441     
    12878818          19  0.22897163873152135     
    12878818          20   1.0064025671622541     
    12878818          21   1.0816663756459899     
    12878818          22  0.97202937009056767     
    12878818          23   1.0263341000977850     
    12878818          24   1.0968759765364591     
    12878818          25   1.1669552505573482     
    12880483           1   1.1067326888378834     
    12880483           2   1.0970611227015239     
    12880483           3   1.1026884168652924     
    12880483           4  0.98724941510063879     
    12880483           5  0.98197829233205558     
    12880483           6   1.1126598743705105     
    12880483           7   1.0087750492983536     
    12880483           8   1.1155636779945235     
    12880483           9  0.98081234806789253     
    12880483          10  0.89147642231527291     
    12880483          11   1.0655685363751648     
    12880483          12   1.2208599402708267     
    12880483          13  0.96209159496037366     
    12880483          14   1.1225862853940287     
    12880483          15   1.0318541584801963     
    12880483          16  0.85237271365831879     
    12880483          17   1.0976132169090884     
    12880483          18   1.0685854622005613     
    12880483          19   1.0597826374795585     
    12880483          20   1.0235222987185462     
    12880483          21  0.80959030837926382     
    12880483          22   1.0305805785842717     
    12880483          23  0.68233286108167601     
    12880483          24  0.49270717310353113     
    12880483          25   1.0949549265206522     
    12881264           1   1.1149620427769389     
    12881264           2   1.1394399382815330     
    12881264           3   1.0517265712740913     
    12881264           4   1.0637338564313958     
    12881264           5   1.1095966272820001     
    12881264           6   1.1183899958155525     
    12881264           7  0.98667640884149577     
    12881264           8   1.0551729510603187     
    12881264           9  0.99007122480371246     
    12881264          10  0.53140998070643231     
    12881264          11  0.82471420489677472     
    12881264          12   1.1466590456616270     
    12881264          13   1.1260062677781584     
    12881264          14   1.1354567262638864     
    12881264          15  0.67373455533638205     
    12881264          16   1.0108625271219245     
    12881264          17   1.1616174266394870     
    12881264          18  0.64872111720739567     
    12881264          19  0.96557746780761511     
    12881264          20  0.84967618498004749     
    12881264          21   1.0998970601380831     
    12881264          22   1.0435871423089500     
    12881264          23   1.0923960536015187     
    12881264          24   1.0735596975509949     
    12881264          25  0.98635492543368730     
    12881450           1   1.1958919421935472     
    12881450           2   1.0213685243224591     
    12881450           3   1.0649989005648008     
    12881450           4  0.63263319918146710     
    12881450           5   1.0981858756153786     
    12881450           6  0.98297065718406662     
    12881450           7   1.0727862382856908     
    12881450           8   1.0218749595973222     
    12881450           9  0.69560620664180128     
    12881450          10  0.26566457772901364     
    12881450          11   1.1402383096374875     
    12881450          12   1.1276586942359215     
    12881450          13   1.1771857235959147     
    12881450          14   1.0924254984634121     
    12881450          15   1.1306085252722284     
    12881450          16  0.50711172630675894     
    12881450          17   1.1402408964756163     
    12881450          18   1.1626429581330662     
    12881450          19  0.90164363667366554     
    12881450          20  0.98267885391314369     
    12881450          21   1.1571905346535558     
    12881450          22   1.0642597303452221     
    12881450          23   1.1127506186534861     
    12881450          24   1.0932988400475689     
    12881450          25   1.1580843722773988     
    12881487           1   1.0415509871095734     
    12881487           2   1.0361025115049820     
    12881487           3  0.70851660955199758     
    12881487           4   1.0420203497460148     
    12881487           5   1.1166683616133746     
    12881487           6  0.44353568229594331     
    12881487           7  0.94742590311816255     
    12881487           8  0.95358293010474782     
    12881487           9   1.1556285902801706     
    12881487          10   1.0318831419427754     
    12881487          11   1.0935514864467848     
    12881487          12  0.87876723087221997     
    12881487          13   1.0788952737977477     
    12881487          14   1.0456070839246177     
    12881487          15   1.3561087867468489     
    12881487          16   1.1501145968140107     
    12881487          17   1.2310728035170126     
    12881487          18  0.21001418497480520     
    12881487          19  0.99291311759291201     
    12881487          20   1.1121963140186191     
    12881487          21   1.0129098162183117     
    12881487          22   1.2316170058627416     
    12881487          23   1.0418654729981038     
    12881487          24   1.0515841404857729     
    12881487          25   1.0358676184617517     
    12881631           1   1.0211383772767502     
    12881631           2  0.86437859814954676     
    12881631           3  0.49974864013768949     
    12881631           4   1.1193884559999776     
    12881631           5   1.0917019889458497     
    12881631           6  0.80368692046168144     
    12881631           7   1.0937118975791804     
    12881631           8  0.93342492217181650     
    12881631           9   1.1947660775834736     
    12881631          10   1.0293153792839642     
    12881631          11   1.0749871773081643     
    12881631          12   1.1093512928932270     
    12881631          13   1.2272563624602051     
    12881631          14   1.1694020217401133     
    12881631          15   1.0976359327852507     
    12881631          16   1.0740778115920151     
    12881631          17   1.0880951811893080     
    12881631          18   1.0155272701754652     
    12881631          19  0.92404698334784596     
    12881631          20   1.0973798095249336     
    12881631          21   1.0088573889686026     
    12881631          22   1.0159786131159383     
    12881631          23  0.55358806164105101     
    12881631          24  0.99622598732766077     
    12881631          25  0.89632884834029503     
    12881936           1   1.0992426379026810     
    12881936           2   1.0249920560020593     
    12881936           3  0.87991609108961955     
    12881936           4  0.97011686712454792     
    12881936           5   1.0891383318467038     
    12881936           6  0.87518446666492122     
    12881936           7   1.0509098669803065     
    12881936           8   1.0273115883192976     
    12881936           9   1.0727513063094096     
    12881936          10   1.0255855935192346     
    12881936          11  0.87588048009216535     
    12881936          12   1.0453249957482609     
    12881936          13   1.0701101522017336     
    12881936          14   1.1090026837569857     
    12881936          15   1.1022423350449031     
    12881936          16   1.0141276806762869     
    12881936          17   1.0806852413815431     
    12881936          18   1.1976084800410989     
    12881936          19  0.93990716219243342     
    12881936          20   1.1501392015861742     
    12881936          21   1.0246827259920017     
    12881936          22   1.0711325454661931     
    12881936          23   1.0086055362337634     
    12881936          24  0.11001133980843260     
    12881936          25   1.0853906340192467     
    12882535           1   1.0290639556883978     
    12882535           2   1.0466741004925899     
    12882535           3  0.76044790353441294     
    12882535           4  0.94136091738382877     
    12882535           5   1.1306799347450456     
    12882535           6   1.0864146221812643     
    12882535           7  0.95481991249471521     
    12882535           8   1.0995031846406911     
    12882535           9   1.0109457773730306     
    12882535          10   1.0045176462635892     
    12882535          11  0.90635000816297240     
    12882535          12  0.99628892827335180     
    12882535          13   1.2328003788462347     
    12882535          14   1.1842822383787679     
    12882535          15   1.1321644439589427     
    12882535          16   1.0292757442337648     
    12882535          17   1.2053893465986278     
    12882535          18   1.0857557176403998     
    12882535          19  0.97288057964214969     
    12882535          20   1.0583382123368879     
    12882535          21  0.98833864159358187     
    12882535          22  0.57214168881679550     
    12882535          23   1.0546045027508812     
    12882535          24  0.41355203533767732     
    12882535          25   1.1034095786313991     
    12882668           1   1.0701242060099150     
    12882668           2   1.0142382100972824     
    12882668           3   1.1459882468524984     
    12882668           4  0.94323675139590646     
    12882668           5   1.1129474858675197     
    12882668           6   1.1633439423633660     
    12882668           7   1.0084307215154937     
    12882668           8   1.0504651627022510     
    12882668           9  0.89438956979702955     
    12882668          10  0.80875741820822911     
    12882668          11   1.0618185316817257     
    12882668          12   1.0637307780985736     
    12882668          13   1.1284628078883756     
    12882668          14  0.43867735729738500     
    12882668          15   1.1130604174583214     
    12882668          16  0.98468474645857296     
    12882668          17   1.0923851825675763     
    12882668          18   1.0921975713257634     
    12882668          19  0.88236238617173179     
    12882668          20   1.0069563056005755     
    12882668          21  0.73288623751499327     
    12882668          22   1.0144457477453881     
    12882668          23   1.0324587082271663     
    12882668          24   1.0882141310871474     
    12882668          25   1.0557373760672168     
    12882769           1   1.0733537280144483     
    12882769           2  0.89782203967121299     
    12882769           3   1.0535409439643664     
    12882769           4   1.0225284699673829     
    12882769           5   1.1422072547018194     
    12882769           6   1.0585739290062206     
    12882769           7   1.1246785351477073     
    12882769           8  0.99893207437566456     
    12882769           9  0.64517522959813312     
    12882769          10  0.90769503464967805     
    12882769          11   1.0508798057307913     
    12882769          12   1.1204721422229995     
    12882769          13   1.1553056802404451     
    12882769          14  0.29966584065461788     
    12882769          15   1.1195402534266363     
    12882769          16  0.81275480980820625     
    12882769          17   1.1131577661647460     
    12882769          18   1.0601289450368558     
    12882769          19   1.1179533054060447     
    12882769          20   1.1252716784654213     
    12882769          21  0.69808842917629133     
    12882769          22   1.1284301743394078     
    12882769          23  0.99745871534436759     
    12882769          24   1.0883935337240140     
    12882769          25   1.1879916811625202     
    12884170           1   1.0550206128873960     
    12884170           2  0.98631964541697670     
    12884170           3   1.0886588688492715     
    12884170           4   1.0477967951676708     
    12884170           5   1.0763662572408277     
    12884170           6   1.1620118379219175     
    12884170           7  0.89953116282037970     
    12884170           8   1.0728379208434127     
    12884170           9   1.1100188850748367     
    12884170          10  0.82263652184537261     
    12884170          11  0.93553954908966819     
    12884170          12   1.0559899018199157     
    12884170          13   1.1029638058509017     
    12884170          14  0.28791295981870385     
    12884170          15   1.1082406724691076     
    12884170          16   1.0745277036492908     
    12884170          17   1.0817598187886943     
    12884170          18   1.0389764219529742     
    12884170          19  0.96067313797388176     
    12884170          20   1.0129243791192906     
    12884170          21  0.98625138308951110     
    12884170          22  0.75190108883634110     
    12884170          23   1.1280567022865375     
    12884170          24   1.0824825541407592     
    12884170          25   1.0706014130463608     
    12884382           1   1.0707469962785319     
    12884382           2   1.0095782373770423     
    12884382           3   1.1374340902458786     
    12884382           4   1.0406943173873522     
    12884382           5   1.0738983432858509     
    12884382           6   1.1781536917445004     
    12884382           7   1.0196218378342474     
    12884382           8   1.0867536263840447     
    12884382           9  0.45071116509044262     
    12884382          10  0.71550860631004853     
    12884382          11   1.0251425518092039     
    12884382          12   1.3035412400509681     
    12884382          13   1.1121686636930634     
    12884382          14  0.26793616620405930     
    12884382          15  0.98610225296987741     
    12884382          16   1.0653485476486719     
    12884382          17   1.0731959433691767     
    12884382          18   1.1870216423561311     
    12884382          19  0.96665815980220693     
    12884382          20   1.0134209594981571     
    12884382          21  0.92182982289539606     
    12884382          22   1.0533096151814156     
    12884382          23   1.0758341571679702     
    12884382          24   1.0721623146493795     
    12884382          25   1.0932270507663819     
    12885213           1   1.1162682364651670     
    12885213           2   1.1090521708250842     
    12885213           3   1.0575019573625222     
    12885213           4  0.94939508556977947     
    12885213           5   1.1893689706041555     
    12885213           6  0.97992425220660939     
    12885213           7  0.95878956148509864     
    12885213           8   1.1347023579170590     
    12885213           9   1.1407852549860464     
    12885213          10  0.39997508002784821     
    12885213          11  0.66117270652016069     
    12885213          12   1.1105681834593610     
    12885213          13   1.0930744761264723     
    12885213          14   1.2026228254976683     
    12885213          15  0.72602854607014955     
    12885213          16  0.77352631427408558     
    12885213          17   1.1818460224277478     
    12885213          18  0.83721662509894901     
    12885213          19  0.96783544396261745     
    12885213          20   1.0069943121326048     
    12885213          21   1.0638606861741620     
    12885213          22   1.0241787048370470     
    12885213          23   1.0324976773212029     
    12885213          24   1.0284947415499255     
    12885213          25   1.2543198070984753     
    12885331           1   1.1769141141693900     
    12885331           2  0.88975537167994445     
    12885331           3   1.0550233250685033     
    12885331           4  0.97826429670197823     
    12885331           5   1.1171977991491173     
    12885331           6   1.0932313367086381     
    12885331           7   1.0055304917124488     
    12885331           8   1.0965703251784154     
    12885331           9   1.0368803952486458     
    12885331          10  0.93244729994331743     
    12885331          11   1.0402188794524172     
    12885331          12   1.0549214973873673     
    12885331          13  0.98921098706094190     
    12885331          14  0.41954051377688084     
    12885331          15   1.1027434070862197     
    12885331          16  0.97133532617187646     
    12885331          17   1.0920109054238230     
    12885331          18   1.0501834489731323     
    12885331          19  0.94602539728821211     
    12885331          20  0.82176789396881400     
    12885331          21  0.98911153546840425     
    12885331          22  0.94868165238551416     
    12885331          23   1.0720969190785994     
    12885331          24   1.0815842673686458     
    12885331          25   1.0387526135487533     
    12885556           1  0.76004618606231100     
    12885556           2   1.0064221647550042     
    12885556           3  0.88254135800545030     
    12885556           4  0.98383592344304338     
    12885556           5   1.0704246945485720     
    12885556           6   1.0555818410757438     
    12885556           7  0.94545371071398199     
    12885556           8  0.96067710873043699     
    12885556           9   1.0592612631644309     
    12885556          10   1.0196176495950422     
    12885556          11   1.1208331742538156     
    12885556          12  0.82427600637118847     
    12885556          13   1.1239585079174543     
    12885556          14   1.1121378798905184     
    12885556          15   1.1020277279020474     
    12885556          16   1.0766421514432460     
    12885556          17   1.1101684405360739     
    12885556          18   1.0595174808470225     
    12885556          19  0.95479087757293746     
    12885556          20   1.0610442520981505     
    12885556          21   1.0264759121401756     
    12885556          22  0.89284602015589321     
    12885556          23   1.1427836161372207     
    12885556          24   1.2845141411967893     
    12885556          25  0.36412191144344930     
    12885775           1   1.0330610173708339     
    12885775           2  0.99981460651916576     
    12885775           3   1.1034491893347698     
    12885775           4   1.0570923889345276     
    12885775           5   1.1159727038545837     
    12885775           6   1.1265662302902251     
    12885775           7   1.0378786715633337     
    12885775           8   1.1451068889609763     
    12885775           9  0.57422855122331651     
    12885775          10  0.84206737640760021     
    12885775          11   1.0338582114674677     
    12885775          12  0.79007266943012688     
    12885775          13   1.0970373625086722     
    12885775          14   1.0015222844686975     
    12885775          15   1.1715817507371609     
    12885775          16  0.95311891217367128     
    12885775          17   1.0759473086755393     
    12885775          18   1.0477671679492231     
    12885775          19  0.71332908577395793     
    12885775          20   1.0100455054677200     
    12885775          21   1.0470772361241258     
    12885775          22  0.94416577175464000     
    12885775          23   1.0356261458672578     
    12885775          24   1.0136785698647637     
    12885775          25   1.0299343932776401     
    12886425           1   1.0319186014977750     
    12886425           2  0.99870895636162649     
    12886425           3   1.1022289343374239     
    12886425           4   1.0559233978448415     
    12886425           5   1.1147385996638857     
    12886425           6   1.1253204111934874     
    12886425           7   1.0367309280624504     
    12886425           8   1.1438405665808835     
    12886425           9  0.59254548170434251     
    12886425          10  0.84983060714141323     
    12886425          11   1.0327149140131906     
    12886425          12  0.78919896347931662     
    12886425          13   1.0958241980632086     
    12886425          14   1.0004147458666590     
    12886425          15   1.1702861509941422     
    12886425          16  0.95206490069141536     
    12886425          17   1.0747574667752666     
    12886425          18   1.0466084892034297     
    12886425          19  0.71254024711234931     
    12886425          20   1.0089285414176246     
    12886425          21   1.0459193203430124     
    12886425          22  0.94312166114905682     
    12886425          23   1.0344808933335743     
    12886425          24   1.0125575881716007     
    12886425          25   1.0287954349980177     
    12886994           1  0.94107689798581873     
    12886994           2   1.0999857820262124     
    12886994           3   1.0328182176417429     
    12886994           4  0.85387192517465360     
    12886994           5   1.0488347257366166     
    12886994           6   1.0808647667394014     
    12886994           7  0.99725253426557492     
    12886994           8  0.99675553717007381     
    12886994           9  0.79388506364482181     
    12886994          10  0.92391144366001410     
    12886994          11   1.0967662156064584     
    12886994          12  0.78785927952033208     
    12886994          13   1.0462492819951510     
    12886994          14   1.0713798688005387     
    12886994          15   1.1196462474469213     
    12886994          16  0.96036157114854792     
    12886994          17   1.0623307563483082     
    12886994          18   1.1969517856785095     
    12886994          19  0.88629929017931441     
    12886994          20   1.0081929882316656     
    12886994          21  0.95492295937744232     
    12886994          22  0.96616940805429719     
    12886994          23   1.0333273287166080     
    12886994          24   1.0379287958227892     
    12886994          25   1.0023573290281864     
    12887484           1   1.0164960969334278     
    12887484           2  0.94821482523273604     
    12887484           3  0.93910827166359956     
    12887484           4   1.0745213969559886     
    12887484           5   1.0532397674792162     
    12887484           6   1.1358967444972621     
    12887484           7  0.99933069552794485     
    12887484           8   1.0752591961463676     
    12887484           9   1.1488573574839558     
    12887484          10  0.96549724069016574     
    12887484          11  0.86387329773616406     
    12887484          12   1.0784806916968974     
    12887484          13   1.1133081734916876     
    12887484          14   1.0553779039966988     
    12887484          15  0.80895953350685657     
    12887484          16  0.76687284419230251     
    12887484          17   1.0216746681471698     
    12887484          18   1.0829799776634552     
    12887484          19   1.0037457398288681     
    12887484          20  0.98609856349850655     
    12887484          21   1.1089375092654032     
    12887484          22  0.66355623443228051     
    12887484          23   1.0825505906648705     
    12887484          24  0.98130258160423134     
    12887484          25   1.0258600976639454     
    12888299           1  0.94662874229459992     
    12888299           2  0.73325366177492302     
    12888299           3   1.0829349072598977     
    12888299           4   1.0153978699737696     
    12888299           5   1.2109148563136576     
    12888299           6  0.93239643582396514     
    12888299           7  0.93385647846012376     
    12888299           8   1.0103472926824910     
    12888299           9  0.99117856786469194     
    12888299          10  0.98742996051433773     
    12888299          11   1.1428769182908780     
    12888299          12   1.0003939888267628     
    12888299          13   1.1010424684901003     
    12888299          14   1.3000095760088122     
    12888299          15   1.2135937358225610     
    12888299          16   1.0624155263499631     
    12888299          17  0.59027891172697511     
    12888299          18   1.0600731068378546     
    12888299          19  0.23774309746975827     
    12888299          20   1.1074722554414480     
    12888299          21   1.0275917108120918     
    12888299          22   1.0278105459199443     
    12888299          23   1.0169924627303044     
    12888299          24   1.1320962282647749     
    12888299          25   1.1352706940453117     
    12888534           1   1.1225083312192639     
    12888534           2  0.94951865047349771     
    12888534           3  0.97087592862074579     
    12888534           4  0.91136057384613256     
    12888534           5   1.1278693568387321     
    12888534           6   1.1388834644123662     
    12888534           7   1.1038078093178365     
    12888534           8   1.0462334110427436     
    12888534           9   1.0444143812891027     
    12888534          10   1.0745836707929517     
    12888534          11   1.0521995386342982     
    12888534          12  0.83430896148143951     
    12888534          13   1.2995074611553799     
    12888534          14   1.2635744034354484     
    12888534          15   5.4756609891226771E-002
    12888534          16  0.47732367494602468     
    12888534          17   1.1571766526974647     
    12888534          18   1.1843242358366011     
    12888534          19  0.96224343357203979     
    12888534          20   1.0614826100034627     
    12888534          21   1.1678536639261572     
    12888534          22   1.0749242429742358     
    12888534          23  0.80118094575228715     
    12888534          24   1.0050846954567438     
    12888534          25   1.1140032923838152     
    12889437           1  0.61299269303745030     
    12889437           2   1.1360151320966911     
    12889437           3   1.1640775165314954     
    12889437           4  0.96065256762444706     
    12889437           5   1.1562361654795248     
    12889437           6   1.1948680925924182     
    12889437           7  0.91150159367712857     
    12889437           8   1.0735821141457014     
    12889437           9  0.55933965717283363     
    12889437          10  0.95903652549833796     
    12889437          11   1.2268192369682656     
    12889437          12  0.87853426179929550     
    12889437          13   1.0834790654589577     
    12889437          14   1.3100490722522258     
    12889437          15   1.2219522433159600     
    12889437          16   1.1287299092914995     
    12889437          17  0.88418020249160101     
    12889437          18   1.1182206637508099     
    12889437          19  0.34112917478522137     
    12889437          20   1.0269033383662689     
    12889437          21   1.0143697581863171     
    12889437          22  0.80405622662376286     
    12889437          23   1.0228268307318023     
    12889437          24  0.98114380208868524     
    12889437          25   1.2293041560332967     
    12889509           1  0.99222461856954913     
    12889509           2   1.0671853487387957     
    12889509           3  0.94505314979819688     
    12889509           4   1.0311788996402544     
    12889509           5   1.1027613371933338     
    12889509           6   1.0584251780151368     
    12889509           7  0.85453738775996824     
    12889509           8   1.0474127896717127     
    12889509           9   1.2104288995020351     
    12889509          10  0.80428786568166855     
    12889509          11  0.25990155094968043     
    12889509          12   1.2226333815496431     
    12889509          13   1.2398420517801629     
    12889509          14   1.2334468660423064     
    12889509          15  0.72714609758447746     
    12889509          16  0.88583461419328835     
    12889509          17   1.2161470506333385     
    12889509          18  0.51553344667086798     
    12889509          19   1.1088041063103762     
    12889509          20   1.2730748136007524     
    12889509          21   1.0687214490535151     
    12889509          22  0.74452787506853535     
    12889509          23   1.1735592315537435     
    12889509          24   1.0783439310673035     
    12889509          25   1.1389880593713591     
    12889562           1  0.94659115841703090     
    12889562           2   1.1278674857692483     
    12889562           3  0.68429922042325730     
    12889562           4  0.35840778335635665     
    12889562           5   1.1853901853067188     
    12889562           6   1.1867102270304861     
    12889562           7  0.98014867319074195     
    12889562           8   1.0364116331631514     
    12889562           9   1.1014106865671924     
    12889562          10   1.0620907282796399     
    12889562          11  0.63341322525180366     
    12889562          12   1.1604122956650651     
    12889562          13   1.1440444165084211     
    12889562          14   1.3242020389464222     
    12889562          15   1.1535786118424221     
    12889562          16   1.0916890550450054     
    12889562          17   1.1241202872400133     
    12889562          18  0.80785199215580528     
    12889562          19  0.90567188841523050     
    12889562          20   1.0392999915784540     
    12889562          21   1.0444140870716729     
    12889562          22   1.0478082278302958     
    12889562          23   1.1527347808971440     
    12889562          24  0.59987582645664228     
    12889562          25   1.1015554935917806     
    12890247           1  0.99076243637626960     
    12890247           2   1.0662038556965130     
    12890247           3   1.0012093809827489     
    12890247           4  0.95377837074259486     
    12890247           5   1.0214689380889159     
    12890247           6  0.91178156617966311     
    12890247           7  0.92816578049965748     
    12890247           8  0.99620247550677832     
    12890247           9   1.0344511130125074     
    12890247          10  0.93641295678698033     
    12890247          11   1.0732860086931151     
    12890247          12  0.69390771582348298     
    12890247          13   1.1175369023783204     
    12890247          14   1.1498357152850400     
    12890247          15   1.1515651326895271     
    12890247          16   1.0235521369124623     
    12890247          17   1.0205696610647126     
    12890247          18   1.0991611272957296     
    12890247          19  0.70846306701694728     
    12890247          20   1.0246486809287170     
    12890247          21  0.98807014089823886     
    12890247          22   1.0784569145489993     
    12890247          23  0.99869845556605241     
    12890247          24  0.99124257371753555     
    12890247          25   1.0405688933084865     
    12891369           1  0.99252794720221627     
    12891369           2   1.0568106568273830     
    12891369           3  0.57834953661811339     
    12891369           4  0.99353412585711143     
    12891369           5   1.1639556427200879     
    12891369           6   1.1039581118768129     
    12891369           7  0.94970516959928364     
    12891369           8   1.0579413814269527     
    12891369           9  0.66238572666248241     
    12891369          10   1.0624625634870990     
    12891369          11   1.0755511103858100     
    12891369          12  0.86615309455401468     
    12891369          13  0.64148739904450602     
    12891369          14   1.0750913078819635     
    12891369          15   1.1566644955237373     
    12891369          16   1.0603515070833884     
    12891369          17   1.1531027338275159     
    12891369          18   1.1290286081893006     
    12891369          19  0.81000341001060328     
    12891369          20   1.0521689647246963     
    12891369          21   1.0535130600201408     
    12891369          22   1.0598440930742739     
    12891369          23   1.1185320490313100     
    12891369          24   1.0756451801105404     
    12891369          25   1.0512321242606568     
    12892201           1   1.0660734070193343     
    12892201           2   1.0062564178919235     
    12892201           3   1.1488474921160647     
    12892201           4   1.1278629483433746     
    12892201           5   1.0871512595539592     
    12892201           6   1.1767443503840760     
    12892201           7   1.0630532239537105     
    12892201           8   1.0462549068517832     
    12892201           9  0.92654801264770204     
    12892201          10  0.96169839152719472     
    12892201          11  0.70173317634700727     
    12892201          12   1.0845871803275748     
    12892201          13   1.1678854523931395     
    12892201          14   1.2449089147733736     
    12892201          15  0.55247753013187084     
    12892201          16  0.31952607378299513     
    12892201          17   1.0670413795455835     
    12892201          18   1.0609619555034977     
    12892201          19  0.96971053680876185     
    12892201          20   1.0256771522258323     
    12892201          21   1.0689645139509754     
    12892201          22  0.98627319103806743     
    12892201          23   1.0751767334667819     
    12892201          24   1.0497595933478761     
    12892201          25   1.0148262060675426     
    12893160           1   1.0740649326359082     
    12893160           2   1.0864163487541310     
    12893160           3  0.37662312267004466     
    12893160           4   1.0161480367149358     
    12893160           5   1.1746027411396005     
    12893160           6   1.0908611407222939     
    12893160           7  0.98553721684805984     
    12893160           8   1.0116355359564573     
    12893160           9  0.80963773407485196     
    12893160          10   1.0771306199427539     
    12893160          11   1.0853895424593314     
    12893160          12  0.86470496222795812     
    12893160          13  0.76713909716227979     
    12893160          14   1.1026972107812971     
    12893160          15   1.0930103374575282     
    12893160          16   1.0526176712004698     
    12893160          17   1.2531491005604831     
    12893160          18   1.1393562171364453     
    12893160          19  0.62822089750418120     
    12893160          20   1.0017546300747386     
    12893160          21   1.0810600083973070     
    12893160          22   1.0183770505310175     
    12893160          23   1.0961560111556998     
    12893160          24   1.0528617316011697     
    12893160          25   1.0608481022910565     
    12893593           1  0.65463774579468836     
    12893593           2   1.1796063583657443     
    12893593           3   1.0429750704285492     
    12893593           4  0.94985512427096330     
    12893593           5   1.1958223408028279     
    12893593           6   1.1082748766019235     
    12893593           7  0.90125659235612321     
    12893593           8   1.0237020308232585     
    12893593           9  0.90270514859234818     
    12893593          10   1.0015496116736657     
    12893593          11   1.1845414797011462     
    12893593          12  0.75525013139533892     
    12893593          13   1.0713010895410788     
    12893593          14   1.2215330421196495     
    12893593          15   1.1603236114679167     
    12893593          16   1.0550522895459153     
    12893593          17  0.85107349778097308     
    12893593          18   1.1299848324158108     
    12893593          19  0.22648070476050675     
    12893593          20   1.0242480030131824     
    12893593          21   1.0698991561976456     
    12893593          22   1.0036905423857101     
    12893593          23   1.0350032752006511     
    12893593          24   1.1049689292699076     
    12893593          25   1.1462645154944728     
    12893703           1   1.0215644600890574     
    12893703           2   1.0529400960787070     
    12893703           3  0.89873208584363973     
    12893703           4   1.0515032183057016     
    12893703           5   1.1033920278912550     
    12893703           6   1.1194376569686202     
    12893703           7  0.89124605080345976     
    12893703           8  0.92875796585919812     
    12893703           9   1.1917437801051276     
    12893703          10  0.91877683223120132     
    12893703          11  0.41887165439313157     
    12893703          12   1.1699907273300263     
    12893703          13   1.2304878726290922     
    12893703          14   1.1523590684356404     
    12893703          15  0.94392386797182815     
    12893703          16  0.85565120312663301     
    12893703          17   1.1046435261343381     
    12893703          18  0.46048642876729928     
    12893703          19   1.0940033084324801     
    12893703          20   1.2344722257724841     
    12893703          21   1.0835666700561024     
    12893703          22  0.73458959423909564     
    12893703          23   1.1274096401220370     
    12893703          24   1.0903297603364805     
    12893703          25   1.1211202780773686     
    12894007           1   1.1421048642493934     
    12894007           2   1.0926970644929819     
    12894007           3  0.82781961187255682     
    12894007           4  0.96774828075070540     
    12894007           5   1.2180693916823044     
    12894007           6   1.1054277719478551     
    12894007           7  0.97989075907000611     
    12894007           8  0.71332460207717541     
    12894007           9   1.1966975613177147     
    12894007          10   1.0082371420380689     
    12894007          11   1.0765001364918241     
    12894007          12  0.99378998636083815     
    12894007          13  0.69461105866064232     
    12894007          14  0.99277893106376358     
    12894007          15   1.2668242218842320     
    12894007          16   1.0872209422617363     
    12894007          17   1.1003099198116808     
    12894007          18   1.0172813503482871     
    12894007          19  0.93153101658207926     
    12894007          20   1.0032034644779748     
    12894007          21  0.99231544701215935     
    12894007          22   1.1303314018344581     
    12894007          23   1.0678970426475276     
    12894007          24   1.0808657445015653     
    12894007          25  0.31252228656247488     
    12894155           1   1.0974518318342965     
    12894155           2  0.90097872832780268     
    12894155           3   1.0936913197315992     
    12894155           4  0.96144480826877488     
    12894155           5   1.0602464632942317     
    12894155           6   1.0797518400880739     
    12894155           7  0.75507484388155088     
    12894155           8   1.0326401288747944     
    12894155           9   1.1273522288117599     
    12894155          10  0.61597387368388490     
    12894155          11   1.1362513314396840     
    12894155          12  0.91150254679892351     
    12894155          13   1.0350288007312352     
    12894155          14   1.0725646967900022     
    12894155          15   1.0922758250382358     
    12894155          16   1.0919192815083572     
    12894155          17  0.99994717352835050     
    12894155          18  0.98693175304756497     
    12894155          19  0.73579472110075650     
    12894155          20   1.1163808981918664     
    12894155          21   1.0374993903422300     
    12894155          22   1.1737955981964501     
    12894155          23  0.89280447494890336     
    12894155          24  0.96757641441940578     
    12894155          25   1.0251210271212703     
    12894337           1  0.99471744052226785     
    12894337           2   1.0698664987678996     
    12894337           3  0.91317953755655334     
    12894337           4   1.0337695886335487     
    12894337           5   1.1055318667876592     
    12894337           6   1.0798525377186721     
    12894337           7  0.85668429030578308     
    12894337           8   1.0500442639838663     
    12894337           9   1.2134699283944990     
    12894337          10  0.80630852351493920     
    12894337          11  0.27947238144356723     
    12894337          12   1.2257050724516969     
    12894337          13   1.2310210616140609     
    12894337          14   1.1873268453452526     
    12894337          15  0.80520953172118381     
    12894337          16  0.91591395151142108     
    12894337          17   1.1741851282508988     
    12894337          18  0.51682865046764015     
    12894337          19   1.1115898174948662     
    12894337          20   1.2482357944044731     
    12894337          21   1.0714064583142031     
    12894337          22  0.68971086212272492     
    12894337          23   1.1970572168367819     
    12894337          24   1.0810631484295470     
    12894337          25   1.1418496034059937     
    12894515           1   1.1035438113510945     
    12894515           2   1.0939001123228678     
    12894515           3   1.0995111923168990     
    12894515           4  0.98440481001631075     
    12894515           5   1.0283025399934860     
    12894515           6   1.1094539186238164     
    12894515           7   1.0058684214591416     
    12894515           8   1.1123493553909580     
    12894515           9  0.97798629038742158     
    12894515          10  0.91721252176146673     
    12894515          11   1.0624982669681537     
    12894515          12   1.2173422229237945     
    12894515          13  0.95931947820775509     
    12894515          14   1.1193517282434395     
    12894515          15   1.0288810317904242     
    12894515          16  0.82216062631681397     
    12894515          17   1.0944506157571525     
    12894515          18   1.0655064999927137     
    12894515          19   1.0498038424256033     
    12894515          20   1.0205731789821106     
    12894515          21  0.80725760027914950     
    12894515          22   1.0276111215161690     
    12894515          23  0.70354848466742426     
    12894515          24  0.49736234348830755     
    12894515          25   1.0917999848175233     
    12894750           1   1.1665712848916141     
    12894750           2  0.10667348217063621     
    12894750           3  0.91298739615688751     
    12894750           4  0.92660112436416864     
    12894750           5   1.0606832052685258     
    12894750           6   1.1393892136369415     
    12894750           7  0.95153047566357718     
    12894750           8  0.95176244097753249     
    12894750           9   1.0889743559262506     
    12894750          10   1.0227984729902557     
    12894750          11   1.1159305813621878     
    12894750          12   1.2048085450909085     
    12894750          13   1.1488581949401100     
    12894750          14   1.1099269924291733     
    12894750          15  0.99213767028962441     
    12894750          16  0.40053740070418908     
    12894750          17   1.1687150313116126     
    12894750          18   1.0567732514954509     
    12894750          19  0.94669274136202075     
    12894750          20   1.0769884812636881     
    12894750          21   1.0990201918097546     
    12894750          22   1.0481828408021894     
    12894750          23   1.1463434222301712     
    12894750          24   1.0423082037827811     
    12894750          25   1.1148049990797433     
    12895354           1   1.0835881625230463     
    12895354           2  0.95248735648653249     
    12895354           3  0.97391140897257444     
    12895354           4  0.92559234357342979     
    12895354           5   1.1313956830882432     
    12895354           6   1.1424442266862411     
    12895354           7   1.1072589062279630     
    12895354           8   1.0495044994166809     
    12895354           9   1.0476797823976400     
    12895354          10   1.0779433973274448     
    12895354          11   1.0554892803320504     
    12895354          12  0.83691746003957057     
    12895354          13   1.3035704204368976     
    12895354          14   1.2675250166514447     
    12895354          15   5.4927808505341853E-002
    12895354          16  0.47881604548900403     
    12895354          17   1.1607946093171617     
    12895354          18   1.1880270704028917     
    12895354          19  0.93236243633838034     
    12895354          20   1.0648013755753423     
    12895354          21   1.1715050026257323     
    12895354          22   1.0782850343205492     
    12895354          23  0.80368586831489053     
    12895354          24  0.99400053909316100     
    12895354          25   1.1174862658577867     
    12895577           1  0.86478239478893282     
    12895577           2   1.0699594906216336     
    12895577           3  0.62736169562358113     
    12895577           4  0.79087208587357694     
    12895577           5   1.1053767521465887     
    12895577           6   1.0825978538433398     
    12895577           7   1.0690960262626947     
    12895577           8   1.1512238511532660     
    12895577           9   1.0746089543022059     
    12895577          10   1.0410211191367309     
    12895577          11  0.83629738596316916     
    12895577          12  0.96942936620350806     
    12895577          13   1.1105703115987293     
    12895577          14   1.1526459731765069     
    12895577          15   1.2238428441027904     
    12895577          16  0.99179601395564043     
    12895577          17   1.2681884855621846     
    12895577          18   1.1001782329370311     
    12895577          19  0.96290248910591392     
    12895577          20  0.93034271184462891     
    12895577          21   1.1304043116838050     
    12895577          22   1.0296139142197267     
    12895577          23   1.0259557399171395     
    12895577          24  0.30120441467760461     
    12895577          25   1.0897275812990783     
    12896201           1   1.1784004364507679     
    12896201           2  0.89087904180844568     
    12896201           3   1.0563557117367772     
    12896201           4  0.97949974455986266     
    12896201           5   1.1186087058258152     
    12896201           6   1.1101420993444160     
    12896201           7   1.0068003739888558     
    12896201           8   1.0979551814629886     
    12896201           9   1.0381898692502127     
    12896201          10  0.93362488561539902     
    12896201          11   1.0415325696184419     
    12896201          12   1.0562537554576836     
    12896201          13  0.94335769055727436     
    12896201          14  0.42007035058150388     
    12896201          15   1.1041360593425413     
    12896201          16  0.97256202344791143     
    12896201          17   1.0933900036270801     
    12896201          18   1.0515097233723858     
    12896201          19  0.94722013070997180     
    12896201          20  0.82280570285921784     
    12896201          21  0.99036068228059293     
    12896201          22  0.94987974038607326     
    12896201          23   1.0734508679517061     
    12896201          24   1.0829501977933245     
    12896201          25   1.0400644519707494     
    12896687           1   1.2014714007520317     
    12896687           2  0.96824797267015228     
    12896687           3   1.0699676749338578     
    12896687           4  0.63558476243983331     
    12896687           5   1.1033094845020397     
    12896687           6  0.98755672708926656     
    12896687           7   1.0777913446397387     
    12896687           8   1.0266425383290332     
    12896687           9  0.64009932297042904     
    12896687          10  0.26690404130393958     
    12896687          11   1.1455581150237080     
    12896687          12   1.1329198091666433     
    12896687          13   1.1826779079051388     
    12896687          14   1.0975222321914850     
    12896687          15   1.1358834027005813     
    12896687          16  0.50947766654067372     
    12896687          17   1.1455607139307835     
    12896687          18   1.1680672928696301     
    12896687          19  0.90585027368479443     
    12896687          20  0.98726356240415569     
    12896687          21   1.1625894309957518     
    12896687          22   1.0692250561003516     
    12896687          23   1.1179421796496389     
    12896687          24   1.0983996483688423     
    12896687          25   1.1634874388374918     
    12897807           1   1.0223281772814268     
    12897807           2   1.0377789917182108     
    12897807           3  0.89940397408183581     
    12897807           4   1.0522893175848227     
    12897807           5   1.1042169190210329     
    12897807           6   1.1202745437416177     
    12897807           7  0.89191234251408824     
    12897807           8  0.92945230131602763     
    12897807           9   1.1926347226244929     
    12897807          10  0.91946370583550086     
    12897807          11  0.41918480103864858     
    12897807          12   1.1708654073607871     
    12897807          13   1.2314077800652290     
    12897807          14   1.1532205671141189     
    12897807          15  0.94462954139178557     
    12897807          16  0.85629088428237965     
    12897807          17   1.1054693528788149     
    12897807          18  0.46083068643898040     
    12897807          19   1.0948211805960106     
    12897807          20   1.2353951118938775     
    12897807          21   1.0843767398337141     
    12897807          22  0.73513877025722696     
    12897807          23   1.1282524867153194     
    12897807          24   1.0911448861712696     
    12897807          25   1.1192168082427800     
    12898386           1   1.3141756203038282     
    12898386           2   1.0025663208285478     
    12898386           3   1.1361455541311487     
    12898386           4  0.95236814056730645     
    12898386           5  0.96228541460285499     
    12898386           6  0.99013304113103118     
    12898386           7   1.1134129335900809     
    12898386           8   1.0676346906692247     
    12898386           9   1.1421935389372899     
    12898386          10  0.92279636012289268     
    12898386          11   1.1491812779433974     
    12898386          12   1.0710631687125780     
    12898386          13  0.71730348467675642     
    12898386          14   1.2009945011033429     
    12898386          15  0.60484218292498382     
    12898386          16  0.51695235770343051     
    12898386          17   1.1699763847709486     
    12898386          18   1.0984437015997164     
    12898386          19  0.97125961135840921     
    12898386          20  0.96595200538142423     
    12898386          21   1.0690409907373573     
    12898386          22   1.0968961040597649     
    12898386          23  0.50884065045611726     
    12898386          24   1.0887871829757350     
    12898386          25   1.1667547807118264     
    12898578           1  0.84111370914656491     
    12898578           2   1.1352054395971365     
    12898578           3  0.83659634874175359     
    12898578           4  0.34344256635955944     
    12898578           5   1.1853628903603424     
    12898578           6   1.1743749053420567     
    12898578           7  0.98227506401660847     
    12898578           8   1.0586240601519388     
    12898578           9   1.1826662911879018     
    12898578          10   1.0535171849037603     
    12898578          11  0.77409684866738804     
    12898578          12   1.2332413906809507     
    12898578          13   1.1473816022640682     
    12898578          14   1.2200537513729770     
    12898578          15   1.1415876784655570     
    12898578          16   1.0803414359118881     
    12898578          17   1.1485210129047982     
    12898578          18  0.85405899449514089     
    12898578          19  0.89625783447577523     
    12898578          20  0.79589543219497982     
    12898578          21   1.0335578700723536     
    12898578          22   1.0776703801803003     
    12898578          23   1.0345412489470145     
    12898578          24  0.68411273076080692     
    12898578          25   1.0855033287983733     
    12899160           1   1.0494361174353399     
    12899160           2   1.0202111584872404     
    12899160           3  0.95409689085939176     
    12899160           4  0.97892062456838802     
    12899160           5   1.1047750825337044     
    12899160           6  0.71728102744147959     
    12899160           7   1.0267620092204528     
    12899160           8   1.0799033101057947     
    12899160           9   1.0699368999561651     
    12899160          10   1.0530273737066982     
    12899160          11  0.71369315280983880     
    12899160          12   1.0360434394170035     
    12899160          13   1.1467618919373013     
    12899160          14   1.0860162047856474     
    12899160          15   1.1758139349368335     
    12899160          16   1.0022795651224408     
    12899160          17   1.0526392935113260     
    12899160          18   1.0701441400749916     
    12899160          19  0.95242183942819403     
    12899160          20   1.0577935701002721     
    12899160          21  0.98388476695734617     
    12899160          22  0.94948008574968012     
    12899160          23  0.71834521158064224     
    12899160          24  0.92422842118011372     
    12899160          25   1.0761039880937160     
    12899544           1   1.0413019670586834     
    12899544           2   1.0608858052692109     
    12899544           3  0.87909303242864312     
    12899544           4   1.0127828503935175     
    12899544           5   1.0871694767755840     
    12899544           6   1.1072993529105759     
    12899544           7   1.0193375258520940     
    12899544           8  0.27805377435895651     
    12899544           9   1.1565658545929896     
    12899544          10  0.65027505614076397     
    12899544          11   1.0663538630937188     
    12899544          12   1.0853393589014559     
    12899544          13   1.0791523239489769     
    12899544          14   1.1326278415867932     
    12899544          15   1.1113832757696918     
    12899544          16  0.90980717160851932     
    12899544          17   1.1237539948658859     
    12899544          18   1.1006005076483723     
    12899544          19  0.99856598920211370     
    12899544          20  0.98979117269289640     
    12899544          21   1.1545078583740342     
    12899544          22  0.98428692247263283     
    12899544          23   1.0414721050657580     
    12899544          24   1.1616285941253406     
    12899544          25  0.76796432486279520     
    12900126           1  0.94762110385759835     
    12900126           2   1.1290946702450413     
    12900126           3  0.68504377720026921     
    12900126           4  0.35879775156919008     
    12900126           5   1.1936867663108617     
    12900126           6   1.1880014357817370     
    12900126           7  0.98121513113095682     
    12900126           8   1.0406534997368257     
    12900126           9   1.1026090845289052     
    12900126          10   1.0085562587146093     
    12900126          11  0.68302562671633682     
    12900126          12   1.1616748907595484     
    12900126          13   1.1452892024121475     
    12900126          14   1.3256428466703014     
    12900126          15   1.1548337714971879     
    12900126          16   1.0928768753143612     
    12900126          17   1.1253433945490108     
    12900126          18  0.80873098143071642     
    12900126          19  0.92893123982797154     
    12900126          20   1.0404308095437282     
    12900126          21   1.0455504694659927     
    12900126          22   1.0489483032443190     
    12900126          23   1.1539890224154716     
    12900126          24  0.54669903796507424     
    12900126          25   1.1027540491118366     
    12900522           1   1.1326896811126481     
    12900522           2   1.0643376976864163     
    12900522           3   1.1508225763293314     
    12900522           4  0.98966552222984705     
    12900522           5  0.95534382551541108     
    12900522           6   1.2194406931607042     
    12900522           7  0.97443423220509495     
    12900522           8  0.97194061483084704     
    12900522           9  0.98608514888580923     
    12900522          10  0.88421688693468925     
    12900522          11   1.0999684834524748     
    12900522          12   1.1852781798552110     
    12900522          13  0.86909684494237138     
    12900522          14   1.1275421310168390     
    12900522          15   1.2139921960607289     
    12900522          16  0.95425687844188312     
    12900522          17   1.0528433910497639     
    12900522          18   1.0592559089319564     
    12900522          19  0.96540264301716827     
    12900522          20   1.0211206293578912     
    12900522          21   1.0844233028715420     
    12900522          22   1.0496103185789671     
    12900522          23   2.9156373678351184E-002
    12900522          24  0.87235493471324455     
    12900522          25   1.0867209051408036     
    12900614           1  0.99400227091454108     
    12900614           2   1.0690972994223626     
    12900614           3  0.91252299105897150     
    12900614           4   1.0330263417967438     
    12900614           5   1.1047370251981874     
    12900614           6   1.0790761587347091     
    12900614           7  0.85606836206034886     
    12900614           8   1.0492893161828356     
    12900614           9   1.2125974828362684     
    12900614          10  0.80572881381349259     
    12900614          11  0.27927144985710334     
    12900614          12   1.2248238302213468     
    12900614          13   1.2301359973597579     
    12900614          14   1.1864731958166153     
    12900614          15  0.80463061215922604     
    12900614          16  0.91525543905880946     
    12900614          17   1.1733409271910191     
    12900614          18  0.51645706741484598     
    12900614          19   1.1107906204351328     
    12900614          20   1.2473383533151059     
    12900614          21   1.0706361517876519     
    12900614          22  0.68921498236168421     
    12900614          23   1.1961965714863372     
    12900614          24   1.0982600889762004     
    12900614          25   1.1410286505407035     
    12902098           1   1.0317869355412406     
    12902098           2  0.99858152773513620     
    12902098           3   1.1020882972496258     
    12902098           4   1.0557886690358032     
    12902098           5   1.1145963664259178     
    12902098           6   1.1251768277866836     
    12902098           7   1.0365986480850240     
    12902098           8   1.1436946201253171     
    12902098           9  0.57352035088389297     
    12902098          10  0.84102884845471637     
    12902098          11   1.0325831464524708     
    12902098          12  0.78909826693574081     
    12902098          13   1.0956843781772003     
    12902098          14   1.0002870995927626     
    12902098          15   1.1701368302577333     
    12902098          16  0.95194342353648242     
    12902098          17   1.1054530206438709     
    12902098          18   1.0464749489148373     
    12902098          19  0.71244933171159097     
    12902098          20   1.0087998088399894     
    12902098          21   1.0457858679877869     
    12902098          22  0.94300132509206236     
    12902098          23   1.0343489004456279     
    12902098          24   1.0124283925517141     
    12902098          25   1.0286641675367756     
    12902543           1   1.1276818433439035     
    12902543           2   1.1083984182667077     
    12902543           3   1.1306034166618375     
    12902543           4  0.82968553292977065     
    12902543           5   1.2042756189112425     
    12902543           6   1.1304200385518266     
    12902543           7   1.0219360754242706     
    12902543           8   1.1544875085564741     
    12902543           9  0.73441554153127142     
    12902543          10  0.94837455155332473     
    12902543          11   1.1067795551163948     
    12902543          12   1.1082946648223837     
    12902543          13   1.1847634020815569     
    12902543          14  0.11368467645156254     
    12902543          15   1.1364695149082393     
    12902543          16  0.36616821517959303     
    12902543          17   1.1290151030079338     
    12902543          18   1.0706651491399364     
    12902543          19  0.99589562326756031     
    12902543          20   1.2084173560633724     
    12902543          21  0.68238462696364244     
    12902543          22   1.0902283275388061     
    12902543          23   1.1002573164333755     
    12902543          24   1.0807753744400963     
    12902543          25   1.2359225488549199     
    12902675           1  0.62488098498719480     
    12902675           2   1.1801214651539049     
    12902675           3   1.0619310566805504     
    12902675           4  0.94788054687136336     
    12902675           5   1.1963445287351100     
    12902675           6   1.1087588345833608     
    12902675           7  0.90165015024541784     
    12902675           8   1.0241490578008525     
    12902675           9  0.90309933903261630     
    12902675          10   1.0019869652026578     
    12902675          11   1.1850587415425431     
    12902675          12  0.75557993164326209     
    12902675          13   1.0717689019256704     
    12902675          14   1.2220664573199793     
    12902675          15   1.1608302979269134     
    12902675          16   1.0585275251338691     
    12902675          17  0.85144514187463316     
    12902675          18   1.1304782706323548     
    12902675          19  0.22657960364112245     
    12902675          20   1.0246952684041921     
    12902675          21   1.0703663563904016     
    12902675          22   1.0041288308095804     
    12902675          23   1.0354552371700345     
    12902675          24   1.1054514436206797     
    12902675          25   1.1467650626717336     
    12902948           1  0.91448429404887166     
    12902948           2   1.0297769301531678     
    12902948           3   1.0995837563402466     
    12902948           4  0.75512366931438291     
    12902948           5   1.0837425097305178     
    12902948           6  0.86923366016197379     
    12902948           7  0.93733116750965240     
    12902948           8  0.98096074345917850     
    12902948           9  0.98462239541233876     
    12902948          10   1.0524396102057580     
    12902948          11   1.1541215637299176     
    12902948          12   1.0840804427402848     
    12902948          13   1.1020913778699784     
    12902948          14   1.1363718391049722     
    12902948          15   1.1349407225967236     
    12902948          16   1.0062839413398010     
    12902948          17   1.0821070327368225     
    12902948          18   1.0261723868302621     
    12902948          19  0.97171606841633651     
    12902948          20   1.0286740544434718     
    12902948          21   1.0795124274231882     
    12902948          22  0.78399530928357131     
    12902948          23   1.0959218171719785     
    12902948          24   1.0938163668321939     
    12902948          25  0.51289591314440675     
    12903467           1   1.3118760364953603     
    12903467           2   1.0008120002927889     
    12903467           3   1.1341574926574935     
    12903467           4  0.95070165830883713     
    12903467           5  0.96060157880164454     
    12903467           6  0.98840047671997655     
    12903467           7   1.1151000727360720     
    12903467           8   1.0657665115536707     
    12903467           9   1.1401948945189209     
    12903467          10  0.95626552276355681     
    12903467          11   1.1471704061703065     
    12903467          12   1.0691889903435952     
    12903467          13  0.71604832558413900     
    12903467          14   1.1988929650025912     
    12903467          15  0.60378381198198072     
    12903467          16  0.51604777900545606     
    12903467          17   1.1679291250979325     
    12903467          18   1.0965216119553138     
    12903467          19  0.96956007223929042     
    12903467          20  0.96426175366999878     
    12903467          21   1.0671703508358807     
    12903467          22   1.0949767224478275     
    12903467          23  0.54237630317226582     
    12903467          24   1.0574823793471411     
    12903467          25   1.1647131582979535     
    12903684           1   1.2643776617787414     
    12903684           2   1.0080156161770633     
    12903684           3   1.1595187358383496     
    12903684           4  0.95911556851665059     
    12903684           5   1.0247949893569139     
    12903684           6  0.63371899359349437     
    12903684           7   1.0675961245258019     
    12903684           8  0.96819221839564396     
    12903684           9   1.0957775055303964     
    12903684          10  0.98359316068695057     
    12903684          11   1.0914246232742066     
    12903684          12   1.0448496224619643     
    12903684          13  0.66227044552237424     
    12903684          14   1.2264795681095459     
    12903684          15  0.34533141021251407     
    12903684          16  0.85705973274670977     
    12903684          17   1.0956877492692148     
    12903684          18   1.1941675902140829     
    12903684          19  0.93464352446543708     
    12903684          20   1.0215044193190113     
    12903684          21   1.1077484436996461     
    12903684          22   1.0260371681711780     
    12903684          23  0.77648687076766909     
    12903684          24   1.2234304097524520     
    12903684          25   1.2281778476139811     
    12904104           1  0.97611682010095469     
    12904104           2  0.12076090189505054     
    12904104           3  0.97979433100004898     
    12904104           4  0.97147405285695032     
    12904104           5   1.0644947267619778     
    12904104           6   1.0777590527087630     
    12904104           7  0.98469115908094396     
    12904104           8   1.1946517295135459     
    12904104           9   1.0136820304726923     
    12904104          10  0.96551566463947713     
    12904104          11   1.1143975277764748     
    12904104          12   1.0524448914555864     
    12904104          13   1.1137055669604474     
    12904104          14   1.1494680641204094     
    12904104          15   1.0698161729548015     
    12904104          16  0.94534589430923854     
    12904104          17   1.0698288012812656     
    12904104          18   1.0125232560934310     
    12904104          19  0.96699533446306984     
    12904104          20  0.97348299333330779     
    12904104          21   1.0822812715375898     
    12904104          22   1.1069474817221412     
    12904104          23  0.94325999599733512     
    12904104          24   1.0304271014513831     
    12904104          25   1.0201351775131151     
    12904163           1   1.2017654557294293     
    12904163           2   1.0517380569825234     
    12904163           3  0.90092744350493337     
    12904163           4  0.99886184062066652     
    12904163           5   1.0246690262297229     
    12904163           6  0.99441993695984821     
    12904163           7   1.0341972948346405     
    12904163           8   1.0248561050662985     
    12904163           9   1.1218863973733886     
    12904163          10   1.0461651047485818     
    12904163          11   1.1045239806172551     
    12904163          12   1.0328928559920656     
    12904163          13   1.0815310589298925     
    12904163          14   1.1133919054985133     
    12904163          15   1.0376154584136466     
    12904163          16  0.99742491772563358     
    12904163          17  0.86217340489157879     
    12904163          18   1.0165954850195789     
    12904163          19  0.95231621873252648     
    12904163          20   1.0072789251754624     
    12904163          21   1.0864176788493487     
    12904163          22  0.93384449454805207     
    12904163          23   1.0270274614824424     
    12904163          24  0.29958499673136885     
    12904163          25   1.0478944953426044     
    12904596           1   1.1963721645954297     
    12904596           2   1.0217786650957614     
    12904596           3   1.0654265615532121     
    12904596           4  0.63288723938669189     
    12904596           5   1.0986268631664229     
    12904596           6  0.98336537890876297     
    12904596           7   1.0732170263576559     
    12904596           8   1.0222853037347879     
    12904596           9  0.68584653358778591     
    12904596          10  0.26577125800430518     
    12904596          11   1.1406961837651184     
    12904596          12   1.1281115168928384     
    12904596          13   1.1776584343281320     
    12904596          14   1.0928641728772455     
    12904596          15   1.1310625324633792     
    12904596          16  0.50731536210581207     
    12904596          17   1.1406987716420181     
    12904596          18   1.1631098290719759     
    12904596          19  0.90200570071772235     
    12904596          20  0.98307345846131033     
    12904596          21   1.1576552161171401     
    12904596          22   1.0646870945124192     
    12904596          23   1.1131974548231538     
    12904596          24   1.0937378651604734     
    12904596          25   1.1585494126704443     
    12906217           1   1.2586939358209759     
    12906217           2   1.0034537115024864     
    12906217           3   1.1371511783457540     
    12906217           4  0.95321109986938757     
    12906217           5  0.96313715187434046     
    12906217           6  0.99100942687071181     
    12906217           7   1.1143984367263662     
    12906217           8   1.0685796746049410     
    12906217           9   1.1432045163392119     
    12906217          10  0.92361314487508817     
    12906217          11   1.1501984403270979     
    12906217          12   1.0720111872599487     
    12906217          13  0.71793838374473995     
    12906217          14   1.2020575243643377     
    12906217          15  0.60537754033843527     
    12906217          16  0.51740992214736425     
    12906217          17   1.1710119533024310     
    12906217          18   1.0994159551817444     
    12906217          19  0.97211929186351576     
    12906217          20  0.96680698802271170     
    12906217          21   1.0699872194162285     
    12906217          22   1.0978669878335363     
    12906217          23  0.54380794224088724     
    12906217          24   1.0897508893879733     
    12906217          25   1.1677874977397844     
    12906296           1   1.0643937717296938     
    12906296           2   1.1072455271575179     
    12906296           3   1.0446203133631216     
    12906296           4  0.99149000924285080     
    12906296           5   1.1343645598752568     
    12906296           6   1.1198339913318738     
    12906296           7  0.35572580687639627     
    12906296           8   1.0404943635559094     
    12906296           9  0.98789854268068078     
    12906296          10   1.0574167624163207     
    12906296          11   1.0540439836565239     
    12906296          12  0.91917109288829335     
    12906296          13   1.0986962232409434     
    12906296          14   1.1100069478284189     
    12906296          15   1.1791400676446746     
    12906296          16   1.0974367033939674     
    12906296          17   1.1020958608252049     
    12906296          18   1.0867102585123540     
    12906296          19  0.76811959766342686     
    12906296          20   1.0808699366463026     
    12906296          21  0.96710710256738153     
    12906296          22  0.59381736432483323     
    12906296          23   1.0069237546847074     
    12906296          24   1.0231040815309960     
    12906296          25   1.0092733763623485     
    12907031           1   1.0189546030492220     
    12907031           2  0.76606488512888737     
    12907031           3  0.44622819535639668     
    12907031           4   1.1419433251347380     
    12907031           5   1.0633362285228452     
    12907031           6  0.84123668079365943     
    12907031           7   1.0756986421926742     
    12907031           8  0.95992753785068718     
    12907031           9   1.2380702791977007     
    12907031          10   1.1119518624715707     
    12907031          11   1.0726882437405219     
    12907031          12   1.1069788693151847     
    12907031          13   1.2249693889788222     
    12907031          14   1.1481646304065283     
    12907031          15   1.0132874843016428     
    12907031          16  0.93010077083590781     
    12907031          17   1.0645401470070890     
    12907031          18   1.0660743693176820     
    12907031          19  0.94149836477059312     
    12907031          20   1.0950329877824765     
    12907031          21   1.0608895779597374     
    12907031          22  0.98368360830962731     
    12907031          23  0.66376863019795695     
    12907031          24  0.99409548994911556     
    12907031          25  0.97081519742873035     
    12907174           1   1.0845801535826851     
    12907174           2   1.0091836042122238     
    12907174           3  0.85059469669904642     
    12907174           4   1.0435431228319589     
    12907174           5   1.1725838620314852     
    12907174           6  0.94169722920600041     
    12907174           7  0.95599273684088382     
    12907174           8  0.75881857545260223     
    12907174           9   1.0980137741906855     
    12907174          10   1.0320214154695699     
    12907174          11   1.0476698687025678     
    12907174          12   1.0647337546975923     
    12907174          13   1.1215024196987600     
    12907174          14   1.1025221494769821     
    12907174          15   1.0958250561281861     
    12907174          16   1.0176451388724945     
    12907174          17   1.1440072299480919     
    12907174          18  0.87115844258835884     
    12907174          19  0.97672041566784118     
    12907174          20   1.0422000698583300     
    12907174          21   1.0284321949911319     
    12907174          22   1.1471864442792812     
    12907174          23   1.0738980102550557     
    12907174          24   1.0443177615918899     
    12907174          25  0.27515187272629432     
    12907611           1   1.0542368078968201     
    12907611           2  0.98558688034022124     
    12907611           3   1.0878500730361702     
    12907611           4   1.0470183569579050     
    12907611           5   1.0755665939605017     
    12907611           6   1.1611485460899420     
    12907611           7  0.89886287538979803     
    12907611           8   1.0720408788651190     
    12907611           9   1.1091942202947107     
    12907611          10  0.82202536164302553     
    12907611          11  0.93484450999896185     
    12907611          12   1.0627043944192640     
    12907611          13   1.1132185798755578     
    12907611          14  0.28769906104554166     
    12907611          15   1.1074173287739892     
    12907611          16   1.0737294062830172     
    12907611          17   1.0809561484772199     
    12907611          18   1.0382045366507631     
    12907611          19  0.95995942642108512     
    12907611          20   1.0121718486248796     
    12907611          21  0.98551866872679117     
    12907611          22  0.75134248001045612     
    12907611          23   1.1272186366960606     
    12907611          24   1.0816783468885189     
    12907611          25   1.0698060326336816     
    12907641           1   1.0630787643429502     
    12907641           2   1.1058775784849277     
    12907641           3   1.0186930883203611     
    12907641           4  0.99026507095340743     
    12907641           5   1.1329631069401538     
    12907641           6   1.1184504902163657     
    12907641           7  0.35528632472597216     
    12907641           8   1.0392088827401793     
    12907641           9  0.98667804147569238     
    12907641          10   1.0561103747895082     
    12907641          11   1.0527417629358891     
    12907641          12  0.91803550114684129     
    12907641          13   1.0973388368227561     
    12907641          14   1.1086355875532090     
    12907641          15   1.1776832967200963     
    12907641          16   1.0960808730520617     
    12907641          17   1.1562572204903965     
    12907641          18   1.0853676801779548     
    12907641          19  0.76717062278997528     
    12907641          20   1.0795345737490836     
    12907641          21  0.96591228818813013     
    12907641          22  0.59308373148968918     
    12907641          23   1.0056797487439866     
    12907641          24   1.0218400855735277     
    12907641          25   1.0080264675768871     
    12908661           1   1.0624395676339689     
    12908661           2  0.97458066855713543     
    12908661           3   1.0189764324045589     
    12908661           4  0.97126582771484959     
    12908661           5   1.0844084957284206     
    12908661           6  0.49502861510288237     
    12908661           7   1.0404735307018260     
    12908661           8  0.97708502566598732     
    12908661           9   1.0392837745822938     
    12908661          10   1.1923281600889630     
    12908661          11  0.78868112442260041     
    12908661          12  0.99815382593275781     
    12908661          13   1.0994431840336569     
    12908661          14   1.1304618357569793     
    12908661          15   1.2382211999806541     
    12908661          16  0.99444211000206495     
    12908661          17   1.1069583612085065     
    12908661          18   1.0134122575565767     
    12908661          19   1.0121375338014054     
    12908661          20   1.0187846961958638     
    12908661          21  0.98179287958796402     
    12908661          22  0.81797177155137613     
    12908661          23  0.94085213125211176     
    12908661          24  0.95314345040356341     
    12908661          25   1.0496735401330326     
    12908929           1   1.0576990150953434     
    12908929           2   1.1176481857937934     
    12908929           3  0.33616954212444011     
    12908929           4  0.91435495171615289     
    12908929           5  0.57390741868978734     
    12908929           6  0.94876257930749697     
    12908929           7   1.0837367647574512     
    12908929           8   1.1040684154166960     
    12908929           9   1.1401071762193382     
    12908929          10   1.1270242347134936     
    12908929          11   1.0725497938276902     
    12908929          12   1.0398744896451184     
    12908929          13   1.1574833553123245     
    12908929          14   1.1643363953726953     
    12908929          15   1.1750034532076130     
    12908929          16   1.0530341661306355     
    12908929          17   1.0732346007351203     
    12908929          18   1.0643894366947422     
    12908929          19  0.47676009632895078     
    12908929          20   1.1155776658588836     
    12908929          21   1.0736134172653593     
    12908929          22   1.0955542120060542     
    12908929          23   1.1110918904930340     
    12908929          24  0.86013159448315646     
    12908929          25   1.0638871488046293     
    12910586           1   1.1194433199990783     
    12910586           2   1.1122067291747746     
    12910586           3   1.0419888221415698     
    12910586           4  0.95209551957380933     
    12910586           5   1.1927519799122666     
    12910586           6  0.98271152255617522     
    12910586           7  0.96151671688530727     
    12910586           8   1.1379298749732831     
    12910586           9   1.1440300740720979     
    12910586          10  0.40111275845413108     
    12910586          11  0.66305332849341636     
    12910586          12   1.1137270539148652     
    12910586          13   1.0961835879484463     
    12910586          14   1.2060435337163622     
    12910586          15  0.72809364225982220     
    12910586          16  0.77572651184602059     
    12910586          17   1.1852076336631545     
    12910586          18  0.83959798168854993     
    12910586          19  0.97058832922914839     
    12910586          20   1.0098585798370405     
    12910586          21   1.0668867030728812     
    12910586          22   1.0270918513687517     
    12910586          23   1.0354344861158751     
    12910586          24   1.0314201645010885     
    12910586          25   1.2052992946020886     
    12910628           1  0.93918682937949294     
    12910628           2   1.1190451954899459     
    12910628           3  0.67894656469317705     
    12910628           4  0.35560428246371889     
    12910628           5   1.1952174822365647     
    12910628           6   1.1774276630481233     
    12910628           7  0.97248185397583709     
    12910628           8   1.0091378534748014     
    12910628           9   1.2155236553401003     
    12910628          10  0.99957963263696947     
    12910628          11  0.65714083145979107     
    12910628          12   1.1513354366854422     
    12910628          13   1.1350955886875989     
    12910628          14   1.3138440005035799     
    12910628          15   1.1322002757230807     
    12910628          16   1.0831497560051224     
    12910628          17   1.1153273079157442     
    12910628          18  0.75388317491320511     
    12910628          19  0.89858763392769780     
    12910628          20   1.0932029636375735     
    12910628          21   1.0362445774757345     
    12910628          22   1.1083258021171496     
    12910628          23   1.1437179761923018     
    12910628          24  0.62285464371697352     
    12910628          25   1.0929390183002716     
    12910655           1   1.0526807968479905     
    12910655           2   1.0684706252655254     
    12910655           3  0.98240773223657307     
    12910655           4  0.96125949472790206     
    12910655           5  0.25078217077725706     
    12910655           6   1.0870679141037232     
    12910655           7  0.92020842692029770     
    12910655           8   1.0490762065405337     
    12910655           9   1.1038143356454104     
    12910655          10   1.0171113743721205     
    12910655          11   1.0233486926836037     
    12910655          12   1.1119814983390617     
    12910655          13   1.0456946611993609     
    12910655          14   1.1244917248365016     
    12910655          15   1.0783850953799645     
    12910655          16  0.98100227524266959     
    12910655          17   1.1242744684868480     
    12910655          18   1.1325805674399307     
    12910655          19  0.92044220065196869     
    12910655          20  0.96259378845663568     
    12910655          21  0.95986236893852150     
    12910655          22   1.0583652100814187     
    12910655          23  0.96328875066391739     
    12910655          24  0.82978905901237365     
    12910655          25   1.1910205611498939     
    12912476           1   1.0480314093106067     
    12912476           2   1.0211596779244312     
    12912476           3  0.88551677797046713     
    12912476           4  0.87052099502656288     
    12912476           5  0.81689213614247369     
    12912476           6   1.2016757841746946     
    12912476           7  0.93635281090370870     
    12912476           8   1.0250457070227696     
    12912476           9   1.2106667264793054     
    12912476          10   1.0283507196410124     
    12912476          11   1.1104706780574589     
    12912476          12   1.0898239774446086     
    12912476          13   1.3287135647305444     
    12912476          14   1.1156419960512873     
    12912476          15   1.1144512524002959     
    12912476          16  0.26482510021237154     
    12912476          17   1.1235149913251996     
    12912476          18   1.0687686980858100     
    12912476          19   1.0123755778359114     
    12912476          20  0.99591424270156570     
    12912476          21  0.91751087544222842     
    12912476          22   1.0340407008599033     
    12912476          23   1.0424397781862782     
    12912476          24  0.61408441747679454     
    12912476          25   1.1232114045937029     
    12913205           1   1.1268080517860244     
    12913205           2   1.0647352173510205     
    12913205           3  0.45370354981579047     
    12913205           4   1.0867288116059624     
    12913205           5   1.1609072780591687     
    12913205           6   1.0906296546193666     
    12913205           7   1.0371882720921533     
    12913205           8   7.0850408636760828E-002
    12913205           9   1.1782392835387676     
    12913205          10   1.0058682908360577     
    12913205          11   1.1149717365504728     
    12913205          12   1.0388776018532917     
    12913205          13   1.1657049794864403     
    12913205          14   1.1664492056384319     
    12913205          15   1.2829761895362464     
    12913205          16   1.0291332772379025     
    12913205          17   1.2229759050665925     
    12913205          18  0.97952089369587403     
    12913205          19   1.0213954176693232     
    12913205          20   1.0711724481979727     
    12913205          21   1.0425918532204468     
    12913205          22   1.1328746019693723     
    12913205          23   1.1000405656715879     
    12913205          24   1.2125200988400664     
    12913205          25  0.14313640702489866     
    12913302           1   1.1517019308917882     
    12913302           2   1.0586297984195649     
    12913302           3   1.1205357675732341     
    12913302           4  0.94135825235920434     
    12913302           5   1.0630535833039703     
    12913302           6   1.1876834363066762     
    12913302           7  0.96920847307649383     
    12913302           8   1.0279195229277647     
    12913302           9  0.88588064873537642     
    12913302          10  0.93579469808274718     
    12913302          11   1.0416864551048195     
    12913302          12   1.1350870435086926     
    12913302          13  0.68501599274396363     
    12913302          14   1.1214952749137745     
    12913302          15   1.1739041836266830     
    12913302          16  0.94913932773529142     
    12913302          17   1.1406571194835220     
    12913302          18   1.1410052080586970     
    12913302          19   1.0335806576715960     
    12913302          20   1.0192046825586116     
    12913302          21  0.99800202559029083     
    12913302          22   1.0151260570684306     
    12913302          23  0.31500085824709401     
    12913302          24  0.83398308044189962     
    12913302          25   1.0553459215698127     
    12913454           1  0.96088346142670544     
    12913454           2   1.0214431344614552     
    12913454           3  0.77664196249707551     
    12913454           4   1.0341236172384167     
    12913454           5   1.0854967817003556     
    12913454           6   1.1080954421790767     
    12913454           7  0.92708381618562730     
    12913454           8   1.0181180301863237     
    12913454           9   1.1929452924706896     
    12913454          10  0.92096964517103386     
    12913454          11  0.32106023922539589     
    12913454          12   1.2133683733869198     
    12913454          13   1.1955299271658646     
    12913454          14   1.1297687188319911     
    12913454          15  0.93428757014887809     
    12913454          16  0.87196620918258494     
    12913454          17   1.2016497286383920     
    12913454          18  0.50746238405890820     
    12913454          19   1.1575238283444214     
    12913454          20   1.2170317096390706     
    12913454          21   1.1482040465963939     
    12913454          22  0.78640812934452364     
    12913454          23   1.1046254686333359     
    12913454          24   1.0614714995461276     
    12913454          25   1.1038409837404315     
    12914054           1   1.0981480128346635     
    12914054           2  0.90155027438950841     
    12914054           3   1.0943851152085184     
    12914054           4  0.96205471167319079     
    12914054           5   1.0609190426476396     
    12914054           6   1.0804367928981888     
    12914054           7  0.75555383416150412     
    12914054           8   1.0332951958372667     
    12914054           9   1.1280673774676313     
    12914054          10  0.61636462368779565     
    12914054          11   1.1369721253421077     
    12914054          12  0.91208076876407973     
    12914054          13   1.0754376981915634     
    12914054          14   1.0732450903543571     
    12914054          15   1.0929687225800631     
    12914054          16   1.0926119528727576     
    12914054          17   1.0005815013442851     
    12914054          18  0.96086139240693658     
    12914054          19  0.66043519248496829     
    12914054          20   1.1362086191594643     
    12914054          21   1.0381575398322549     
    12914054          22   1.1745402087297552     
    12914054          23  0.92116267539748520     
    12914054          24  0.96819020747763607     
    12914054          25   1.0257713242563764     
    12914212           1  0.94584223070878537     
    12914212           2   1.1203716234661096     
    12914212           3  0.59626603012181612     
    12914212           4  0.43231686717549778     
    12914212           5   1.1130039977606190     
    12914212           6   1.1028540789446195     
    12914212           7  0.98069978263343949     
    12914212           8   1.0931456342365677     
    12914212           9   1.1020299781565794     
    12914212          10   1.0346190164816447     
    12914212          11  0.85768639922478607     
    12914212          12   1.1459496808386784     
    12914212          13   1.1710840940494129     
    12914212          14   1.2227510279453173     
    12914212          15   1.1542272359575894     
    12914212          16  0.93998099384249112     
    12914212          17   1.1816673243221067     
    12914212          18  0.91792524059630065     
    12914212          19  0.81628183927356901     
    12914212          20   1.0367482952992348     
    12914212          21  0.93435105253633510     
    12914212          22   1.0452238737571260     
    12914212          23   1.0655524947881247     
    12914212          24  0.81451132181951835     
    12914212          25   1.1749098860637324     
    12914482           1   1.0280705469760989     
    12914482           2  0.82417967862340347     
    12914482           3  0.79952007650162471     
    12914482           4  0.99219886808950086     
    12914482           5   1.0724774582554328     
    12914482           6   1.1231036530638727     
    12914482           7  0.93823679622959499     
    12914482           8  0.99553958594324221     
    12914482           9   1.1204619211981413     
    12914482          10   1.0434015811268247     
    12914482          11   1.0790660286510076     
    12914482          12   1.0699479876345674     
    12914482          13   1.0928307547589533     
    12914482          14  0.44242688791743179     
    12914482          15   1.2105682589854769     
    12914482          16  0.96724840115373367     
    12914482          17   1.0776292904136815     
    12914482          18   1.0638317035045153     
    12914482          19  0.99209173123586381     
    12914482          20  0.97619331095499429     
    12914482          21  0.97671895424247701     
    12914482          22   1.0278280336846417     
    12914482          23   1.0374590097310581     
    12914482          24   1.0225695231930145     
    12914482          25   1.0263999579308505     
    12914581           1   1.0210659193805394     
    12914581           2   1.0137340884790043     
    12914581           3  0.94333018463804530     
    12914581           4   1.0793520815149604     
    12914581           5   1.0579747770342331     
    12914581           6   1.1410033518480078     
    12914581           7  0.98619062770835275     
    12914581           8   1.0800931976008119     
    12914581           9   1.1227323337986324     
    12914581          10  0.90269126617686923     
    12914581          11  0.85084225555484239     
    12914581          12   1.0833291759051116     
    12914581          13   1.1183132302716627     
    12914581          14   1.0601225258899059     
    12914581          15  0.75925551739113140     
    12914581          16  0.77258198285921065     
    12914581          17   1.0262677716979158     
    12914581          18   1.0878486891387176     
    12914581          19   1.0082582409854401     
    12914581          20   1.0009469312406958     
    12914581          21   1.1139229170181466     
    12914581          22  0.66653935870022163     
    12914581          23   1.0874173717615010     
    12914581          24  0.98571418591668480     
    12914581          25   1.0304720174893574     
    12914673           1   1.1386434382449064     
    12914673           2   1.0893853808179907     
    12914673           3  0.82531070360917846     
    12914673           4  0.96481528469259858     
    12914673           5   1.2390283501702608     
    12914673           6   1.1020775047739060     
    12914673           7  0.97692096228411240     
    12914673           8  0.71116269873137972     
    12914673           9   1.1930706788939420     
    12914673          10   1.0051814346583146     
    12914673          11   1.0732375415384827     
    12914673          12  0.99077806459299866     
    12914673          13  0.69250587125034935     
    12914673          14  0.98977007354440660     
    12914673          15   1.2629848035943658     
    12914673          16   1.0839258553043396     
    12914673          17   1.0969751635308429     
    12914673          18   1.0653161869058903     
    12914673          19  0.92870778573374335     
    12914673          20   1.0001630128798480     
    12914673          21  0.98930799419371840     
    12914673          22   1.1269056581654917     
    12914673          23   1.0646605214582372     
    12914673          24   1.0775899185135236     
    12914673          25  0.31157511191717641     
    12915069           1   1.0466482056351223     
    12915069           2   1.0986318789553617     
    12915069           3   1.0356644672988045     
    12915069           4  0.72548755930806719     
    12915069           5   1.0468927140967830     
    12915069           6   1.1362839126887019     
    12915069           7   1.0734786944210837     
    12915069           8   1.0333251179087404     
    12915069           9   1.0478170132351639     
    12915069          10  0.33295060304333796     
    12915069          11   1.0670360011594384     
    12915069          12   1.0658892911242566     
    12915069          13   1.0582025160328019     
    12915069          14  0.82963666541482162     
    12915069          15   1.1985656422165973     
    12915069          16   1.0678801408149292     
    12915069          17   1.0838902525429082     
    12915069          18  0.96135020260061887     
    12915069          19  0.97514774349632716     
    12915069          20   1.0592622828935701     
    12915069          21  0.84788698827273512     
    12915069          22   1.0568868352164769     
    12915069          23  0.96522243360913251     
    12915069          24   1.0439706707106702     
    12915069          25   1.1419921673035431     
    12915215           1   1.1372322076642449     
    12915215           2   1.0175741500550373     
    12915215           3   1.0557131523546164     
    12915215           4   1.0126067331294655     
    12915215           5   1.0771984830428523     
    12915215           6   1.1958076735900709     
    12915215           7  0.95384975802365557     
    12915215           8   1.1724774242931266     
    12915215           9  0.66597047792615638     
    12915215          10  0.66978811561214180     
    12915215          11   1.0450924583544419     
    12915215          12   1.0944035744673974     
    12915215          13   1.1106370138630515     
    12915215          14  0.47685231214704338     
    12915215          15   1.1477858964647276     
    12915215          16  0.76875797119717804     
    12915215          17   1.0395944813243305     
    12915215          18   1.2142763292648744     
    12915215          19  0.97101238153497527     
    12915215          20  0.98326149334535085     
    12915215          21  0.95159394440498046     
    12915215          22   1.0970695058926214     
    12915215          23   1.0530655373428750     
    12915215          24   1.0521373391409772     
    12915215          25   1.0362415855638012     
    12915599           1   1.0325145860074185     
    12915599           2   1.0364760428331461     
    12915599           3  0.70877204098590818     
    12915599           4   1.0423960145483799     
    12915599           5   1.1170709382036257     
    12915599           6  0.44369558391827940     
    12915599           7  0.94776746512771193     
    12915599           8  0.95392671181982081     
    12915599           9   1.1560452126485161     
    12915599          10   1.0322551521215366     
    12915599          11   1.0591203994644256     
    12915599          12  0.87908404034546217     
    12915599          13   1.0792842325929408     
    12915599          14   1.0812083730103970     
    12915599          15   1.3565976853940613     
    12915599          16   1.1505292313005777     
    12915599          17   1.2315166247164191     
    12915599          18  0.21008989840718845     
    12915599          19  0.99327107846208051     
    12915599          20   1.1125972783650435     
    12915599          21   1.0132749862133277     
    12915599          22   1.2320610232556932     
    12915599          23   1.0422410819649539     
    12915599          24   1.0519632531858292     
    12915599          25   1.0362410651072615     
    12915921           1   1.0892209649686477     
    12915921           2   1.1523058828835597     
    12915921           3   1.0180300171828045     
    12915921           4   1.1089347506761209     
    12915921           5   1.0498779359398844     
    12915921           6  0.89690070235491171     
    12915921           7   1.0360753327654206     
    12915921           8   1.0092436861576120     
    12915921           9   1.1309899644844716     
    12915921          10  0.96222449388825471     
    12915921          11   1.0481964648280648     
    12915921          12   1.0196228559780891     
    12915921          13   1.1937176160901002     
    12915921          14   1.1376544689187877     
    12915921          15   1.0834229886281903     
    12915921          16   1.0122280016528140     
    12915921          17  0.90055516648651990     
    12915921          18  0.71008458842687383     
    12915921          19  0.72277177923807945     
    12915921          20   1.0769991637195846     
    12915921          21   1.0754727058941023     
    12915921          22   1.0227540451664299     
    12915921          23   1.0595703533761367     
    12915921          24  0.39854836759916606     
    12915921          25   1.0845977026953753     
    12916082           1   1.2224203410112271     
    12916082           2  0.69467510187724102     
    12916082           3   1.0399810627291610     
    12916082           4  0.76968355242900144     
    12916082           5   1.1131938308051110     
    12916082           6   1.0564464695700335     
    12916082           7   1.0424062177511433     
    12916082           8   1.0330035800628123     
    12916082           9   1.0763020892197872     
    12916082          10   1.0436554636885278     
    12916082          11   1.1330323182879687     
    12916082          12   1.1652421257281182     
    12916082          13   1.2351752624873149     
    12916082          14   1.1017561484909590     
    12916082          15  0.94282189908992198     
    12916082          16  0.42393185532820121     
    12916082          17   1.1080542630413408     
    12916082          18   1.1046061948198158     
    12916082          19  0.50499296626598689     
    12916082          20  0.96480362600628822     
    12916082          21   1.0962414672337877     
    12916082          22  0.91929014915974194     
    12916082          23   1.0872185177843872     
    12916082          24   1.0346351426474805     
    12916082          25   1.0864303544846385     
    12916113           1   1.0427375919300546     
    12916113           2   1.0480391229769828     
    12916113           3  0.80398030064406989     
    12916113           4  0.99018375550831472     
    12916113           5   1.1477515911239482     
    12916113           6   1.0824062788396007     
    12916113           7  0.90060246160405533     
    12916113           8   1.0640299459302476     
    12916113           9   1.1979177771131533     
    12916113          10   1.1714893884341329     
    12916113          11   1.1471592446582168     
    12916113          12  0.28803766738123204     
    12916113          13  0.69051844654662409     
    12916113          14  0.91184946879061257     
    12916113          15   1.2210683085760581     
    12916113          16   1.0347607772446490     
    12916113          17   1.0739172488562765     
    12916113          18   1.0053908801529921     
    12916113          19  0.95396585549432511     
    12916113          20  0.99568699331262611     
    12916113          21   1.0124628129611231     
    12916113          22   1.0952528405110611     
    12916113          23   1.0819297963653680     
    12916113          24   1.0764092056814634     
    12916113          25  0.96245223936280511     
    12916300           1   1.2637469038304892     
    12916300           2   1.0075127491294349     
    12916300           3   1.1589402886853457     
    12916300           4  0.95863709615319281     
    12916300           5   1.0242837516117322     
    12916300           6  0.66964637310826802     
    12916300           7   1.0670635346506212     
    12916300           8  0.96204502701889572     
    12916300           9   1.0952308568572799     
    12916300          10  0.98310247722843613     
    12916300          11   1.0908801461161082     
    12916300          12   1.0443283800958434     
    12916300          13  0.66194005978397219     
    12916300          14   1.2258677163192622     
    12916300          15  0.34515913531526043     
    12916300          16  0.85663217280564241     
    12916300          17   1.0951411453726527     
    12916300          18   1.1935718578456282     
    12916300          19  0.93417726042925520     
    12916300          20   1.0209948231349455     
    12916300          21   1.1071958231048273     
    12916300          22   1.0247284644041610     
    12916300          23  0.77609950607414757     
    12916300          24   1.2055093023187304     
    12916300          25   1.2275651486058696     
    12916442           1  0.95782899205495187     
    12916442           2   1.0181961571801852     
    12916442           3  0.77417316249947365     
    12916442           4   1.0308363310666140     
    12916442           5   1.0820461898170091     
    12916442           6   1.1045730133674805     
    12916442           7  0.92413678958431311     
    12916442           8   1.0148816227915947     
    12916442           9   1.1891531418048646     
    12916442          10  0.91804205437941711     
    12916442          11  0.37229384674679850     
    12916442          12   1.2095113015546479     
    12916442          13   1.1917295604282365     
    12916442          14   1.1261773947147942     
    12916442          15  0.93131764415682006     
    12916442          16  0.86919439117751940     
    12916442          17   1.1978299081928905     
    12916442          18  0.50584925575391737     
    12916442          19   1.1538442759088916     
    12916442          20   1.2131629927438647     
    12916442          21   1.1445541200094123     
    12916442          22  0.78390828452336880     
    12916442          23   1.1011140702206816     
    12916442          24   1.0580972795553507     
    12916442          25   1.1275482197668996     
    12916745           1   1.0302259195104440     
    12916745           2   1.0196272896903458     
    12916745           3  0.76130656051833845     
    12916745           4  0.94242385163921860     
    12916745           5   1.1319566378801857     
    12916745           6   1.0876413432997512     
    12916745           7  0.95589804392547351     
    12916745           8   1.1007446846618656     
    12916745           9   1.0120872831199421     
    12916745          10   1.0056518937096426     
    12916745          11  0.90737340997757787     
    12916745          12  0.99741388429242095     
    12916745          13   1.2341923909093391     
    12916745          14   1.1856194663600623     
    12916745          15   1.1334428233222615     
    12916745          16   1.0304379471960765     
    12916745          17   1.2067504075943853     
    12916745          18   1.0869816947592212     
    12916745          19  0.97397910420951661     
    12916745          20   1.0595332310793351     
    12916745          21  0.98945462057536804     
    12916745          22  0.57278772052339122     
    12916745          23   1.0557953055887319     
    12916745          24  0.41401899611396303     
    12916745          25   1.1046554895431375     
    12917133           1   1.0398335726546648     
    12917133           2   1.0593897946699413     
    12917133           3  0.91310718579770078     
    12917133           4   1.0113546722885585     
    12917133           5   1.0856364021954730     
    12917133           6   1.1057378921385579     
    12917133           7   1.0179001046562084     
    12917133           8  0.27766167617879245     
    12917133           9   1.1549349205484103     
    12917133          10  0.64935806924962491     
    12917133          11   1.0648501416999203     
    12917133          12   1.0838088650663451     
    12917133          13   1.0776305547756730     
    12917133          14   1.1310306637872354     
    12917133          15   1.1098160560443031     
    12917133          16  0.90852420489781605     
    12917133          17   1.1221693305420339     
    12917133          18   1.0990484932686664     
    12917133          19  0.99715785903721110     
    12917133          20  0.98839541635601480     
    12917133          21   1.1528798264176359     
    12917133          22  0.98289892796707146     
    12917133          23   1.0400034707412309     
    12917133          24   1.1599905208467700     
    12917133          25  0.76688137817414170     
    12917135           1  0.99133038042352817     
    12917135           2   1.0555355276609473     
    12917135           3  0.57765171023098161     
    12917135           4  0.99233534504094068     
    12917135           5   1.1625512342966100     
    12917135           6   1.1026260954196707     
    12917135           7  0.94855927203149581     
    12917135           8   1.0566648879480862     
    12917135           9  0.66158650368527139     
    12917135          10   1.0611806148294127     
    12917135          11   1.0742533693174503     
    12917135          12  0.86510800945165589     
    12917135          13  0.64071339162213747     
    12917135          14   1.1039586822602767     
    12917135          15   1.1552688844703338     
    12917135          16   1.0590721055892598     
    12917135          17   1.1517114203331817     
    12917135          18   1.1276663421118895     
    12917135          19  0.80902607413085592     
    12917135          20   1.0508994361423800     
    12917135          21   1.0522419096760618     
    12917135          22   1.0585653038169716     
    12917135          23   1.1171824479177155     
    12917135          24   1.0743473255393039     
    12917135          25   1.0499637260535806     
    12917426           1   1.1134064975606910     
    12917426           2   1.0637480967237398     
    12917426           3  0.83910041279080427     
    12917426           4  0.97523581971680051     
    12917426           5   1.0788695029911921     
    12917426           6   1.0946728504191801     
    12917426           7  0.92873255599779247     
    12917426           8   1.0608556654858898     
    12917426           9   1.1177866359382342     
    12917426          10   1.0679177251087417     
    12917426          11   1.1160999359473684     
    12917426          12   1.0343315653235750     
    12917426          13   1.1245936216506247     
    12917426          14  0.98436798947062099     
    12917426          15   1.1454874163144175     
    12917426          16  0.65545636689002207     
    12917426          17   1.1216559446462604     
    12917426          18   1.0417139710952623     
    12917426          19  0.33012755872652050     
    12917426          20   1.0022135759317019     
    12917426          21   1.0974699660242866     
    12917426          22  0.92691667034470493     
    12917426          23   1.0455324217065480     
    12917426          24  0.98637922235681763     
    12917426          25   1.0473280108381950     
    12917439           1   1.0066680576343421     
    12917439           2   1.0841550510063989     
    12917439           3   1.0806176898871209     
    12917439           4  0.94439801599356821     
    12917439           5   1.1272677520967482     
    12917439           6   1.1964784309030028     
    12917439           7  0.88286894270611871     
    12917439           8   1.0338725359640009     
    12917439           9   1.0130044277282064     
    12917439          10   1.0358501563984719     
    12917439          11   1.0570710240100960     
    12917439          12  0.95622819603490417     
    12917439          13   1.1617061639114314     
    12917439          14   1.1412073692752700     
    12917439          15   1.1967802505235490     
    12917439          16   1.0805749456589318     
    12917439          17   1.1002990720061381     
    12917439          18   1.0531941093679220     
    12917439          19  0.25270373158076143     
    12917439          20  0.99960109819244602     
    12917439          21   1.1333001116893469     
    12917439          22  0.36613215109797309     
    12917439          23   1.0334619410867918     
    12917439          24   1.0503869323254094     
    12917439          25   1.0121718429210558     
    12917463           1   1.0610282483637532     
    12917463           2   1.1104771131294195     
    12917463           3  0.28148632220423075     
    12917463           4  0.84137724544324743     
    12917463           5  0.70766910441573938     
    12917463           6  0.85218535076146806     
    12917463           7   1.0597204592036007     
    12917463           8   1.1075436018797133     
    12917463           9   1.2008355344139749     
    12917463          10   1.1305716773441115     
    12917463          11   1.0643668393058365     
    12917463          12   1.0431476181027306     
    12917463          13   1.1611266716425270     
    12917463          14   1.1680012824603938     
    12917463          15   1.1787019161267283     
    12917463          16   1.0648442585216058     
    12917463          17   1.0766127341044267     
    12917463          18   1.0618319228585746     
    12917463          19  0.47826075535490759     
    12917463          20   1.0997895413377092     
    12917463          21   1.1240112392994774     
    12917463          22   1.0990025990026397     
    12917463          23   1.0666986579681708     
    12917463          24  0.89530187185498200     
    12917463          25   1.0654074349000275     
    12917746           1   1.0902816740217318     
    12917746           2   1.1534280255168792     
    12917746           3   1.0190213988126726     
    12917746           4   1.0315410689230757     
    12917746           5   1.0509003318238239     
    12917746           6  0.89777412540248647     
    12917746           7   1.0912122865520397     
    12917746           8   1.0102265114511979     
    12917746           9   1.1320913491739504     
    12917746          10  0.96316153078397382     
    12917746          11   1.0492172232557966     
    12917746          12   1.0206157887519258     
    12917746          13   1.1948800864454601     
    12917746          14   1.1387623436597945     
    12917746          15   1.0844780514752319     
    12917746          16   1.0132137331431816     
    12917746          17  0.90143214833741669     
    12917746          18  0.71077608553868488     
    12917746          19  0.72347563143539140     
    12917746          20   1.0780479708944943     
    12917746          21   1.0765200265683967     
    12917746          22   1.0237500271661131     
    12917746          23   1.0606021879646657     
    12917746          24  0.39893648339495086     
    12917746          25   1.0856539095066682     
    12918069           1   1.0762368482139411     
    12918069           2   1.0486419238288680     
    12918069           3   1.0358595256157654     
    12918069           4   1.0445085911006298     
    12918069           5   1.1538770044619795     
    12918069           6   1.1204176072650933     
    12918069           7   1.0023978242900113     
    12918069           8   1.0315921380693824     
    12918069           9   1.1099762043863506     
    12918069          10  0.78607979779430170     
    12918069          11  0.27361296794072665     
    12918069          12   1.0888508824942493     
    12918069          13  0.79674583151339418     
    12918069          14   1.0801670030003332     
    12918069          15  0.95474828614761020     
    12918069          16   1.0950423415446517     
    12918069          17   1.3482479432496790     
    12918069          18   1.0654206905118486     
    12918069          19   1.1050722998629574     
    12918069          20  0.89995345805812410     
    12918069          21  0.77427125523282070     
    12918069          22  0.84234726656929149     
    12918069          23  0.97741865783940352     
    12918069          24   1.1383393892222589     
    12918069          25   1.1501742617863298     
    12918175           1   1.0257956273062121     
    12918175           2   1.0555081786424914     
    12918175           3  0.64045644796519141     
    12918175           4  0.91568111345772152     
    12918175           5   1.1822369871544054     
    12918175           6   1.0418489477913939     
    12918175           7   1.0073364282757404     
    12918175           8   1.0311180240877966     
    12918175           9  0.97292991107448790     
    12918175          10   1.0562389246504946     
    12918175          11  0.68007717253330724     
    12918175          12  0.94150528151197566     
    12918175          13   1.1615753558124498     
    12918175          14   1.1154064555600696     
    12918175          15   1.1199029118489141     
    12918175          16   1.0686683358634996     
    12918175          17   1.1941330455512777     
    12918175          18   1.0312943040471567     
    12918175          19  0.99440108657215509     
    12918175          20   1.0866268873909903     
    12918175          21   1.2205976012534445     
    12918175          22  0.96682150788519006     
    12918175          23   1.0683751394879761     
    12918175          24  0.36504670929696342     
    12918175          25   1.0564176149786932     
    12918199           1   1.3113274314095413     
    12918199           2   1.0003934770954477     
    12918199           3   1.1336832065578299     
    12918199           4  0.95030409043631292     
    12918199           5  0.96019987094441117     
    12918199           6  0.98798714381864305     
    12918199           7   1.1109998540113610     
    12918199           8   1.0653208254428885     
    12918199           9   1.1397180836766183     
    12918199          10  0.92079640037323385     
    12918199          11   1.1466906782832058     
    12918199          12   1.0687418730082019     
    12918199          13  0.71574888589458041     
    12918199          14   1.1983916075879759     
    12918199          15  0.60353131947447713     
    12918199          16  0.51583197627088950     
    12918199          17   1.1674407162543523     
    12918199          18   1.0960630645649396     
    12918199          19  0.96915461808673298     
    12918199          20  0.96385851518754473     
    12918199          21   1.0667240776624887     
    12918199          22   1.0945188211049590     
    12918199          23  0.54214949027983506     
    12918199          24   1.0864274743379529     
    12918199          25   1.1839964982355753     
    12918204           1   1.0532102912463011     
    12918204           2   1.0692814441619161     
    12918204           3  0.98315324150413952     
    12918204           4  0.94328681459808694     
    12918204           5  0.25097247916584153     
    12918204           6   1.0878928457261499     
    12918204           7  0.92090673566507919     
    12918204           8   1.0498723078014418     
    12918204           9   1.1046519754459674     
    12918204          10   1.0178832188220979     
    12918204          11   1.0241252703807384     
    12918204          12   1.1128253358671794     
    12918204          13   1.0464881963430572     
    12918204          14   1.1253450558666420     
    12918204          15   1.0792034379644442     
    12918204          16  0.98174671796609170     
    12918204          17   1.1251276346499819     
    12918204          18   1.1334400367637010     
    12918204          19  0.92114068679812622     
    12918204          20  0.96332426172821972     
    12918204          21  0.96059076944693644     
    12918204          22   1.0591683603892743     
    12918204          23  0.96401975131405226     
    12918204          24  0.83041875217674910     
    12918204          25   1.1919243782077846     
    12918235           1   1.1065319296432528     
    12918235           2   1.0261591534604861     
    12918235           3  0.88091799918005398     
    12918235           4  0.97122148147094034     
    12918235           5   1.0903784688521863     
    12918235           6  0.87618098713619519     
    12918235           7   1.0521064755077640     
    12918235           8   1.0284813268911421     
    12918235           9   1.0739727843840798     
    12918235          10   1.0267533668035118     
    12918235          11  0.87687779307251024     
    12918235          12   1.0465152451151938     
    12918235          13   1.0713286229513925     
    12918235          14   1.1102654391178903     
    12918235          15   1.1034973927990275     
    12918235          16   1.0152824075170530     
    12918235          17   1.0819157533559434     
    12918235          18   1.1644684636989302     
    12918235          19  0.94097737854555386     
    12918235          20   1.1514487966519584     
    12918235          21   1.0258494712347537     
    12918235          22   1.0723521803542213     
    12918235          23   1.0097539753372673     
    12918235          24  0.11013660317446233     
    12918235          25   1.0866265037442329     
    12918384           1   1.0078913803291711     
    12918384           2   1.0051122473652339     
    12918384           3   1.0921495631009015     
    12918384           4  0.98167376305914000     
    12918384           5  0.81045748164456721     
    12918384           6   1.0947727820490849     
    12918384           7  0.97095769375157970     
    12918384           8   1.0601151536801405     
    12918384           9   1.1339640879214301     
    12918384          10   1.0158665473271025     
    12918384          11  0.96342933004769393     
    12918384          12   1.1146885819540464     
    12918384          13  0.73568373169240819     
    12918384          14   1.2493846483634894     
    12918384          15  0.80742717657409901     
    12918384          16   1.0196471881469613     
    12918384          17   1.1052627193225553     
    12918384          18  0.99191659505779961     
    12918384          19   1.0958224601986659     
    12918384          20  0.33179442783905011     
    12918384          21   1.0576323743943215     
    12918384          22   1.2022004899321039     
    12918384          23  0.97961515975829894     
    12918384          24   1.0646638590369755     
    12918384          25   1.1078705574531846     
    12918396           1   1.0218589340739317     
    12918396           2   1.2005788915495055     
    12918396           3  0.94505599719481981     
    12918396           4  0.78749684916404172     
    12918396           5  0.79043398496817707     
    12918396           6   1.1266099619113272     
    12918396           7   1.0570776454147439     
    12918396           8   1.0417972074437054     
    12918396           9   1.0811680068831928     
    12918396          10  0.94893927888242657     
    12918396          11  0.48813212347606916     
    12918396          12   1.0381372018062662     
    12918396          13   1.1366772924156356     
    12918396          14   1.0504491341823594     
    12918396          15   1.1813173916160866     
    12918396          16   1.0504244394296911     
    12918396          17   1.2484007486731978     
    12918396          18  0.92329796247183449     
    12918396          19  0.94168508604575085     
    12918396          20   1.0292436810901759     
    12918396          21  0.64916305657578888     
    12918396          22   1.0338422737303530     
    12918396          23   1.1517685804154929     
    12918396          24   1.0495845156325898     
    12918396          25   1.0268597549528307     
    12918399           1   1.0422024361802635     
    12918399           2   1.0475012463654481     
    12918399           3  0.80356768036075199     
    12918399           4  0.98967557153737995     
    12918399           5   1.1471625398918113     
    12918399           6   1.0818507642516413     
    12918399           7  0.90014025271340692     
    12918399           8   1.0634838624784555     
    12918399           9   1.1973029794966097     
    12918399          10   1.1708881544449763     
    12918399          11   1.1465704974312483     
    12918399          12  0.28788984014737340     
    12918399          13  0.70299460442993067     
    12918399          14  0.91138148768976435     
    12918399          15   1.2204416296001783     
    12918399          16   1.0342297153707065     
    12918399          17   1.0733660910242648     
    12918399          18   1.0048748915529211     
    12918399          19  0.95347625934221247     
    12918399          20  0.99517598495962611     
    12918399          21   1.0119431948903841     
    12918399          22   1.0946907327865381     
    12918399          23   1.0813745263186409     
    12918399          24   1.0758567689226790     
    12918399          25  0.96195828781278869     
    12918451           1   1.0629341947174520     
    12918451           2   1.0972762077981009     
    12918451           3  0.65510228883291222     
    12918451           4   1.1821037367284595     
    12918451           5   1.0673108387880221     
    12918451           6   1.2457720755595485     
    12918451           7   1.1086125300054033     
    12918451           8   1.0436103653437485     
    12918451           9   1.0390225718275270     
    12918451          10  0.92561343176782718     
    12918451          11   1.0876654580711558     
    12918451          12  0.97306230462693921     
    12918451          13   1.2825071834968278     
    12918451          14  0.99760141680936099     
    12918451          15   1.1624788757173325     
    12918451          16   1.0352666717674661     
    12918451          17   1.1172513713252721     
    12918451          18  0.75297728568243383     
    12918451          19  0.93802361896720088     
    12918451          20   1.0311479657092739     
    12918451          21   1.0485212491003744     
    12918451          22   1.0085736611154894     
    12918451          23  0.83274558624512307     
    12918451          24  0.21978732281323216     
    12918451          25   1.0850317871835202     
    12918698           1   1.0682799403044099     
    12918698           2   1.0805648307914946     
    12918698           3  0.37459460296857366     
    12918698           4   1.0106749890234554     
    12918698           5   1.1968699292156626     
    12918698           6   1.1346413787298004     
    12918698           7  0.98022904127260346     
    12918698           8   1.0061867929243045     
    12918698           9  0.80527696598663212     
    12918698          10   1.0713291155950619     
    12918698          11   1.0795435549505445     
    12918698          12  0.86004759801886799     
    12918698          13  0.76300722984268943     
    12918698          14   1.0967580029042845     
    12918698          15   1.0871233037891608     
    12918698          16   1.0469481953886579     
    12918698          17   1.2463995477944552     
    12918698          18   1.1387357744207334     
    12918698          19  0.62483725377453292     
    12918698          20  0.99635910632478897     
    12918698          21   1.0752373400758306     
    12918698          22   1.0637782332076440     
    12918698          23   1.0902520346585813     
    12918698          24   1.0471909412621787     
    12918698          25   1.0551342967750554     
    12918730           1   1.0777954166511083     
    12918730           2   1.0501605302648782     
    12918730           3   1.0366464024540483     
    12918730           4   1.0460212117892267     
    12918730           5   1.0947725940917830     
    12918730           6   1.0859776168296180     
    12918730           7   1.0038494616438298     
    12918730           8   1.0982319739227302     
    12918730           9   1.1764188124837140     
    12918730          10  0.71255974330714245     
    12918730          11  0.31367740081184486     
    12918730          12   1.1329637075280570     
    12918730          13  0.70569669136608637     
    12918730          14  0.97397997462247743     
    12918730          15  0.90911996592805999     
    12918730          16   1.1699630531414216     
    12918730          17   1.2868607975647854     
    12918730          18   1.0551011777897288     
    12918730          19   1.0725500248756910     
    12918730          20  0.90125673907565873     
    12918730          21  0.94231043407391823     
    12918730          22  0.84356712432178083     
    12918730          23  0.98398328398384072     
    12918730          24   1.2192013105770023     
    12918730          25   1.1073345509015631     
    12918870           1   1.1008416573035635     
    12918870           2   1.0264830663821016     
    12918870           3  0.88119606591254462     
    12918870           4  0.97152805300668899     
    12918870           5   1.0907226529627323     
    12918870           6  0.87645755860412999     
    12918870           7   1.0524385788478581     
    12918870           8   1.0288059728198919     
    12918870           9   1.0743117899478389     
    12918870          10   1.0270774672919187     
    12918870          11  0.87715458449116690     
    12918870          12   1.0468455835518946     
    12918870          13   1.0716667938706894     
    12918870          14   1.1106159006627108     
    12918870          15   1.1038457179718735     
    12918870          16   1.0137510515797683     
    12918870          17   1.0822572661626357     
    12918870          18   1.1648360347340214     
    12918870          19  0.94127440335971735     
    12918870          20   1.1518122579557497     
    12918870          21   1.0261732864034290     
    12918870          22   1.0726906743651823     
    12918870          23   1.0100727098719262     
    12918870          24  0.11017136841413372     
    12918870          25   1.0869695035258413     
    12919154           1   1.0964320433389754     
    12919154           2   1.0442374196394710     
    12919154           3   1.0636509799382405     
    12919154           4  0.48191870886646621     
    12919154           5  0.94153614504143457     
    12919154           6   1.0750237870576997     
    12919154           7  0.98700028646550286     
    12919154           8  0.92104318953934872     
    12919154           9   1.0608263664028472     
    12919154          10   1.0031697099993429     
    12919154          11  0.71761026133076955     
    12919154          12   1.0242800817943292     
    12919154          13   1.1377145601006464     
    12919154          14   1.0917111168793288     
    12919154          15   1.2095851834478717     
    12919154          16   1.0533157204329728     
    12919154          17   1.0667608340460195     
    12919154          18   1.0337692967744780     
    12919154          19   1.0392806282540628     
    12919154          20   1.0989736305222992     
    12919154          21  0.71855954062255423     
    12919154          22  0.96917834973704686     
    12919154          23   1.0681538229678078     
    12919154          24   1.0274721271772034     
    12919154          25   1.0687962096232837     
    12919302           1   1.1552090484803170     
    12919302           2   1.1322775832939787     
    12919302           3  0.63853771521310043     
    12919302           4  0.88217189775856564     
    12919302           5   1.0497015249367216     
    12919302           6   1.2004438343641259     
    12919302           7  0.99306065633481788     
    12919302           8   1.0166017159827647     
    12919302           9   1.1153724730154837     
    12919302          10  0.94130816608920376     
    12919302          11  0.40506824103350236     
    12919302          12   1.1952772035935739     
    12919302          13   1.1972932350080319     
    12919302          14   1.0074458238086181     
    12919302          15   1.3397177749367868     
    12919302          16  0.92246222353038976     
    12919302          17   1.1644085978197412     
    12919302          18   1.0801341222146710     
    12919302          19  0.74746627946347843     
    12919302          20   1.0577682589056239     
    12919302          21  0.78721969681099735     
    12919302          22  0.66894222307070028     
    12919302          23   1.1253317064422350     
    12919302          24   1.0683336086031605     
    12919302          25   1.1084463892894068     
    12919324           1  0.93876942174713041     
    12919324           2   1.1185478524790087     
    12919324           3  0.67864481697993828     
    12919324           4  0.35544623942376352     
    12919324           5   1.1835537147030204     
    12919324           6   1.1769043728168966     
    12919324           7  0.97204964886447309     
    12919324           8   1.0309328065934187     
    12919324           9   1.2149834339111101     
    12919324          10  0.99913538432048432     
    12919324          11  0.65684877498070948     
    12919324          12   1.1508237427565573     
    12919324          13   1.1345911123178734     
    12919324          14   1.3132600820579750     
    12919324          15   1.1316970861321853     
    12919324          16   1.0826683661889482     
    12919324          17   1.1148316172647008     
    12919324          18  0.75354812273692362     
    12919324          19  0.89818827000455181     
    12919324          20   1.0927171058226324     
    12919324          21   1.0357840339692646     
    12919324          22   1.1078332231813337     
    12919324          23   1.1432096677305568     
    12919324          24  0.62257782522462757     
    12919324          25   1.0924532777919140     
    12919432           1   1.0673904768526330     
    12919432           2   1.0064134664484303     
    12919432           3   1.1439960001336886     
    12919432           4   1.0374320054641117     
    12919432           5   1.0705319451888144     
    12919432           6   1.1744604796535218     
    12919432           7   1.0164255827733821     
    12919432           8   1.0833469302449921     
    12919432           9  0.44929830025276057     
    12919432          10  0.71326566886093634     
    12919432          11   1.0219289907145452     
    12919432          12   1.2994549698957416     
    12919432          13   1.1086822978778559     
    12919432          14  0.26709625448832203     
    12919432          15  0.98301107327988546     
    12919432          16   1.0620089509858148     
    12919432          17   1.0698317471171821     
    12919432          18   1.2515417948891148     
    12919432          19  0.96362793239754763     
    12919432          20   1.0102441426133177     
    12919432          21  0.91894012092221722     
    12919432          22   1.0500077575090334     
    12919432          23   1.0724616907869013     
    12919432          24   1.0688013585604574     
    12919432          25   1.0898000620887867     
    12919690           1   1.1275560043316810     
    12919690           2   1.0923536679321668     
    12919690           3  0.71983316704514755     
    12919690           4   1.0234928876862635     
    12919690           5   1.1977828373040842     
    12919690           6   1.1369473122978644     
    12919690           7  0.98285956514137962     
    12919690           8  0.28745600772497415     
    12919690           9   1.1388591091257625     
    12919690          10  0.99429798042265638     
    12919690          11   1.0934130905942094     
    12919690          12   1.1402863030805053     
    12919690          13   1.1024914071045755     
    12919690          14   1.1438952120025729     
    12919690          15   1.1454047770373308     
    12919690          16  0.85768278426120026     
    12919690          17   1.1938659039119903     
    12919690          18   1.1131179045816082     
    12919690          19   1.0016461258540821     
    12919690          20   1.0898772872265652     
    12919690          21   1.0140413506019768     
    12919690          22   1.0775355477262551     
    12919690          23   1.0800304528468481     
    12919690          24   1.1001071901690405     
    12919690          25  0.14516612398925474     
    12920345           1   1.0232394557248590     
    12920345           2   1.0528779666018953     
    12920345           3  0.63886049987591942     
    12920345           4  0.92929873290742415     
    12920345           5   1.1792909806512151     
    12920345           6   1.0392527730744081     
    12920345           7   1.0512241492398062     
    12920345           8   1.0285485896702260     
    12920345           9  0.97050547513117258     
    12920345          10   1.0536068916700065     
    12920345          11  0.67838249389042626     
    12920345          12  0.93915915234137803     
    12920345          13   1.1586808358563403     
    12920345          14   1.1126269835020266     
    12920345          15   1.1171122351088894     
    12920345          16   1.0660053301367161     
    12920345          17   1.1911573953592329     
    12920345          18   1.0287244303590233     
    12920345          19  0.99192314678541871     
    12920345          20   1.0839191308992056     
    12920345          21   1.2175560042554294     
    12920345          22  0.96441229342091439     
    12920345          23   1.0657128643747991     
    12920345          24  0.36413705244199934     
    12920345          25   1.0537851367212645     
    12920372           1   1.0293693612346460     
    12920372           2  0.82522090708904661     
    12920372           3  0.80053015122695304     
    12920372           4  0.99345236381601432     
    12920372           5   1.0738323740429239     
    12920372           6   1.1245225275202184     
    12920372           7  0.93942211890265559     
    12920372           8  0.99679730216998796     
    12920372           9   1.1218774582191089     
    12920372          10   1.0447197638672447     
    12920372          11   1.0804292681174510     
    12920372          12   1.0712997078120698     
    12920372          13   1.0942113839099727     
    12920372          14  0.44298582849994528     
    12920372          15   1.2120976319651227     
    12920372          16  0.96847037567549243     
    12920372          17   1.0789907147750097     
    12920372          18   1.0651756966665316     
    12920372          19  0.96176130919519631     
    12920372          20  0.97742658604014865     
    12920372          21  0.97795289339976021     
    12920372          22   1.0291265415637076     
    12920372          23   1.0387696849162000     
    12920372          24   1.0238613877260325     
    12920372          25   1.0276966616485612     
    12920755           1   1.1446027695642371     
    12920755           2  0.61529933903031886     
    12920755           3   1.1067967191786592     
    12920755           4  0.46889708214660186     
    12920755           5   1.1923797178020632     
    12920755           6   1.2066881119833202     
    12920755           7   1.0892258701230253     
    12920755           8   1.0206196745559588     
    12920755           9  0.73617475116296505     
    12920755          10  0.81873307892736180     
    12920755          11   1.0758019338851696     
    12920755          12  0.97734699111288570     
    12920755          13   1.1260028293209134     
    12920755          14  0.76566079636483853     
    12920755          15   1.1338895833736531     
    12920755          16  0.81002066074332013     
    12920755          17   1.0893672615049759     
    12920755          18   1.0956296252558297     
    12920755          19   1.0138955048876024     
    12920755          20   1.0300015839066696     
    12920755          21   1.0473555524985416     
    12920755          22   1.1358457909248403     
    12920755          23   1.1038998406561398     
    12920755          24   1.0725281536546845     
    12920755          25   1.1233367774354186     
    12920778           1   1.0292704597695610     
    12920778           2   1.0835751444270756     
    12920778           3  0.80712508205704359     
    12920778           4   1.1107624202155151     
    12920778           5  0.87414941714901828     
    12920778           6  0.98898440429530965     
    12920778           7   1.0045716304534478     
    12920778           8   1.1340728924009615     
    12920778           9   1.0851607790607494     
    12920778          10  0.96588714654716268     
    12920778          11   1.0886339706351655     
    12920778          12  0.87514431455327213     
    12920778          13   1.2148728093033139     
    12920778          14   1.0288629239835920     
    12920778          15   1.1642575613284531     
    12920778          16  0.86853950249501666     
    12920778          17   1.0702404176418803     
    12920778          18   1.2386930442200401     
    12920778          19   7.6563966416258886E-002
    12920778          20   1.0426230446290774     
    12920778          21   1.0756293840009512     
    12920778          22   1.0896911341274937     
    12920778          23   1.0487841695166871     
    12920778          24  0.98870511387824178     
    12920778          25   1.0451992668947119     
    12921522           1   1.0756564836435079     
    12921522           2   1.0776062404821711     
    12921522           3   1.0904775045082855     
    12921522           4  0.98426142631600799     
    12921522           5   1.0887985742121742     
    12921522           6  0.87813357325411279     
    12921522           7   1.0365473729063368     
    12921522           8   1.0898228466895610     
    12921522           9  0.74856122088638410     
    12921522          10  0.41692307637990905     
    12921522          11   1.0718858013880352     
    12921522          12   1.0965227970051656     
    12921522          13   1.1506974751155896     
    12921522          14  0.43398895943948862     
    12921522          15   1.1818593376298840     
    12921522          16   1.0825411944330054     
    12921522          17   1.0831680349714650     
    12921522          18   1.2986822740639021     
    12921522          19  0.94197569364472133     
    12921522          20  0.81958694889585726     
    12921522          21  0.89748317521983534     
    12921522          22   1.1178074101794437     
    12921522          23   1.1351516353016333     
    12921522          24   1.0824827302547364     
    12921522          25   1.1193782131787866     
    12921587           1   1.0473668825190199     
    12921587           2   1.0648399821844590     
    12921587           3  0.95611535892933319     
    12921587           4  0.96921525139906450     
    12921587           5   1.1232804037799895     
    12921587           6   1.1220785877219970     
    12921587           7  0.78819191585932502     
    12921587           8   1.0734754720879858     
    12921587           9   1.0880177469463133     
    12921587          10   1.0066953666705476     
    12921587          11  0.92268101785764900     
    12921587          12   1.1352014338161927     
    12921587          13   1.0450601570532458     
    12921587          14  0.81630860266690963     
    12921587          15   1.1234202538770028     
    12921587          16   1.0310861880180817     
    12921587          17   1.0649566753930422     
    12921587          18   1.0332568639606741     
    12921587          19  0.96843298774015762     
    12921587          20  0.96345861612463979     
    12921587          21   1.0350774084857179     
    12921587          22  0.34678101524832428     
    12921587          23   1.1365237390542451     
    12921587          24   1.0704826535775618     
    12921587          25   1.0679954190285246     
    12921784           1  0.94107175671913590     
    12921784           2  0.92138714893453399     
    12921784           3  0.50422294351852892     
    12921784           4   1.0803790017963224     
    12921784           5   1.0714077217838427     
    12921784           6   1.0701908373157536     
    12921784           7   1.1014769456941018     
    12921784           8  0.97676869383962239     
    12921784           9   1.0920204763641783     
    12921784          10  0.94914304850194464     
    12921784          11   1.0685946065724834     
    12921784          12   1.1512760129060173     
    12921784          13   1.1484494879049818     
    12921784          14   1.1131606577666129     
    12921784          15  0.99271027964216496     
    12921784          16  0.75941681747345391     
    12921784          17   1.0816426260264900     
    12921784          18   1.0206731933253053     
    12921784          19  0.98729641851268923     
    12921784          20   1.1614581376499249     
    12921784          21  0.99160940335223513     
    12921784          22   1.0872878248484175     
    12921784          23  0.81521757671049133     
    12921784          24  0.90137608341311015     
    12921784          25   1.0117622994276521     
    12921846           1  0.99411963891422339     
    12921846           2   1.0692235343567995     
    12921846           3  0.91263073829583263     
    12921846           4   1.0301964128931460     
    12921846           5   1.1048674683356092     
    12921846           6   1.0792035719348207     
    12921846           7  0.85616944334978484     
    12921846           8   1.0494132122661062     
    12921846           9   1.2127406617254368     
    12921846          10  0.80582395120093209     
    12921846          11  0.27930442516550774     
    12921846          12   1.2249684527510156     
    12921846          13   1.2302812471298761     
    12921846          14   1.1866132900495405     
    12921846          15  0.80472561987519975     
    12921846          16  0.91536350893271612     
    12921846          17   1.1734794708157164     
    12921846          18  0.51651804869697981     
    12921846          19   1.1109217783580079     
    12921846          20   1.2474856342738516     
    12921846          21   1.0707625684239110     
    12921846          22  0.68929636223997814     
    12921846          23   1.1963378138184024     
    12921846          24   1.0983897673416789     
    12921846          25   1.1411633788549265     
    12921872           1  0.63236752899673287     
    12921872           2   1.0679160317761929     
    12921872           3  0.97240193656136498     
    12921872           4  0.98179957296072162     
    12921872           5  0.92264384935908450     
    12921872           6  0.99414399094337824     
    12921872           7  0.82379814886836011     
    12921872           8   1.0653783280090792     
    12921872           9   1.1520008791815528     
    12921872          10   1.0177941120099616     
    12921872          11   1.1215894808891440     
    12921872          12  0.20629828974004372     
    12921872          13   1.1725290652239344     
    12921872          14   1.1423531264648283     
    12921872          15   1.1155289825578190     
    12921872          16   1.0409639249604370     
    12921872          17   1.1147903083373958     
    12921872          18   1.0893412089655490     
    12921872          19  0.86007297477491951     
    12921872          20   1.0601260118535625     
    12921872          21   1.0421819209907528     
    12921872          22   1.2277824974705398     
    12921872          23   1.0727647554876991     
    12921872          24   1.0837668496073432     
    12921872          25   1.0196662240096064     
    12922287           1   1.0707555431869260     
    12922287           2  0.88245410495765764     
    12922287           3   1.0509907184195728     
    12922287           4   1.0200533139335064     
    12922287           5   1.1394424014371440     
    12922287           6   1.0560115205015774     
    12922287           7   1.1219561123064821     
    12922287           8  0.99651403632201252     
    12922287           9  0.64361350353440949     
    12922287          10  0.90549784708187897     
    12922287          11   1.0483360217986759     
    12922287          12   1.1177599014736517     
    12922287          13   1.1525091206243494     
    12922287          14  0.29894046259872215     
    12922287          15   1.1168302684288347     
    12922287          16  0.81078743674169096     
    12922287          17   1.1104632307630402     
    12922287          18   1.0575627724244894     
    12922287          19   1.1889573852339028     
    12922287          20   1.1225478198477801     
    12922287          21  0.69639862019942222     
    12922287          22   1.1256986701936957     
    12922287          23  0.99504424373761990     
    12922287          24   1.0857589431953854     
    12922287          25   1.1851160010575756     
    12922310           1   1.0551159433768886     
    12922310           2  0.89198168685846102     
    12922310           3   1.0123513857714421     
    12922310           4   1.1348306514226596     
    12922310           5   1.0580621714093890     
    12922310           6   1.0698836434920596     
    12922310           7  0.73132192957563014     
    12922310           8  0.97128781079479987     
    12922310           9   1.0982613565899000     
    12922310          10  0.82769426086170050     
    12922310          11   1.2111582001788079     
    12922310          12   1.1069164104904254     
    12922310          13   1.0265350599366667     
    12922310          14  0.56646471263568932     
    12922310          15   1.1859494416576362     
    12922310          16  0.95524813853877433     
    12922310          17   1.1945737039501449     
    12922310          18  0.95452775596023876     
    12922310          19  0.94345308396970606     
    12922310          20   1.0221620038398498     
    12922310          21  0.97366537175504675     
    12922310          22   1.0793228123057848     
    12922310          23   1.0251591461119689     
    12922310          24   1.0228975566319585     
    12922310          25  0.88117576188437130     
    12922321           1   1.2386025425580971     
    12922321           2   1.0957831997839618     
    12922321           3   1.0287386407767998     
    12922321           4  0.97517008850850562     
    12922321           5  0.99179421478858776     
    12922321           6  0.70520225027273042     
    12922321           7   1.0413585160821461     
    12922321           8   1.0129076466362927     
    12922321           9   1.2082078806254255     
    12922321          10  0.92739970415940676     
    12922321          11   1.0578285616365075     
    12922321          12   1.0492981893001638     
    12922321          13  0.81241275980341621     
    12922321          14   1.1536081489761316     
    12922321          15  0.49080447924808551     
    12922321          16  0.91627594974600546     
    12922321          17   1.1441994479075108     
    12922321          18   1.0870066689613829     
    12922321          19  0.98249929185016815     
    12922321          20   1.0134681592140931     
    12922321          21   1.0846593005393401     
    12922321          22  0.83735065953858512     
    12922321          23  0.90083428364389573     
    12922321          24   1.0606975327239059     
    12922321          25   1.1838918827188558     
    12922326           1  0.96561251004796811     
    12922326           2   1.0556477546452030     
    12922326           3  0.94485313597670695     
    12922326           4  0.90083349250096023     
    12922326           5   1.2046279094054746     
    12922326           6   1.1840088960855948     
    12922326           7  0.90370373988949393     
    12922326           8   1.0360889614070621     
    12922326           9   1.1701649781192744     
    12922326          10  0.94204825316662899     
    12922326          11  0.48331861945891313     
    12922326          12   1.0032417921208250     
    12922326          13   1.1623423466459069     
    12922326          14   1.1553223850715535     
    12922326          15  0.92407244030159430     
    12922326          16  0.96921162448923648     
    12922326          17   1.1655520607413365     
    12922326          18  0.44160176749260860     
    12922326          19   1.0968165619507793     
    12922326          20   1.1023414119278716     
    12922326          21   1.0141483914215559     
    12922326          22  0.82716377236030481     
    12922326          23   1.1380182815612649     
    12922326          24   1.0666955985476705     
    12922326          25   1.1425633146642153     
    12922448           1   1.2229847817616264     
    12922448           2  0.69499586137594427     
    12922448           3   1.0404612639101740     
    12922448           4  0.77003894635311076     
    12922448           5   1.1110284768617207     
    12922448           6   1.0569342734931486     
    12922448           7   1.0340233913195667     
    12922448           8   1.0334805594587977     
    12922448           9   1.0767990612829264     
    12922448          10   1.0441373614885885     
    12922448          11   1.1335554849848122     
    12922448          12   1.1657801649915183     
    12922448          13   1.2357455926991439     
    12922448          14   1.1022648737193834     
    12922448          15  0.94325723796834338     
    12922448          16  0.42412760175560582     
    12922448          17   1.1085658963631464     
    12922448          18   1.1051162360295230     
    12922448          19  0.50522614187609649     
    12922448          20  0.96524911473416775     
    12922448          21   1.0967476461115642     
    12922448          22  0.91971462248059432     
    12922448          23   1.0877205304026643     
    12922448          24   1.0351128754016838     
    12922448          25   1.0869320031761474     
    12922599           1   1.0518582223427224     
    12922599           2   1.0908379666965593     
    12922599           3  0.84547745473354308     
    12922599           4  0.95126311384164974     
    12922599           5   1.0952548397903488     
    12922599           6   1.0045643628556349     
    12922599           7   1.0386873651419806     
    12922599           8  0.88147727330682868     
    12922599           9   1.1623377249482518     
    12922599          10   1.0173307354799104     
    12922599          11   1.0667711411326881     
    12922599          12   1.1478356256403393     
    12922599          13   1.0973593791963061     
    12922599          14   1.1159880480779492     
    12922599          15   1.1177988832151020     
    12922599          16  0.74673211171626530     
    12922599          17   1.2618633394746221     
    12922599          18   1.1158243064919819     
    12922599          19  0.89637523605979086     
    12922599          20   1.0394428963793734     
    12922599          21  0.99845533680634024     
    12922599          22  0.88737393741613135     
    12922599          23   1.0524200256452623     
    12922599          24   1.1330949897740550     
    12922599          25  0.18357568383636019     
    12922668           1   1.1494323523589600     
    12922668           2   1.0565436306358185     
    12922668           3   1.1183276060210685     
    12922668           4  0.93950318341823214     
    12922668           5   1.0609586978764147     
    12922668           6   1.1853429515349350     
    12922668           7  0.96729852165127894     
    12922668           8   1.0258938737383905     
    12922668           9  0.88413490563198438     
    12922668          10  0.93395059284949611     
    12922668          11   1.0396336763840153     
    12922668          12   1.1328502067736497     
    12922668          13  0.68366607958494707     
    12922668          14   1.1192852225275278     
    12922668          15   1.1715908526655261     
    12922668          16  0.94726892517269179     
    12922668          17   1.1384093061889027     
    12922668          18   1.1387567088102413     
    12922668          19   1.0808096058821683     
    12922668          20   1.0171962070963001     
    12922668          21  0.99603533272276668     
    12922668          22   1.0131256190684239     
    12922668          23  0.31438010806293271     
    12922668          24  0.83233960825057740     
    12922668          25   1.0532662250927494     
    12922814           1   1.0589212575512246     
    12922814           2   1.1369556178972904     
    12922814           3   1.0479630208433754     
    12922814           4  0.84942729705827902     
    12922814           5  0.98061979048322978     
    12922814           6   1.1729257525594003     
    12922814           7  0.92770798367620122     
    12922814           8   1.0107281135762776     
    12922814           9   1.0416124521646684     
    12922814          10   1.0175928835638064     
    12922814          11   1.1121407474508604     
    12922814          12   1.0007672798160858     
    12922814          13   1.0283876525583884     
    12922814          14  0.93960455987719649     
    12922814          15   1.1845686891397897     
    12922814          16  0.99895450212471615     
    12922814          17   1.0284885104679378     
    12922814          18  0.74029381832101759     
    12922814          19  0.63876310049694973     
    12922814          20   1.0239354812808183     
    12922814          21   1.0617839524952015     
    12922814          22  0.99857483214064380     
    12922814          23  0.99073818081929443     
    12922814          24   1.0013982208028047     
    12922814          25   1.0071463028345493     
    12922999           1  0.91378333294541603     
    12922999           2   1.0289875961230803     
    12922999           3   1.0987409146991141     
    12922999           4  0.75454485967934315     
    12922999           5   1.0829118105589453     
    12922999           6  0.86856738410939094     
    12922999           7  0.93661269405553560     
    12922999           8  0.98020882751086036     
    12922999           9  0.98386767277219422     
    12922999          10   1.0516329050110478     
    12922999          11   1.1532369183291178     
    12922999          12   1.0832494845397744     
    12922999          13   1.1204093572022218     
    12922999          14   1.1355007990406885     
    12922999          15   1.1340707794971590     
    12922999          16   1.0055126149140752     
    12922999          17   1.0812775871742684     
    12922999          18   1.0253858157176807     
    12922999          19  0.97097123860133017     
    12922999          20   1.0278855657783397     
    12922999          21   1.0786849706508359     
    12922999          22  0.78339436925575923     
    12922999          23   1.0950817824428256     
    12922999          24   1.0929779459511990     
    12922999          25  0.51250277343979378     
    12923085           1   1.0675312929745118     
    12923085           2   1.0065462381420376     
    12923085           3   1.1340181100238269     
    12923085           4   1.0375688692968801     
    12923085           5   1.0706731757507670     
    12923085           6   1.1746154210490383     
    12923085           7   1.0165596753213750     
    12923085           8   1.0834898514314508     
    12923085           9  0.44935757419756367     
    12923085          10  0.71335976685743940     
    12923085          11   1.0288944819327162     
    12923085          12   1.2996264012635352     
    12923085          13   1.1088285614477194     
    12923085          14  0.26713149132014791     
    12923085          15  0.98314075759889052     
    12923085          16   1.0621490571467012     
    12923085          17   1.0699728853050889     
    12923085          18   1.2517069052828718     
    12923085          19  0.96375505958419294     
    12923085          20   1.0103774196711504     
    12923085          21  0.91906135264282307     
    12923085          22   1.0501462804053507     
    12923085          23   1.0726031759316867     
    12923085          24   1.0689423608137425     
    12923085          25   1.0899438346084922     
    12923166           1   1.1451644935744127     
    12923166           2  0.59043555726573749     
    12923166           3   1.1073398895326707     
    12923166           4  0.46912719756860416     
    12923166           5   1.2243351940800957     
    12923166           6   1.2195281686054920     
    12923166           7   1.0897604174262661     
    12923166           8   1.0211205527572884     
    12923166           9  0.73653603548308866     
    12923166          10  0.83746791381476648     
    12923166          11   1.0763298932720646     
    12923166          12  0.97782663285915761     
    12923166          13   1.1265554252446468     
    12923166          14  0.77357174138592855     
    12923166          15   1.1245186650048753     
    12923166          16  0.82806746855324598     
    12923166          17   1.0899018781972976     
    12923166          18   1.0355022427091947     
    12923166          19   1.0143930831427395     
    12923166          20   1.0403674783728030     
    12923166          21   1.0478695515702490     
    12923166          22   1.1364032173697043     
    12923166          23   1.1044415893411985     
    12923166          24   1.0595476478980415     
    12923166          25   1.1238880649704288     
    12923329           1   1.2573149890818047     
    12923329           2   1.0023849532939151     
    12923329           3   1.1530417934146195     
    12923329           4   1.0326300268090216     
    12923329           5   1.0190705987653355     
    12923329           6  0.64559143509164252     
    12923329           7   1.0616326515635892     
    12923329           8  0.96278400457396862     
    12923329           9   1.0896566145148598     
    12923329          10  0.97809891891815481     
    12923329          11   1.0853280469738005     
    12923329          12   1.0390132089250588     
    12923329          13  0.65857107662732561     
    12923329          14   1.2511945945914769     
    12923329          15  0.38158118144702785     
    12923329          16  0.85227229260355031     
    12923329          17   1.0895673596221493     
    12923329          18   1.1874971031516128     
    12923329          19  0.86788583186982426     
    12923329          20   1.0157984094849126     
    12923329          21   1.1015606843577221     
    12923329          22   1.0203058389071904     
    12923329          23  0.77214950165124108     
    12923329          24   1.2537515007158961     
    12923329          25   1.2213173830443032     
    12923334           1   1.1385323546876436     
    12923334           2   1.0892791027688082     
    12923334           3  0.82523018810649817     
    12923334           4  0.99180831318549423     
    12923334           5   1.2142592647098398     
    12923334           6   1.1019699885089387     
    12923334           7  0.97682565601701410     
    12923334           8  0.71109331925777619     
    12923334           9   1.1929542855344180     
    12923334          10   1.0050833713614951     
    12923334          11   1.0731328388370949     
    12923334          12  0.99068140645738201     
    12923334          13  0.69243831189592819     
    12923334          14  0.98967351374618662     
    12923334          15   1.2628615895661288     
    12923334          16   1.0838201098744955     
    12923334          17   1.0968681450391000     
    12923334          18   1.0652122569944920     
    12923334          19  0.92861718303843788     
    12923334          20   1.0000654391692536     
    12923334          21  0.98921147947494670     
    12923334          22   1.1267957197203176     
    12923334          23   1.0645566555121222     
    12923334          24   1.0774847912037810     
    12923334          25  0.31154471533241263     
    12923471           1   1.0626137843302432     
    12923471           2  0.97064102877898983     
    12923471           3   1.0191435221036280     
    12923471           4  0.97142509392524257     
    12923471           5   1.0845863148451902     
    12923471           6  0.49510978889620844     
    12923471           7   1.0406441454516921     
    12923471           8  0.97724524609671715     
    12923471           9   1.0394541942383526     
    12923471          10   1.1925236756545101     
    12923471          11  0.78881045076180756     
    12923471          12  0.99831750118283802     
    12923471          13   1.0996234685082744     
    12923471          14   1.1306472066075102     
    12923471          15   1.2384242409942694     
    12923471          16  0.99460517661245729     
    12923471          17   1.1071398780067112     
    12923471          18   1.0135784348534829     
    12923471          19   1.0123035020716826     
    12923471          20   1.0189517544544162     
    12923471          21  0.98195387200307938     
    12923471          22  0.81810590091179025     
    12923471          23  0.94100641028593435     
    12923471          24  0.95329974494309633     
    12923471          25   1.0498456634818794     
    12923487           1   1.0282845565939178     
    12923487           2   1.0825372246404941     
    12923487           3  0.80635196438521273     
    12923487           4   1.1096984586618910     
    12923487           5  0.87331209914559782     
    12923487           6  0.98803708976237847     
    12923487           7  0.98414416520291936     
    12923487           8   1.1460666728456537     
    12923487           9   1.0841213404486676     
    12923487          10  0.96496195609206392     
    12923487          11   1.0875912051709720     
    12923487          12  0.87430604357145714     
    12923487          13   1.2137091239479962     
    12923487          14   1.0278774111726208     
    12923487          15   1.1631423585981260     
    12923487          16  0.86770755803809207     
    12923487          17   1.0692152707366722     
    12923487          18   1.2375065422716436     
    12923487          19   7.6490628396195109E-002
    12923487          20   1.0416243514664185     
    12923487          21   1.0745990751881060     
    12923487          22   1.0886473560423371     
    12923487          23   1.0781113746961106     
    12923487          24  0.98775806686810474     
    12923487          25   1.0441981060563428     
    12923598           1  0.71028898104748051     
    12923598           2   1.1700148569670734     
    12923598           3   1.1031377734040497     
    12923598           4  0.95892739214373690     
    12923598           5   1.1188229356803725     
    12923598           6   1.1246309822696743     
    12923598           7  0.90986468533686449     
    12923598           8   1.0334796261725065     
    12923598           9  0.94574411978057205     
    12923598          10  0.95731425216596433     
    12923598          11   1.1958552867604153     
    12923598          12  0.69484336217123344     
    12923598          13   1.0815333136017431     
    12923598          14   1.2332001634420293     
    12923598          15   1.1714061085281084     
    12923598          16   1.0387605358991254     
    12923598          17  0.84416739156596654     
    12923598          18   1.1024039678634683     
    12923598          19  0.24606074682849388     
    12923598          20   1.0049619203712186     
    12923598          21   1.0801179900954252     
    12923598          22  0.97063792789983294     
    12923598          23   1.0248649216834202     
    12923598          24   1.1136759827724456     
    12923598          25   1.1652847755487858     
    12923798           1   1.1464960017989148     
    12923798           2   1.1340732676877290     
    12923798           3  0.55119154107135138     
    12923798           4   1.0597242595216647     
    12923798           5   1.0973507009831218     
    12923798           6   1.0505417478177519     
    12923798           7   1.0192176866859171     
    12923798           8  0.62953342314914640     
    12923798           9   1.1597217429014137     
    12923798          10  0.38499791607163225     
    12923798          11   1.0574693036660949     
    12923798          12   1.0496340963420256     
    12923798          13   1.0918131279238676     
    12923798          14   1.1480473710646990     
    12923798          15   1.1208071287950332     
    12923798          16  0.84641261209635765     
    12923798          17   1.1412443589803367     
    12923798          18   1.0551177658018125     
    12923798          19  0.98326670260021198     
    12923798          20   1.0188363816593726     
    12923798          21   1.1764924946335180     
    12923798          22   1.0253326396062921     
    12923798          23   1.0704701455830226     
    12923798          24   1.0382398110054722     
    12923798          25  0.94396777255323305     
    12923941           1  0.76109424010129434     
    12923941           2   1.0078099551735820     
    12923941           3  0.88375832488429151     
    12923941           4  0.98519256891034512     
    12923941           5   1.0719007402746370     
    12923941           6   1.0570374194765098     
    12923941           7  0.94675742961732812     
    12923941           8  0.96200181970514775     
    12923941           9   1.0607219152478913     
    12923941          10   1.0210236357251918     
    12923941          11   1.1223787299803551     
    12923941          12  0.82541262913643121     
    12923941          13   1.1255083732749471     
    12923941          14   1.1136714453741692     
    12923941          15   1.1035473521465728     
    12923941          16   1.0781267706362003     
    12923941          17   1.1116992902915126     
    12923941          18   1.0609784862379292     
    12923941          19  0.95610747181941225     
    12923941          20   1.0625073628068731     
    12923941          21   1.0283276792256291     
    12923941          22  0.89407719649066653     
    12923941          23   1.1443594400891595     
    12923941          24   1.2513757116016131     
    12923941          25  0.36462401177230924     
    12923984           1   1.0434343152255898     
    12923984           2  0.98362650018358599     
    12923984           3   1.0066490083208059     
    12923984           4  0.95129789662881392     
    12923984           5  0.57500653553789072     
    12923984           6   1.0781730613933844     
    12923984           7  0.92514724072264576     
    12923984           8  0.99115794584818295     
    12923984           9   1.0105916673058477     
    12923984          10   1.0367709015140794     
    12923984          11  0.68287864313038105     
    12923984          12   1.0355695162918954     
    12923984          13   1.1013556696493381     
    12923984          14   1.1695829383207723     
    12923984          15   1.0982904122976878     
    12923984          16   1.0552699214403780     
    12923984          17   1.1634698507841323     
    12923984          18   1.0308693127893920     
    12923984          19   1.0120571783298351     
    12923984          20  0.93493598074950013     
    12923984          21  0.99582200594010539     
    12923984          22   1.0495563867776418     
    12923984          23  0.99609039256688603     
    12923984          24  0.94291622145360132     
    12923984          25   1.1294804967976297     
    12924185           1  0.99974850178342056     
    12924185           2   1.0001313198162549     
    12924185           3  0.47075953525465036     
    12924185           4   1.0960320713826948     
    12924185           5   1.1249598542514530     
    12924185           6   1.1759844056347428     
    12924185           7  0.94898781068137861     
    12924185           8  0.85171642972632866     
    12924185           9   1.1427031275412005     
    12924185          10   1.0397900733519940     
    12924185          11   1.0383774978492273     
    12924185          12   1.0419106965135663     
    12924185          13  0.97875426765124862     
    12924185          14   1.0838149445905454     
    12924185          15   1.2310534648075209     
    12924185          16  0.90931384397132220     
    12924185          17   1.0966992888646041     
    12924185          18   1.0412994055385096     
    12924185          19   1.0273346114505295     
    12924185          20   1.0332244120926037     
    12924185          21   1.0875579070828274     
    12924185          22   1.0825150727583548     
    12924185          23   1.1037715397534935     
    12924185          24   1.1288227145499605     
    12924185          25  0.26473720310156740     
    12924233           1   1.1283043364277761     
    12924233           2   1.0930786370750389     
    12924233           3  0.72031090319365298     
    12924233           4   1.0241721555674492     
    12924233           5   1.1985777772785626     
    12924233           6   1.1377018771816421     
    12924233           7  0.98351186565303828     
    12924233           8  0.28764678543887001     
    12924233           9   1.1396149428236142     
    12924233          10  0.99495787233842314     
    12924233          11   1.0941387628506993     
    12924233          12   1.1410430839730326     
    12924233          13   1.1032231044237648     
    12924233          14   1.1446543880420978     
    12924233          15   1.1461649549392574     
    12924233          16  0.85825200792128020     
    12924233          17   1.1946582443109584     
    12924233          18   1.1138566544543742     
    12924233          19   1.0023108945591630     
    12924233          20   1.0906006128544750     
    12924233          21  0.99812244046004517     
    12924233          22   1.0782506824352622     
    12924233          23   1.0807472433650311     
    12924233          24   1.1008373051401690     
    12924233          25  0.14526246729231865     
    12924594           1  0.99289815276716420     
    12924594           2   1.0679097671961859     
    12924594           3  0.91150937849106473     
    12924594           4   1.0318788764799425     
    12924594           5   1.1035099050664816     
    12924594           6   1.0778775421881246     
    12924594           7  0.85511745818255758     
    12924594           8   1.0481237862743575     
    12924594           9   1.2112505534323434     
    12924594          10  0.80483382611454357     
    12924594          11  0.27896124063037009     
    12924594          12   1.2234633200315232     
    12924594          13   1.2565390941875447     
    12924594          14   1.1851552847562390     
    12924594          15  0.80373684432104742     
    12924594          16  0.91423879134147534     
    12924594          17   1.1720376031960149     
    12924594          18  0.51588339707509001     
    12924594          19   1.1095567760890530     
    12924594          20   1.2459528344364144     
    12924594          21   1.0694469102345729     
    12924594          22  0.68844941593217357     
    12924594          23   1.1948678598917521     
    12924594          24   1.0970401632976980     
    12924594          25   1.1397612183862680     
    12924639           1   1.0539722540681529     
    12924639           2  0.89101482636767615     
    12924639           3   1.0112540509582790     
    12924639           4   1.1336005556294864     
    12924639           5   1.0569152885468800     
    12924639           6   1.0687239467854235     
    12924639           7  0.76003770202073029     
    12924639           8  0.97023498670292208     
    12924639           9   1.0970708999584615     
    12924639          10  0.82679708450587752     
    12924639          11   1.1693141092314878     
    12924639          12   1.1057165722429902     
    12924639          13   1.0254223507785296     
    12924639          14  0.56585069515288622     
    12924639          15   1.1846639358270787     
    12924639          16  0.95421270059463703     
    12924639          17   1.1932788498800491     
    12924639          18  0.95349309887232703     
    12924639          19  0.94243043123452253     
    12924639          20   1.0210540348408732     
    12924639          21  0.97620695729821438     
    12924639          22   1.1126773353596531     
    12924639          23   1.0240479283709039     
    12924639          24   1.0217887903330549     
    12924639          25  0.88022061443890764     
    12924703           1   1.0651244502194950     
    12924703           2   1.0846613023052267     
    12924703           3   1.0892892706675865     
    12924703           4   1.0337237948058455     
    12924703           5   1.0819020376061297     
    12924703           6   1.1283981333578545     
    12924703           7  0.99204783154374709     
    12924703           8   1.0202369371149489     
    12924703           9   1.1589845904637175     
    12924703          10  0.75774944700107627     
    12924703          11  0.28099174885295358     
    12924703          12   1.1490166095250323     
    12924703          13  0.75755225139490012     
    12924703          14   1.1171842122551359     
    12924703          15  0.83074010746411742     
    12924703          16   1.0637613948522724     
    12924703          17   1.1940034330423788     
    12924703          18   1.0222022810733871     
    12924703          19   1.0889653160353530     
    12924703          20  0.72191400070316769     
    12924703          21  0.90291576824814912     
    12924703          22   1.1284339571317266     
    12924703          23   1.0372876078681521     
    12924703          24   1.1305855095613140     
    12924703          25   1.1623280069063315     
    12924739           1   1.0629243979447689     
    12924739           2   1.0797476051236259     
    12924739           3  0.28198936269606717     
    12924739           4  0.84288085961552206     
    12924739           5  0.70893377053363493     
    12924739           6  0.85370827995613008     
    12924739           7   1.0496511285595733     
    12924739           8   1.1095228784351674     
    12924739           9   1.2029815317509540     
    12924739          10   1.1325921070693428     
    12924739          11   1.0662689552386679     
    12924739          12   1.0450118134453648     
    12924739          13   1.1632017057948567     
    12924739          14   1.1700886021389967     
    12924739          15   1.1808083587665477     
    12924739          16   1.0667472276440175     
    12924739          17   1.0785367345142522     
    12924739          18   1.0637295086756746     
    12924739          19  0.47911544883953538     
    12924739          20   1.1017549607138934     
    12924739          21   1.1260199449524528     
    12924739          22   1.1009666120445618     
    12924739          23   1.0686049410633622     
    12924739          24  0.89690185401551203     
    12924739          25   1.0673114104675134     
    12924941           1   1.0721243845619830     
    12924941           2   1.0760279387453391     
    12924941           3  0.37594266541547311     
    12924941           4   1.0143121289820292     
    12924941           5   1.1724805481346101     
    12924941           6   1.0888902463925132     
    12924941           7  0.98375661467976949     
    12924941           8   1.0098077811055501     
    12924941           9  0.80817493522750450     
    12924941          10   1.0751845329917853     
    12924941          11   1.0834285338442295     
    12924941          12  0.86314267162710323     
    12924941          13  0.76575308198554592     
    12924941          14   1.1007049318384841     
    12924941          15   1.0910355601040507     
    12924941          16   1.0507158725918746     
    12924941          17   1.2508849952912926     
    12924941          18   1.1372977051736233     
    12924941          19  0.62708587036046892     
    12924941          20  0.99994472737810525     
    12924941          21   1.0791068220923186     
    12924941          22   1.0701309755297623     
    12924941          23   1.0941755504111623     
    12924941          24   1.0509594920407048     
    12924941          25   1.0589314334947149     
    12924975           1   1.0421000353666103     
    12924975           2   1.0473983249211998     
    12924975           3  0.80348872642489666     
    12924975           4  0.98957833171116183     
    12924975           5   1.1470498263023976     
    12924975           6   1.0817444678214421     
    12924975           7  0.90005181011235358     
    12924975           8   1.0633793706743258     
    12924975           9   1.1971853393961516     
    12924975          10   1.1707731097132141     
    12924975          11   1.1464578420125198     
    12924975          12  0.29031790987702016     
    12924975          13  0.70292553222573262     
    12924975          14  0.91129194058965390     
    12924975          15   1.2203217160291207     
    12924975          16   1.0341280979107181     
    12924975          17   1.0732606282492290     
    12924975          18   1.0047761583289883     
    12924975          19  0.95338257625208889     
    12924975          20  0.99507820469443931     
    12924975          21   1.0118437671756424     
    12924975          22   1.0945831747749228     
    12924975          23   1.0812682766808404     
    12924975          24   1.0757510614279664     
    12924975          25  0.96186377132736045     
    12924978           1  0.99579154968966255     
    12924978           2   1.1939084526426413     
    12924978           3  0.62819806303805459     
    12924978           4  0.89460346177806793     
    12924978           5   1.0853671654752026     
    12924978           6  0.84178656868522139     
    12924978           7   1.1814211009869184     
    12924978           8   1.0521502116293344     
    12924978           9  0.93050445015934291     
    12924978          10  0.98849894824801743     
    12924978          11   1.0326067198438047     
    12924978          12  0.54260762418700326     
    12924978          13   1.0915218789073071     
    12924978          14   1.1241069218459359     
    12924978          15   1.2054280882945427     
    12924978          16   1.1099499897606739     
    12924978          17   1.2109140483665910     
    12924978          18   1.0218373415746420     
    12924978          19  0.92598769498841449     
    12924978          20   1.1371526766341005     
    12924978          21   1.0571012810661722     
    12924978          22   1.0655221830498667     
    12924978          23   1.1089475638770649     
    12924978          24  0.44811463642116856     
    12924978          25   1.1259713788502448     
    12925003           1  0.61305601830788636     
    12925003           2   1.1361324882516286     
    12925003           3   1.1572690866251913     
    12925003           4  0.96075180793241644     
    12925003           5   1.1563556105703043     
    12925003           6   1.1924945899130157     
    12925003           7  0.91159575643890078     
    12925003           8   1.0736930206515796     
    12925003           9  0.55939743981112355     
    12925003          10  0.95913559886091648     
    12925003          11   1.2337889698855187     
    12925003          12  0.87862501886760602     
    12925003          13   1.0835909943703648     
    12925003          14   1.3101844070004653     
    12925003          15   1.2220784772126230     
    12925003          16   1.1288465128457785     
    12925003          17  0.88427154281437004     
    12925003          18   1.1183361816464448     
    12925003          19  0.34116441516816931     
    12925003          20   1.0270094227166247     
    12925003          21   1.0144745477539399     
    12925003          22  0.80413928973132531     
    12925003          23   1.0229324939581359     
    12925003          24  0.98124515924564593     
    12925003          25   1.2294311494200258     
    12925209           1   1.0341399968422185     
    12925209           2   1.0385707587121276     
    12925209           3  0.76686342146479236     
    12925209           4  0.92234951176447477     
    12925209           5   1.1103132455834146     
    12925209           6   1.0288002837626895     
    12925209           7  0.99731224514322203     
    12925209           8   1.0549446201474983     
    12925209           9   1.0410031105395443     
    12925209          10   1.0773071774530543     
    12925209          11  0.89379411723623192     
    12925209          12  0.88371538432206798     
    12925209          13   1.1362316442912772     
    12925209          14   1.1161538757544822     
    12925209          15   1.2004384815614713     
    12925209          16   1.0298173226399057     
    12925209          17   1.1822500162105356     
    12925209          18   1.0117556871574840     
    12925209          19   1.0364416581852931     
    12925209          20   1.0391428077220488     
    12925209          21   1.1090841430426615     
    12925209          22  0.99687130742003838     
    12925209          23   1.0060441525805930     
    12925209          24  0.23075166355188279     
    12925209          25   1.0559033669109958     
    12925243           1   1.0960748560005955     
    12925243           2   1.0029620000627493     
    12925243           3   1.0629196860955030     
    12925243           4  0.98670162516955962     
    12925243           5   1.0656080574726894     
    12925243           6  0.82105460272873454     
    12925243           7   1.0182614557083849     
    12925243           8   1.0651355379263976     
    12925243           9   1.0686454865890134     
    12925243          10   1.0346264332189017     
    12925243          11  0.47071791297833865     
    12925243          12   1.0250955685501710     
    12925243          13   1.1466216254453647     
    12925243          14   1.0400090277070837     
    12925243          15   1.1200969213391401     
    12925243          16   1.0102462354561035     
    12925243          17   1.1644912022444860     
    12925243          18   1.0678325943377025     
    12925243          19  0.95478295605309615     
    12925243          20   1.0654070844594374     
    12925243          21   1.0907475802587716     
    12925243          22  0.84250065410408403     
    12925243          23  0.83737996281415006     
    12925243          24  0.85404775955329559     
    12925243          25   1.0880331737262448     
    12925296           1   1.1084286050476875     
    12925296           2   1.1104863128280533     
    12925296           3   1.1327331388680262     
    12925296           4  0.83124841490730006     
    12925296           5   1.2065441177413094     
    12925296           6   1.1325494153279314     
    12925296           7   1.0238611005224278     
    12925296           8   1.1287410880496924     
    12925296           9  0.73579896304258030     
    12925296          10  0.95016100851291085     
    12925296          11   1.1088644002187089     
    12925296          12   1.0886224311985055     
    12925296          13   1.1869951456702528     
    12925296          14  0.11389882473412931     
    12925296          15   1.1386102871073034     
    12925296          16  0.36685796772020618     
    12925296          17   1.1311418333013004     
    12925296          18   1.0726819653903668     
    12925296          19  0.99777159586118769     
    12925296          20   1.2106936567003816     
    12925296          21  0.68367003763177681     
    12925296          22   1.0922819950271203     
    12925296          23   1.1262957980939354     
    12925296          24   1.0828112353626143     
    12925296          25   1.2382506611342878     
    12925413           1   1.0251703421758678     
    12925413           2   1.0548647818961092     
    12925413           3  0.64006605061616251     
    12925413           4  0.93105235012993381     
    12925413           5   1.1815163414537098     
    12925413           6   1.0412138771810526     
    12925413           7   1.0067223951554112     
    12925413           8   1.0297991223275444     
    12925413           9  0.97233685082928145     
    12925413          10   1.0555950824697582     
    12925413          11  0.67966262393107901     
    12925413          12  0.94093137649912628     
    12925413          13   1.1608673046388733     
    12925413          14   1.1147265471529895     
    12925413          15   1.1192202625769074     
    12925413          16   1.0680169171969569     
    12925413          17   1.1934051484759154     
    12925413          18   1.0306656671372658     
    12925413          19  0.99379493833318810     
    12925413          20   1.0859645218896847     
    12925413          21   1.2198535724138970     
    12925413          22  0.96623217108506632     
    12925413          23   1.0677238995425442     
    12925413          24  0.36482419101639335     
    12925413          25   1.0557736638752806     
    12925449           1   1.0890375855073939     
    12925449           2  0.93615262471056426     
    12925449           3   1.0814191580341530     
    12925449           4   1.0080348060662350     
    12925449           5  0.96938225317486393     
    12925449           6   1.2049256227038081     
    12925449           7   1.0771979020941509     
    12925449           8   1.0814070478668525     
    12925449           9   1.0774043980597601     
    12925449          10  0.97723917615910028     
    12925449          11   1.0903808679007387     
    12925449          12   1.0674419810476508     
    12925449          13   1.1049872152067333     
    12925449          14   1.0355372952418362     
    12925449          15   1.1015550041791893     
    12925449          16   1.0156804430986577     
    12925449          17  0.42746584992537862     
    12925449          18   1.0732289432625248     
    12925449          19  0.99151325364087850     
    12925449          20   1.0613144734954256     
    12925449          21   1.1038205571914916     
    12925449          22  0.92393803453160916     
    12925449          23  0.90444165639880647     
    12925449          24  0.57420551678844312     
    12925449          25   1.0222883337137620     
    12925461           1   1.1801592956260978     
    12925461           2   1.0124751559766054     
    12925461           3   1.0820418593566457     
    12925461           4  0.85567480241083671     
    12925461           5   1.0713123253487871     
    12925461           6  0.97371883078520682     
    12925461           7   1.0677934408710883     
    12925461           8   1.0122569616861536     
    12925461           9  0.60877374378818350     
    12925461          10  0.20357750374854386     
    12925461          11   1.1263136439535322     
    12925461          12   1.1170450483452870     
    12925461          13   1.1147309396108338     
    12925461          14   1.1081356749991413     
    12925461          15   1.1199671152520612     
    12925461          16  0.48300338484109911     
    12925461          17   1.0777975579287293     
    12925461          18   1.1517000365576464     
    12925461          19  0.97033346598280179     
    12925461          20   1.0263360336105507     
    12925461          21   1.2411823007368838     
    12925461          22   1.0542428023764283     
    12925461          23   1.1076223057676762     
    12925461          24   1.0866214138328820     
    12925461          25   1.1471843566062940     
    12925492           1   1.0569263071702861     
    12925492           2   1.1348136550016927     
    12925492           3   1.0459887151877543     
    12925492           4  0.84782702196911452     
    12925492           5  0.97877235583156896     
    12925492           6   1.1707160238754262     
    12925492           7  0.92596023200700306     
    12925492           8   1.0088239564722195     
    12925492           9   1.0396501106369880     
    12925492          10   1.0156757936043503     
    12925492          11   1.1100455344291529     
    12925492          12  0.99888188838413294     
    12925492          13   1.0264502258379464     
    12925492          14  0.93783439570182303     
    12925492          15   1.1823370257929682     
    12925492          16  0.99707252586789563     
    12925492          17   1.0265508937366488     
    12925492          18  0.73889914480366736     
    12925492          19  0.63755970536102369     
    12925492          20   1.0220064422102821     
    12925492          21   1.0597836089518080     
    12925492          22  0.99669357116154000     
    12925492          23  0.98887168366746048     
    12925492          24  0.99951164071215515     
    12925492          25   1.0523475416250938     
    12925579           1   1.1356628247962266     
    12925579           2   1.1296354247331155     
    12925579           3   1.1266332571140643     
    12925579           4   1.0324887812764800     
    12925579           5   1.1757616373850697     
    12925579           6   1.1928734776959429     
    12925579           7   1.0588543342296244     
    12925579           8   1.0569125358644713     
    12925579           9  0.72299088320536642     
    12925579          10   1.0342913493992114     
    12925579          11  0.93513753903110042     
    12925579          12   1.0729377751952687     
    12925579          13   1.1253631783172238     
    12925579          14   1.1732206422000331     
    12925579          15  0.56029492221154631     
    12925579          16  0.23220532180340880     
    12925579          17  0.83691814508447604     
    12925579          18   1.1297546916464887     
    12925579          19  0.97958845000498240     
    12925579          20  0.99070248649554393     
    12925579          21   1.2145246082356764     
    12925579          22   1.0259019821338287     
    12925579          23   1.0326630914823582     
    12925579          24  0.94807423422735371     
    12925579          25   1.0766084262311408     
    12925589           1   1.0044493647131980     
    12925589           2   1.0817655770195682     
    12925589           3   1.0782360122319763     
    12925589           4  0.94231656602906699     
    12925589           5   1.1247832578656622     
    12925589           6   1.1938413965749399     
    12925589           7  0.88092310260656970     
    12925589           8   1.0315938844666055     
    12925589           9   1.0107717694692666     
    12925589          10   1.0335671462324711     
    12925589          11   1.0547412431251941     
    12925589          12  0.95412067239446330     
    12925589          13   1.1591457675396852     
    12925589          14   1.1386921521760818     
    12925589          15   1.2492424646149602     
    12925589          16   1.0781933622119182     
    12925589          17   1.0978740166527992     
    12925589          18   1.0508728731894974     
    12925589          19  0.25214677342940961     
    12925589          20  0.99739798082549658     
    12925589          21   1.1308023221585597     
    12925589          22  0.36532519710188294     
    12925589          23   1.0311841945390872     
    12925589          24   1.0480718831554880     
    12925589          25   1.0099410196761545     
    12925736           1   1.0137821062836299     
    12925736           2  0.98826406023264057     
    12925736           3  0.91401381450692776     
    12925736           4   1.0210825280728266     
    12925736           5  0.98720688851652338     
    12925736           6   1.0399521461073611     
    12925736           7  0.96990876514975766     
    12925736           8  0.99535184734446258     
    12925736           9   1.1048598038914683     
    12925736          10  0.94548432685392980     
    12925736          11   1.0149873251065509     
    12925736          12   1.0723934701756164     
    12925736          13   1.1008909632430413     
    12925736          14   1.1930140516038223     
    12925736          15   1.0338023144423323     
    12925736          16   1.0488826356658127     
    12925736          17   1.1205132346949924     
    12925736          18  0.55268122663597563     
    12925736          19  0.95686375814871505     
    12925736          20  0.91732797773076868     
    12925736          21   1.1329992977245151     
    12925736          22   1.0831813916670352     
    12925736          23   1.0118683686211563     
    12925736          24  0.88259110915703132     
    12925736          25  0.89809658842311213     
    12925805           1   1.0646550167657849     
    12925805           2   1.0322409505817909     
    12925805           3   1.0307374881399374     
    12925805           4  0.90179765405106016     
    12925805           5   1.2760499266658480     
    12925805           6   1.1472443709184883     
    12925805           7  0.92504758478908922     
    12925805           8   1.1638002748816942     
    12925805           9   1.2150700541865886     
    12925805          10  0.31158762489818503     
    12925805          11  0.41136874369090443     
    12925805          12   1.1400693189227091     
    12925805          13   1.0829766818442261     
    12925805          14   1.2334624715704448     
    12925805          15  0.58805643301560850     
    12925805          16  0.85504879134937717     
    12925805          17   1.1806724043083459     
    12925805          18  0.92329802647014825     
    12925805          19  0.95482069114256674     
    12925805          20   1.0328173278986801     
    12925805          21   1.1235710821159721     
    12925805          22   1.0748896035596851     
    12925805          23   1.0589746926118213     
    12925805          24   1.0379711279390125     
    12925805          25   1.2337716576820321     
    12926021           1   1.0067418557746208     
    12926021           2   1.0039658924792061     
    12926021           3   1.1172802399123123     
    12926021           4  0.98055414033270516     
    12926021           5  0.80953313523804749     
    12926021           6   1.0935241671495231     
    12926021           7  0.97198709919498516     
    12926021           8   1.0589060666459720     
    12926021           9   1.1326707743873683     
    12926021          10   1.0147079269012413     
    12926021          11  0.96233051553942606     
    12926021          12   1.1134172526018551     
    12926021          13  0.73484466656052116     
    12926021          14   1.2479596948819911     
    12926021          15  0.80650628630397880     
    12926021          16   1.0184842558085874     
    12926021          17   1.1040021403952154     
    12926021          18  0.99078529013314343     
    12926021          19   1.0945726481157263     
    12926021          20  0.33141600825008666     
    12926021          21   1.0564261190301207     
    12926021          22   1.2008293511272279     
    12926021          23  0.97849788491883738     
    12926021          24   1.0634495840940688     
    12926021          25   1.1066070042232323     
    12926048           1   1.0245433527146866     
    12926048           2   1.0560104803862862     
    12926048           3  0.90135279798421541     
    12926048           4   1.0545694126627010     
    12926048           5   1.1066095305584649     
    12926048           6   1.1227019488576555     
    12926048           7  0.89384493358774153     
    12926048           8  0.93146623377921867     
    12926048           9   1.1952189174037422     
    12926048          10  0.92145599506140963     
    12926048          11  0.42009308850826121     
    12926048          12   1.1734024324997561     
    12926048          13   1.2340759881058008     
    12926048          14   1.1557193595040480     
    12926048          15  0.94667635982066511     
    12926048          16  0.85814629096365747     
    12926048          17   1.1078646781834842     
    12926048          18  0.46182921199875354     
    12926048          19   1.0971934334957771     
    12926048          20   1.1679192538340391     
    12926048          21   1.0867263617729876     
    12926048          22  0.73673166516132804     
    12926048          23   1.1306971783971353     
    12926048          24   1.0935091732951960     
    12926048          25   1.1216419214629827     
    12926091           1   1.1325943289843345     
    12926091           2   1.0925702764571990     
    12926091           3   1.0981745351561805     
    12926091           4  0.98320808573778706     
    12926091           5   1.0270524499870612     
    12926091           6   1.1081051742588854     
    12926091           7   1.0046456042311960     
    12926091           8   1.1109970910925191     
    12926091           9  0.97679736899465575     
    12926091          10  0.91609748201136665     
    12926091          11   1.0612066057947904     
    12926091          12   1.2158623205720163     
    12926091          13  0.95815324974284866     
    12926091          14   1.1179909512787534     
    12926091          15   1.0276302385213059     
    12926091          16  0.82116113954841508     
    12926091          17   1.0931201106537691     
    12926091          18   1.0642111817613400     
    12926091          19   1.0485276136494586     
    12926091          20   1.0193324854291426     
    12926091          21  0.80627623086745315     
    12926091          22   1.0263618720554935     
    12926091          23  0.70269319267356845     
    12926091          24  0.49675770849910422     
    12926091          25   1.0904727020413438     
    12926097           1   1.1202466345839688     
    12926097           2  0.94760550374914954     
    12926097           3  0.96891974998048103     
    12926097           4  0.92084833780222186     
    12926097           5   1.1255968584897502     
    12926097           6   1.1365887741835137     
    12926097           7   1.1015837916077544     
    12926097           8   1.0441253976590761     
    12926097           9   1.0423100329949129     
    12926097          10   1.0724185356175759     
    12926097          11   1.0500795043414539     
    12926097          12  0.83262794609963886     
    12926097          13   1.3359365974601105     
    12926097          14   1.2610284784768420     
    12926097          15   5.4646283012657754E-002
    12926097          16  0.47636193477933975     
    12926097          17   1.1548451042634278     
    12926097          18   1.1819379888353156     
    12926097          19  0.96030464819689643     
    12926097          20   1.0593438716255825     
    12926097          21   1.1655006028140409     
    12926097          22   1.0727584215937467     
    12926097          23  0.79956667866947440     
    12926097          24   1.0030595909557984     
    12926097          25   1.1117587322072728     
    12926278           1  0.96533959630055610     
    12926278           2   1.0653248300854852     
    12926278           3  0.62464420162676770     
    12926278           4  0.78744632660169067     
    12926278           5   1.1005886774057652     
    12926278           6   1.0779084486894941     
    12926278           7   1.0644651059281367     
    12926278           8   1.1462371840897183     
    12926278           9   1.0699541540448589     
    12926278          10   1.0365118086997935     
    12926278          11  0.83267486144221203     
    12926278          12  0.96523016420987306     
    12926278          13   1.1057597403192556     
    12926278          14   1.1476531460172954     
    12926278          15   1.2185416189800375     
    12926278          16  0.98749992808876419     
    12926278          17   1.2626951718639077     
    12926278          18   1.0954126762186542     
    12926278          19  0.95873155907955787     
    12926278          20  0.92631281847999813     
    12926278          21   1.1255078270045491     
    12926278          22   1.0119045628046690     
    12926278          23   1.0215116870148500     
    12926278          24  0.29989971087689438     
    12926278          25   1.1022441941272114     
    12926468           1   1.0687714316753212     
    12926468           2   1.0154367952198184     
    12926468           3   1.0347227632733667     
    12926468           4  0.92078220426868662     
    12926468           5   1.2809836853583088     
    12926468           6   1.1516801118476736     
    12926468           7  0.92862421722879140     
    12926468           8   1.1683000280672833     
    12926468           9   1.2197680384241296     
    12926468          10  0.31279235687667528     
    12926468          11  0.41295927245672992     
    12926468          12   1.1444773180101269     
    12926468          13   1.0871639362032635     
    12926468          14   1.2382315688163772     
    12926468          15  0.55226014433439763     
    12926468          16  0.85835477830070317     
    12926468          17   1.1852373924141992     
    12926468          18  0.92686789436374328     
    12926468          19  0.95851243923660456     
    12926468          20   1.0368106445885357     
    12926468          21   1.1279152919130535     
    12926468          22   1.0790455897904550     
    12926468          23   1.0630691449413008     
    12926468          24   1.0419843714398940     
    12926468          25   1.1852485809505586     
    12926522           1   1.0420155758935337     
    12926522           2   1.0365646699704203     
    12926522           3  0.70883264676392599     
    12926522           4   1.0424851478914170     
    12926522           5   1.1171664568603952     
    12926522           6  0.44373352350182871     
    12926522           7  0.94784850695961598     
    12926522           8  0.95400828031744567     
    12926522           9   1.1561440639229521     
    12926522          10   1.0323434183383025     
    12926522          11   1.0592109628784885     
    12926522          12  0.87915920918555068     
    12926522          13   1.0793765201788443     
    12926522          14   1.0460734819499020     
    12926522          15   1.3567136855371624     
    12926522          16   1.1506276109137157     
    12926522          17   1.2316219294108297     
    12926522          18  0.23378480102521559     
    12926522          19  0.99335601122326689     
    12926522          20   1.1126924144874870     
    12926522          21   1.0133616294714336     
    12926522          22   1.2321663745006097     
    12926522          23   1.0423302020599940     
    12926522          24   1.0520532046056350     
    12926522          25   1.0363296721520279     
    12926556           1   1.0521300608831456     
    12926556           2   1.0911198790250523     
    12926556           3  0.84569595695406441     
    12926556           4  0.95150895493594589     
    12926556           5   1.0955378935999935     
    12926556           6   1.0048239789373077     
    12926556           7   1.0389557998523804     
    12926556           8  0.88170507919387897     
    12926556           9   1.1626381154228589     
    12926556          10   1.0175936508580348     
    12926556          11   1.0670468337154064     
    12926556          12   1.1481322682433934     
    12926556          13   1.0976429768957148     
    12926556          14   1.1162764601050412     
    12926556          15   1.1180877632280597     
    12926556          16  0.74692509453754707     
    12926556          17   1.2549790497284661     
    12926556          18   1.1161126762022742     
    12926556          19  0.89660689212395062     
    12926556          20   1.0397115263466097     
    12926556          21  0.99871337409280148     
    12926556          22  0.88760326721632010     
    12926556          23   1.0526920093761556     
    12926556          24   1.1341373120349976     
    12926556          25  0.18362312649059939     
    12926612           1   1.0086820084827592     
    12926612           2  0.98426951563284393     
    12926612           3   1.0958569661067428     
    12926612           4  0.92842801876157022     
    12926612           5  0.92288411512788726     
    12926612           6   1.2731232313180365     
    12926612           7   1.0732982507540789     
    12926612           8   1.0748554261272318     
    12926612           9   1.0189669346729249     
    12926612          10  0.97131864748864138     
    12926612          11  0.92617088192865038     
    12926612          12   1.0609749655953202     
    12926612          13   1.1002380303897887     
    12926612          14   1.0701506930450484     
    12926612          15  0.99908408499739287     
    12926612          16   1.0593660794831568     
    12926612          17  0.20572611728185730     
    12926612          18   1.2423442145964578     
    12926612          19  0.98576812335811548     
    12926612          20   1.1155117258814196     
    12926612          21   1.1285662014217352     
    12926612          22  0.81027991222532092     
    12926612          23  0.93152019509400741     
    12926612          24  0.91489113184616533     
    12926612          25   1.0977245283828405     
    12926617           1   1.0962541244822213     
    12926617           2   1.0337196208110091     
    12926617           3  0.70688712056159397     
    12926617           4   1.0396238488527454     
    12926617           5   1.1141001807455591     
    12926617           6  0.44251561233370301     
    12926617           7  0.94524695620634591     
    12926617           8  0.95138982289301299     
    12926617           9   1.1529708063419117     
    12926617          10   1.0295099552079690     
    12926617          11   1.0563037566550093     
    12926617          12  0.87674618929249037     
    12926617          13   1.0764139657426501     
    12926617          14   1.0783329890683442     
    12926617          15   1.3529899264293883     
    12926617          16   1.1474694942886150     
    12926617          17   1.2282415084525475     
    12926617          18  0.20953118175705229     
    12926617          19  0.99062955645724882     
    12926617          20   1.1096384182340633     
    12926617          21   1.0105802654758909     
    12926617          22   1.2287844592090842     
    12926617          23   1.0394693282996676     
    12926617          24   1.0491656442129924     
    12926617          25   1.0334852679888864     
    12926659           1   1.0394971252232881     
    12926659           2   1.1138380925527738     
    12926659           3  0.35474369883971868     
    12926659           4  0.89327301344847332     
    12926659           5  0.70981094171284709     
    12926659           6  0.85476458215212903     
    12926659           7   1.0683349752696463     
    12926659           8   1.0928371653225295     
    12926659           9   1.1471573183410211     
    12926659          10   1.1339934751454848     
    12926659          11   1.0675882609844221     
    12926659          12  0.93588555105050941     
    12926659          13   1.1646409474480870     
    12926659          14   1.1715363650212036     
    12926659          15   1.1728836879185705     
    12926659          16   1.0926369412829595     
    12926659          17   1.0798712193117888     
    12926659          18   1.0709713589543668     
    12926659          19  0.39607548737585935     
    12926659          20   1.1031181736658804     
    12926659          21   1.1274131812235750     
    12926659          22   1.1023288495644838     
    12926659          23   1.1110112551082543     
    12926659          24  0.93206129583030672     
    12926659          25   1.0637270372518242     
    12926673           1   1.1449010136733726     
    12926673           2  0.59029970961845901     
    12926673           3   1.1070851123315357     
    12926673           4  0.46901926059685545     
    12926673           5   1.2240534985528715     
    12926673           6   1.2192475790805961     
    12926673           7   1.0895096849170485     
    12926673           8   1.0208856129353676     
    12926673           9  0.73636657297981478     
    12926673          10  0.83727522886488004     
    12926673          11   1.0760822508631731     
    12926673          12  0.97760165411950428     
    12926673          13   1.1262962269254315     
    12926673          14  0.77339375769274610     
    12926673          15   1.1242599353042639     
    12926673          16  0.82787694646153498     
    12926673          17   1.0896511131407296     
    12926673          18   1.0352639939423434     
    12926673          19   1.0141596911796968     
    12926673          20   1.0458801201296659     
    12926673          21   1.0476284573280681     
    12926673          22   1.1361417532665694     
    12926673          23   1.1041874789821218     
    12926673          24   1.0593038667548240     
    12926673          25   1.1236294803585236     
    12926894           1   1.0071295362917170     
    12926894           2   1.0043525040163253     
    12926894           3   1.0913240300634179     
    12926894           4  0.98093173637084008     
    12926894           5  0.80984487376632619     
    12926894           6   1.0939452661752029     
    12926894           7  0.97236139619978867     
    12926894           8   1.0593138347834732     
    12926894           9   1.1331069481582268     
    12926894          10   1.0150986750275324     
    12926894          11  0.96270109394514336     
    12926894          12   1.1138460121430986     
    12926894          13  0.73512764372957751     
    12926894          14   1.2484402646100223     
    12926894          15  0.80681685924015134     
    12926894          16   1.0188764581399810     
    12926894          17   1.1044272743242449     
    12926894          18  0.99116682602678585     
    12926894          19   1.0949941508950007     
    12926894          20  0.33154363136291881     
    12926894          21   1.0735922807933069     
    12926894          22   1.2012917716982203     
    12926894          23  0.97887468912522557     
    12926894          24   1.0638591018689607     
    12926894          25   1.1070331412445142     
    12926908           1   1.0673921152993964     
    12926908           2   1.0270734779345654     
    12926908           3   1.1080334393131597     
    12926908           4  0.98373079759725490     
    12926908           5   1.0127904025888734     
    12926908           6   1.1388835064999137     
    12926908           7  0.70678249170370577     
    12926908           8  0.98806584030803213     
    12926908           9   1.1043125502394442     
    12926908          10  0.94477269609420444     
    12926908          11  0.96592293420992792     
    12926908          12   1.1087289677832284     
    12926908          13   1.0895995118519677     
    12926908          14  0.90745904257816690     
    12926908          15   1.1039475171933486     
    12926908          16   1.0314610006886624     
    12926908          17   1.1265606110177051     
    12926908          18   1.0190660370412172     
    12926908          19  0.98293681829080404     
    12926908          20  0.99661990688376845     
    12926908          21   1.0105271801830702     
    12926908          22  0.30286042474892338     
    12926908          23   1.1014984897276194     
    12926908          24   1.0777363950571539     
    12926908          25   1.0932378451658875     
    12926984           1  0.96626636743397276     
    12926984           2   1.0958176703853781     
    12926984           3  0.84933708130383934     
    12926984           4  0.93015761454641444     
    12926984           5   1.1002547066197166     
    12926984           6   1.0091502252990894     
    12926984           7   1.0474122573065097     
    12926984           8  0.88550123998520625     
    12926984           9   1.1676438268930776     
    12926984          10   1.0219748767464270     
    12926984          11   1.0716409791368704     
    12926984          12   1.2041049529031751     
    12926984          13   1.1023688533027973     
    12926984          14   1.1238343523792691     
    12926984          15   1.1229016641890359     
    12926984          16  0.71119541443650469     
    12926984          17   1.2487771373224736     
    12926984          18   1.1209180734718194     
    12926984          19  0.93721207634717840     
    12926984          20   1.0441879802354954     
    12926984          21   1.0030133113869943     
    12926984          22  0.85088015757713142     
    12926984          23   1.0627678713118074     
    12926984          24   1.1382675978722563     
    12926984          25  0.18441371160756595     
    12926985           1   1.0989279793825297     
    12926985           2  0.90219060615446622     
    12926985           3   1.0951624091346277     
    12926985           4  0.96273801709609563     
    12926985           5   1.0616725670847720     
    12926985           6   1.0812041799404593     
    12926985           7  0.75609047103455795     
    12926985           8   1.0340291002630857     
    12926985           9   1.1288685944328132     
    12926985          10  0.61680240054678537     
    12926985          11   1.1377796669605951     
    12926985          12  0.91272857987904188     
    12926985          13   1.0762015345953084     
    12926985          14   1.0740073694445655     
    12926985          15   1.0937450105043800     
    12926985          16   1.0933879873991412     
    12926985          17   1.0012921706623925     
    12926985          18  0.98825924355354877     
    12926985          19  0.66090427074322800     
    12926985          20   1.1370156184928728     
    12926985          21   1.0388948977685444     
    12926985          22   1.1309026324522193     
    12926985          23  0.92181693699387812     
    12926985          24  0.96887787067510878     
    12926985          25   1.0264998848049813     
    12926992           1  0.98954153043118243     
    12926992           2   1.0648899840979329     
    12926992           3  0.99997560137964880     
    12926992           4  0.98341027226222033     
    12926992           5   1.0202101928504550     
    12926992           6  0.91065798751549698     
    12926992           7  0.92702201174356369     
    12926992           8  0.99497486585970163     
    12926992           9   1.0331763699788510     
    12926992          10  0.93525902512382664     
    12926992          11   1.0719634098332058     
    12926992          12  0.69305262077295871     
    12926992          13   1.1161597736157904     
    12926992          14   1.1484187850410961     
    12926992          15   1.1501460713030276     
    12926992          16   1.0222908245703899     
    12926992          17   1.0193120239957025     
    12926992          18   1.0978066428041371     
    12926992          19  0.70759003556294975     
    12926992          20   1.0233860173271909     
    12926992          21  0.98685255264005056     
    12926992          22   1.0771279436371537     
    12926992          23  0.99746777014946597     
    12926992          24  0.99002107610434220     
    12926992          25   1.0392866113996571     
    12927016           1  0.61361240993676880     
    12927016           2   1.1371636087151535     
    12927016           3   1.1652543633639374     
    12927016           4  0.96162375804366818     
    12927016           5   1.1574050849454327     
    12927016           6   1.1960760677572881     
    12927016           7  0.91242309396216204     
    12927016           8   1.0746674728889605     
    12927016           9  0.55990513249080420     
    12927016          10  0.96000608214830385     
    12927016          11   1.2280595137646999     
    12927016          12  0.87942243311822188     
    12927016          13   1.0845744297178619     
    12927016          14   1.3113734918713054     
    12927016          15   1.2231875997303907     
    12927016          16   1.1298710207721079     
    12927016          17  0.85979984488019390     
    12927016          18   1.1193511507050011     
    12927016          19  0.34147404596699260     
    12927016          20   1.0279415062922170     
    12927016          21   1.0153952550453265     
    12927016          22  0.80486910292278024     
    12927016          23   1.0238608774329789     
    12927016          24  0.98213570852039656     
    12927016          25   1.2305469450070468     
    12927128           1  0.59044285597665702     
    12927128           2   1.1129021974120186     
    12927128           3   1.0314319362614071     
    12927128           4  0.93800846127124959     
    12927128           5  0.63333708037426240     
    12927128           6   1.0301189402381259     
    12927128           7  0.95750291822675959     
    12927128           8   1.0721629783423865     
    12927128           9   1.1493503484763878     
    12927128          10   1.0323415405720311     
    12927128          11   1.1448987159424580     
    12927128          12  0.20830758082483641     
    12927128          13   1.1636019371334745     
    12927128          14   1.1744243981345492     
    12927128          15   1.1226330073763728     
    12927128          16   1.0563120746738353     
    12927128          17   1.0862300148406525     
    12927128          18   1.0460300120308332     
    12927128          19  0.79567503938519857     
    12927128          20   1.1569511561378547     
    12927128          21   1.1503922160359026     
    12927128          22   1.1351712491127046     
    12927128          23   1.0795964448177056     
    12927128          24   1.0941810042134148     
    12927128          25   1.0379958921889167     
    12927330           1   1.0641979903055803     
    12927330           2   1.1070418637089823     
    12927330           3   1.0444281690101198     
    12927330           4  0.99130763751994189     
    12927330           5   1.1341559082325143     
    12927330           6   1.1196280123986850     
    12927330           7  0.35566037572965908     
    12927330           8   1.0403029781178417     
    12927330           9  0.98771683156144774     
    12927330          10   1.0572222643225457     
    12927330          11   1.0538501059416410     
    12927330          12  0.91900202329173120     
    12927330          13   1.0984941323259387     
    12927330          14   1.1098027764523797     
    12927330          15   1.1789231801282269     
    12927330          16   1.0972348441512965     
    12927330          17   1.1018931445909759     
    12927330          18   1.0911087978923981     
    12927330          19  0.76797831202956257     
    12927330          20   1.0806711246454261     
    12927330          21  0.96692921576379454     
    12927330          22  0.59370813932527133     
    12927330          23   1.0067385441245729     
    12927330          24   1.0229158948096730     
    12927330          25   1.0090877336197919     
    12927339           1   1.0735594114976834     
    12927339           2   1.0774681905462498     
    12927339           3  0.35511089814545355     
    12927339           4   1.0156697748366115     
    12927339           5   1.1644505100645086     
    12927339           6   1.0903477142536075     
    12927339           7  0.98507336230771914     
    12927339           8   1.0111593979390376     
    12927339           9  0.80925666866954649     
    12927339          10   1.0766236559031832     
    12927339          11   1.0848786912619326     
    12927339          12  0.86429797879199277     
    12927339          13  0.76677803423415447     
    12927339          14   1.1021782135287350     
    12927339          15   1.0924958994444307     
    12927339          16   1.0521222444649976     
    12927339          17   1.2525592913781594     
    12927339          18   1.1388199658966656     
    12927339          19  0.62792521804057233     
    12927339          20   1.0012831426204614     
    12927339          21   1.0805511949454119     
    12927339          22   1.0690354568307430     
    12927339          23   1.0956400925947323     
    12927339          24   1.0523661899958350     
    12927339          25   1.0603488018075768     
    12927435           1   1.0285995906189163     
    12927435           2   1.0828688799754909     
    12927435           3  0.80659900524883044     
    12927435           4   1.1100384353441481     
    12927435           5  0.87357965448707364     
    12927435           6  0.98833979323024623     
    12927435           7  0.97904938314244949     
    12927435           8   1.1333337139752400     
    12927435           9   1.1256157310011106     
    12927435          10  0.96525759006521750     
    12927435          11   1.0879244088865399     
    12927435          12  0.87457390342622277     
    12927435          13   1.2140809662245753     
    12927435          14   1.0281923204610763     
    12927435          15   1.1634987088092865     
    12927435          16  0.86797339632456405     
    12927435          17   1.0695428446442741     
    12927435          18   1.2378856753282219     
    12927435          19   7.6514062717350478E-002
    12927435          20   1.0419434723847234     
    12927435          21   1.0749282985239479     
    12927435          22   1.0889808833292918     
    12927435          23   1.0481005815070101     
    12927435          24  0.98806068485213916     
    12927435          25   1.0445180154920506     
    12927540           1   1.0618394209750390     
    12927540           2  0.73608615886443407     
    12927540           3   1.0398963632070928     
    12927540           4   1.0236522265620589     
    12927540           5   1.0852484050185722     
    12927540           6   1.1525628151727965     
    12927540           7  0.80063594768568647     
    12927540           8  0.96748729440963077     
    12927540           9   1.0163078345639742     
    12927540          10   1.0203013996652144     
    12927540          11  0.95834783654972389     
    12927540          12   1.0097647303932289     
    12927540          13  0.88577268126141218     
    12927540          14  0.47294962498626048     
    12927540          15   1.2258526451544642     
    12927540          16  0.96304400854117000     
    12927540          17   1.0720424022147634     
    12927540          18   1.1716548279658701     
    12927540          19   1.0097475678977239     
    12927540          20   1.0632863284646736     
    12927540          21  0.97964628845577417     
    12927540          22   1.1252780995599427     
    12927540          23   1.0613822133914408     
    12927540          24   1.0575589118067150     
    12927540          25   1.0396539672323388     
    12927559           1   1.2630397878392141     
    12927559           2   1.0069490062041995     
    12927559           3   1.1582918161086155     
    12927559           4  0.96364866469138377     
    12927559           5   1.0237106246523926     
    12927559           6  0.64907811633051771     
    12927559           7   1.0664664707236826     
    12927559           8  0.96716774669181604     
    12927559           9   1.0946180322080772     
    12927559          10  0.98255239280836526     
    12927559          11   1.0902697558603180     
    12927559          12   1.0437440373801705     
    12927559          13  0.66156967834120106     
    12927559          14   1.2251817952200539     
    12927559          15  0.38331859449973793     
    12927559          16  0.86555948049667952     
    12927559          17   1.0945283709205464     
    12927559          18   1.1929040075467590     
    12927559          19  0.93365455158816346     
    12927559          20   1.0204235364601697     
    12927559          21   1.0954615670671863     
    12927559          22   1.0249514890819484     
    12927559          23  0.77566524794073333     
    12927559          24   1.1903669516113937     
    12927559          25   1.2268782777266773     
    12927646           1  0.95171258493443212     
    12927646           2   1.1220752631013085     
    12927646           3  0.62624880664921501     
    12927646           4  0.87712465532710415     
    12927646           5   1.0819993440729723     
    12927646           6  0.86204840026708196     
    12927646           7   1.1777552306754577     
    12927646           8   1.0488854602034561     
    12927646           9  0.89540122270222966     
    12927646          10  0.97290092433010389     
    12927646          11   1.0294026105600540     
    12927646          12  0.72119356312555871     
    12927646          13   1.0881349598427552     
    12927646          14   1.1206188935821266     
    12927646          15   1.2016877259141947     
    12927646          16   1.1583086923481092     
    12927646          17   1.2484012735966967     
    12927646          18  0.97834282263935235     
    12927646          19  0.98424061271811170     
    12927646          20   1.1336241682695647     
    12927646          21   1.0538211668044317     
    12927646          22   1.0662865873281875     
    12927646          23   1.0749126148300143     
    12927646          24  0.44672416680756916     
    12927646          25   1.0781482493699082     
    12927672           1   1.1120882086017954     
    12927672           2  0.86017566274636981     
    12927672           3  0.98173041664394667     
    12927672           4  0.68058286812415225     
    12927672           5   1.0579962089215420     
    12927672           6   1.1732990958008238     
    12927672           7  0.96998323386443452     
    12927672           8  0.88926230288913966     
    12927672           9   1.0696584945658609     
    12927672          10  0.97609959982949612     
    12927672          11   1.2164738474652466     
    12927672          12   1.0722529448613767     
    12927672          13   1.1651961833885729     
    12927672          14   1.1545497425585267     
    12927672          15  0.93429188367649219     
    12927672          16  0.54474830828491061     
    12927672          17   1.0621228990193448     
    12927672          18   1.1389059944541329     
    12927672          19  0.90570939157201658     
    12927672          20  0.96903511337798864     
    12927672          21   1.1486881005257634     
    12927672          22  0.90382699559394020     
    12927672          23   1.0919221572970921     
    12927672          24   1.0345005919407051     
    12927672          25  0.88689975399632559     
    12927699           1  0.91021786474399091     
    12927699           2   1.0249726153050214     
    12927699           3   1.0944537651618851     
    12927699           4  0.75160072007125478     
    12927699           5   1.0786864242049941     
    12927699           6  0.86517834288136264     
    12927699           7  0.93295814854424686     
    12927699           8   1.0150532330014339     
    12927699           9  0.98002874424810704     
    12927699          10   1.0667976825802630     
    12927699          11   1.1487371322061224     
    12927699          12   1.0790227806242110     
    12927699          13   1.0969496876498184     
    12927699          14   1.1310702170354086     
    12927699          15   1.1296457772491653     
    12927699          16   1.0015892305347038     
    12927699          17   1.0770585773554344     
    12927699          18   1.0213848885959862     
    12927699          19   1.0106947817821637     
    12927699          20   1.0238748849447625     
    12927699          21   1.0896615938696104     
    12927699          22  0.78033766247193814     
    12927699          23   1.0908089103817051     
    12927699          24   1.0887132827967652     
    12927699          25  0.51050305175965360     
    12927726           1   1.0527533273766934     
    12927726           2  0.89193556629197301     
    12927726           3   1.0122990414015021     
    12927726           4   1.1347719741725741     
    12927726           5   1.0580074635297947     
    12927726           6   1.0698283243745921     
    12927726           7  0.73128411603957444     
    12927726           8  0.97123758964708273     
    12927726           9   1.0982045701819905     
    12927726          10  0.82765146432366377     
    12927726          11   1.2110955763569047     
    12927726          12   1.1068591765666143     
    12927726          13   1.0264819821894646     
    12927726          14  0.56643542316279183     
    12927726          15   1.1858881212730574     
    12927726          16  0.95519874673406013     
    12927726          17   1.1945119376417672     
    12927726          18  0.95447840140343332     
    12927726          19  0.94340430203692804     
    12927726          20   1.0221091522047163     
    12927726          21  0.97721573144356166     
    12927726          22   1.0792670051291797     
    12927726          23   1.0251061395073988     
    12927726          24   1.0228446669645290     
    12927726          25  0.88113020004614939     
    12927780           1  0.61338436977121635     
    12927780           2   1.1164186569390431     
    12927780           3   1.1648213134555114     
    12927780           4  0.96126638450064295     
    12927780           5   1.1569749521076544     
    12927780           6   1.1931332874087057     
    12927780           7  0.91208400513339738     
    12927780           8   1.0742680882864608     
    12927780           9  0.55969705185710250     
    12927780          10  0.95964930979109719     
    12927780          11   1.2344497845608569     
    12927780          12  0.87909560850712998     
    12927780          13   1.0841713633383339     
    12927780          14   1.3108861389049300     
    12927780          15   1.2227330197736834     
    12927780          16   1.1294511205705193     
    12927780          17  0.88474515671977705     
    12927780          18   1.1189351600607695     
    12927780          19  0.34134714208318401     
    12927780          20   1.0275594867184974     
    12927780          21   1.0150178981041826     
    12927780          22  0.80456998497714172     
    12927780          23   1.0234803743658774     
    12927780          24  0.98177071200803945     
    12927780          25   1.2300896300562483     
    12927868           1   1.1037198516643110     
    12927868           2   1.0940746142469600     
    12927868           3   1.0996865893357484     
    12927868           4  0.98456184495167498     
    12927868           5   1.0284665776142490     
    12927868           6   1.1096309017334356     
    12927868           7   1.0060288803282385     
    12927868           8   1.0984127817199494     
    12927868           9  0.97814230142305991     
    12927868          10  0.91735883800007556     
    12927868          11   1.0626677595843828     
    12927868          12   1.2175364166694445     
    12927868          13  0.95947251146269363     
    12927868          14   1.1195302902785962     
    12927868          15   1.0290451616937735     
    12927868          16  0.82229177961828004     
    12927868          17   1.0946252054990513     
    12927868          18   1.0656764724904646     
    12927868          19   1.0499713099926682     
    12927868          20   1.0207359835941618     
    12927868          21  0.80738637620932807     
    12927868          22   1.0277750488399742     
    12927868          23  0.70366071663712937     
    12927868          24  0.50756763468878918     
    12927868          25   1.0919741517235582     
    12927874           1   1.1667642174152710     
    12927874           2  0.95266422388824268     
    12927874           3   1.0599460613780753     
    12927874           4  0.99964177612577354     
    12927874           5   1.1526722693195204     
    12927874           6   1.1633532324157991     
    12927874           7   1.0027821070543688     
    12927874           8   1.0110752094665785     
    12927874           9  0.74883609918371419     
    12927874          10   1.0327523531676148     
    12927874          11  0.96580233413075711     
    12927874          12   1.0921791646585517     
    12927874          13   1.1218132887943497     
    12927874          14   1.2240239849824912     
    12927874          15  0.48981807093385477     
    12927874          16  0.42684353921662949     
    12927874          17   1.0686969044592016     
    12927874          18   1.1035908957012690     
    12927874          19  0.97946848021132360     
    12927874          20   1.1180822194067872     
    12927874          21   1.0795601222029216     
    12927874          22   1.0913872322684171     
    12927874          23   1.0091351615385744     
    12927874          24  0.70384672573409890     
    12927874          25   1.2352643263458198     
    12927999           1   1.0186383727862116     
    12927999           2  0.99132404207726132     
    12927999           3   1.0214118242251520     
    12927999           4  0.83756046450730615     
    12927999           5   1.0600071332623340     
    12927999           6   1.1210646877470225     
    12927999           7   1.1155209687614380     
    12927999           8   1.0825243876944290     
    12927999           9   1.0208968355989796     
    12927999          10  0.80951225691257667     
    12927999          11   1.0590797700142507     
    12927999          12   1.0166864668615012     
    12927999          13  0.85011196481865692     
    12927999          14   1.1352554243516817     
    12927999          15   1.1807565916452607     
    12927999          16   1.0094493963394535     
    12927999          17   1.1260791749498424     
    12927999          18   1.0582587331731024     
    12927999          19  0.92899806575615029     
    12927999          20  0.99273536054895750     
    12927999          21   1.1032676877110688     
    12927999          22   1.0073140064216173     
    12927999          23  0.50320369042845248     
    12927999          24  0.85089946872764199     
    12927999          25   1.0994432246796531     
    12928016           1  0.76033231257830181     
    12928016           2   1.0068010418191851     
    12928016           3  0.87302622741974012     
    12928016           4  0.98420629770482304     
    12928016           5   1.0708276659654388     
    12928016           6   1.0559792247611943     
    12928016           7  0.94580963563175391     
    12928016           8  0.96103876463918803     
    12928016           9   1.0596600320028398     
    12928016          10   1.0200014942232649     
    12928016          11   1.1212551224156997     
    12928016          12  0.82458631280551142     
    12928016          13   1.1243816326405118     
    12928016          14   1.1125565546272775     
    12928016          15   1.1024425965772571     
    12928016          16   1.0770474634800804     
    12928016          17   1.1105863738589146     
    12928016          18   1.0599163461409813     
    12928016          19  0.95515031755475632     
    12928016          20   1.0614436921594681     
    12928016          21   1.0272982256833807     
    12928016          22  0.89318214041509347     
    12928016          23   1.1432138277488475     
    12928016          24   1.2849977085940096     
    12928016          25  0.36425898855248262     
    12928030           1   1.0824018323619824     
    12928030           2  0.89205229546476761     
    12928030           3   1.1399545542466669     
    12928030           4  0.95014551788424606     
    12928030           5   1.1046920003849039     
    12928030           6   1.0730212154117651     
    12928030           7   1.1341592948244563     
    12928030           8   1.0073528227358246     
    12928030           9  0.65061389594594221     
    12928030          10  0.85960516197137760     
    12928030          11   1.1127994285087068     
    12928030          12   1.1561738370472185     
    12928030          13   1.1650446191151915     
    12928030          14  0.20940132951651089     
    12928030          15   1.1289776986694147     
    12928030          16  0.87187204108788852     
    12928030          17   1.1225414086310168     
    12928030          18   1.0690655677607344     
    12928030          19   1.0524725365574992     
    12928030          20   1.1309737430520381     
    12928030          21  0.62415520208969921     
    12928030          22   1.1136716411588612     
    12928030          23   1.0058670436551920     
    12928030          24   1.1449791570414494     
    12928030          25   1.1980061548766467     
    12928048           1   1.0357192350225255     
    12928048           2   1.0060847934290684     
    12928048           3   1.0358535433307554     
    12928048           4  0.79046726410153501     
    12928048           5   1.1283774687022485     
    12928048           6  0.97106241091170920     
    12928048           7   1.1269506652011858     
    12928048           8   1.0574813482814898     
    12928048           9  0.15428310374807294     
    12928048          10  0.68811758513513477     
    12928048          11   1.0995056861408197     
    12928048          12   1.0444259591936540     
    12928048          13   1.1400550376722736     
    12928048          14  0.91212989886100559     
    12928048          15   1.1797768542455982     
    12928048          16  0.76567865053928330     
    12928048          17   1.0918003341243396     
    12928048          18   1.1010118934751190     
    12928048          19  0.90544933754058865     
    12928048          20   1.1110039538830385     
    12928048          21   1.1159477250046244     
    12928048          22   1.1015051011157200     
    12928048          23   1.0772605636845796     
    12928048          24   1.2129489004815857     
    12928048          25   1.1471026861740525     
    12928060           1   1.0571396551608354     
    12928060           2  0.89369250723046967     
    12928060           3   1.0142930751580357     
    12928060           4   1.1370072559716518     
    12928060           5   1.0600915340570396     
    12928060           6   1.0203778973638105     
    12928060           7  0.73272460462383804     
    12928060           8  0.97315074026776238     
    12928060           9   1.1003678212520407     
    12928060          10  0.82928177798692770     
    12928060          11   1.2134812009232392     
    12928060          12   1.1090394755410629     
    12928060          13   1.0285039536023048     
    12928060          14  0.56755119163484269     
    12928060          15   1.1882240920174503     
    12928060          16  0.95708030392940169     
    12928060          17   1.1968648956401691     
    12928060          18  0.95635853965748696     
    12928060          19  0.94526262645232639     
    12928060          20   1.0241225099863622     
    12928060          21  0.97914065784990933     
    12928060          22   1.0813929528506763     
    12928060          23   1.0271254007756678     
    12928060          24   1.0248594735683110     
    12928060          25  0.88286585649837801     
    12928070           1   1.0471347082032743     
    12928070           2   1.0217502249964110     
    12928070           3   1.1014834537370530     
    12928070           4  0.82686507115060770     
    12928070           5   1.0473793303172523     
    12928070           6   1.1380274116869487     
    12928070           7   1.0570877997294479     
    12928070           8   1.0338054276449939     
    12928070           9   1.0911286835473801     
    12928070          10  0.34771139512237609     
    12928070          11   1.0506025630241196     
    12928070          12  0.93657161159378710     
    12928070          13   1.0780763783131597     
    12928070          14  0.85697413619933338     
    12928070          15   1.2252424646111912     
    12928070          16   1.0239305993256667     
    12928070          17   1.0805263393496791     
    12928070          18   1.0326676185328647     
    12928070          19   1.0135136305100787     
    12928070          20   1.0597546487316802     
    12928070          21  0.84828110273743895     
    12928070          22   1.0341485178679239     
    12928070          23  0.92126541813652874     
    12928070          24  0.98354847731990813     
    12928070          25   1.1425229876108929     
    12928075           1   1.2379412980202196     
    12928075           2   1.0951982012629200     
    12928075           3   1.0281894348905336     
    12928075           4  0.97464948091052994     
    12928075           5  0.99126473217839306     
    12928075           6  0.70482576861693735     
    12928075           7   1.0408025729066144     
    12928075           8   1.0123668923380420     
    12928075           9   1.2458352440207805     
    12928075          10  0.92690459942020764     
    12928075          11   1.0323380288307431     
    12928075          12   1.0487380074238644     
    12928075          13  0.81197904238280405     
    12928075          14   1.1529922798323577     
    12928075          15  0.49054245671065527     
    12928075          16  0.91578678357191801     
    12928075          17   1.1435886017246757     
    12928075          18   1.0864263559087368     
    12928075          19  0.98197477145893541     
    12928075          20   1.0129271056787037     
    12928075          21   1.0840802406607299     
    12928075          22  0.83690362868656987     
    12928075          23  0.90035336120984188     
    12928075          24   1.0601312651556145     
    12928075          25   1.1832598461986750     
    12928130           1   1.1010386545639486     
    12928130           2   1.0266667570614716     
    12928130           3  0.88135375726596954     
    12928130           4  0.97170190940425494     
    12928130           5   1.0909178394121619     
    12928130           6  0.87661440199458773     
    12928130           7   1.0526269143049884     
    12928130           8   1.0289900791868416     
    12928130           9   1.0745040396487970     
    12928130          10   1.0272612643402201     
    12928130          11  0.87731155261544924     
    12928130          12   1.0470329181341551     
    12928130          13   1.0718585702456451     
    12928130          14   1.1108146470385578     
    12928130          15   1.1040432528134061     
    12928130          16   1.0157846307875220     
    12928130          17   1.0824509377184413     
    12928130          18   1.1650444838839222     
    12928130          19  0.94144284582144833     
    12928130          20   1.1456924221636680     
    12928130          21   1.0263569216472084     
    12928130          22   1.0728826339650832     
    12928130          23   1.0102534638934644     
    12928130          24  0.11019108374522285     
    12928130          25   1.0871640183435682     
    12928136           1   1.1233048504883616     
    12928136           2  0.95019241821350930     
    12928136           3  0.97156485124478509     
    12928136           4  0.91200726504474128     
    12928136           5   1.1286696802312286     
    12928136           6   1.1219518848648520     
    12928136           7   1.1045910589072157     
    12928136           8   1.0469758064875634     
    12928136           9   1.0451554859708969     
    12928136          10   1.0753461832627831     
    12928136          11   1.0529461675760607     
    12928136          12  0.83490097772374128     
    12928136          13   1.3004295770135510     
    12928136          14   1.2644710216005730     
    12928136          15   5.4795464564885592E-002
    12928136          16  0.47766237844970211     
    12928136          17   1.1579977722170165     
    12928136          18   1.1851646189753868     
    12928136          19  0.96292623067481975     
    12928136          20   1.0622358261081142     
    12928136          21   1.1686823597326224     
    12928136          22   1.0756869971102512     
    12928136          23  0.80174945472774617     
    12928136          24   1.0057978922364390     
    12928136          25   1.1147937765731470     
    12928148           1   1.1161789986101687     
    12928148           2   1.1089635098441724     
    12928148           3   1.0389503597751817     
    12928148           4  0.94931918805857674     
    12928148           5   1.1892738888556373     
    12928148           6  0.97984591410159894     
    12928148           7  0.97917854616075073     
    12928148           8   1.1346116463827032     
    12928148           9   1.1406940571665232     
    12928148          10  0.39994310481165146     
    12928148          11  0.66111985037664067     
    12928148          12   1.1104794012838193     
    12928148          13   1.0929870924507421     
    12928148          14   1.2025266841959508     
    12928148          15  0.72597050515489048     
    12928148          16  0.77346447624374859     
    12928148          17   1.1817515420864331     
    12928148          18  0.83714969547276030     
    12928148          19  0.96775807227345767     
    12928148          20   1.0069138099652271     
    12928148          21   1.0637756379370538     
    12928148          22   1.0240968288974033     
    12928148          23   1.0324151363377678     
    12928148          24   1.0284125205732686     
    12928148          25   1.2542195329838752     
    12928215           1   1.1007047433931061     
    12928215           2  0.90364928209116968     
    12928215           3   1.0387275759879722     
    12928215           4  0.96429458703742266     
    12928215           5   1.0633890959598238     
    12928215           6   1.0829522878338287     
    12928215           7  0.75731292997898203     
    12928215           8   1.0357009347469694     
    12928215           9   1.1306937668998798     
    12928215          10  0.61779965635197875     
    12928215          11   1.1396192469896311     
    12928215          12  0.91420429377711276     
    12928215          13   1.0779415541331407     
    12928215          14   1.0757438414217331     
    12928215          15   1.0955133946095001     
    12928215          16   1.0951557942636996     
    12928215          17   1.0029110755645176     
    12928215          18  0.96309848946096033     
    12928215          19  0.66197283114456806     
    12928215          20   1.1388539631963506     
    12928215          21   1.0405745993502293     
    12928215          22   1.1772747971537940     
    12928215          23  0.92330734509042223     
    12928215          24  0.97044436762809994     
    12928215          25   1.0281595459351012     
    12928221           1   1.1127341092389722     
    12928221           2   1.0631056972056352     
    12928221           3  0.83859367844037069     
    12928221           4  0.97464687293273189     
    12928221           5   1.0782179716268081     
    12928221           6   1.0940117753829404     
    12928221           7  0.92817169262397436     
    12928221           8   1.0602150127125636     
    12928221           9   1.1171116024425389     
    12928221          10   1.0672728075440492     
    12928221          11   1.1254076089706777     
    12928221          12   1.0337069305052653     
    12928221          13   1.1239144774031877     
    12928221          14  0.98377352775170357     
    12928221          15   1.1447956542642650     
    12928221          16  0.65506053553152122     
    12928221          17   1.1260944345522459     
    12928221          18   1.0410848780279323     
    12928221          19  0.32992819405993057     
    12928221          20   1.0016083372288553     
    12928221          21   1.0968072018045623     
    12928221          22  0.92635690358771927     
    12928221          23   1.0449010226695621     
    12928221          24  0.98578354605049834     
    12928221          25   1.0466955274414846     
    12928227           1   1.1231094734136278     
    12928227           2  0.95002715068615551     
    12928227           3  0.97139586639755704     
    12928227           4  0.92320160564191156     
    12928227           5   1.1284733700484955     
    12928227           6   1.1394933760592383     
    12928227           7   1.1043989367332816     
    12928227           8   1.0467937053684417     
    12928227           9   1.0449737014611957     
    12928227          10   1.0751591476673072     
    12928227          11   1.0527630280285161     
    12928227          12  0.83475576290458586     
    12928227          13   1.2754620577606799     
    12928227          14   1.2642510914104927     
    12928227          15   5.4785933957436764E-002
    12928227          16  0.47757929835067880     
    12928227          17   1.1577963609819579     
    12928227          18   1.1849584825946593     
    12928227          19  0.96275874834795905     
    12928227          20   1.0620510708047857     
    12928227          21   1.1684790901209596     
    12928227          22   1.0754999022368219     
    12928227          23  0.80161000597252530     
    12928227          24   1.0056229532162138     
    12928227          25   1.1145998798345158     
    12928287           1   1.1149253515654212     
    12928287           2   1.1394024415505384     
    12928287           3   1.0516919610177733     
    12928287           4   1.0636988510389005     
    12928287           5   1.1095601126357710     
    12928287           6   1.1183531917968315     
    12928287           7  0.98664393925829263     
    12928287           8   1.0551382273904091     
    12928287           9  0.99003864350378201     
    12928287          10  0.53139249304742997     
    12928287          11  0.82468706517167867     
    12928287          12   1.1466213113639838     
    12928287          13   1.1259692131228820     
    12928287          14   1.1354193606125780     
    12928287          15  0.67371238405509337     
    12928287          16   1.0116519625317122     
    12928287          17   1.1615792000908978     
    12928287          18  0.64869976906924010     
    12928287          19  0.96554569254913203     
    12928287          20  0.84964822380520155     
    12928287          21   1.0998608646855628     
    12928287          22   1.0435527999052570     
    12928287          23   1.0923601049923948     
    12928287          24   1.0735243688093621     
    12928287          25  0.98632246642987187     
    12928313           1   1.0699476188700769     
    12928313           2   1.0295324523850906     
    12928313           3   1.1106862445662735     
    12928313           4  0.98608600289605286     
    12928313           5   1.0152151811243988     
    12928313           6   1.1416101716361213     
    12928313           7  0.70847463946773237     
    12928313           8  0.99043142437670073     
    12928313           9   1.1069564471024942     
    12928313          10  0.94703462960836871     
    12928313          11  0.96823550470018638     
    12928313          12   1.1113834382402192     
    12928313          13   1.0922081834012873     
    12928313          14  0.90963164137322594     
    12928313          15   1.0886412138440758     
    12928313          16   1.0339304795544852     
    12928313          17   1.1292577732159068     
    12928313          18  0.97960125888201643     
    12928313          19  0.98529012267903349     
    12928313          20  0.99900597072492636     
    12928313          21   1.0129465402103863     
    12928313          22  0.30358551994662086     
    12928313          23   1.1041356492899315     
    12928313          24   1.0803166644505140     
    12928313          25   1.0958552274538775     
    12928319           1   1.0513762865337348     
    12928319           2   1.0903381713184490     
    12928319           3  0.84509007756381371     
    12928319           4  0.95082726826038100     
    12928319           5   1.0947530207086040     
    12928319           6   1.0041040959407512     
    12928319           7   1.0382114638988551     
    12928319           8  0.88107340189736338     
    12928319           9   1.1618051701229999     
    12928319          10   1.0168646193241424     
    12928319          11   1.0662823725876638     
    12928319          12   1.1473097153236469     
    12928319          13   1.0968565958658825     
    12928319          14   1.1154767295453309     
    12928319          15   1.1172867350019449     
    12928319          16  0.74638997725677947     
    12928319          17   1.2540799488930245     
    12928319          18   1.1153130629817687     
    12928319          19  0.89596453876678050     
    12928319          20   1.0389666489702434     
    12928319          21  0.99799786889834607     
    12928319          22  0.88696736429884315     
    12928319          23   1.0705974588522453     
    12928319          24   1.1325758332575617     
    12928319          25  0.18349157393084170     
    12928327           1   1.2655187954118881     
    12928327           2   1.0089253764149488     
    12928327           3   1.1605652315711732     
    12928327           4  0.95998119519323177     
    12928327           5   1.0257198934142908     
    12928327           6  0.65035208218743890     
    12928327           7   1.0685596577177754     
    12928327           8  0.96906603698415639     
    12928327           9   1.0967664731496498     
    12928327          10  0.98448087902532588     
    12928327          11   1.0924096623043256     
    12928327          12   1.0457926263458635     
    12928327          13  0.66286816177636265     
    12928327          14   1.2275864977302167     
    12928327          15  0.38407094585688500     
    12928327          16  0.82374891436525177     
    12928327          17   1.0966766358811144     
    12928327          18   1.1952453574366468     
    12928327          19  0.93548706448754571     
    12928327          20   1.0224263535515830     
    12928327          21   1.0976116636409281     
    12928327          22   1.0269631933271524     
    12928327          23  0.77718767030780267     
    12928327          24   1.1927033219424927     
    12928327          25   1.2292863099759519     
    12928366           1   1.2001602996126071     
    12928366           2  0.96719137571793279     
    12928366           3   1.0688000767397807     
    12928366           4  0.63489118296244063     
    12928366           5   1.1021055021838895     
    12928366           6   1.0137602153419119     
    12928366           7   1.0766152088955714     
    12928366           8   1.0255222185270449     
    12928366           9  0.63940081699586637     
    12928366          10  0.26661278327445037     
    12928366          11   1.1443080290466763     
    12928366          12   1.1316835146932622     
    12928366          13   1.1813873150939771     
    12928366          14   1.0963245651906146     
    12928366          15   1.1346438742169218     
    12928366          16  0.50892170095656175     
    12928366          17   1.1443106251177042     
    12928366          18   1.1667926438370793     
    12928366          19  0.90486176798650408     
    12928366          20  0.98618621476128177     
    12928366          21   1.1613207596593325     
    12928366          22   1.0680582682862787     
    12928366          23   1.1167222294580388     
    12928366          24   1.0972010238908740     
    12928366          25   1.1622177875533986     
    12928377           1   1.0758885603137076     
    12928377           2  0.87234350843598940     
    12928377           3   1.1330949630001557     
    12928377           4  0.94442808831382108     
    12928377           5   1.0980445989181506     
    12928377           6   1.1262224308770006     
    12928377           7   1.1696675531990790     
    12928377           8   1.0012911524883179     
    12928377           9  0.64669887550160665     
    12928377          10  0.90983864735782372     
    12928377          11   1.0763115618827810     
    12928377          12   1.0320708788328963     
    12928377          13   1.1580340502804021     
    12928377          14  0.28329825288738475     
    12928377          15   1.1221841598301259     
    12928377          16  0.86662561630819490     
    12928377          17   1.1379213235159884     
    12928377          18   1.1208289260655369     
    12928377          19   1.0497657472276398     
    12928377          20   1.1241681931650072     
    12928377          21  0.66196502235012422     
    12928377          22   1.0802435206701015     
    12928377          23  0.98017779548826478     
    12928377          24   1.1380893306235274     
    12928377          25   1.1907972424663715     
    12928379           1   1.1382829113744197     
    12928379           2   1.1322416055025937     
    12928379           3   1.1292325115856023     
    12928379           4   1.0348708351210647     
    12928379           5   1.1784742358940681     
    12928379           6   1.1697270361130254     
    12928379           7   1.0612972160153118     
    12928379           8   1.0593509377290740     
    12928379           9  0.72465889475587431     
    12928379          10   1.0366775619469266     
    12928379          11  0.93729499392112892     
    12928379          12   1.0754131488736580     
    12928379          13   1.1279595025912277     
    12928379          14   1.1759273783815571     
    12928379          15  0.50171467538291059     
    12928379          16  0.18638695579390710     
    12928379          17  0.91329703103882254     
    12928379          18   1.1323611475765445     
    12928379          19  0.98184845754768935     
    12928379          20  0.99298813522082952     
    12928379          21   1.2173266367563291     
    12928379          22   1.0282688395806356     
    12928379          23   1.0350455474778464     
    12928379          24  0.95026153535405544     
    12928379          25   1.0790922684648991     
    12928380           1   1.0954984327676047     
    12928380           2  0.89937503971389521     
    12928380           3   1.0917446141530576     
    12928380           4  0.95973349362455140     
    12928380           5   1.0583592875733614     
    12928380           6   1.0778299459552250     
    12928380           7  0.75373085551455776     
    12928380           8   1.0308020907892403     
    12928380           9   1.1253456088146769     
    12928380          10  0.61487747678056970     
    12928380          11   1.1342288715685735     
    12928380          12  0.90988012641330329     
    12928380          13   1.0728429129211001     
    12928380          14   1.1043428595871083     
    12928380          15   1.0903316389561610     
    12928380          16   1.0899757300525850     
    12928380          17  0.99816732696119259     
    12928380          18  0.98517507315568376     
    12928380          19  0.65884171337182462     
    12928380          20   1.1334672075517755     
    12928380          21   1.0356527030599276     
    12928380          22   1.1717063117608246     
    12928380          23  0.91894012048255025     
    12928380          24  0.96585418588048144     
    12928380          25   1.0232963725901665     
    12928448           1   1.0657638311122140     
    12928448           2   1.0853124109260295     
    12928448           3   1.0899431573999445     
    12928448           4   1.0343443262776482     
    12928448           5   1.0825514898748261     
    12928448           6   1.0821763506826125     
    12928448           7  0.99264334545578015     
    12928448           8   1.0208493725946743     
    12928448           9   1.1596803144253123     
    12928448          10  0.75820431452175052     
    12928448          11  0.28116042468721053     
    12928448          12   1.1497063498322759     
    12928448          13  0.75800700054151704     
    12928448          14   1.1178548439722240     
    12928448          15  0.83123879036583692     
    12928448          16   1.0643999575198937     
    12928448          17   1.1947201783774153     
    12928448          18   1.0228158963245226     
    12928448          19   1.1215109667870278     
    12928448          20  0.72234735665339567     
    12928448          21  0.90345777729679466     
    12928448          22   1.1291113419300349     
    12928448          23   1.0379102786523862     
    12928448          24   1.1312641859096502     
    12928448          25   1.1630257378790219     
    12928454           1   1.0833496917473595     
    12928454           2  0.92969959777301958     
    12928454           3   1.0480189941843574     
    12928454           4   1.0036305109842709     
    12928454           5   1.1308981544634173     
    12928454           6   1.0752524208418524     
    12928454           7   1.0259996409295804     
    12928454           8   1.0316268919901439     
    12928454           9  0.92459297543607266     
    12928454          10   1.0335071799828413     
    12928454          11  0.67393172881867558     
    12928454          12   1.0298489125833923     
    12928454          13   1.1939336108939078     
    12928454          14  0.77813551150688332     
    12928454          15   1.1735474614370733     
    12928454          16  0.59931782082582619     
    12928454          17   1.0715297639354946     
    12928454          18   1.0302798844345771     
    12928454          19   1.0742244748590981     
    12928454          20  0.99992274585663887     
    12928454          21  0.80061055033576078     
    12928454          22   1.0632889477050362     
    12928454          23   1.0528220324872795     
    12928454          24   1.0116175320446537     
    12928454          25   1.1604129639427854     
    12928455           1   1.0503113353353299     
    12928455           2   1.0233811461976285     
    12928455           3  0.88744316369658949     
    12928455           4  0.87241475837563520     
    12928455           5  0.81866923330200259     
    12928455           6   1.2042899538162530     
    12928455           7  0.93838978720321331     
    12928455           8   1.0272756291064116     
    12928455           9   1.2133004553470139     
    12928455          10   1.0305878315705057     
    12928455          11   1.1128864367609701     
    12928455          12   1.0378089022424422     
    12928455          13   1.3316040970263507     
    12928455          14   1.1180690046299182     
    12928455          15   1.1168756705914493     
    12928455          16  0.26540121046308557     
    12928455          17   1.1259591271069449     
    12928455          18   1.0710937367702691     
    12928455          19   1.0145779368551135     
    12928455          20  0.99808079112764903     
    12928455          21  0.91950686230321699     
    12928455          22   1.0362901909835478     
    12928455          23   1.0447075399712584     
    12928455          24  0.61542031927548513     
    12928455          25   1.1256548799417210     
    12928483           1   1.0182781516988317     
    12928483           2   1.0109663385462464     
    12928483           3  0.94075465513304668     
    12928483           4   1.0764051778989270     
    12928483           5   1.0550862388551632     
    12928483           6   1.1378881247028971     
    12928483           7  0.98349807837559655     
    12928483           8   1.0771442705508028     
    12928483           9   1.1196669911444865     
    12928483          10  0.90022669117672216     
    12928483          11  0.84851924144062540     
    12928483          12   1.0803714138175557     
    12928483          13   1.1152599528855478     
    12928483          14   1.0572281238143582     
    12928483          15  0.81037774868353463     
    12928483          16  0.77047263904271046     
    12928483          17   1.0234658016464100     
    12928483          18   1.0848785876392877     
    12928483          19   1.0055054414984690     
    12928483          20  0.99821409347473644     
    12928483          21   1.1108816262953494     
    12928483          22  0.66471953801332828     
    12928483          23   1.0844484478673775     
    12928483          24  0.99808405701231950     
    12928483          25   1.0276585687856699     
    12928494           1   1.0807075432832041     
    12928494           2  0.94995525665405278     
    12928494           3  0.97132235527152988     
    12928494           4  0.92313174165347145     
    12928494           5   1.1283879719620991     
    12928494           6   1.1394071440254483     
    12928494           7   1.1043153604980611     
    12928494           8   1.0467144884532154     
    12928494           9   1.0448946222761588     
    12928494          10   1.0750777841755141     
    12928494          11   1.0526833593802265     
    12928494          12  0.83469259212302160     
    12928494          13   1.3001049986433850     
    12928494          14   1.2641554182410617     
    12928494          15   5.4781787989932718E-002
    12928494          16  0.49701252682550645     
    12928494          17   1.1577087438557687     
    12928494          18   1.1848688099541178     
    12928494          19  0.96268589084245426     
    12928494          20   1.0619706992767466     
    12928494          21   1.1683906645710627     
    12928494          22   1.0754185129581662     
    12928494          23  0.80154934352149787     
    12928494          24   1.0055468519291826     
    12928494          25   1.1145155316351147     
    12928517           1   1.1042508663129040     
    12928517           2   1.0946009884405046     
    12928517           3   1.1002156635269194     
    12928517           4  0.98503553106081476     
    12928517           5   1.0289613868880678     
    12928517           6   1.1101647602687004     
    12928517           7   1.0086871298369060     
    12928517           8   1.1130620521800705     
    12928517           9  0.97861289900240134     
    12928517          10  0.88947730700251082     
    12928517          11   1.0631790235125218     
    12928517          12   1.2181221900171579     
    12928517          13  0.95993412675188206     
    12928517          14   1.1200689115444775     
    12928517          15   1.0295402493322710     
    12928517          16  0.82268739538956170     
    12928517          17   1.0951518445895443     
    12928517          18   1.0661891839513487     
    12928517          19   1.0504764654860372     
    12928517          20   1.0212270735739399     
    12928517          21  0.80777482078808172     
    12928517          22   1.0282695254098841     
    12928517          23  0.70399925738876157     
    12928517          24  0.50781183238874461     
    12928517          25   1.0924995153559836     
    12928561           1   1.0433605019114529     
    12928561           2   1.0486651999839407     
    12928561           3  0.80446058193247316     
    12928561           4  0.99077527090921513     
    12928561           5   1.1484372343076310     
    12928561           6   1.0830528860783111     
    12928561           7  0.90114046298325812     
    12928561           8   1.0646655755258005     
    12928561           9   1.1986333885440952     
    12928561          10   1.1704959200466349     
    12928561          11   1.1478445339863095     
    12928561          12  0.28820973515688236     
    12928561          13  0.69093094805805155     
    12928561          14  0.91239418890048318     
    12928561          15   1.2217977496581363     
    12928561          16   1.0353789220410901     
    12928561          17   1.0745587849231502     
    12928561          18   1.0059914799772438     
    12928561          19  0.95453573506699929     
    12928561          20  0.99628179623455282     
    12928561          21   1.0130676374125178     
    12928561          22   1.0959071220213750     
    12928561          23   1.0825761189632526     
    12928561          24   1.0638110368505627     
    12928561          25  0.96302718852658120     
    12928585           1   1.0582142561126531     
    12928585           2   1.1075319757156050     
    12928585           3  0.28073978192060028     
    12928585           4  0.83914579773902231     
    12928585           5  0.70579226901645586     
    12928585           6  0.84992523848147750     
    12928585           7   1.0449998046278661     
    12928585           8   1.1046062445395566     
    12928585           9   1.1976507540898906     
    12928585          10   1.1275732463935069     
    12928585          11   1.0615439926542480     
    12928585          12   1.0403810477323172     
    12928585          13   1.1580472046617123     
    12928585          14   1.1649035830700269     
    12928585          15   1.1755758371901377     
    12928585          16   1.0620201456888614     
    12928585          17   1.0737574096624265     
    12928585          18   1.0590157991526294     
    12928585          19  0.47699234232099502     
    12928585          20   1.0968727488282375     
    12928585          21   1.1210302075291962     
    12928585          22   1.0960878935720337     
    12928585          23   1.1420831821990740     
    12928585          24  0.89292740865508080     
    12928585          25   1.0625818284463855     
    12928589           1  0.95144499951861339     
    12928589           2   1.1140900501205997     
    12928589           3  0.62607272928091506     
    12928589           4  0.89157681930901045     
    12928589           5   1.0816951269711050     
    12928589           6  0.86180602501294234     
    12928589           7   1.1774240906567990     
    12928589           8   1.0485905534674755     
    12928589           9  0.89514946990175803     
    12928589          10  0.97262738155835915     
    12928589          11   1.0291131816610861     
    12928589          12  0.72099079089943752     
    12928589          13   1.0878290176388741     
    12928589          14   1.1203038181303986     
    12928589          15   1.2013498569872592     
    12928589          16   1.1579830199571008     
    12928589          17   1.2480502705951688     
    12928589          18  0.97806774981258371     
    12928589          19  0.98396388165687643     
    12928589          20   1.1333054362287673     
    12928589          21   1.0535248723353015     
    12928589          22   1.0659867880564653     
    12928589          23   1.0746103902471296     
    12928589          24  0.44659856494643618     
    12928589          25   1.0778451150495381     
    12928651           1  0.96690147208327848     
    12928651           2   1.0965379261251089     
    12928651           3  0.84989533102394121     
    12928651           4  0.93076898574331779     
    12928651           5   1.1009778787212670     
    12928651           6   1.0098135165214026     
    12928651           7   1.0481006972820432     
    12928651           8  0.83068018802628074     
    12928651           9   1.1684112923127448     
    12928651          10   1.0226465973170382     
    12928651          11   1.0723453440937547     
    12928651          12   1.2048963833819899     
    12928651          13   1.1030934149843155     
    12928651          14   1.1245730228394042     
    12928651          15   1.1236397216146849     
    12928651          16  0.75063401362170357     
    12928651          17   1.2495979298001902     
    12928651          18   1.1216548271289328     
    12928651          19  0.93782808427949860     
    12928651          20   1.0448743009679016     
    12928651          21   1.0036725689570050     
    12928651          22  0.85143942152576124     
    12928651          23   1.0634664041790907     
    12928651          24   1.1390157549725419     
    12928651          25  0.18453492249680420     
    12928677           1   1.0219972196685227     
    12928677           2   1.0533861471415460     
    12928677           3  0.89911281063851745     
    12928677           4   1.0519486606721291     
    12928677           5   1.1038594516208688     
    12928677           6   1.1199118780174078     
    12928677           7  0.89162360433161625     
    12928677           8  0.92915141034795345     
    12928677           9   1.1922486317882646     
    12928677          10  0.91131616672815741     
    12928677          11  0.41904909862507883     
    12928677          12   1.1704863638903404     
    12928677          13   1.2310091372532059     
    12928677          14   1.1528472357959321     
    12928677          15  0.94432373710599438     
    12928677          16  0.85601367781061122     
    12928677          17   1.1051114800290804     
    12928677          18  0.46068150203095365     
    12928677          19   1.0944667548719245     
    12928677          20   1.2349951782656048     
    12928677          21   1.0840256952814076     
    12928677          22  0.73490078427780836     
    12928677          23   1.1278872382969989     
    12928677          24   1.0907916505715036     
    12928677          25   1.1188544849385715     
    12928695           1   1.0657672160404281     
    12928695           2   1.1002007603332771     
    12928695           3  0.71321755328524916     
    12928695           4   1.1033448584828243     
    12928695           5   1.0701555251096746     
    12928695           6   1.1888042865527015     
    12928695           7   1.1146297364647764     
    12928695           8   1.0463918831767347     
    12928695           9   1.0417918618886330     
    12928695          10  0.92808045428160402     
    12928695          11   1.1313337361714548     
    12928695          12   1.0697508873038439     
    12928695          13   1.1637690683716946     
    12928695          14  0.95085023751737863     
    12928695          15   1.1282170580560951     
    12928695          16   1.0380259512888697     
    12928695          17   1.1202291633408259     
    12928695          18  0.75498418386734145     
    12928695          19  0.97748117191646855     
    12928695          20   1.0771253141755863     
    12928695          21   1.0513158558324351     
    12928695          22   1.0034862263419706     
    12928695          23  0.85470285337459073     
    12928695          24  0.21842045196312967     
    12928695          25   1.0879237048624075     
    12928702           1   1.0603718257267545     
    12928702           2  0.97268391946031452     
    12928702           3   1.0169932793519680     
    12928702           4  0.96937553002998111     
    12928702           5   1.0822979974380091     
    12928702           6  0.49406518015194395     
    12928702           7   1.0384485395509688     
    12928702           8  0.97518340253745461     
    12928702           9   1.0372610989594560     
    12928702          10   1.1900076263109731     
    12928702          11  0.78714617687162658     
    12928702          12  0.99621119826846272     
    12928702          13   1.0973034249212490     
    12928702          14   1.1769172256649203     
    12928702          15   1.2358113482172235     
    12928702          16  0.99250670615624526     
    12928702          17   1.1048039759025174     
    12928702          18   1.0114399336164011     
    12928702          19   1.0101676907550226     
    12928702          20   1.0168019163042563     
    12928702          21  0.97988209393655079     
    12928702          22  0.81637981793586678     
    12928702          23  0.93902102533366949     
    12928702          24  0.95128842286503212     
    12928702          25   1.0476306437331362     
    12928715           1   1.1408377026736829     
    12928715           2   1.0914847207079590     
    12928715           3  0.82690114874660392     
    12928715           4  0.96667456722866973     
    12928715           5   1.2167179477142382     
    12928715           6   1.1042013034849472     
    12928715           7  0.97880357350836900     
    12928715           8  0.71253317078653355     
    12928715           9   1.1953698293248689     
    12928715          10   1.0071185062581272     
    12928715          11   1.0730714236752874     
    12928715          12  0.99268737965241660     
    12928715          13  0.69384038998462993     
    12928715          14  0.99167744611785547     
    12928715          15   1.2654186845930426     
    12928715          16   1.0860146742162471     
    12928715          17   1.0990891295888190     
    12928715          18   1.0461244369699620     
    12928715          19  0.93049748599505111     
    12928715          20   1.0020904135466648     
    12928715          21  0.99121447630027626     
    12928715          22   1.1290773028764214     
    12928715          23   1.0667122144048538     
    12928715          24   1.0796665275270063     
    12928715          25  0.31217554411746701     
    12928716           1   1.0282723886684459     
    12928716           2   1.0176938561394802     
    12928716           3  0.75986295885968991     
    12928716           4  0.94063681248057784     
    12928716           5   1.1298102036253048     
    12928716           6   1.0855789404141998     
    12928716           7  0.95408545478822737     
    12928716           8   1.0986574350111538     
    12928716           9   1.0101681470499544     
    12928716          10   1.0037449605278324     
    12928716          11  0.90565283402619579     
    12928716          12  0.99552257215563422     
    12928716          13   1.2318520955867884     
    12928716          14   1.1833712757927852     
    12928716          15   1.1312935709388099     
    12928716          16   1.0284840143037948     
    12928716          17   1.2044621481988640     
    12928716          18   1.1323259419771128     
    12928716          19  0.97213222947699285     
    12928716          20   1.0575241272450819     
    12928716          21  0.98757840092155658     
    12928716          22  0.57170159129991771     
    12928716          23   1.0537932896684914     
    12928716          24  0.41323392668136127     
    12928716          25   1.1025608241617517     
    12928725           1   1.0681988638164079     
    12928725           2   1.0475038995530301     
    12928725           3  0.80356971569560076     
    12928725           4  0.98967807825987375     
    12928725           5   1.1471654455087887     
    12928725           6   1.0818535044421882     
    12928725           7  0.90014253265431277     
    12928725           8   1.0634865561479736     
    12928725           9   1.1973060121129506     
    12928725          10   1.1708911201559213     
    12928725          11   1.1465734015486573     
    12928725          12  0.28789056933576479     
    12928725          13  0.69016580546752637     
    12928725          14  0.91138379610329034     
    12928725          15   1.2204447208237805     
    12928725          16   1.0342323349431866     
    12928725          17   1.0733688097242124     
    12928725          18   1.0048774367733617     
    12928725          19  0.95347867437644729     
    12928725          20  0.99517850561396837     
    12928725          21   1.0119457580139388     
    12928725          22   1.0946935054990943     
    12928725          23   1.0813772653029377     
    12928725          24   1.0626329637958634     
    12928725          25  0.96196072433092394     
    12928730           1   1.0702614248086206     
    12928730           2   1.0376766681394525     
    12928730           3   1.0361652885565595     
    12928730           4  0.90654646520684756     
    12928730           5   1.2827695273433073     
    12928730           6   1.1532856894366263     
    12928730           7  0.92991882865465814     
    12928730           8   1.1699287757750374     
    12928730           9   1.2214685385943314     
    12928730          10  0.23494762566303895     
    12928730          11  0.41353498627360136     
    12928730          12   1.1460728540569496     
    12928730          13   1.0886795706520387     
    12928730          14   1.2399578093204664     
    12928730          15  0.59115310213732586     
    12928730          16  0.85955142586041411     
    12928730          17   1.1868897528007964     
    12928730          18  0.92816005726887740     
    12928730          19  0.95984871836076324     
    12928730          20   1.0382560806239540     
    12928730          21   1.1294877385467177     
    12928730          22   1.0805499063090811     
    12928730          23   1.0645511884159309     
    12928730          24   1.0434370202593124     
    12928730          25   1.1869009569352922     
    12928732           1  0.93694419382823135     
    12928732           2   1.1410352801039421     
    12928732           3  0.54958666861532024     
    12928732           4  0.42612414065480575     
    12928732           5   1.0874616186444912     
    12928732           6   1.1101050375072790     
    12928732           7  0.94717902395262721     
    12928732           8   1.0376438934319527     
    12928732           9   1.0956463600533763     
    12928732          10  0.98316228445035481     
    12928732          11  0.89408271224800684     
    12928732          12   1.0743547463845620     
    12928732          13   1.1747276968373503     
    12928732          14   1.2198554751089712     
    12928732          15   1.1514939518543805     
    12928732          16   1.0168527413190711     
    12928732          17   1.1205097781717062     
    12928732          18  0.94661515367739768     
    12928732          19  0.88940755165083041     
    12928732          20   1.0403171085307803     
    12928732          21   1.0297343261647647     
    12928732          22   1.0427487166048472     
    12928732          23   1.0820137273453603     
    12928732          24  0.89964254953929845     
    12928732          25   1.1027552633202891     
    12928744           1   1.0051128634708328     
    12928744           2   1.0023413919155977     
    12928744           3   1.0891387664693126     
    12928744           4  0.97896752193704872     
    12928744           5  0.80822324309499238     
    12928744           6   1.0917547538266590     
    12928744           7  0.97041434298654139     
    12928744           8   1.0571926682975210     
    12928744           9   1.1308380185884324     
    12928744          10   1.0130660448298510     
    12928744          11  0.96077338448887717     
    12928744          12   1.1457406003195743     
    12928744          13  0.73365562659020467     
    12928744          14   1.2459403919924374     
    12928744          15  0.80520129185499478     
    12928744          16   1.0494970198910964     
    12928744          17   1.1022157728375803     
    12928744          18  0.98918211688364022     
    12928744          19   1.0928015382631959     
    12928744          20  0.33087974950242982     
    12928744          21   1.0547167334437864     
    12928744          22   1.1988863090654238     
    12928744          23  0.97691459371597089     
    12928744          24   1.0617288339553723     
    12928744          25   1.1048164217786292     
    12928748           1   1.0059688378244167     
    12928748           2   1.0031950060281982     
    12928748           3   1.0971068420708636     
    12928748           4  0.96934997243345489     
    12928748           5  0.72674554210831432     
    12928748           6   1.0626454861504453     
    12928748           7  0.94467612289596148     
    12928748           8   1.0716186774361374     
    12928748           9   1.1318010630157280     
    12928748          10  0.96526916296516463     
    12928748          11  0.83187604237678181     
    12928748          12   1.1508137300049839     
    12928748          13  0.74801341486613315     
    12928748          14   1.2470014599186372     
    12928748          15  0.94078631494285558     
    12928748          16   1.0177022215589693     
    12928748          17   1.1031544419840544     
    12928748          18   1.0094304159346468     
    12928748          19   1.1046642191148053     
    12928748          20  0.47398591148850577     
    12928748          21   1.0823961021448754     
    12928748          22   1.2043695797974705     
    12928748          23  0.97774655385522824     
    12928748          24   1.0239255733932584     
    12928748          25   1.1057573056901089     
    12928777           1   1.0850997678282117     
    12928777           2   1.0464852790026484     
    12928777           3  0.96242539168438224     
    12928777           4  0.99019550100593934     
    12928777           5   1.0248566935617884     
    12928777           6  0.94416620127943052     
    12928777           7   1.1016117623231034     
    12928777           8   1.1023192471663263     
    12928777           9   1.0802435703213191     
    12928777          10  0.94023083901637883     
    12928777          11   1.0428685134123243     
    12928777          12   1.0424978121318209     
    12928777          13   1.0836619409239521     
    12928777          14   1.1311659083817989     
    12928777          15  0.45377664866487938     
    12928777          16  0.87116631565061964     
    12928777          17   1.1584627395216218     
    12928777          18   1.0437133717374689     
    12928777          19   1.0013748310030994     
    12928777          20   1.0391551928219549     
    12928777          21   1.0398386346796835     
    12928777          22   1.0520361576712347     
    12928777          23  0.75487525881125106     
    12928777          24  0.96981113906180427     
    12928777          25   1.0379612823369559     
    12928791           1   1.0703984783958644     
    12928791           2   1.0742957486364879     
    12928791           3  0.37533747279632312     
    12928791           4   1.0126792890028378     
    12928791           5   1.1705930885853095     
    12928791           6   1.0871373505368305     
    12928791           7  0.98217296297695955     
    12928791           8   1.0081821922269645     
    12928791           9  0.80687393496662396     
    12928791          10   1.0734537005977773     
    12928791          11   1.0816844302550976     
    12928791          12  0.86175318428715264     
    12928791          13  0.76452037243714499     
    12928791          14   1.0989330166985134     
    12928791          15   1.0892792107216911     
    12928791          16   1.0917898721189145     
    12928791          17   1.2488713202386910     
    12928791          18   1.1354668829758114     
    12928791          19  0.62607638733226312     
    12928791          20  0.99833501604646291     
    12928791          21   1.0773696755961024     
    12928791          22   1.0658878438283099     
    12928791          23   1.0924141462714345     
    12928791          24   1.0492676571251180     
    12928791          25   1.0572267653453080     
    12928799           1   1.1196693556504596     
    12928799           2   1.0165311402298576     
    12928799           3   1.0546310501899558     
    12928799           4   1.0115688148886768     
    12928799           5   1.0760943584919076     
    12928799           6   1.1945819750475988     
    12928799           7  0.95287206546993841     
    12928799           8   1.1712756391718429     
    12928799           9  0.66528786059382827     
    12928799          10  0.66910158521498664     
    12928799          11   1.0440212423627366     
    12928799          12   1.0932818147599408     
    12928799          13   1.1094986149388997     
    12928799          14  0.47636354025095884     
    12928799          15   1.1466094200702059     
    12928799          16  0.76796999705583369     
    12928799          17   1.0805510034739754     
    12928799          18   1.2130317004171016     
    12928799          19  0.97001709735420349     
    12928799          20  0.98225365386925512     
    12928799          21  0.95061856405206746     
    12928799          22   1.0959450136150914     
    12928799          23   1.0519861489740301     
    12928799          24   1.0510589021719334     
    12928799          25   1.0351794416847098     
    12928814           1   1.0222457976311259     
    12928814           2  0.76853925306616155     
    12928814           3  0.44766949982124216     
    12928814           4   1.1456317698144889     
    12928814           5   1.0667707745012269     
    12928814           6  0.84395385150729241     
    12928814           7   1.0791731184179656     
    12928814           8  0.96302807667954193     
    12928814           9   1.2420692112234435     
    12928814          10   1.1155434355741924     
    12928814          11   1.0761529964638581     
    12928814          12   1.1105543797904007     
    12928814          13   1.1481767117609836     
    12928814          14   1.1518731697265523     
    12928814          15   1.0165603742500906     
    12928814          16  0.93310497004992499     
    12928814          17   1.0679785816081637     
    12928814          18   1.0695177594134773     
    12928814          19  0.94453937789103193     
    12928814          20   1.0985699133978186     
    12928814          21   1.0643162213259194     
    12928814          22  0.98686087857494431     
    12928814          23  0.66591258412172138     
    12928814          24  0.99730639029798762     
    12928814          25  0.97395090309044074     
    12928836           1   1.0688445107173057     
    12928836           2   1.0884495973381481     
    12928836           3   1.0930937293725429     
    12928836           4   1.0373341851728226     
    12928836           5   1.0856806956134359     
    12928836           6   1.0853044720499716     
    12928836           7  0.99551266417368445     
    12928836           8   1.0238002231961074     
    12928836           9   1.1630324674903567     
    12928836          10  0.76039596758789196     
    12928836          11  0.28197314244025057     
    12928836          12   1.1530296723174052     
    12928836          13  0.76019808325507476     
    12928836          14   1.1210860970122942     
    12928836          15  0.83364155570060050     
    12928836          16   1.0674766947341505     
    12928836          17   1.1981736171035897     
    12928836          18   1.0257724313274812     
    12928836          19   1.0927686432942796     
    12928836          20  0.72443536218001570     
    12928836          21  0.90606929766118460     
    12928836          22   1.1323751328201157     
    12928836          23   1.0006299964950276     
    12928836          24   1.1345341997755416     
    12928836          25   1.1663875611707184     
    12928840           1   1.0454103468680087     
    12928840           2   1.0186058200381833     
    12928840           3  0.88330215467920936     
    12928840           4  0.86834387527109858     
    12928840           5  0.81484913888239607     
    12928840           6   1.2181521564992959     
    12928840           7  0.93401104980391947     
    12928840           8   1.0224821304154701     
    12928840           9   1.2076389230574924     
    12928840          10   1.0257788773993350     
    12928840          11   1.1076934588233736     
    12928840          12   1.0870983943457184     
    12928840          13   1.3253905333876415     
    12928840          14   1.1128518436672488     
    12928840          15   1.1116640779932860     
    12928840          16  0.26416278883710415     
    12928840          17   1.1207051490616022     
    12928840          18   1.0660957729525642     
    12928840          19   1.0098436884466280     
    12928840          20   1.0364653028091646     
    12928840          21  0.91521623687039511     
    12928840          22   1.0314546283232753     
    12928840          23   1.0398327000710605     
    12928840          24  0.61254862991457637     
    12928840          25   1.1204023215819494     
    12928843           1   1.0876636722362034     
    12928843           2  0.93497158878300213     
    12928843           3   1.0800548560553094     
    12928843           4   1.0067630846708424     
    12928843           5  0.96815929525291755     
    12928843           6   1.2034055068456773     
    12928843           7   1.0758389255876639     
    12928843           8   1.0800427611660119     
    12928843           9   1.0760451610411004     
    12928843          10  0.97600630606249406     
    12928843          11   1.0890052599648903     
    12928843          12   1.0660953124629260     
    12928843          13   1.1035931801250505     
    12928843          14   1.0342308771239688     
    12928843          15   1.1001652991227904     
    12928843          16   1.0143990760837518     
    12928843          17  0.45846618565744163     
    12928843          18   1.0718749739341960     
    12928843          19  0.99026237558499963     
    12928843          20   1.0599755352811282     
    12928843          21   1.1024279939478348     
    12928843          22  0.92277240834543006     
    12928843          23  0.90330062654705445     
    12928843          24  0.57348110783286155     
    12928843          25   1.0209986302844554     
    12928858           1   1.2219290338315654     
    12928858           2  0.69439590260867989     
    12928858           3   1.0395630803497051     
    12928858           4  0.76937420625511233     
    12928858           5   1.1100693757901634     
    12928858           6   1.0560218695220676     
    12928858           7   1.0419872606692597     
    12928858           8   1.0325884020275047     
    12928858           9   1.0758695089311763     
    12928858          10   1.0432360045178966     
    12928858          11   1.1325769373571317     
    12928858          12   1.1774986829939713     
    12928858          13   1.2346788289331263     
    12928858          14   1.1013133378735063     
    12928858          15  0.94244296628536639     
    12928858          16  0.42376147141260162     
    12928858          17   1.1076089211269247     
    12928858          18   1.1041622387304031     
    12928858          19  0.50479000279942687     
    12928858          20  0.96441585844997579     
    12928858          21   1.0958008730409183     
    12928858          22  0.91892067408204414     
    12928858          23   1.0867815500362827     
    12928858          24   1.0342193088652214     
    12928858          25   1.0859937035099672     
    12928874           1  0.97383468541294338     
    12928874           2   1.1164012211615129     
    12928874           3  0.67734241385578342     
    12928874           4  0.35476409424102318     
    12928874           5   1.1923935352211410     
    12928874           6   1.1746457481377759     
    12928874           7  0.97018416567232468     
    12928874           8   1.0289543193575239     
    12928874           9   1.2126517308161626     
    12928874          10  0.99721792026058986     
    12928874          11  0.65558820114999905     
    12928874          12   1.1486151700239347     
    12928874          13   1.1324136920055854     
    12928874          14   1.3107397739514286     
    12928874          15   1.1295252198131664     
    12928874          16   1.0805905920318817     
    12928874          17   1.1126921178610312     
    12928874          18  0.75210197092864628     
    12928874          19  0.89646453591027420     
    12928874          20   1.0906200468945557     
    12928874          21   1.0337962366295685     
    12928874          22   1.1057071545592603     
    12928874          23   1.1410157073472120     
    12928874          24  0.62138302157430214     
    12928874          25   1.0903567251823751     
    12928901           1   1.0741140344637579     
    12928901           2   1.0879406498255431     
    12928901           3   1.0394489188074549     
    12928901           4  0.94294423262245597     
    12928901           5   1.1322430864536861     
    12928901           6   1.1571021816831935     
    12928901           7  0.91934027335538571     
    12928901           8   1.0286802036024147     
    12928901           9   1.0402769773399576     
    12928901          10   1.0651328333052799     
    12928901          11   1.0517621838044271     
    12928901          12  0.65444256492332364     
    12928901          13   1.1558718233136258     
    12928901          14   1.1076039990628517     
    12928901          15   1.1379791918621400     
    12928901          16   1.1567616758986479     
    12928901          17   1.1808525927825326     
    12928901          18   1.0996447095306339     
    12928901          19  0.46318231501886648     
    12928901          20   1.0000551578871058     
    12928901          21   1.1276084324536408     
    12928901          22  0.30244088101889716     
    12928901          23   1.0270911026517631     
    12928901          24   1.0620171065542849     
    12928901          25  0.98546287177812597     
    12928908           1   1.0069419507860136     
    12928908           2   1.0844500267350603     
    12928908           3   1.0809117031744113     
    12928908           4  0.94465496677994831     
    12928908           5   1.1275744578822928     
    12928908           6   1.1968039674548601     
    12928908           7  0.88310915272907198     
    12928908           8   1.0341538308805867     
    12928908           9   1.0132800448725705     
    12928908          10   1.0361319893838774     
    12928908          11   1.0573586307461109     
    12928908          12  0.95648836556381978     
    12928908          13   1.1620222396626554     
    12928908          14   1.1415178677367153     
    12928908          15   1.1971058691941607     
    12928908          16   1.0740669744715914     
    12928908          17   1.1005984401824973     
    12928908          18   1.0534806612772123     
    12928908          19  0.25277248693756144     
    12928908          20  0.99987306857346869     
    12928908          21   1.1336084587527371     
    12928908          22  0.36623176793594864     
    12928908          23   1.0337431242891693     
    12928908          24   1.0506727204610191     
    12928908          25   1.0124472335366499     
    12928911           1   1.0308553620189620     
    12928911           2  0.99767993450979964     
    12928911           3   1.1544699463864447     
    12928911           4   1.0548354249741505     
    12928911           5   1.1135900264275869     
    12928911           6   1.1241609349656547     
    12928911           7   1.0356627301929453     
    12928911           8   1.1426620080724008     
    12928911           9  0.57300253431249859     
    12928911          10  0.84026950543562495     
    12928911          11   1.0316508540521201     
    12928911          12  0.78838581068471481     
    12928911          13   1.0946951133199661     
    12928911          14  0.99938396645106542     
    12928911          15   1.1690803442227173     
    12928911          16  0.95108393863942975     
    12928911          17   1.0736500881824533     
    12928911          18   1.0455301139682447     
    12928911          19  0.71180607978570809     
    12928911          20   1.0078889897950649     
    12928911          21   1.0448416551943971     
    12928911          22  0.94214991378254753     
    12928911          23   1.0334150137920353     
    12928911          24   1.0115142973531648     
    12928911          25   1.0277354134803081     
    12928944           1   1.0767271530263551     
    12928944           2   1.0786788505821365     
    12928944           3   1.1301615943094829     
    12928944           4  0.98524112437937483     
    12928944           5   1.0870937270595802     
    12928944           6  0.80190298234346558     
    12928944           7  0.92164962709589127     
    12928944           8   1.1125478978960146     
    12928944           9  0.65943586960742706     
    12928944          10  0.48077233369103689     
    12928944          11   1.0046574368701990     
    12928944          12   1.0976142359582133     
    12928944          13   1.1649738928634081     
    12928944          14  0.43442093628193879     
    12928944          15   1.1945928890247841     
    12928944          16   1.0657996489950909     
    12928944          17   1.1502883122425303     
    12928944          18   1.3644019541264658     
    12928944          19   1.0802989417841626     
    12928944          20  0.82478022839845133     
    12928944          21  0.87311893475763980     
    12928944          22   1.0768628437518089     
    12928944          23   1.1507880652064877     
    12928944          24   1.0835601942354478     
    12928944          25   1.0996303255126019     
    12928974           1   1.2617361368923221     
    12928974           2   1.0400323822798823     
    12928974           3   1.1570962811481287     
    12928974           4  0.95711179407506097     
    12928974           5   1.0226539981406852     
    12928974           6  0.66858088856921338     
    12928974           7   1.0653657136154948     
    12928974           8  0.96616948110990941     
    12928974           9   1.0934882183669667     
    12928974          10  0.98153824791001065     
    12928974          11   1.0891444301078912     
    12928974          12   1.0426667333112527     
    12928974          13  0.66088683687736993     
    12928974          14   1.2239172195330230     
    12928974          15  0.34460994736030315     
    12928974          16  0.85526917231398791     
    12928974          17   1.0933986496236487     
    12928974          18   1.1916727474914837     
    12928974          19  0.93269087676812412     
    12928974          20   1.0193703027280692     
    12928974          21   1.1054341469745612     
    12928974          22   1.0230980033438195     
    12928974          23  0.77486464233457153     
    12928974          24   1.2035911981149470     
    12928974          25   1.2256119510092771     
    12928975           1   1.0820325510695952     
    12928975           2  0.93013209785080286     
    12928975           3  0.66915533893301071     
    12928975           4  0.99159342393028294     
    12928975           5   1.0800162087036418     
    12928975           6   1.0509780246817895     
    12928975           7  0.95625213356640681     
    12928975           8  0.85257265650323366     
    12928975           9   1.1307731545044624     
    12928975          10  0.98817684255080596     
    12928975          11   1.0814106310974616     
    12928975          12   1.0910444550719312     
    12928975          13   1.1544235670588496     
    12928975          14   1.0918102101476617     
    12928975          15   1.0740904811077709     
    12928975          16   1.0194002845136885     
    12928975          17   1.1008783849871606     
    12928975          18   1.0848205866627922     
    12928975          19   1.0309352806230998     
    12928975          20   1.0439758211517165     
    12928975          21   1.0629261925255504     
    12928975          22   1.0284721016927678     
    12928975          23  0.99130935585894719     
    12928975          24   1.0393137565846642     
    12928975          25  0.37350645862190440     
    12928984           1   1.0672856007281049     
    12928984           2   1.0347914448236715     
    12928984           3   1.0332842675783134     
    12928984           4  0.91950211139363303     
    12928984           5   1.2792028319913722     
    12928984           6   1.1500790193214685     
    12928984           7  0.92733322220459791     
    12928984           8   1.1666758301462976     
    12928984           9   1.2180722884759159     
    12928984          10  0.31235750565392922     
    12928984          11  0.41238516685400595     
    12928984          12   1.1428862389757435     
    12928984          13   1.0856525355676980     
    12928984          14   1.2365101504380027     
    12928984          15  0.55149237941381035     
    12928984          16  0.85716147348782001     
    12928984          17   1.1835896477746495     
    12928984          18  0.92557934102051997     
    12928984          19  0.97116914192534631     
    12928984          20   1.0353692462722297     
    12928984          21   1.1263472377932537     
    12928984          22   1.0775454754692342     
    12928984          23   1.0615912414459683     
    12928984          24   1.0405357804879687     
    12928984          25   1.1836008207564450     
    12928991           1  0.97456848628762249     
    12928991           2   1.0691357663022620     
    12928991           3  0.94678035516505665     
    12928991           4   1.0330635108179766     
    12928991           5   1.1047767744207242     
    12928991           6   1.0791149846610513     
    12928991           7  0.85609916400782948     
    12928991           8   1.0493270703574336     
    12928991           9   1.2126411129546526     
    12928991          10  0.80575780450828605     
    12928991          11  0.26037655423785666     
    12928991          12   1.2248679002523906     
    12928991          13   1.2421080215262565     
    12928991          14   1.2357011477694448     
    12928991          15  0.72847504997462298     
    12928991          16  0.88745359012084479     
    12928991          17   1.1733831448306584     
    12928991          18  0.51647564990681916     
    12928991          19   1.1108305874703241     
    12928991          20   1.2754015204647364     
    12928991          21   1.0706746740365518     
    12928991          22  0.74588859487764836     
    12928991          23   1.1757040609778877     
    12928991          24   1.0803247685093680     
    12928991          25   1.1410697055616876     
    12928998           1   1.0679526567229130     
    12928998           2   1.0069435305667505     
    12928998           3   1.1344657166886050     
    12928998           4   1.0379784066199249     
    12928998           5   1.0710957796272211     
    12928998           6   1.1750790518203331     
    12928998           7   1.0169609201355421     
    12928998           8   1.0839175141596147     
    12928998           9  0.44953493948238715     
    12928998          10  0.71364133606978919     
    12928998          11   1.0224672266459069     
    12928998          12   1.3001393749398682     
    12928998          13   1.1092662255818395     
    12928998          14  0.26723693040866875     
    12928998          15  0.98352881167988493     
    12928998          16   1.0625682964805039     
    12928998          17   1.0703952127709035     
    12928998          18   1.2491666192677020     
    12928998          19  0.96413546196407596     
    12928998          20   1.0107762242960401     
    12928998          21  0.91942411403362145     
    12928998          22   1.0505607821403287     
    12928998          23   1.0730265415957492     
    12928998          24   1.0693642815227105     
    12928998          25   1.0903740447791166     
    12929020           1   1.0502365660605879     
    12929020           2   1.0506270029447911     
    12929020           3  0.59370018949693193     
    12929020           4   1.0017370163584052     
    12929020           5   1.2335601388283584     
    12929020           6   1.0323523624377904     
    12929020           7  0.98466699850368344     
    12929020           8  0.96848256906120600     
    12929020           9  0.72352708924290876     
    12929020          10   1.0679258770955729     
    12929020          11   1.0844311556277682     
    12929020          12  0.87035382583543075     
    12929020          13  0.45267984847230391     
    12929020          14   1.1234770936571148     
    12929020          15   1.0523621212778660     
    12929020          16   1.0466676481573931     
    12929020          17   1.1381414191552912     
    12929020          18   1.1383501783344787     
    12929020          19  0.92306063146536688     
    12929020          20   1.0188300498646938     
    12929020          21   1.0730826454718747     
    12929020          22   1.1387359052842929     
    12929020          23   1.1277669567024242     
    12929020          24   1.0453333253866779     
    12929020          25   1.0599113852767934     
    12929021           1   1.1447287302243911     
    12929021           2   1.1323251451942646     
    12929021           3  0.55034190431629526     
    12929021           4   1.0580907426513511     
    12929021           5   1.0956591846602668     
    12929021           6   1.0489223853726537     
    12929021           7   1.0230919701739205     
    12929021           8  0.62856302593694646     
    12929021           9   1.1579340844469832     
    12929021          10  0.38440445924992805     
    12929021          11   1.0558392627079338     
    12929021          12   1.0480161330005004     
    12929021          13   1.1001604488813408     
    12929021          14   1.1462777081248321     
    12929021          15   1.1190794554528369     
    12929021          16  0.84510790545339598     
    12929021          17   1.1394851825749706     
    12929021          18   1.0534913496325884     
    12929021          19  0.98175104158529847     
    12929021          20   1.0172658915978534     
    12929021          21   1.1746789848261190     
    12929021          22   1.0468128390244711     
    12929021          23   1.0688200644168462     
    12929021          24   1.0366394114378770     
    12929021          25  0.94251268905614105     
    12929043           1   1.0696999717504796     
    12929043           2   1.0292941596482605     
    12929043           3   1.1104291681969332     
    12929043           4  0.98585776615437914     
    12929043           5   1.0149802022236163     
    12929043           6   1.1413459377000643     
    12929043           7  0.70831065788519720     
    12929043           8  0.99020218185577746     
    12929043           9   1.1067002340217695     
    12929043          10  0.94681543158965709     
    12929043          11  0.96801139958550397     
    12929043          12   1.1111262005003575     
    12929043          13   1.0919553839129295     
    12929043          14  0.90942110054682668     
    12929043          15   1.0883892399566362     
    12929043          16   1.0336911688624384     
    12929043          17   1.1289963983318585     
    12929043          18   1.0212694055071776     
    12929043          19  0.98506207014959568     
    12929043          20  0.99877474356319673     
    12929043          21  0.97660363490203905     
    12929043          22  0.30351525288098108     
    12929043          23   1.1038800891032745     
    12929043          24   1.0800666173402762     
    12929043          25   1.0956015838307800     
    12929044           1  0.87796471836512513     
    12929044           2   1.0029948358538960     
    12929044           3   1.0264706742597591     
    12929044           4  0.95570434837690144     
    12929044           5   1.0288315676101409     
    12929044           6   1.0674437664943410     
    12929044           7  0.98426400721899410     
    12929044           8   1.0166263853857431     
    12929044           9  0.99013426840064855     
    12929044          10   1.0119912371175805     
    12929044          11   1.0491586444095726     
    12929044          12   1.2217109083358730     
    12929044          13   1.0915898456754631     
    12929044          14  0.80833844237045693     
    12929044          15   1.0656803214770969     
    12929044          16  0.64521715199742902     
    12929044          17   1.0746139164485140     
    12929044          18   1.0499525103942695     
    12929044          19  0.92347540767779701     
    12929044          20   1.0593164806588071     
    12929044          21  0.91664697681603957     
    12929044          22   1.0156467254301207     
    12929044          23   1.1387283893794626     
    12929044          24  0.95305169058402361     
    12929044          25   1.0244467792619458     
    12929048           1   1.0767647911813918     
    12929048           2  0.98986514557665606     
    12929048           3   1.0588288168935769     
    12929048           4  0.92024308550747647     
    12929048           5   1.0567114366968915     
    12929048           6   1.0006803029035718     
    12929048           7  0.77333734413315325     
    12929048           8   1.0463963729243688     
    12929048           9   1.0042793490760686     
    12929048          10  0.77132497854004611     
    12929048          11   1.1096584747139147     
    12929048          12  0.57841307212740134     
    12929048          13   1.1238488053132001     
    12929048          14   1.0192425118329183     
    12929048          15   1.0879096021998056     
    12929048          16   1.0491540675256865     
    12929048          17   1.1145831668297694     
    12929048          18  0.96231225845734658     
    12929048          19  0.65397553674527886     
    12929048          20   1.0664704150026107     
    12929048          21   1.1754548305507306     
    12929048          22   1.1388293155472045     
    12929048          23   1.0096602680599678     
    12929048          24   1.0545210050063942     
    12929048          25   1.1575350466545673     
    12929053           1   1.0693522691768762     
    12929053           2   1.0289595908553690     
    12929053           3   1.1100682267275654     
    12929053           4  0.98553731622304186     
    12929053           5   1.0146502861370597     
    12929053           6   1.1409749468331012     
    12929053           7  0.70808042375865565     
    12929053           8  0.98988031978593405     
    12929053           9   1.1063405046305954     
    12929053          10  0.94650767224499477     
    12929053          11  0.96769675055885906     
    12929053          12   1.1107650324628564     
    12929053          13   1.0916004472883867     
    12929053          14  0.90912549611053606     
    12929053          15   1.0880354624958439     
    12929053          16   1.0053846267587982     
    12929053          17   1.1286294216433888     
    12929053          18   1.0209374451350965     
    12929053          19  0.98474187885671416     
    12929053          20  0.99845009500943571     
    12929053          21   1.0123829075602384     
    12929053          22  0.30341659621337180     
    12929053          23   1.1035212763912365     
    12929053          24   1.0797155451214953     
    12929053          25   1.0952454620205507     
    12929062           1   1.0007744892857131     
    12929062           2   1.0011577001838696     
    12929062           3  0.48592148588333084     
    12929062           4   1.0971568694747593     
    12929062           5   1.1261143393534399     
    12929062           6   1.1771912544581418     
    12929062           7  0.94996170524771217     
    12929062           8  0.85259049996583147     
    12929062           9   1.1438758215993525     
    12929062          10   1.0408571533409752     
    12929062          11   1.0394431281888123     
    12929062          12   1.0429799527827388     
    12929062          13  0.97975870991311176     
    12929062          14   1.0849272049099798     
    12929062          15   1.2323168280106598     
    12929062          16  0.91024702330383622     
    12929062          17   1.0978247716856746     
    12929062          18   1.0423680344730080     
    12929062          19   1.0283889090765230     
    12929062          20   1.0342847541005982     
    12929062          21   1.0886740086010551     
    12929062          22   1.0836259990900392     
    12929062          23   1.1049042804409295     
    12929062          24   1.0896461881381774     
    12929062          25  0.26500888849173260     
    12929066           1   1.0722697881230712     
    12929066           2   1.0742134061684934     
    12929066           3   1.1254830249882248     
    12929066           4  0.98116248737580603     
    12929066           5   1.0825934472886503     
    12929066           6  0.79858331663308568     
    12929066           7  0.91783424202884312     
    12929066           8   1.1079422446073743     
    12929066           9  0.65670597996649716     
    12929066          10  0.47878206371350257     
    12929066          11   1.0004984214814425     
    12929066          12   1.0930704040701127     
    12929066          13   1.1601512098571365     
    12929066          14  0.43262254879891460     
    12929066          15   1.1896475912283226     
    12929066          16   1.0613875210609058     
    12929066          17   1.1455264236459286     
    12929066          18   1.3587536918278864     
    12929066          19   1.0758267906225343     
    12929066          20  0.82136585695564646     
    12929066          21  0.86950445388823605     
    12929066          22   1.1058544563992363     
    12929066          23   1.1460241077651321     
    12929066          24   1.0790745423534407     
    12929066          25   1.1651219791515735     
    12929076           1   1.0108392871711303     
    12929076           2  0.98637458306919257     
    12929076           3   1.0982006867824399     
    12929076           4  0.93041365740855408     
    12929076           5  0.90946686922656583     
    12929076           6   1.2758460731963441     
    12929076           7   1.0755937248709417     
    12929076           8   1.0771542305912392     
    12929076           9   1.0211462098397646     
    12929076          10  0.97339601676877396     
    12929076          11  0.92815169321364566     
    12929076          12   1.0632440837742163     
    12929076          13   1.1025911208931727     
    12929076          14   1.0724394354475464     
    12929076          15   1.0012208365071154     
    12929076          16   1.0616317567206139     
    12929076          17  0.20616610586569353     
    12929076          18   1.2450012290720118     
    12929076          19  0.98787639588237164     
    12929076          20   1.1178974823959940     
    12929076          21   1.0929031457564655     
    12929076          22  0.81201286628969249     
    12929076          23  0.93351244701063085     
    12929076          24  0.91684781901250034     
    12929076          25   1.1000722432333754     
    12929077           1   1.0177126039016551     
    12929077           2  0.99209562276530716     
    12929077           3  0.91755750412079462     
    12929077           4  0.94899495110832666     
    12929077           5  0.97015414319451554     
    12929077           6   1.0439841066320139     
    12929077           7  0.97366916303752249     
    12929077           8  0.99921088967795368     
    12929077           9   1.1091434155280619     
    12929077          10  0.94915002964306505     
    12929077          11   1.0189224954345037     
    12929077          12   1.0765512077742436     
    12929077          13   1.1051591874323539     
    12929077          14   1.1976394428580523     
    12929077          15   1.0378104316790036     
    12929077          16   1.0529492202657178     
    12929077          17   1.1248575356770638     
    12929077          18  0.55482400685605981     
    12929077          19  0.96057357971576274     
    12929077          20  0.92088451656595871     
    12929077          21   1.1373920079660238     
    12929077          22   1.0873809547224964     
    12929077          23   1.0157914465567097     
    12929077          24  0.88601297094639420     
    12929077          25  0.90157856594044450     
    12929078           1   1.0532924175539342     
    12929078           2   1.0693648236518047     
    12929078           3  0.97391449390257889     
    12929078           4  0.96206396858862975     
    12929078           5  0.25099204927753027     
    12929078           6   1.0879776764795734     
    12929078           7  0.90964092912877170     
    12929078           8   1.0499541738227316     
    12929078           9   1.1047381130280980     
    12929078          10   1.0179625904262857     
    12929078          11   1.0242051287221439     
    12929078          12   1.1129121107844346     
    12929078          13   1.0465697984810742     
    12929078          14   1.1254328070356341     
    12929078          15   1.0792875911428563     
    12929078          16  0.98182327174993478     
    12929078          17   1.1252153688650932     
    12929078          18   1.1335284191560082     
    12929078          19  0.92121251469806797     
    12929078          20  0.96339937898194061     
    12929078          21  0.96066567355079557     
    12929078          22   1.0592509512899930     
    12929078          23  0.96409492280004960     
    12929078          24  0.83048350584130437     
    12929078          25   1.1920173210407343     
    12929079           1   1.0049918941774267     
    12929079           2   1.0823498669992719     
    12929079           3   1.0788183958011028     
    12929079           4  0.94282553593801588     
    12929079           5   1.1253907828238146     
    12929079           6   1.1944862216462795     
    12929079           7  0.88139891229461742     
    12929079           8   1.0321510753983767     
    12929079           9   1.0113177138302394     
    12929079          10   1.0341254029747116     
    12929079          11   1.0553109365528923     
    12929079          12  0.95463601801106557     
    12929079          13   1.1597718525911760     
    12929079          14   1.1393071896930980     
    12929079          15   1.1947875387188263     
    12929079          16   1.1204022411437307     
    12929079          17   1.0984670072235241     
    12929079          18   1.0514404772090657     
    12929079          19  0.25228296451947496     
    12929079          20  0.99793670165222015     
    12929079          21   1.1314130981713104     
    12929079          22  0.36552251882900616     
    12929079          23   1.0317411641865759     
    12929079          24   1.0486379742868257     
    12929079          25   1.0104865153273606     
    12929083           1   1.1701054270231932     
    12929083           2   1.0735621203068415     
    12929083           3  0.22793471669869170     
    12929083           4   1.0878584452485982     
    12929083           5   1.1705314697991862     
    12929083           6   1.0996712284916172     
    12929083           7   1.0457868044553928     
    12929083           8  0.21092673125976222     
    12929083           9   1.1961412661356963     
    12929083          10  0.99097483274960396     
    12929083          11   1.1242151119518238     
    12929083          12  0.95797121397181006     
    12929083          13   1.1024863246404097     
    12929083          14   1.1761193412489368     
    12929083          15   1.2270025849145185     
    12929083          16   1.0407122550342585     
    12929083          17   1.2334620832063734     
    12929083          18  0.96382219381104628     
    12929083          19   1.0911350804599931     
    12929083          20   1.0972079455043269     
    12929083          21   1.0422156386229917     
    12929083          22   1.1098074362107653     
    12929083          23   1.1368914567947017     
    12929083          24   1.2287484925503223     
    12929083          25  0.19470979890913823     
    12929084           1   1.1138211690706714     
    12929084           2  0.86151606938704717     
    12929084           3  0.98326024133768775     
    12929084           4  0.68164341637664772     
    12929084           5   1.0596448781476882     
    12929084           6   1.1751274408326873     
    12929084           7  0.97149475299282551     
    12929084           8  0.89064803506887946     
    12929084           9   1.0713253370626543     
    12929084          10  0.97762065005474497     
    12929084          11   1.2183694714569167     
    12929084          12   1.0739238302746992     
    12929084          13   1.1670119017000156     
    12929084          14   1.1563488705842799     
    12929084          15  0.93574778518527524     
    12929084          16  0.54559718634731880     
    12929084          17   1.0637779988422291     
    12929084          18   1.1406807449198684     
    12929084          19  0.90712075315263929     
    12929084          20  0.93158780312386613     
    12929084          21   1.1504780943894537     
    12929084          22  0.90523542384805922     
    12929084          23   1.0936236931276579     
    12929084          24   1.0361126480860681     
    12929084          25  0.88828180463011841     
    12929094           1  0.99606922297382028     
    12929094           2   1.0603108892100503     
    12929094           3  0.67304446027438047     
    12929094           4  0.92201908506157138     
    12929094           5   1.0381014859898736     
    12929094           6   1.0443787695427120     
    12929094           7   1.0722922279505211     
    12929094           8   1.0205153977618098     
    12929094           9   1.0133602064203013     
    12929094          10  0.96938717346146519     
    12929094          11   1.0655262624356243     
    12929094          12  0.91790368945253831     
    12929094          13   1.1111870793205552     
    12929094          14   1.1071827221730584     
    12929094          15   1.1691846956853920     
    12929094          16   1.0548687214306061     
    12929094          17   1.1745057103686114     
    12929094          18   1.0548901235580563     
    12929094          19  0.91518456559088912     
    12929094          20   1.0096110194366903     
    12929094          21   1.0295836432007071     
    12929094          22   1.0500230658111809     
    12929094          23   1.0042539989143824     
    12929094          24  0.51116655287013990     
    12929094          25   1.0154492311050562     
    12929095           1   1.0845734170971533     
    12929095           2  0.89384198861742814     
    12929095           3   1.1422416049839967     
    12929095           4  0.95205176142628256     
    12929095           5   1.1069083051003776     
    12929095           6   1.0519597888013286     
    12929095           7   1.1364347187365893     
    12929095           8   1.0093738392819727     
    12929095           9  0.65191919972748069     
    12929095          10  0.86132975758106700     
    12929095          11   1.1150319988721393     
    12929095          12   1.1584934279613035     
    12929095          13   1.1673820071674113     
    12929095          14  0.20982144404062458     
    12929095          15   1.1312427269273853     
    12929095          16  0.87362124730580226     
    12929095          17   1.1247935239866060     
    12929095          18   1.0712103964171864     
    12929095          19   1.0545840751989179     
    12929095          20   1.1332427759036654     
    12929095          21  0.62540742272413563     
    12929095          22   1.0889635318444268     
    12929095          23   1.0078850793350156     
    12929095          24   1.1472762884626835     
    12929095          25   1.2004096724990199     
    12929097           1   1.0233445718709082     
    12929097           2   1.0529861274761561     
    12929097           3  0.63892612923885517     
    12929097           4  0.97322863963256923     
    12929097           5   1.1794121277808169     
    12929097           6   1.0393595342490924     
    12929097           7   1.0049294795990449     
    12929097           8   1.0286542512171548     
    12929097           9  0.97060517397946722     
    12929097          10   1.0537151274258538     
    12929097          11  0.67845218329978785     
    12929097          12  0.93925563102001830     
    12929097          13   1.1587998657308090     
    12929097          14   1.1127412823201983     
    12929097          15   1.1172269946915090     
    12929097          16   1.0661148395690829     
    12929097          17   1.1912797615112001     
    12929097          18   1.0288301099698522     
    12929097          19  0.99202504584509987     
    12929097          20   1.0840304805945593     
    12929097          21   1.2176810823044142     
    12929097          22  0.96451136632405510     
    12929097          23   1.0658223437625136     
    12929097          24  0.36417445979896962     
    12929097          25   1.0538933907880093     
    12929113           1   1.0833393526351953     
    12929113           2  0.93125544490767731     
    12929113           3  0.66996349691650481     
    12929113           4  0.99279099958320571     
    12929113           5   1.0572833283969134     
    12929113           6   1.0522473208103651     
    12929113           7  0.95740702653521603     
    12929113           8  0.85360233281121989     
    12929113           9   1.1321388214866472     
    12929113          10  0.98937029190097447     
    12929113          11   1.0827166815525775     
    12929113          12   1.0923621405709651     
    12929113          13   1.1558177973186574     
    12929113          14   1.0931288204709360     
    12929113          15   1.0753876908090136     
    12929113          16   1.0206314433050379     
    12929113          17   1.0960519810181208     
    12929113          18   1.0861307554184780     
    12929113          19   1.0321803705581660     
    12929113          20   1.0452366605194241     
    12929113          21   1.0642099187971277     
    12929113          22   1.0297142167764033     
    12929113          23  0.99250658843476025     
    12929113          24   1.0405689654440575     
    12929113          25  0.37395755302235140     
    12929131           1   1.0686423744711717     
    12929131           2   1.0823985554696767     
    12929131           3   1.0341538468868883     
    12929131           4  0.93814076663343204     
    12929131           5   1.1264753104082650     
    12929131           6   1.1534261318436696     
    12929131           7  0.91465704864004804     
    12929131           8   1.0234399887512733     
    12929131           9   1.1601121910842467     
    12929131          10   1.0597069245807040     
    12929131          11   1.0464043867007793     
    12929131          12  0.65110875949388058     
    12929131          13   1.1499836797746206     
    12929131          14   1.1019617373524122     
    12929131          15   1.1321821954383702     
    12929131          16   1.1508689993485910     
    12929131          17   1.1748371943408809     
    12929131          18   1.0940429933532620     
    12929131          19  0.46082281122220736     
    12929131          20  0.99496076229946973     
    12929131          21   1.1218642658668601     
    12929131          22  0.30090021250913346     
    12929131          23   1.0218589828629863     
    12929131          24   1.0566070696988630     
    12929131          25  0.98044281096830777     
    12929137           1   1.1010042936471311     
    12929137           2   1.0943286988207701     
    12929137           3  0.72113466195589981     
    12929137           4   1.0253434147882348     
    12929137           5   1.1999484894833758     
    12929137           6   1.1390029707594260     
    12929137           7  0.98463662513330341     
    12929137           8  0.28797574278060512     
    12929137           9   1.1409182242130478     
    12929137          10  0.99609572165011806     
    12929137          11   1.0953900369727709     
    12929137          12   1.1423479986069169     
    12929137          13   1.1044847675402787     
    12929137          14   1.1459634326195343     
    12929137          15   1.1474757270245131     
    12929137          16  0.85923351827827532     
    12929137          17   1.1960244740768529     
    12929137          18   1.1151304782642395     
    12929137          19   1.0034571529015368     
    12929137          20   1.0918478406931311     
    12929137          21  0.99926390882110805     
    12929137          22   1.0794837867012348     
    12929137          23   1.0819832027369480     
    12929137          24   1.1020962398194816     
    12929137          25  0.14542859171127037     
    12929162           1  0.96545189266775222     
    12929162           2   1.0667323654665040     
    12929162           3  0.59795930608892789     
    12929162           4  0.92526790412992632     
    12929162           5   1.0817077659230228     
    12929162           6  0.98394296157318450     
    12929162           7   1.1603878814500579     
    12929162           8   1.0486028056125165     
    12929162           9  0.92792077308456034     
    12929162          10  0.97263874611977974     
    12929162          11   1.0378982075571392     
    12929162          12  0.63969386147943841     
    12929162          13   1.0878417282615855     
    12929162          14   1.1203169082014703     
    12929162          15   1.2013638940321716     
    12929162          16   1.1062077073103902     
    12929162          17   1.2068313577644834     
    12929162          18  0.97807917794140986     
    12929162          19  0.90427352638715430     
    12929162          20   1.1313203199280875     
    12929162          21   1.0535371821348678     
    12929162          22   1.1331638007918237     
    12929162          23   1.1230712550854569     
    12929162          24  0.46793096199189022     
    12929162          25   1.0778577090163994     
    12929177           1   1.0760310069711103     
    12929177           2  0.88939553223620804     
    12929177           3  0.90367518278261416     
    12929177           4  0.91913708173134867     
    12929177           5   1.1235051085474705     
    12929177           6   1.1298556780019196     
    12929177           7   1.0995366662847472     
    12929177           8   1.0346143317364656     
    12929177           9   1.0395158294154809     
    12929177          10   1.0704256094708307     
    12929177          11   1.1402756933301534     
    12929177          12  0.88902881202639061     
    12929177          13   1.2308974001203741     
    12929177          14   1.2586850495420758     
    12929177          15   4.1496843430884764E-002
    12929177          16  0.54415655802034446     
    12929177          17   1.1526990009210409     
    12929177          18   1.1797415375026048     
    12929177          19  0.98331161479139118     
    12929177          20   1.0297396709318851     
    12929177          21   1.1633346978541295     
    12929177          22   1.2061970523930061     
    12929177          23  0.77618469043313909     
    12929177          24   1.0088666532140473     
    12929177          25   1.1096926983103381     
    12929189           1   1.0690802050299499     
    12929189           2   1.0286978033963841     
    12929189           3   1.1097858036441346     
    12929189           4  0.98528657624059568     
    12929189           5   1.0143921392452604     
    12929189           6   1.1406846604751610     
    12929189           7  0.70790027424011259     
    12929189           8  0.98962847485837901     
    12929189           9   1.1060590299526261     
    12929189          10  0.94626686216787514     
    12929189          11  0.94584761104913506     
    12929189          12   1.1104824320984084     
    12929189          13   1.0913227227695015     
    12929189          14  0.90889419679067895     
    12929189          15   1.0877586449788650     
    12929189          16   1.0330922650551231     
    12929189          17   1.1283422762286868     
    12929189          18   1.0206776986669943     
    12929189          19  0.98449134124910243     
    12929189          20  0.99819606976333386     
    12929189          21   1.0121253375339270     
    12929189          22  0.30333940109274460     
    12929189          23   1.1032405189801100     
    12929189          24   1.0794408443543360     
    12929189          25   1.0949668101385766     
    12929203           1   1.1313167085358202     
    12929203           2   1.0802099359003494     
    12929203           3  0.96373916699589501     
    12929203           4  0.92544362613620335     
    12929203           5   1.0627558474430312     
    12929203           6   1.1657614469114894     
    12929203           7  0.79956871750903757     
    12929203           8   1.0889700708983048     
    12929203           9   1.1037222496813868     
    12929203          10   1.0258717893840643     
    12929203          11  0.84861171207628761     
    12929203          12   1.1048704784220476     
    12929203          13   1.0890170760191351     
    12929203          14  0.90697396833072486     
    12929203          15  0.99342263724915070     
    12929203          16   1.0459689377758621     
    12929203          17   1.0688476763868628     
    12929203          18   1.0394933893858815     
    12929203          19   1.0027906357075049     
    12929203          20  0.97555681739729494     
    12929203          21   1.0500177677199307     
    12929203          22  0.26263038107226894     
    12929203          23   1.1162151827876243     
    12929203          24   1.0555703157798515     
    12929203          25   1.0926534644939923     
    12929204           1  0.91046875022854412     
    12929204           2   1.0252551309105757     
    12929204           3   1.0947554320197104     
    12929204           4  0.75180788554025890     
    12929204           5   1.0789837450736564     
    12929204           6  0.86541681401688564     
    12929204           7  0.93321530198655067     
    12929204           8   1.0153330145043826     
    12929204           9  0.98029887186908704     
    12929204          10   1.0478182980623656     
    12929204          11   1.1490537613157026     
    12929204          12   1.0793201942035819     
    12929204          13   1.0972520424646119     
    12929204          14   1.1313819765717306     
    12929204          15   1.1299571441638088     
    12929204          16   1.0018653009230791     
    12929204          17   1.0897380693757694     
    12929204          18   1.0216664153080144     
    12929204          19   1.0109733619549821     
    12929204          20   1.0241570979803234     
    12929204          21   1.0899619398500244     
    12929204          22  0.78055274877176539     
    12929204          23   1.0911095725996600     
    12929204          24   1.0890133673919744     
    12929204          25  0.51064376291295821     
    12929206           1   1.1137234277991177     
    12929206           2   1.1381741307295843     
    12929206           3   1.0505582047882618     
    12929206           4   1.0625521510132365     
    12929206           5   1.1003039027311803     
    12929206           6   1.1171475727134956     
    12929206           7  0.98558030679374353     
    12929206           8   1.0540007559799194     
    12929206           9  0.98897135144381110     
    12929206          10  0.53081963562183443     
    12929206          11  0.82379802719079387     
    12929206          12   1.1453852183796926     
    12929206          13   1.1247553837346829     
    12929206          14   1.1341953436751879     
    12929206          15  0.67298610141660831     
    12929206          16   1.0528945880544884     
    12929206          17   1.1603269820432294     
    12929206          18  0.64800045079780133     
    12929206          19  0.96450480464242383     
    12929206          20  0.84873227692879838     
    12929206          21   1.0986751808987187     
    12929206          22   1.0424278179413633     
    12929206          23   1.1014943194760951     
    12929206          24   1.0793661056831869     
    12929206          25  0.96062595952274710     
    12929223           1   1.0481245959053338     
    12929223           2   1.0212504751965483     
    12929223           3  0.88559551443998485     
    12929223           4  0.87059839813342055     
    12929223           5  0.81696477079421237     
    12929223           6   1.1995597361496344     
    12929223           7  0.93643606750187569     
    12929223           8   1.0251368498244342     
    12929223           9   1.2107743739301240     
    12929223          10   1.0284421563106554     
    12929223          11   1.1105694164923123     
    12929223          12   1.0899208800607019     
    12929223          13   1.3288317084153281     
    12929223          14   1.1157411942982320     
    12929223          15   1.1145503447712668     
    12929223          16  0.26484864735901986     
    12929223          17   1.1236148896061446     
    12929223          18   1.0688637285540199     
    12929223          19   1.0124655940623768     
    12929223          20  0.99600279525456470     
    12929223          21  0.91759245669384737     
    12929223          22   1.0341326434590148     
    12929223          23   1.0425324675964183     
    12929223          24  0.61413901930955572     
    12929223          25   1.1233112758809782     
    12929234           1   1.1332216940771755     
    12929234           2   1.0648376064109737     
    12929234           3   1.1513631061325840     
    12929234           4  0.99013035818372885     
    12929234           5  0.95579254091313248     
    12929234           6   1.2200134522041137     
    12929234           7  0.97489191417506149     
    12929234           8  0.97239712557378311     
    12929234           9  0.98654830317429876     
    12929234          10  0.88463219472388110     
    12929234          11   1.1004851275991694     
    12929234          12   1.1858348931093081     
    12929234          13  0.86950505099973130     
    12929234          14   1.1280717262287974     
    12929234          15   1.2145623959997847     
    12929234          16  0.95470508331148329     
    12929234          17   1.0415956521571412     
    12929234          18   1.0597534307913863     
    12929234          19  0.96585608294042213     
    12929234          20   1.0216002394596015     
    12929234          21   1.0849326456030803     
    12929234          22   1.0501033100015051     
    12929234          23   2.9170068134170939E-002
    12929234          24  0.87276467106263989     
    12929234          25   1.0872313270330467     
    12929235           1   1.2639051855931025     
    12929235           2   1.0076389380785864     
    12929235           3   1.1590854436298217     
    12929235           4  0.95875716352493168     
    12929235           5   1.0244120410952755     
    12929235           6  0.64952284558558848     
    12929235           7   1.0671971822161055     
    12929235           8  0.96783042161597843     
    12929235           9   1.0953680323233221     
    12929235          10  0.98322560884003818     
    12929235          11   1.0910167766643644     
    12929235          12   1.0444591801288630     
    12929235          13  0.66202296644755321     
    12929235          14   1.2260212537896862     
    12929235          15  0.38358123313859765     
    12929235          16  0.86615253642214662     
    12929235          17   1.0952783096025116     
    12929235          18   1.1937213503246151     
    12929235          19  0.93429426425567519     
    12929235          20   1.0211227006867998     
    12929235          21   1.0962121451477334     
    12929235          22   1.0140762551601719     
    12929235          23  0.77619671097919041     
    12929235          24   1.1911825560730629     
    12929235          25   1.2277188986762799     
    12929254           1   1.0047093943627725     
    12929254           2   1.0019390353225563     
    12929254           3   1.0887015679589445     
    12929254           4  0.97857454800620880     
    12929254           5  0.80789880877238396     
    12929254           6   1.0913165052152285     
    12929254           7  0.97002480244473432     
    12929254           8   1.0567682934850717     
    12929254           9   1.1303840813010864     
    12929254          10   1.0126593831818225     
    12929254          11  0.96038771398899991     
    12929254          12   1.1452806808867624     
    12929254          13  0.73336112495557071     
    12929254          14   1.2454402506879898     
    12929254          15  0.80487807059413874     
    12929254          16   1.0164280882452421     
    12929254          17   1.1017733249982191     
    12929254          18  0.98878504264360900     
    12929254          19   1.0923628694549912     
    12929254          20  0.33074692883894136     
    12929254          21   1.0542933525129830     
    12929254          22   1.1984050560565687     
    12929254          23  0.97652244386484210     
    12929254          24   1.1039857022250343     
    12929254          25   1.1043729299953022     
    12929268           1   1.2973360392257851     
    12929268           2   1.0231846614460829     
    12929268           3   1.1102815645207282     
    12929268           4  0.84370656271693978     
    12929268           5  0.96825758844701992     
    12929268           6  0.99464151376308152     
    12929268           7   1.0717308959250358     
    12929268           8   1.0264088012279766     
    12929268           9   1.1599505556632186     
    12929268          10  0.97086021717294302     
    12929268          11   1.1344559010574502     
    12929268          12   1.0573387815069542     
    12929268          13  0.74098185611968681     
    12929268          14   1.2064499384865237     
    12929268          15  0.59042076738156790     
    12929268          16  0.61952497331244594     
    12929268          17   1.1549845435844632     
    12929268          18   1.0843684657735657     
    12929268          19  0.95881408678725843     
    12929268          20   1.0137667872450584     
    12929268          21   1.0907563120002257     
    12929268          22   1.0809070713413096     
    12929268          23  0.57423221095567600     
    12929268          24   1.0748356838296651     
    12929268          25   1.1518042205093415     
    12929276           1   1.0171586281035276     
    12929276           2  0.98988397608399992     
    12929276           3   1.0199280506347328     
    12929276           4  0.83634376614124029     
    12929276           5   1.0584672934517034     
    12929276           6   1.1194361515020144     
    12929276           7   1.1139004857067576     
    12929276           8   1.0809518377597696     
    12929276           9   1.0194138101167229     
    12929276          10  0.80833630331634854     
    12929276          11   1.0575412773557322     
    12929276          12   1.0547935229982852     
    12929276          13  0.84887703327353392     
    12929276          14   1.1336062736593928     
    12929276          15   1.1790413428045441     
    12929276          16   1.0079830002006687     
    12929276          17   1.1244433543132650     
    12929276          18   1.0567214332095898     
    12929276          19  0.92764853879471620     
    12929276          20  0.98802601130364431     
    12929276          21   1.1016650046214833     
    12929276          22   1.0058507122981901     
    12929276          23  0.50247270188029691     
    12929276          24  0.84966339319977402     
    12929276          25   1.0978460972700674     
    12929277           1   1.0791475701935236     
    12929277           2   1.0514780143246216     
    12929277           3   1.0379469322982608     
    12929277           4   1.0473335028466122     
    12929277           5   1.0961460464356796     
    12929277           6   1.0873400353915215     
    12929277           7   1.0051088459245971     
    12929277           8   1.0996097662486128     
    12929277           9   1.1778946944925712     
    12929277          10  0.71345368863870551     
    12929277          11  0.31407092633823946     
    12929277          12   1.1343850727212048     
    12929277          13  0.70658202662207248     
    12929277          14  0.97520188599135238     
    12929277          15  0.91026050685393400     
    12929277          16   1.1714308360456351     
    12929277          17   1.2884752351093700     
    12929277          18   1.0564248601631312     
    12929277          19   1.0738955977860485     
    12929277          20  0.90238741515160015     
    12929277          21  0.94349261426489273     
    12929277          22  0.78846621177200593     
    12929277          23  0.98521774505368853     
    12929277          24   1.2207308655793203     
    12929277          25   1.1335191037527954     
    12929280           1   1.1715678191768821     
    12929280           2   1.2227232538307142     
    12929280           3  0.81225279132105155     
    12929280           4  0.86038586734140055     
    12929280           5   1.0321057451114954     
    12929280           6   1.2230630592593608     
    12929280           7  0.97641432759578384     
    12929280           8   1.0186831534680747     
    12929280           9   1.0966758740375206     
    12929280          10  0.96322134610597532     
    12929280          11  0.43818891837263374     
    12929280          12   1.1529741693989088     
    12929280          13   1.1789790030777887     
    12929280          14  0.94613985547662172     
    12929280          15   1.3118219101885074     
    12929280          16  0.99127046919914141     
    12929280          17   1.2165454256820230     
    12929280          18   1.0620282113964987     
    12929280          19  0.63900588747213016     
    12929280          20   1.0400372592379439     
    12929280          21  0.80957883664218433     
    12929280          22  0.59549197203502346     
    12929280          23   1.1064681643147749     
    12929280          24   1.0504255056707537     
    12929280          25   1.0839511745868098     
    12929283           1   1.0456842441033265     
    12929283           2   1.0188726944945374     
    12929283           3  0.88353357961090440     
    12929283           4  0.86857138113753141     
    12929283           5  0.81506262914199590     
    12929283           6   1.2549743762729151     
    12929283           7  0.93425576045277059     
    12929283           8   1.0227500204641213     
    12929283           9   1.2079553241370100     
    12929283          10   1.0260476311948270     
    12929283          11   1.1079836742176068     
    12929283          12   1.0873832138384871     
    12929283          13   1.3257377853580272     
    12929283          14   1.1131434105569513     
    12929283          15   1.1119553336886951     
    12929283          16  0.26423199941814840     
    12929283          17   1.1209987735152480     
    12929283          18   1.0663750897640640     
    12929283          19   1.0101082672268147     
    12929283          20  0.99368379880538371     
    12929283          21  0.91545602328321185     
    12929283          22   1.0317248691640133     
    12929283          23   1.0401051359643880     
    12929283          24  0.61270911749415136     
    12929283          25   1.1206958666948754     
    12929292           1  0.99799592904717815     
    12929292           2   1.1965514025136150     
    12929292           3  0.62958870231695185     
    12929292           4  0.89658384151207970     
    12929292           5   1.0877698379779410     
    12929292           6  0.84365002789615950     
    12929292           7   1.1840364076626586     
    12929292           8   1.0544793519079843     
    12929292           9  0.93256430375284527     
    12929292          10  0.97808957706334110     
    12929292          11   1.0348925967809659     
    12929292          12  0.54380879228926438     
    12929292          13   1.0939381760719995     
    12929292          14   1.1265953523763312     
    12929292          15   1.2080965391321041     
    12929292          16   1.1124070811530096     
    12929292          17   1.2135946434497455     
    12929292          18   1.0240993783866714     
    12929292          19  0.92803754986093479     
    12929292          20   1.0969252038021313     
    12929292          21   1.0594413815053774     
    12929292          22   1.0678809248026180     
    12929292          23   1.1114024362036474     
    12929292          24  0.44910662581356225     
    12929292          25   1.1284639367208800     
    12929293           1   1.0609665805930026     
    12929293           2   1.0286648110800780     
    12929293           3   1.0271665572975250     
    12929293           4  0.91405806497138065     
    12929293           5   1.2716291249660749     
    12929293           6   1.1632353956937300     
    12929293           7  0.92184281054809081     
    12929293           8   1.1597683556551190     
    12929293           9   1.2108605137535373     
    12929293          10  0.31050814746317784     
    12929293          11  0.49612940848124615     
    12929293          12   1.1361196142304155     
    12929293          13   1.1199708745870864     
    12929293          14   1.2291892116634653     
    12929293          15  0.58601914526979837     
    12929293          16  0.91797376918332885     
    12929293          17   1.1765820325581748     
    12929293          18  0.83144516433186144     
    12929293          19  0.95151276968418708     
    12929293          20   1.0292391915708485     
    12929293          21   1.1196785346177618     
    12929293          22   1.0711657102486283     
    12929293          23   1.0553059355959045     
    12929293          24   1.0343751365668741     
    12929293          25   1.1765931393887012     
    12929296           1  0.99661711480991477     
    12929296           2   1.1948982674041577     
    12929296           3  0.62871887325141285     
    12929296           4  0.89534513649375613     
    12929296           5   1.0862669936317706     
    12929296           6  0.84248445533631799     
    12929296           7   1.1824005630576788     
    12929296           8   1.0530225011323511     
    12929296           9  0.93127588873856193     
    12929296          10  0.97673826510412154     
    12929296          11   1.0334628067337834     
    12929296          12  0.55644008691008573     
    12929296          13   1.0924268096546093     
    12929296          14   1.1250388673584271     
    12929296          15   1.2064274534578425     
    12929296          16   1.1108701984098197     
    12929296          17   1.2119179616878744     
    12929296          18   1.0226845000668365     
    12929296          19  0.92675538893299902     
    12929296          20   1.1165666746313359     
    12929296          21   1.0579776752738697     
    12929296          22   1.0664055586413297     
    12929296          23   1.1098669414608684     
    12929296          24  0.44848614772172046     
    12929296          25   1.1269048700985596     
    12929302           1   1.1468899991538282     
    12929302           2   1.0620326689117827     
    12929302           3  0.45255194348169936     
    12929302           4   1.0839704382509536     
    12929302           5   1.1579606223073056     
    12929302           6   1.0878613800071948     
    12929302           7   1.0345556442798487     
    12929302           8   7.0670573633503375E-002
    12929302           9   1.1752486350799907     
    12929302          10   1.0033151605035784     
    12929302          11   1.1526555054946424     
    12929302          12   1.0362406861246725     
    12929302          13   1.1627461460397917     
    12929302          14   1.1634884831707453     
    12929302          15   1.2797196941727917     
    12929302          16   1.0265210948973140     
    12929302          17   1.2198717045389851     
    12929302          18  0.97703463925503320     
    12929302          19   1.0188028758364960     
    12929302          20   1.0684535605526160     
    12929302          21   1.0399455098481545     
    12929302          22   1.1299990997435496     
    12929302          23   1.0972484039534376     
    12929302          24   1.2094424376081807     
    12929302          25  0.14277309315390108     
    12929304           1   1.0232676810970842     
    12929304           2   1.0546956286582945     
    12929304           3  0.90023051245204311     
    12929304           4   1.0532563552259795     
    12929304           5   1.1052316773264259     
    12929304           6   1.1213040587562852     
    12929304           7  0.89273199619051535     
    12929304           8  0.93030645363517817     
    12929304           9   1.1937307355267006     
    12929304          10  0.92030867878957512     
    12929304          11  0.41957002540083782     
    12929304          12   1.1719414145982689     
    12929304          13   1.2325394248087769     
    12929304          14   1.1542803590157558     
    12929304          15  0.94549764136031045     
    12929304          16  0.85707780238849618     
    12929304          17   1.1064852621515922     
    12929304          18  0.46125418272706342     
    12929304          19   1.0958273043628108     
    12929304          20   1.2365304209338328     
    12929304          21   1.0464357171221461     
    12929304          22  0.73581435144049323     
    12929304          23   1.1292893333364431     
    12929304          24   1.0921476314802359     
    12929304          25   1.1202453512148500     
    12929305           1   1.2568817205389318     
    12929305           2   1.0020089805007257     
    12929305           3   1.1715079175633094     
    12929305           4  0.95183870609435062     
    12929305           5  0.96175046698164435     
    12929305           6  0.98958261263341785     
    12929305           7   1.1127939721143996     
    12929305           8   1.0670411779447995     
    12929305           9   1.1415585779295216     
    12929305          10  0.92228336500707930     
    12929305          11   1.1485424323559588     
    12929305          12   1.0704677500503241     
    12929305          13  0.71690472586051435     
    12929305          14   1.2003268518366048     
    12929305          15  0.60450594288429160     
    12929305          16  0.51666497681847046     
    12929305          17   1.1693259788992518     
    12929305          18   1.0978330617248024     
    12929305          19  0.97071967485850019     
    12929305          20  0.96541501945225927     
    12929305          21   1.0684466962314931     
    12929305          22   1.0962863245154866     
    12929305          23  0.54302499013841032     
    12929305          24   1.0881819112915769     
    12929305          25   1.1661061657738814     
    12929309           1   1.1493033048411050     
    12929309           2  0.95815638869585329     
    12929309           3   1.0416964447749713     
    12929309           4  0.94451486828444553     
    12929309           5   1.1258943325141726     
    12929309           6   1.0932732295007941     
    12929309           7   1.0315403843506492     
    12929309           8   1.0584731942841674     
    12929309           9  0.97020640533626545     
    12929309          10  0.19715328481622485     
    12929309          11   1.0301403491151195     
    12929309          12   1.1664125742574167     
    12929309          13   1.1186697048220913     
    12929309          14   1.0092929563932715     
    12929309          15   1.1123744826296680     
    12929309          16   1.0021350573715255     
    12929309          17   1.1200776739003344     
    12929309          18   1.0713089700649669     
    12929309          19  0.94368368062649144     
    12929309          20  0.99722525549486862     
    12929309          21  0.66278911701459242     
    12929309          22   1.0151815950140546     
    12929309          23   1.1179877542021883     
    12929309          24   1.0241134306181137     
    12929309          25   1.0383955610766438     
    12929313           1   1.1358988624703996     
    12929313           2   1.0163810976659002     
    12929313           3   1.0544753839830519     
    12929313           4  0.99871479507904393     
    12929313           5   1.0759355242464839     
    12929313           6   1.1944056517306831     
    12929313           7  0.95273141914621240     
    12929313           8   1.1711027559289722     
    12929313           9  0.66518966242515187     
    12929313          10  0.66900282413092305     
    12929313          11   1.0438671421902672     
    12929313          12   1.0931204436025581     
    12929313          13   1.1093348501408486     
    12929313          14  0.47629322778916960     
    12929313          15   1.1464401776235791     
    12929313          16  0.76785664274445031     
    12929313          17   1.0803915114164955     
    12929313          18   1.2128526538741193     
    12929313          19  0.96987392038046472     
    12929313          20  0.98210867074886632     
    12929313          21  0.95047825035084288     
    12929313          22   1.0957832493628308     
    12929313          23   1.0518308731612263     
    12929313          24   1.0509037632230998     
    12929313          25   1.0350266465843538     
    12929314           1   1.0720601698220500     
    12929314           2   1.0759634902025748     
    12929314           3  0.37592014838215398     
    12929314           4   1.0142513768990513     
    12929314           5   1.1724103225763081     
    12929314           6   1.0888250274636326     
    12929314           7  0.98369769271504348     
    12929314           8   1.0097472988098577     
    12929314           9  0.80812652970289056     
    12929314          10   1.0751201349646904     
    12929314          11   1.0833636420438575     
    12929314          12  0.86309097381761224     
    12929314          13  0.76570721731189362     
    12929314          14   1.1006390052706727     
    12929314          15   1.0909702126819059     
    12929314          16   1.0506529401117690     
    12929314          17   1.2508100737096035     
    12929314          18   1.1372295868867754     
    12929314          19  0.63107002990018057     
    12929314          20  0.99988483582863519     
    12929314          21   1.0790421891402671     
    12929314          22   1.0675425329250463     
    12929314          23   1.0941100149197376     
    12929314          24   1.0508965449690464     
    12929314          25   1.0588680089447391     
    12929319           1   1.0642295684495757     
    12929319           2   1.0534959362843646     
    12929319           3   1.0415494574693833     
    12929319           4   1.0298873144555860     
    12929319           5   1.0627465359295425     
    12929319           6   1.2069099573370403     
    12929319           7   1.0155675261812933     
    12929319           8   1.0430119517195262     
    12929319           9  0.62941038856229237     
    12929319          10  0.74391129049726379     
    12929319          11  0.79747452152342069     
    12929319          12   1.2550186111957666     
    12929319          13   1.1180413698071581     
    12929319          14  0.38516833328617528     
    12929319          15  0.96392886650568732     
    12929319          16   1.0454406937545937     
    12929319          17   1.0990019426309643     
    12929319          18   1.2299253996638817     
    12929319          19  0.98830892355303834     
    12929319          20   1.0128755111989671     
    12929319          21   1.0037772830375025     
    12929319          22  0.95605009921403861     
    12929319          23   1.0389373634806731     
    12929319          24   1.0208415682837046     
    12929319          25   1.1944895859785569     
    12929320           1  0.99642755280959971     
    12929320           2   1.1946709912492772     
    12929320           3  0.62859928749929372     
    12929320           4  0.89517483697499023     
    12929320           5   1.0860603797364954     
    12929320           6  0.84232421020685500     
    12929320           7   1.1821756640341963     
    12929320           8   1.0528222105205154     
    12929320           9  0.93109875499513028     
    12929320          10  0.97655248416923102     
    12929320          11   1.0332662364822953     
    12929320          12  0.54295418280360552     
    12929320          13   1.0922190241287955     
    12929320          14   1.1214354128374937     
    12929320          15   1.2061979843890156     
    12929320          16   1.1106589048510682     
    12929320          17   1.2116874482944946     
    12929320          18   1.0224899799079481     
    12929320          19  0.92657911501323764     
    12929320          20   1.1378789658363031     
    12929320          21   1.0577764421609386     
    12929320          22   1.0662027224991049     
    12929320          23   1.1096558387270499     
    12929320          24  0.44840084321509266     
    12929320          25   1.1266905266579681     
    12929322           1   1.0300628320327370     
    12929322           2   1.0384679333135105     
    12929322           3  0.87768935000019777     
    12929322           4  0.98114092846313850     
    12929322           5   1.1024827465127940     
    12929322           6   1.0387750784496064     
    12929322           7  0.89237773336402826     
    12929322           8   1.1321204114846499     
    12929322           9   1.1803042452942671     
    12929322          10   1.0015010791676040     
    12929322          11   1.1366828430963734     
    12929322          12  0.39123692194310955     
    12929322          13  0.90921267702933939     
    12929322          14   1.0071584453271898     
    12929322          15   1.1781293834358160     
    12929322          16   1.0385511416326494     
    12929322          17   1.0909792000330851     
    12929322          18   1.0150682391608914     
    12929322          19  0.80401345519890843     
    12929322          20   1.0454029825740614     
    12929322          21   1.0032165230110515     
    12929322          22   1.0852504728167995     
    12929322          23   1.0720491010205608     
    12929322          24  0.99446360597983130     
    12929322          25  0.95366266965780355     
    12929323           1  0.84398031568668030     
    12929323           2   1.1390743425791434     
    12929323           3  0.83944755962877304     
    12929323           4  0.35665688873404167     
    12929323           5   1.1894027353622323     
    12929323           6   1.1783773021019632     
    12929323           7  0.98166033674001574     
    12929323           8   1.0322230483130017     
    12929323           9   1.1866969458880054     
    12929323          10   1.0571076854740500     
    12929323          11  0.77673505449490243     
    12929323          12   1.2374444107930045     
    12929323          13   1.1512920029260616     
    12929323          14   1.2242118265831969     
    12929323          15   1.1454783328082681     
    12929323          16   1.1413484029871575     
    12929323          17   1.1524352968015543     
    12929323          18  0.85696971996857085     
    12929323          19  0.89931237816231802     
    12929323          20  0.66275194897121215     
    12929323          21   1.0370803471378427     
    12929323          22   1.0813431974537795     
    12929323          23   1.1101573902343151     
    12929323          24  0.68644426097705447     
    12929323          25   1.0323682691928564     
    12929324           1   1.0431318434847052     
    12929324           2   1.0484353790022436     
    12929324           3  0.80428427979077988     
    12929324           4  0.99055813683686766     
    12929324           5   1.1481855477134633     
    12929324           6   1.0828155288383527     
    12929324           7  0.90094297289218517     
    12929324           8   1.0644322479702086     
    12929324           9   1.1983707011753770     
    12929324          10   1.1719323201134175     
    12929324          11   1.1475929772858102     
    12929324          12  0.28814657234355601     
    12929324          13  0.71497260645564820     
    12929324          14  0.91219423249095311     
    12929324          15   1.2215299856870747     
    12929324          16   1.0351520128232619     
    12929324          17   1.0743232892140848     
    12929324          18   1.0057710111855733     
    12929324          19  0.95432654309638609     
    12929324          20  0.97565634767070997     
    12929324          21   1.0128456178404377     
    12929324          22   1.0956669477020253     
    12929324          23   1.0823388662095368     
    12929324          24   1.0635778965720133     
    12929324          25  0.96281613560533263     
    12929325           1   1.1452950203397188     
    12929325           2  0.61567146939372808     
    12929325           3   1.1058546118101418     
    12929325           4  0.46918066906196526     
    12929325           5   1.1931008638679872     
    12929325           6   1.2074179117037969     
    12929325           7   1.0898846291906399     
    12929325           8   1.0212369408949633     
    12929325           9  0.73661998644976823     
    12929325          10  0.81922824513162995     
    12929325          11   1.0764525742145481     
    12929325          12  0.97793808632119983     
    12929325          13   1.1266838309334544     
    12929325          14  0.76612386468350180     
    12929325          15   1.1345753548607340     
    12929325          16  0.81051055771497360     
    12929325          17   1.0900261060854832     
    12929325          18   1.0962922572866896     
    12929325          19   1.0145087044780448     
    12929325          20   1.0306245243836336     
    12929325          21   1.0479889885802123     
    12929325          22   1.1365327455177379     
    12929325          23   1.1045674744772944     
    12929325          24   1.0596684159867689     
    12929325          25   1.1240161666313775     
    12929331           1   1.0418227545454795     
    12929331           2   1.1163300422324403     
    12929331           3  0.35553735408692011     
    12929331           4  0.89527150085395957     
    12929331           5  0.71139897606061409     
    12929331           6  0.85667691603703189     
    12929331           7   1.0707251224707517     
    12929331           8   1.0952821303872560     
    12929331           9   1.1497238119194686     
    12929331          10   1.1365305177336549     
    12929331          11   1.0699767375886640     
    12929331          12  0.93797937394518138     
    12929331          13   1.1672465565175956     
    12929331          14   1.1741574009590581     
    12929331          15   1.1755077381732140     
    12929331          16   1.0950814583936839     
    12929331          17   1.0822871761344519     
    12929331          18   1.0733674044413386     
    12929331          19  0.39696161273868286     
    12929331          20   1.1055861400587343     
    12929331          21   1.1299355019581470     
    12929331          22   1.1047950500310737     
    12929331          23   1.0575652845956567     
    12929331          24  0.93414656285708852     
    12929331          25   1.0661068752798601     
    12929334           1   1.0304390797039753     
    12929334           2  0.94719249113966764     
    12929334           3  0.68836167722728236     
    12929334           4   1.0410952778171854     
    12929334           5   1.1163142454219290     
    12929334           6   1.0465182292496158     
    12929334           7   1.0111986274965032     
    12929334           8  0.91366527024312127     
    12929334           9   1.1121733700816854     
    12929334          10  0.90231397952239023     
    12929334          11  0.99842592344349068     
    12929334          12   1.0514839385161652     
    12929334          13   1.0633008615014474     
    12929334          14   1.0515580225955425     
    12929334          15   1.2336780515295698     
    12929334          16   1.0490809882161161     
    12929334          17   1.1420601012632987     
    12929334          18  0.39453231154819746     
    12929334          19  0.89327315248625161     
    12929334          20  0.96441702275289209     
    12929334          21   1.1283746768154512     
    12929334          22   1.1655494951217256     
    12929334          23   1.0897975704496989     
    12929334          24   1.0256282675775763     
    12929334          25  0.93956736827922804     
    12929338           1   1.1070729978249110     
    12929338           2   1.1091281890304459     
    12929338           3   1.1313478072214638     
    12929338           4  0.83023179881670273     
    12929338           5   1.2050685153315914     
    12929338           6   1.1311643083750991     
    12929338           7   1.0226089192843513     
    12929338           8   1.1552476244290346     
    12929338           9  0.73489908154884254     
    12929338          10  0.94899896242345139     
    12929338          11   1.1075082600188162     
    12929338          12   1.0872910469091712     
    12929338          13   1.1855434516364256     
    12929338          14  0.11375952657024919     
    12929338          15   1.1372177677135407     
    12929338          16  0.36640930074381289     
    12929338          17   1.1297584478200660     
    12929338          18   1.0713700762768927     
    12929338          19  0.99655132206468777     
    12929338          20   1.2092129794081152     
    12929338          21  0.68552190233812815     
    12929338          22   1.0909461350943972     
    12929338          23   1.1249183393095574     
    12929338          24   1.0814869581607480     
    12929338          25   1.2367362816494953     
    12929343           1   1.0663813877787420     
    12929343           2   1.0859412950137297     
    12929343           3   1.0905747247728834     
    12929343           4   1.0349436769175657     
    12929343           5   1.0831787741473036     
    12929343           6   1.0828034175807504     
    12929343           7  0.99321853246961522     
    12929343           8   1.0214409035860279     
    12929343           9   1.1603522909817574     
    12929343          10  0.75864365587989602     
    12929343          11  0.28132334304638235     
    12929343          12   1.1503725469766728     
    12929343          13  0.77587042019036823     
    12929343          14   1.1185025847670913     
    12929343          15  0.83172045153830454     
    12929343          16   1.0650167238901058     
    12929343          17   1.1954124587769317     
    12929343          18   1.0234085668177095     
    12929343          19   1.0902503878465952     
    12929343          20  0.72276592070354240     
    12929343          21  0.90398128574867553     
    12929343          22   1.1297656053006857     
    12929343          23   1.0385116955827869     
    12929343          24   1.1319196967453704     
    12929343          25   1.1636996529405055     
    12929346           1   1.0650415425423427     
    12929346           2   1.0542997209493072     
    12929346           3   1.0423441273421936     
    12929346           4   1.0306730864756453     
    12929346           5   1.0635573785145778     
    12929346           6   1.2078307921331342     
    12929346           7   1.0163423726478467     
    12929346           8   1.0263037618710518     
    12929346           9  0.62989060913159634     
    12929346          10  0.74447887169694860     
    12929346          11  0.79808296980405069     
    12929346          12   1.2559761513999126     
    12929346          13   1.1188944006323096     
    12929346          14  0.38546220475644299     
    12929346          15  0.96466431427943522     
    12929346          16   1.0462383325197802     
    12929346          17   1.0998404469647771     
    12929346          18   1.2308637945273304     
    12929346          19  0.98906297255277120     
    12929346          20   1.0120780561058376     
    12929346          21   1.0045431339148858     
    12929346          22  0.95677953573315366     
    12929346          23   1.0397300404069334     
    12929346          24   1.0216204386805059     
    12929346          25   1.1954009444172324     
    12929350           1   1.1078757414704767     
    12929350           2   1.0981941863735984     
    12929350           3   1.0849592422689271     
    12929350           4  0.98826906334482489     
    12929350           5  0.98299249646962206     
    12929350           6   1.1138090487026751     
    12929350           7   1.0098169295892536     
    12929350           8   1.1167158514252151     
    12929350           9  0.98182534799808896     
    12929350          10  0.89239715455865887     
    12929350          11   1.0666690739602531     
    12929350          12   1.2221208654995008     
    12929350          13  0.96308525977348225     
    12929350          14   1.1237457118949121     
    12929350          15   1.0329198752735997     
    12929350          16  0.85325305891614323     
    12929350          17   1.0987468507935942     
    12929350          18   1.0696891157187398     
    12929350          19   1.0539248178120535     
    12929350          20   1.0245794102233095     
    12929350          21  0.81042646723013012     
    12929350          22   1.0316449800023657     
    12929350          23  0.68303758624343414     
    12929350          24  0.49321604958020310     
    12929350          25   1.0960858148769403     
    12929359           1  0.94776094549741419     
    12929359           2  0.73413066044107855     
    12929359           3   1.0842301377083912     
    12929359           4   1.0166123236124034     
    12929359           5   1.2123631555437553     
    12929359           6  0.93351161665861171     
    12929359           7  0.93497340556009589     
    12929359           8   1.0115557056427367     
    12929359           9  0.99236405431672703     
    12929359          10  0.98861096349248434     
    12929359          11   1.1143429112866456     
    12929359          12   1.0015904972652032     
    12929359          13   1.1023593562556644     
    12929359          14   1.3015644358391598     
    12929359          15   1.2150452390922410     
    12929359          16   1.0636862148552975     
    12929359          17  0.59098490727153363     
    12929359          18   1.0613409937222837     
    12929359          19  0.23802744706149978     
    12929359          20   1.1087968334714784     
    12929359          21   1.0288207487381393     
    12929359          22   1.0290398455809244     
    12929359          23   1.0182088235612148     
    12929359          24   1.1334502574826373     
    12929359          25   1.1366285200423796     
    12929360           1   1.0679239459892627     
    12929360           2   1.0211610107339555     
    12929360           3   1.1478182861537309     
    12929360           4   1.0501953282719496     
    12929360           5   1.0662362349102796     
    12929360           6   1.1822297521987026     
    12929360           7   1.0289304676764439     
    12929360           8   1.0413228259314176     
    12929360           9  0.25744024857005710     
    12929360          10  0.72328937520910996     
    12929360          11   1.0345015829678010     
    12929360          12   1.2643833401961155     
    12929360          13   1.1523794223856312     
    12929360          14  0.35137699940222722     
    12929360          15  0.95721179395611178     
    12929360          16  0.98403228826017264     
    12929360          17   1.0881906441336824     
    12929360          18   1.2216079973898737     
    12929360          19  0.97652122412195774     
    12929360          20   1.0830747902907956     
    12929360          21  0.98906040069519252     
    12929360          22   1.0629257973316306     
    12929360          23   1.0594238322775580     
    12929360          24   1.0862987858826501     
    12929360          25   1.1024636250636908     
    12929365           1   1.0306300401569599     
    12929365           2   1.1745909788186539     
    12929365           3   1.0434228000199099     
    12929365           4  0.81246230953730925     
    12929365           5  0.97637132913096636     
    12929365           6   1.1893581163915590     
    12929365           7  0.94516635914828373     
    12929365           8   1.0063492101828850     
    12929365           9   1.0370997447014860     
    12929365          10   1.0131842390717056     
    12929365          11   1.1073224814626796     
    12929365          12  0.99643153098440740     
    12929365          13   1.0340310448571730     
    12929365          14  0.93553379392102332     
    12929365          15   1.1794366345517093     
    12929365          16  0.99462660701579220     
    12929365          17   1.0240326614932636     
    12929365          18  0.73708655113451049     
    12929365          19  0.63599570749504430     
    12929365          20   1.0194993579620251     
    12929365          21   1.0571838535267657     
    12929365          22   1.0025065151788293     
    12929365          23  0.98644588230332364     
    12929365          24  0.99705973846684282     
    12929365          25   1.0641725124868906     
    12929366           1  0.93739263986889088     
    12929366           2   1.1263681403792549     
    12929366           3  0.54984971519500259     
    12929366           4  0.42632809483368300     
    12929366           5   1.0879821062684742     
    12929366           6   1.1106363628648246     
    12929366           7  0.94763236865115374     
    12929366           8   1.0381405369873420     
    12929366           9   1.0961707651090515     
    12929366          10  0.98363285168017678     
    12929366          11  0.89451064366054001     
    12929366          12   1.0748689607160595     
    12929366          13   1.1752899522928726     
    12929366          14   1.2204393299015970     
    12929366          15   1.1520450870307912     
    12929366          16   1.0173394336842962     
    12929366          17   1.1210460835107554     
    12929366          18  0.94706822849283612     
    12929366          19  0.88983324540900477     
    12929366          20   1.0408150315569584     
    12929366          21   1.0302271839940158     
    12929366          22   1.0432478034623618     
    12929366          23   1.0857792215310904     
    12929366          24  0.90007314203563626     
    12929366          25   1.1032830708833328     
    12929367           1   1.0660109095560437     
    12929367           2   1.0855640213614115     
    12929367           3   1.0901958413917743     
    12929367           4   1.0345841206664803     
    12929367           5   1.0828024602396251     
    12929367           6   1.1085307795019739     
    12929367           7  0.99287347221174005     
    12929367           8   1.0210860384178164     
    12929367           9   1.1599491657402694     
    12929367          10  0.75838009074596480     
    12929367          11  0.28122560674553371     
    12929367          12   1.1499728888604219     
    12929367          13  0.75818273102198430     
    12929367          14   1.1181139987935955     
    12929367          15  0.83143149833807151     
    12929367          16   1.0646467197738181     
    12929367          17   1.1949971530634276     
    12929367          18   1.0230530180513169     
    12929367          19   1.0898716171454048     
    12929367          20  0.72251482007782075     
    12929367          21  0.90366722796040688     
    12929367          22   1.1293731063708337     
    12929367          23   1.0381508997440372     
    12929367          24   1.1315264494491468     
    12929367          25   1.1632953647710786     
    12929368           1   1.0742366622763113     
    12929368           2   1.0781479071629356     
    12929368           3  0.37668334002884524     
    12929368           4   1.0163105061631406     
    12929368           5   1.1747905455266756     
    12929368           6   1.0910355558677229     
    12929368           7  0.93896977131346138     
    12929368           8   1.0117972839118463     
    12929368           9  0.80976718509099133     
    12929368          10   1.0773028397484745     
    12929368          11   1.0855630827641680     
    12929368          12  0.86484321780981932     
    12929368          13  0.76726175317430645     
    12929368          14   1.1028735183672977     
    12929368          15   1.0931850962328173     
    12929368          16   1.0527859716901928     
    12929368          17   1.2533494635347053     
    12929368          18   1.1395383860421742     
    12929368          19  0.62832134222176206     
    12929368          20   1.0019147981960204     
    12929368          21   1.0812328564634297     
    12929368          22   1.0697098536901672     
    12929368          23   1.0963312728851369     
    12929368          24   1.0530300711131193     
    12929368          25   1.0610177187244705     
    12929369           1  0.86320950762655846     
    12929369           2   1.0680134223885145     
    12929369           3  0.62622063497854730     
    12929369           4  0.78943362857096910     
    12929369           5   1.1033662661404959     
    12929369           6   1.1260994040827030     
    12929369           7   1.0671515285194624     
    12929369           8   1.1491299773332051     
    12929369           9   1.0726544295119469     
    12929369          10   1.0391276847144790     
    12929369          11  0.83477630802467828     
    12929369          12  0.96766614459525313     
    12929369          13   1.1085503794209308     
    12929369          14   1.1505495127664700     
    12929369          15   1.2216168890997137     
    12929369          16  0.98999211134679321     
    12929369          17   1.2658818736324879     
    12929369          18   1.0981772021235712     
    12929369          19  0.96115113873978775     
    12929369          20  0.92865058198989692     
    12929369          21   1.1283483049463250     
    12929369          22   1.0277412274980300     
    12929369          23   1.0240897067714556     
    12929369          24  0.30065657679381824     
    12929369          25   1.0877455583839044     
    12929370           1   1.0708344125699587     
    12929370           2  0.89571472232380789     
    12929370           3   1.0510681319712116     
    12929370           4   1.0788070412983579     
    12929370           5   1.1395263301356922     
    12929370           6   1.0560893038739143     
    12929370           7   1.1220387530053144     
    12929370           8  0.99658743724692789     
    12929370           9  0.64366091062023623     
    12929370          10  0.90556454396427322     
    12929370          11   1.0484132398114860     
    12929370          12   1.1178422330892748     
    12929370          13   1.1525940117872873     
    12929370          14  0.29896248186352886     
    12929370          15   1.1169125315698325     
    12929370          16  0.81084715747376035     
    12929370          17   1.1105450249227324     
    12929370          18   1.0576406700584642     
    12929370          19   1.1153293083442954     
    12929370          20   1.1226305041304248     
    12929370          21  0.69644991531516498     
    12929370          22   1.1257815865607077     
    12929370          23  0.99511753640100442     
    12929370          24   1.0858389176942493     
    12929370          25   1.1852032939681008     
    12929372           1   1.0424341149517944     
    12929372           2   1.0018174117116734     
    12929372           3  0.92765291372276704     
    12929372           4  0.79602689289541995     
    12929372           5  0.47323395497900561     
    12929372           6   1.0375957072997410     
    12929372           7  0.87565163874700513     
    12929372           8   1.1012550922042537     
    12929372           9   1.0957333500885127     
    12929372          10   1.0096651381160471     
    12929372          11   1.0124379583093326     
    12929372          12   1.0940683865007883     
    12929372          13   1.1362915468218693     
    12929372          14   1.1253947782165552     
    12929372          15   1.0020445644434943     
    12929372          16   1.0361921573736737     
    12929372          17   1.1037035441247640     
    12929372          18   1.0768308046708339     
    12929372          19  0.97093016298415846     
    12929372          20  0.95554667351123257     
    12929372          21  0.96101499218043307     
    12929372          22   1.0790171308005045     
    12929372          23  0.96796036964093757     
    12929372          24  0.91651007842802767     
    12929372          25   1.2009906372771801     
    12929373           1   1.0743691584554769     
    12929373           2   1.0468221220030132     
    12929373           3   1.0333509549345028     
    12929373           4   1.0266305667226743     
    12929373           5   1.0912923662907459     
    12929373           6   1.0825253478252683     
    12929373           7   1.0006582739731456     
    12929373           8   1.0419182306900079     
    12929373           9   1.1726790354021865     
    12929373          10  0.71029455120976925     
    12929373          11  0.31268023590585986     
    12929373          12   1.1293620720708084     
    12929373          13  0.70345331657058419     
    12929373          14   1.0209734603042708     
    12929373          15  0.90622991862784830     
    12929373          16   1.1662437985987857     
    12929373          17   1.2827699308880718     
    12929373          18   1.0517470634543249     
    12929373          19   1.0691404415204626     
    12929373          20  0.89839168858377538     
    12929373          21  0.93931487592095597     
    12929373          22  0.84088546625511984     
    12929373          23   1.0537049464489470     
    12929373          24   1.2160622397734977     
    12929373          25   1.1284999375698967     
    12929375           1  0.94645276979755566     
    12929375           2  0.73311735440111914     
    12929375           3   1.0827335962799405     
    12929375           4   1.0152091137162322     
    12929375           5   1.2106897546434325     
    12929375           6  0.93222310902570060     
    12929375           7  0.93368288024885748     
    12929375           8   1.0101594752964012     
    12929375           9  0.99099431382737935     
    12929375          10  0.98724640332021862     
    12929375          11   1.1426644644574582     
    12929375          12   1.0002080216990215     
    12929375          13   1.1008377914251906     
    12929375          14   1.2997679121747761     
    12929375          15   1.2133681361650095     
    12929375          16   1.0622180297974948     
    12929375          17  0.59481652967596199     
    12929375          18   1.0598760457268561     
    12929375          19  0.23769890248111322     
    12929375          20   1.1072663831184453     
    12929375          21   1.0274006877940760     
    12929375          22   1.0276194822218194     
    12929375          23   1.0168034100477203     
    12929375          24   1.1318857784957352     
    12929375          25   1.1350596541624869     
    12929377           1   1.0615606479588486     
    12929377           2  0.93537368416146505     
    12929377           3  0.97781263357570547     
    12929377           4  0.95334096844113148     
    12929377           5   1.0889919838594613     
    12929377           6  0.98564884755187665     
    12929377           7  0.96404812037401655     
    12929377           8   1.1707358737043549     
    12929377           9   1.0389594061332912     
    12929377          10  0.93990266551983648     
    12929377          11   1.0237459728932830     
    12929377          12  0.96120766877284047     
    12929377          13   1.1225861481529766     
    12929377          14  0.58012365444533120     
    12929377          15   1.1498419700435516     
    12929377          16  0.97820673603177388     
    12929377          17   1.1029449886471168     
    12929377          18  0.83692223908782803     
    12929377          19  0.94151081835094363     
    12929377          20   1.0149363275914078     
    12929377          21  0.98311579117253622     
    12929377          22   1.0864634863989053     
    12929377          23   1.0116041315297548     
    12929377          24  0.97121338208794761     
    12929377          25   1.1192018535138140     
    12929383           1  0.75998498671215364     
    12929383           2   1.0063411270712470     
    12929383           3  0.88247029527454335     
    12929383           4  0.98375670441625218     
    12929383           5   1.0703385033448005     
    12929383           6   1.0554968450269557     
    12929383           7  0.94537758224473800     
    12929383           8  0.96059975446454704     
    12929383           9   1.0591759708464885     
    12929383          10   1.0195355494033584     
    12929383          11   1.1207429241306559     
    12929383          12  0.82420963519945534     
    12929383          13   1.1238680061406547     
    12929383          14   1.1120483299173947     
    12929383          15   1.1019389920040983     
    12929383          16   1.0765554596063174     
    12929383          17   1.1100790491433243     
    12929383          18   1.0594321678982868     
    12929383          19  0.95471399726972017     
    12929383          20   1.0609588162129275     
    12929383          21   1.0268289476583314     
    12929383          22  0.89277412768774300     
    12929383          23   1.1442689247961741     
    12929383          24   1.2844107113892975     
    12929383          25  0.36409259214053452     
    12929384           1  0.61258243005976820     
    12929384           2   1.1352548213196141     
    12929384           3   1.1632984241971016     
    12929384           4  0.96000962328369377     
    12929384           5   1.1554623211946886     
    12929384           6   1.1915733830300197     
    12929384           7  0.91089154503832526     
    12929384           8   1.0728635884602593     
    12929384           9  0.55896530303143221     
    12929384          10  0.95839466274022389     
    12929384          11   1.2328358629273513     
    12929384          12  0.87794627749485710     
    12929384          13   1.0827539159544037     
    12929384          14   1.3215615525343742     
    12929384          15   1.2211344166573028     
    12929384          16   1.1279744743591675     
    12929384          17  0.88358843947908572     
    12929384          18   1.1174722624330995     
    12929384          19  0.34090086428068972     
    12929384          20   1.0262160537931000     
    12929384          21   1.0136908620719081     
    12929384          22  0.80351808888491971     
    12929384          23   1.0221422744785296     
    12929384          24  0.98048714340033338     
    12929384          25   1.2284814088957539     
    12929385           1  0.95912786758916924     
    12929385           2   1.0195768943353198     
    12929385           3  0.77522298933532763     
    12929385           4   1.0322342090816994     
    12929385           5   1.0835135115774741     
    12929385           6   1.1060708828981800     
    12929385           7  0.94381348356896844     
    12929385           8   1.0162578652324741     
    12929385           9   1.1907657072368363     
    12929385          10  0.91928697635787782     
    12929385          11  0.32047364220287550     
    12929385          12   1.2111514739142029     
    12929385          13   1.1933456196436951     
    12929385          14   1.1277045611268750     
    12929385          15  0.93258056865859884     
    12929385          16  0.87037307269430797     
    12929385          17   1.1994542398583663     
    12929385          18  0.50653521872617102     
    12929385          19   1.1554089603282465     
    12929385          20   1.2148081170232126     
    12929385          21   1.1461062064010326     
    12929385          22  0.78497131278862653     
    12929385          23   1.1026072492098911     
    12929385          24   1.0595321251077785     
    12929385          25   1.1290772451027933     
    12929387           1   1.1464239344707645     
    12929387           2  0.59108491261307250     
    12929387           3   1.1085577312932775     
    12929387           4  0.46964313914863398     
    12929387           5   1.2256817061514353     
    12929387           6   1.2208693939564463     
    12929387           7   1.0909589254525218     
    12929387           8   1.0222435713205289     
    12929387           9  0.71972256756555564     
    12929387          10  0.83838895297198712     
    12929387          11   1.0775136305370243     
    12929387          12  0.97890203718567559     
    12929387          13   1.1277944000666233     
    12929387          14  0.77442250814723679     
    12929387          15   1.1257553998175287     
    12929387          16  0.82897816919117728     
    12929387          17   1.0911005418007489     
    12929387          18   1.0366410781167275     
    12929387          19   1.0155087028995997     
    12929387          20   1.0316404081242563     
    12929387          21   1.0490219884251240     
    12929387          22   1.1376530226987482     
    12929387          23   1.1056562435791293     
    12929387          24   1.0607129282109429     
    12929387          25   1.1251241062552291     
    12929388           1   1.2596233028543020     
    12929388           2   1.0041946198141889     
    12929388           3   1.1379908032831485     
    12929388           4  0.95391491113502402     
    12929388           5  0.96384829212221956     
    12929388           6  0.99174114684237302     
    12929388           7   1.1152212619896087     
    12929388           8   1.0693686692078366     
    12929388           9   1.1440486108085655     
    12929388          10  0.92429510224690448     
    12929388          11   1.1325887429335293     
    12929388          12   1.0728027155484730     
    12929388          13  0.71846847946286752     
    12929388          14   1.2029450734368430     
    12929388          15  0.60582452583085333     
    12929388          16  0.51779195602444494     
    12929388          17   1.1718765796218709     
    12929388          18   1.1002277180063522     
    12929388          19  0.97283706414842708     
    12929388          20  0.96752083792433341     
    12929388          21   1.0707772532914273     
    12929388          22   1.0986776069653461     
    12929388          23  0.54420946731350150     
    12929388          24   1.0905555159316567     
    12929388          25   1.1686497432559049     
    12929397           1   1.1131875725436855     
    12929397           2   1.1376265112988306     
    12929397           3   1.0500527407555211     
    12929397           4   1.0620409162308126     
    12929397           5   1.0997745041263434     
    12929397           6   1.1166100699700050     
    12929397           7  0.98510610613147553     
    12929397           8   1.0534936356031510     
    12929397           9  0.98849551921929713     
    12929397          10  0.58572696901846977     
    12929397          11  0.82340166621708510     
    12929397          12   1.1448341294168107     
    12929397          13   1.1242142205801635     
    12929397          14   1.1336496385921979     
    12929397          15  0.67266230187151876     
    12929397          16   1.0092537320280381     
    12929397          17   1.1597687040221085     
    12929397          18  0.64768867281197895     
    12929397          19  0.96404074421632813     
    12929397          20  0.84832391912676675     
    12929397          21   1.0981465659347138     
    12929397          22   1.0419262657510171     
    12929397          23   1.1009643481158928     
    12929397          24   1.0788467810592912     
    12929397          25  0.96016376535849923     
    12929398           1   1.0640800339167453     
    12929398           2   1.0533479099305203     
    12929398           3   1.0414031097111931     
    12929398           4   1.0297426053411238     
    12929398           5   1.0625972097771046     
    12929398           6   1.2067403748315462     
    12929398           7   1.0154248291353858     
    12929398           8   1.0253772253181523     
    12929398           9  0.62932195032377458     
    12929398          10  0.74380676377616006     
    12929398          11  0.79736246865103733     
    12929398          12   1.2548422689597658     
    12929398          13   1.1178842741965160     
    12929398          14  0.38511421341534435     
    12929398          15  0.96379342519019695     
    12929398          16   1.0452937992401234     
    12929398          17   1.0988475222437255     
    12929398          18   1.2507534978682187     
    12929398          19  0.98817005660406720     
    12929398          20   1.0127331924071645     
    12929398          21   1.0036362426346284     
    12929398          22  0.95591576494144692     
    12929398          23   1.0387913827469162     
    12929398          24   1.0206981301839444     
    12929398          25   1.1943217486551962     
    12929399           1   1.1099836450221803     
    12929399           2   1.0698440275588228     
    12929399           3  0.84954499278628681     
    12929399           4  0.99270150199654461     
    12929399           5   1.1988327732996822     
    12929399           6  0.94851207114598568     
    12929399           7  0.95491062954063854     
    12929399           8  0.61965159303496120     
    12929399           9   1.1165392685909690     
    12929399          10   1.0307478160431061     
    12929399          11   1.1241433214646079     
    12929399          12   1.0895818440520197     
    12929399          13   1.0763237232593494     
    12929399          14   1.1015870375248786     
    12929399          15   1.1117559027921198     
    12929399          16   1.0163892809554156     
    12929399          17   1.1489628937349716     
    12929399          18  0.72065086079336915     
    12929399          19  0.94579041688030130     
    12929399          20   1.0625559979186330     
    12929399          21  0.99341078492819213     
    12929399          22   1.1681007400335748     
    12929399          23   1.0886766149731695     
    12929399          24   1.1177868110973845     
    12929399          25  0.34301545057284499     
    12929401           1  0.97614264011362661     
    12929401           2   1.0376640227720246     
    12929401           3  0.83663667648514228     
    12929401           4  0.94010765893856452     
    12929401           5   1.0571507024944584     
    12929401           6   1.1256924006377726     
    12929401           7  0.99490824938283151     
    12929401           8   1.0591220759954270     
    12929401           9   1.1673316980191613     
    12929401          10  0.94457435542756640     
    12929401          11  0.34717179722183489     
    12929401          12   1.1857910950764168     
    12929401          13   1.2176880099820866     
    12929401          14   1.1696970127771105     
    12929401          15  0.94197250433712743     
    12929401          16  0.88581334957890157     
    12929401          17   1.1195613998694764     
    12929401          18  0.36689414198899944     
    12929401          19   1.1759057275446128     
    12929401          20   1.2212675888196125     
    12929401          21   1.0657473477225079     
    12929401          22  0.79007150221258138     
    12929401          23   1.1501819785842904     
    12929401          24   1.0729358713778132     
    12929401          25   1.1499701926400556     
    12929402           1   1.0727613501546951     
    12929402           2   1.0766672234996522     
    12929402           3  0.37616601873729871     
    12929402           4   1.0149147474241946     
    12929402           5   1.1731771368681936     
    12929402           6   1.0895371728417005     
    12929402           7  0.98434107962075679     
    12929402           8   1.0104077234453375     
    12929402           9  0.80865508439120681     
    12929402          10   1.0758233166657634     
    12929402          11   1.0840722154059574     
    12929402          12  0.86365547796874120     
    12929402          13  0.76620802767352914     
    12929402          14   1.1013588775740772     
    12929402          15   1.0916837611171224     
    12929402          16   1.0513401190582312     
    12929402          17   1.2516281653132728     
    12929402          18   1.1379733912388761     
    12929402          19  0.62745843172447413     
    12929402          20   1.0005388099259189     
    12929402          21   1.0797479360586002     
    12929402          22   1.0682407584998976     
    12929402          23   1.0948256169407877     
    12929402          24   1.0515838832451243     
    12929402          25   1.0472336746065873     
    12929403           1  0.61223273178190918     
    12929403           2   1.1346067507311253     
    12929403           3   1.1626343446616532     
    12929403           4  0.95946159301786060     
    12929403           5   1.1548027149702440     
    12929403           6   1.1933867479268676     
    12929403           7  0.91037155427628980     
    12929403           8   1.0722511344771675     
    12929403           9  0.55864621258048019     
    12929403          10  0.98884144975603860     
    12929403          11   1.2252982806856898     
    12929403          12  0.87744509383984626     
    12929403          13   1.0821358159874856     
    12929403          14   1.3084249312974030     
    12929403          15   1.2204373209170645     
    12929403          16   1.1273305598232677     
    12929403          17  0.88308403494434928     
    12929403          18   1.1168343431808447     
    12929403          19  0.34070625790722908     
    12929403          20   1.0256302289814292     
    12929403          21   1.0131121873803841     
    12929403          22  0.80305939324148745     
    12929403          23   1.0215587752210058     
    12929403          24  0.97992742335502203     
    12929403          25   1.2277801190578610     
    12929404           1   1.0734429159740586     
    12929404           2  0.91328568409483368     
    12929404           3  0.90150164541271793     
    12929404           4  0.91692635509719589     
    12929404           5   1.1208028319051289     
    12929404           6   1.1271381268446943     
    12929404           7   1.0968920390123880     
    12929404           8   1.0321258569434155     
    12929404           9   1.0370155654435571     
    12929404          10   1.0678510006863837     
    12929404          11   1.1716342292094155     
    12929404          12  0.88689050239626022     
    12929404          13   1.2279368214205899     
    12929404          14   1.2556576354399365     
    12929404          15   4.1397034404756554E-002
    12929404          16  0.54284774193635132     
    12929404          17   1.1499265065530655     
    12929404          18   1.1769039998923707     
    12929404          19  0.98094653430481527     
    12929404          20   1.0272629207691295     
    12929404          21   1.1605366222981570     
    12929404          22   1.2032958834566612     
    12929404          23  0.77431779570952508     
    12929404          24   1.0064401072451177     
    12929404          25   1.1070236435494765     
    12929406           1   1.0557881492397720     
    12929406           2   1.0263862973244522     
    12929406           3  0.95987185295051891     
    12929406           4  0.92616004620356174     
    12929406           5   1.0286051853260787     
    12929406           6  0.72162258937490986     
    12929406           7   1.0329767990773999     
    12929406           8   1.0864397538754902     
    12929406           9   1.0666355815339494     
    12929406          10   1.0594011426837651     
    12929406          11  0.71801299803903929     
    12929406          12   1.0423144079577404     
    12929406          13   1.1537030176415495     
    12929406          14   1.0925896487126450     
    12929406          15   1.1829309069818459     
    12929406          16   1.0083461675280725     
    12929406          17   1.0590107135147842     
    12929406          18   1.0766215134950101     
    12929406          19  0.95818666276024078     
    12929406          20   1.0641961879330004     
    12929406          21  0.98984002924323233     
    12929406          22  0.95522710322140214     
    12929406          23  0.72269321481277127     
    12929406          24  0.92982259525927857     
    12929406          25   1.0826174353094955     
    12929407           1   1.0633423544623211     
    12929407           2   1.0976975546502876     
    12929407           3  0.71159482196478485     
    12929407           4   1.1008344992650987     
    12929407           5   1.0677206791354494     
    12929407           6   1.2462504438489990     
    12929407           7   1.1120937015961017     
    12929407           8   1.0440111048651395     
    12929407           9   1.0394215496663604     
    12929407          10  0.92596886124223432     
    12929407          11   1.1287596959236694     
    12929407          12   1.0673169619721885     
    12929407          13   1.1611212304036924     
    12929407          14  0.94868683806880505     
    12929407          15   1.1223798099011679     
    12929407          16   1.0356642073653610     
    12929407          17   1.1176803885089710     
    12929407          18  0.75326642401135724     
    12929407          19  0.97525718106609394     
    12929407          20   1.0746746103541136     
    12929407          21   1.0489238743688525     
    12929407          22   1.0012030681083590     
    12929407          23  0.85275821098115479     
    12929407          24  0.21792349601077277     
    12929407          25   1.0854484322586644     
    12929409           1   1.0655769156927182     
    12929409           2   1.0548296944202924     
    12929409           3   1.0428680909970744     
    12929409           4   1.0311911833528773     
    12929409           5   1.0640920056080723     
    12929409           6   1.2084379423244413     
    12929409           7   1.0168532657878508     
    12929409           8   1.0268196623841186     
    12929409           9  0.63020724140022844     
    12929409          10  0.74485310498551771     
    12929409          11  0.79848414870340612     
    12929409          12   1.2566075032130692     
    12929409          13   1.1194568444396882     
    12929409          14  0.38565596819821307     
    12929409          15  0.96514922998681474     
    12929409          16   1.0326262620972606     
    12929409          17   1.1003933127652945     
    12929409          18   1.2314825229064941     
    12929409          19  0.98956015293342681     
    12929409          20   1.0141578426320701     
    12929409          21   1.0050480958349706     
    12929409          22  0.95726048793435836     
    12929409          23   1.0402526900173363     
    12929409          24   1.0221339849891680     
    12929409          25   1.1960018463952404     
    12929410           1  0.61406306371660635     
    12929410           2   1.1379987728517689     
    12929410           3   1.1661101581210485     
    12929410           4  0.96233000090043952     
    12929410           5   1.1582551149772369     
    12929410           6   1.1944534585413833     
    12929410           7  0.91309320250209125     
    12929410           8   1.0754567381497067     
    12929410           9  0.56031634217336823     
    12929410          10  0.96071113693953902     
    12929410          11   1.2289614343464572     
    12929410          12  0.88006830506791001     
    12929410          13   1.0853709709193640     
    12929410          14   1.3123366005231520     
    12929410          15   1.2240859422448875     
    12929410          16   1.1307008290321665     
    12929410          17  0.88572410435957882     
    12929410          18   1.1201732328840150     
    12929410          19  0.34172483386997410     
    12929410          20   1.0286964547218134     
    12929410          21  0.97498854501564369     
    12929410          22  0.80546022086243207     
    12929410          23   1.0246128289368452     
    12929410          24  0.98285701591605990     
    12929410          25   1.2314506924265165     
    12929411           1   1.0601180056448278     
    12929411           2  0.73489284283830458     
    12929411           3   1.0382105211615866     
    12929411           4   1.0219927189182469     
    12929411           5   1.0834890398974595     
    12929411           6   1.1506943223857724     
    12929411           7  0.79933798589688909     
    12929411           8  0.96591883930476008     
    12929411           9   1.0146602333805244     
    12929411          10   1.0186473242597196     
    12929411          11  0.95679419800050092     
    12929411          12   1.0081277366515486     
    12929411          13  0.88433669890618416     
    12929411          14  0.47218289630884769     
    12929411          15   1.2238653375689055     
    12929411          16  0.96148275672924488     
    12929411          17   1.0703044461836015     
    12929411          18   1.1697553839042394     
    12929411          19   1.0081106019792552     
    12929411          20   1.1335691493383819     
    12929411          21  0.97805812163335226     
    12929411          22   1.1234538397584422     
    12929411          23   1.0596615392694839     
    12929411          24   1.0243669419295793     
    12929411          25   1.0379685181503435     
    12929412           1  0.59038548016112136     
    12929412           2   1.0913124861436789     
    12929412           3   1.0313317076822761     
    12929412           4  0.93791731104409382     
    12929412           5  0.63327553634654210     
    12929412           6   1.0300188392483407     
    12929412           7  0.95740987364123376     
    12929412           8   1.0720587917565945     
    12929412           9   1.1492386612692136     
    12929412          10   1.0322412236028238     
    12929412          11   1.1447874613191391     
    12929412          12  0.20828733870113025     
    12929412          13   1.1634888650394926     
    12929412          14   1.1743102743765159     
    12929412          15   1.1225239164055982     
    12929412          16   1.0562094283870167     
    12929412          17   1.0861244613017622     
    12929412          18   1.0459283648952846     
    12929412          19  0.79559772029525777     
    12929412          20   1.1568387303282333     
    12929412          21   1.1502804275860756     
    12929412          22   1.1350609397482485     
    12929412          23   1.0794915358907131     
    12929412          24   1.1179855990670284     
    12929412          25   1.0378950257625825     
    12929413           1   1.1433207449364629     
    12929413           2  0.62399160593573777     
    12929413           3   1.1055570396237453     
    12929413           4  0.46837188893268711     
    12929413           5   1.2223639782773483     
    12929413           6   1.2175646922556538     
    12929413           7   1.0880058709863483     
    12929413           8   1.0194765185256189     
    12929413           9  0.73535019072467822     
    12929413          10  0.83611956575290580     
    12929413          11   1.0745969703724811     
    12929413          12  0.97625230311648636     
    12929413          13   1.1247416377560158     
    12929413          14  0.77232626804778393     
    12929413          15   1.1227081567603518     
    12929413          16  0.82673425548574131     
    12929413          17   1.0881471040013626     
    12929413          18   1.0338350535321794     
    12929413          19   1.0127598803357327     
    12929413          20   1.0444365266341080     
    12929413          21   1.0461824506609056     
    12929413          22   1.1345735746450618     
    12929413          23   1.1026634057811344     
    12929413          24   1.0578417449088930     
    12929413          25   1.1220785720105750     
    12929414           1   1.1373272722608530     
    12929414           2   1.2243192435845209     
    12929414           3  0.81331300435649345     
    12929414           4  0.86464680401739358     
    12929414           5   1.0334529266498218     
    12929414           6   1.2246594925526035     
    12929414           7  0.97768881653465911     
    12929414           8   1.0200128148368406     
    12929414           9   1.0981073373328554     
    12929414          10  0.96447861457961948     
    12929414          11  0.43876087529073710     
    12929414          12   1.1544791174360050     
    12929414          13   1.1805178945669055     
    12929414          14  0.94737482791235306     
    12929414          15   1.3135341981661184     
    12929414          16  0.99256434948410077     
    12929414          17   1.2181333516729176     
    12929414          18   1.0634144499736520     
    12929414          19  0.63983996570351442     
    12929414          20   1.0413947935811572     
    12929414          21  0.81063555943217924     
    12929414          22  0.59626925265258302     
    12929414          23   1.1079124092390675     
    12929414          24   1.0517965995294298     
    12929414          25   1.0853660286536211     
    12929415           1   1.0775174041188234     
    12929415           2  0.99055701934609486     
    12929415           3   1.0595688933454130     
    12929415           4  0.92088629640869379     
    12929415           5   1.0574500331897407     
    12929415           6   1.0013797360094516     
    12929415           7  0.78553350252784127     
    12929415           8   1.0471277596249688     
    12929415           9   1.0049812977626345     
    12929415          10  0.77186410199817523     
    12929415          11   1.1104340789415419     
    12929415          12  0.57881735834183545     
    12929415          13   1.1246343279802884     
    12929415          14   1.0199549191358577     
    12929415          15   1.0886700048876323     
    12929415          16   1.0498873817378949     
    12929415          17   1.0862326447552333     
    12929415          18  0.96298487392684884     
    12929415          19  0.65443263791885853     
    12929415          20   1.0672158326075440     
    12929415          21   1.1762764236415191     
    12929415          22   1.1396253089558177     
    12929415          23   1.0103659777807685     
    12929415          24   1.0552580704803596     
    12929415          25   1.1583441145761575     
    12929416           1   1.0713378529123772     
    12929416           2  0.96195280591149346     
    12929416           3  0.86107905891027081     
    12929416           4  0.96773438234943132     
    12929416           5   1.0704426219036935     
    12929416           6   1.0468976484848671     
    12929416           7  0.94176339725658276     
    12929416           8  0.97195751648059991     
    12929416           9   1.0255657648695917     
    12929416          10  0.99441157732960772     
    12929416          11   1.0185156616781421     
    12929416          12   1.1803455331708956     
    12929416          13   1.0941845670776933     
    12929416          14   1.1102235147016213     
    12929416          15   1.0512419169264149     
    12929416          16   1.0313858174909434     
    12929416          17   1.0546787632174859     
    12929416          18   1.0833351983735484     
    12929416          19  0.96329688501365518     
    12929416          20   1.0204932930265649     
    12929416          21   1.0437720628324676     
    12929416          22  0.99797653075121373     
    12929416          23  0.60569146204468949     
    12929416          24   1.0836462836761447     
    12929416          25  0.74806988361000260     
    12929417           1   1.0467960169893586     
    12929417           2   1.0199559613051878     
    12929417           3  0.88447295369371093     
    12929417           4  0.86949484739092220     
    12929417           5  0.81592920481874320     
    12929417           6   1.2002592798378866     
    12929417           7  0.93524906242604555     
    12929417           8   1.0170140425762353     
    12929417           9   1.1907251713012375     
    12929417          10   1.0271385264077673     
    12929417          11   1.1091616839410077     
    12929417          12   1.0885393211248777     
    12929417          13   1.3271473115434511     
    12929417          14   1.0911050546339800     
    12929417          15   1.1131375660857541     
    12929417          16  0.26451293123311226     
    12929417          17   1.1221906209096189     
    12929417          18   1.0675088611848587     
    12929417          19   1.0111822156866790     
    12929417          20   1.0540123868801141     
    12929417          21  0.91642933735079968     
    12929417          22   1.0328218004239509     
    12929417          23   1.0412109771351892     
    12929417          24  0.63211747308120025     
    12929417          25   1.1218873920383099     
    12929418           1   1.0626475026316380     
    12929418           2  0.93878131693394407     
    12929418           3   1.0503490985544544     
    12929418           4  0.97082838798020099     
    12929418           5   1.0780572553355934     
    12929418           6  0.57246869107771703     
    12929418           7  0.97380809222263320     
    12929418           8   1.0020052919791433     
    12929418           9   1.0054597718114839     
    12929418          10  0.95180443128581027     
    12929418          11   1.0918520044554827     
    12929418          12  0.91697132858026553     
    12929418          13   1.0342679954410570     
    12929418          14   1.1436295693922243     
    12929418          15   1.0917628887360213     
    12929418          16   1.0315291930810280     
    12929418          17   1.1510072183952043     
    12929418          18   1.1052804883810154     
    12929418          19  0.69626433449121494     
    12929418          20  0.96202417312433708     
    12929418          21   1.0067203960791427     
    12929418          22   1.0069347864485234     
    12929418          23   1.0617526015609831     
    12929418          24   1.0205579109259628     
    12929418          25   1.0732352710949202     
    12929420           1   1.0784729745607027     
    12929420           2  0.99143547105839669     
    12929420           3   1.0605085465814028     
    12929420           4  0.92170296231294380     
    12929420           5   1.0583878073654689     
    12929420           6   1.0022677855882054     
    12929420           7  0.78623013405625297     
    12929420           8   1.0480563797401932     
    12929420           9   1.0058725412999663     
    12929420          10  0.77254861114688855     
    12929420          11   1.1114188407462569     
    12929420          12  0.57933066862041094     
    12929420          13   1.1256316829349582     
    12929420          14  0.96953339053327914     
    12929420          15   1.0896354657457630     
    12929420          16   1.0508184491577397     
    12929420          17   1.1163513454106733     
    12929420          18  0.96383887394391021     
    12929420          19  0.65501300579283062     
    12929420          20   1.0681622673480384     
    12929420          21   1.1773195761489539     
    12929420          22   1.1406359583020771     
    12929420          23   1.0112619965923044     
    12929420          24   1.0561939007665815     
    12929420          25   1.1593713642457988     
    12929421           1   1.0692086710865456     
    12929421           2  0.92933626682428483     
    12929421           3  0.93563313720837560     
    12929421           4  0.91330949697319075     
    12929421           5   1.1163817736538866     
    12929421           6   1.1226920787315695     
    12929421           7   1.0925652979819835     
    12929421           8   1.0355773068873786     
    12929421           9   1.0329250099133946     
    12929421          10   1.0636388133655710     
    12929421          11   1.1330460282642725     
    12929421          12  0.88339212207284301     
    12929421          13   1.2564431005031522     
    12929421          14   1.2507046362219911     
    12929421          15   4.1233741901095571E-002
    12929421          16  0.58924616415437769     
    12929421          17   1.1453905686294639     
    12929421          18   1.1722616480071604     
    12929421          19   1.0494230406566887     
    12929421          20   1.0232108349938447     
    12929421          21   1.1559588322856542     
    12929421          22   1.1985494275744970     
    12929421          23  0.79302075175052855     
    12929421          24  0.89419431241863823     
    12929421          25   1.1026569379396098     
