    11958057           1  0.69042343019092611     
    11958057           2  0.84722270180718751     
    11958057           3   1.0747418929601364     
    11958057           4   1.0377976390135817     
    11958057           5  0.97505734908863484     
    11958057           6   1.0094320590773198     
    11958057           7   1.0566329628909719     
    11958057           8  0.76497645656529634     
    11958057           9   1.1435113259186451     
    11958057          10   1.0014515346775170     
    11958057          11   1.0154119718579646     
    11958057          12  0.97193958587337714     
    11958057          13   1.0832916351976560     
    11958057          14   1.0184801870976743     
    11958057          15   1.0767353613739148     
    11958057          16   1.0395256424954327     
    11958057          17  0.98966620001914085     
    11958057          18  0.98647521511831937     
    11958057          19  0.92675014976023917     
    11958057          20  0.98134453943380762     
    11958057          21  0.98606242424166035     
    11958057          22   1.0488152245707456     
    11958057          23   1.1294000343369797     
    11958057          24   1.0965085080777954     
    11958057          25   1.0483459683550731     
    12079531           1  0.70308250498786951     
    12079531           2   1.0679823195043325     
    12079531           3  0.82174097957881265     
    12079531           4   1.1021446931013958     
    12079531           5   1.0556715012139033     
    12079531           6   1.0796427763156349     
    12079531           7   1.0100240172972219     
    12079531           8  0.99599560312951307     
    12079531           9   1.1286797659245529     
    12079531          10  0.92961506807290895     
    12079531          11   1.0448340082678498     
    12079531          12  0.98585292818064119     
    12079531          13  0.99790577375418665     
    12079531          14   1.1440287003034852     
    12079531          15  0.60220308868127514     
    12079531          16   1.0778668416156414     
    12079531          17  0.78401512119293004     
    12079531          18  0.98832934219207702     
    12079531          19   1.0160496729217450     
    12079531          20   1.0881263433692385     
    12079531          21   1.1573823023526137     
    12079531          22   1.0863442835006984     
    12079531          23   1.1048515202291427     
    12079531          24   1.1122793104196833     
    12079531          25  0.91535153389265111     
    12096077           1  0.97841418490107979     
    12096077           2  0.99246311851149283     
    12096077           3  0.92014411864932655     
    12096077           4   1.0415264307663592     
    12096077           5  0.92614741391365907     
    12096077           6  0.94514457088199078     
    12096077           7  0.99812809903939215     
    12096077           8  0.97867905625136931     
    12096077           9  0.84977257630966185     
    12096077          10   1.0920291500103256     
    12096077          11  0.63451185503039398     
    12096077          12   1.1833440785651019     
    12096077          13  0.88895281273753113     
    12096077          14  0.97521717933082241     
    12096077          15   1.1387599032312312     
    12096077          16   1.0466806851779176     
    12096077          17   1.0581982870380942     
    12096077          18   1.0135101259881971     
    12096077          19   1.1254593886064879     
    12096077          20   1.0082802763000995     
    12096077          21   1.0864365211060807     
    12096077          22  0.94461930389939963     
    12096077          23   1.1077988606224367     
    12096077          24   1.0111079861513270     
    12096077          25   1.0546740169802220     
    12120440           1  0.92577992564460443     
    12120440           2  0.91378196995457672     
    12120440           3  0.99063115773851884     
    12120440           4  0.91921555418215706     
    12120440           5   1.1805739610019859     
    12120440           6   1.0004573653291027     
    12120440           7   1.1099855946631532     
    12120440           8  0.96842574085714772     
    12120440           9   1.0479554171227496     
    12120440          10   1.1242655728331397     
    12120440          11   1.0833723576973446     
    12120440          12  0.99759628967193459     
    12120440          13  0.97838626902868464     
    12120440          14  0.92430451041800543     
    12120440          15  0.90989804503887650     
    12120440          16   1.0254224216683843     
    12120440          17  0.74254300889541325     
    12120440          18   1.0690059894015194     
    12120440          19  0.99464532032785757     
    12120440          20   1.0212159228202502     
    12120440          21  0.93837299498341109     
    12120440          22   1.0161010063271261     
    12120440          23   1.0801636311640281     
    12120440          24   1.0181853313729323     
    12120440          25   1.0197146418570933     
    12211350           1  0.91831081227191047     
    12211350           2   1.0409969505715624     
    12211350           3  0.97010632595338231     
    12211350           4  0.67562406748098369     
    12211350           5   1.0825130357040911     
    12211350           6  0.91804661149668743     
    12211350           7  0.95577332890726674     
    12211350           8  0.99599643519121595     
    12211350           9   1.0788984271714135     
    12211350          10   1.0376190824266256     
    12211350          11  0.99696475458573308     
    12211350          12  0.96429489084956121     
    12211350          13   1.0324924254182830     
    12211350          14  0.94969017631615038     
    12211350          15  0.98245360417648342     
    12211350          16  0.87842044151657417     
    12211350          17   1.1322577663326354     
    12211350          18  0.90921093194038194     
    12211350          19   1.0020989011857613     
    12211350          20   1.0513576061643293     
    12211350          21   1.1065487030117209     
    12211350          22   1.0952814705460201     
    12211350          23   1.1542983523992298     
    12211350          24   1.0452234802822520     
    12211350          25   1.0255214180997498     
    12235130           1  0.95823569237609207     
    12235130           2  0.99769385404164290     
    12235130           3  0.96836891993320751     
    12235130           4   1.0291297126533991     
    12235130           5   1.0311152271329340     
    12235130           6  0.98736751130549649     
    12235130           7  0.98160213505648097     
    12235130           8  0.99769591578449168     
    12235130           9   1.1236813336231339     
    12235130          10  0.99833513335965762     
    12235130          11   1.0461915167336326     
    12235130          12  0.65866254533740420     
    12235130          13   1.0318666240076868     
    12235130          14   1.0959941730825373     
    12235130          15  0.98461966721346283     
    12235130          16  0.93668748551735492     
    12235130          17   1.0377022267048881     
    12235130          18   1.0069805546704393     
    12235130          19  0.92070811699699706     
    12235130          20  0.98562619113743211     
    12235130          21   1.0189720785824405     
    12235130          22   1.0791531589850247     
    12235130          23   1.0603663731939523     
    12235130          24   1.0877552361987530     
    12235130          25  0.97548861637146222     
    12250272           1  0.95335689880820695     
    12250272           2   1.0885793954835650     
    12250272           3   1.0298818285942404     
    12250272           4  0.94437588969374930     
    12250272           5   1.0484891273279935     
    12250272           6   1.0525213811336738     
    12250272           7  0.87037195758123809     
    12250272           8  0.96563945556064379     
    12250272           9   1.0270637349138101     
    12250272          10   1.1653689692678939     
    12250272          11   1.0852020808274800     
    12250272          12  0.91537059658408759     
    12250272          13   1.0397194107713352     
    12250272          14   1.0580769046791749     
    12250272          15   1.0412783095968723     
    12250272          16   1.1114503733107297     
    12250272          17  0.96530798351289304     
    12250272          18  0.97429017671044726     
    12250272          19   1.0487587895842976     
    12250272          20   1.0554635336057767     
    12250272          21   1.1050267216859850     
    12250272          22  0.47602949738345390     
    12250272          23   1.0174837171538542     
    12250272          24  0.97363937232498399     
    12250272          25  0.98725389390361451     
    12303220           1  0.99054699939985302     
    12303220           2   1.1121931639527147     
    12303220           3   1.0383203968654438     
    12303220           4  0.81053590668074293     
    12303220           5   1.0171184772245132     
    12303220           6   1.0059118661022313     
    12303220           7  0.98679217365565541     
    12303220           8   1.0179505502535713     
    12303220           9  0.93301996885485561     
    12303220          10  0.93172626038449546     
    12303220          11  0.97795062619279394     
    12303220          12  0.98652842328082735     
    12303220          13   1.0117618372338715     
    12303220          14  0.97670440535943193     
    12303220          15   1.0678986196799558     
    12303220          16   1.0118166384640108     
    12303220          17   1.0401319598936685     
    12303220          18  0.89534234110838729     
    12303220          19  0.93103644397310370     
    12303220          20   1.0548091146811909     
    12303220          21   1.1337501696676160     
    12303220          22   1.0849594832326066     
    12303220          23   1.0400067406132325     
    12303220          24  0.92757294324582762     
    12303220          25   1.0156144899993969     
    12327289           1  0.92491330457523002     
    12327289           2   1.0101925218055035     
    12327289           3   1.0474483527377314     
    12327289           4   1.0368182385657720     
    12327289           5  0.95062957699538420     
    12327289           6  0.96434107797760948     
    12327289           7   1.1588083692408204     
    12327289           8   1.0052694526114077     
    12327289           9   1.0271948199492060     
    12327289          10  0.96711153600307365     
    12327289          11   1.0351916256124389     
    12327289          12  0.94850724373621365     
    12327289          13   1.0680318048176756     
    12327289          14   1.1254712110381855     
    12327289          15  0.96751062556255074     
    12327289          16   1.0371207591151181     
    12327289          17  0.98465126313264217     
    12327289          18  0.94979628135133976     
    12327289          19  0.88525289036071120     
    12327289          20   1.0108017975178247     
    12327289          21   1.0577899870772380     
    12327289          22   1.1211920350803579     
    12327289          23  0.68896225549887224     
    12327289          24   1.0234597028865640     
    12327289          25   1.0035332667505339     
    12331501           1  0.80898347010620519     
    12331501           2   1.0186532707401619     
    12331501           3  0.79108179695870229     
    12331501           4   1.1050506360080852     
    12331501           5   1.0132804943423266     
    12331501           6   1.0497507010234077     
    12331501           7  0.97473740937447340     
    12331501           8   1.0303363949879836     
    12331501           9   1.0659963378834605     
    12331501          10   1.0127614375168745     
    12331501          11  0.94311337272937823     
    12331501          12   1.0490849809237515     
    12331501          13   1.0875138328737863     
    12331501          14   1.1195631827823480     
    12331501          15  0.93322233790789066     
    12331501          16   1.0305419606378159     
    12331501          17  0.97403917421823449     
    12331501          18   1.0013165008654492     
    12331501          19   1.0085012231892192     
    12331501          20   1.0604731340250675     
    12331501          21   1.1568040109164339     
    12331501          22   1.1061300125999292     
    12331501          23   1.0994916682325080     
    12331501          24   1.0289945177322555     
    12331501          25  0.53057814142425008     
    12337456           1  0.96017786783024317     
    12337456           2  0.63431451565665464     
    12337456           3   1.0172379332691051     
    12337456           4   1.0464962201507344     
    12337456           5   1.0739424955883670     
    12337456           6   1.0828277312671424     
    12337456           7  0.94689133824189253     
    12337456           8   1.0535785809982630     
    12337456           9   1.0535659196973082     
    12337456          10  0.96665863043044165     
    12337456          11  0.81502680429983410     
    12337456          12  0.93107633770253739     
    12337456          13  0.97514262043158939     
    12337456          14   1.0771288739052778     
    12337456          15   1.0153945798744910     
    12337456          16   1.0274418486823513     
    12337456          17  0.74732258854913725     
    12337456          18  0.97530953992985681     
    12337456          19   1.0793644317197548     
    12337456          20   1.0394403474589122     
    12337456          21  0.97889119578148720     
    12337456          22   1.2443710866370363     
    12337456          23   1.0113402397613378     
    12337456          24   1.0700813157920830     
    12337456          25   1.1769769563441681     
    12361700           1  0.66468111845054700     
    12361700           2  0.79830674584976435     
    12361700           3   1.0574762308871011     
    12361700           4  0.68158616554796048     
    12361700           5   1.1522656768039172     
    12361700           6  0.99019430642287232     
    12361700           7  0.99178179295212665     
    12361700           8   1.0422976947391940     
    12361700           9   1.0979893782160906     
    12361700          10   1.1054874248377653     
    12361700          11  0.89896635457534013     
    12361700          12   1.0881675002096038     
    12361700          13  0.80345100732907793     
    12361700          14  0.99619361718429045     
    12361700          15   1.1240518517555680     
    12361700          16   1.1896425648393527     
    12361700          17  0.96166093933566155     
    12361700          18  0.99241009234268251     
    12361700          19   1.0349229028353950     
    12361700          20   1.2168473748014794     
    12361700          21  0.87863351348675156     
    12361700          22   1.0440519613552994     
    12361700          23   1.0089069035247087     
    12361700          24   1.0943955431841847     
    12361700          25   1.0856313385332701     
    12378902           1   1.0043550640863126     
    12378902           2  0.60524664497473069     
    12378902           3   1.0376149678228361     
    12378902           4   1.0642535564255711     
    12378902           5   1.0779314906074513     
    12378902           6  0.98332659724756921     
    12378902           7  0.99084645499044821     
    12378902           8  0.79195168666578808     
    12378902           9   1.0121813371865942     
    12378902          10   1.0216151804855294     
    12378902          11   1.0588257493664825     
    12378902          12  0.93356664968049663     
    12378902          13  0.94356905662981461     
    12378902          14   1.1148939875057080     
    12378902          15   1.1032702014873190     
    12378902          16   1.0823151971106673     
    12378902          17   1.1103812236448662     
    12378902          18   1.0390509957818899     
    12378902          19   1.1965924160376271     
    12378902          20   1.0180070708133964     
    12378902          21  0.96311929139733254     
    12378902          22   1.0931159135445385     
    12378902          23   1.0428622560417238     
    12378902          24  0.78697499220789846     
    12378902          25  0.92413201825740998     
    12422778           1   1.0516966603794125     
    12422778           2   1.0356441709975663     
    12422778           3   1.0031220568621979     
    12422778           4  0.99478412046204323     
    12422778           5   1.0882521430231231     
    12422778           6  0.91054461188558433     
    12422778           7   1.0280281885831584     
    12422778           8  0.62629849323409481     
    12422778           9  0.93965040411575895     
    12422778          10   1.0859307493583201     
    12422778          11   1.0232475401610530     
    12422778          12  0.94723783481233059     
    12422778          13   1.0223774285292759     
    12422778          14   1.0467552939245819     
    12422778          15   1.0436270067559112     
    12422778          16  0.96009011904367036     
    12422778          17   1.0335689162614976     
    12422778          18  0.98473192011716515     
    12422778          19   1.0362861389602525     
    12422778          20   1.0556124468300101     
    12422778          21  0.93446818365299789     
    12422778          22   1.0515599364817461     
    12422778          23   1.0751396528878374     
    12422778          24  0.97437817840223251     
    12422778          25   1.0469678042781767     
    12435924           1  0.99466260293347020     
    12435924           2   1.1002337969146099     
    12435924           3   1.0729217429814171     
    12435924           4   1.0374244486754456     
    12435924           5   1.0506443536311352     
    12435924           6  0.88819291089019281     
    12435924           7   1.1382952468003307     
    12435924           8   1.0640793231308441     
    12435924           9   1.0631426710948952     
    12435924          10  0.97093967773166134     
    12435924          11  0.84127344802083137     
    12435924          12   1.1003792549907054     
    12435924          13   1.2141622450982965     
    12435924          14   1.2240067761392552     
    12435924          15  0.79872489237827538     
    12435924          16   1.0602365356572723     
    12435924          17  0.89216494486517273     
    12435924          18  0.99528789220026526     
    12435924          19  0.97662785744110014     
    12435924          20  0.90581185381590446     
    12435924          21  0.97454811029996102     
    12435924          22  0.55527003429915045     
    12435924          23   1.1118476276333509     
    12435924          24  0.93459150931416179     
    12435924          25   1.0345302430622945     
    12440128           1   1.0375081518823632     
    12440128           2   1.0055169315347510     
    12440128           3   1.0050312609883489     
    12440128           4  0.99890920159547791     
    12440128           5  0.95026482806576695     
    12440128           6   1.2129223224346679     
    12440128           7   1.0464588775129404     
    12440128           8   1.0754796389343351     
    12440128           9   1.0646862014997778     
    12440128          10   1.0628241784759600     
    12440128          11  0.98497892407398602     
    12440128          12  0.83849454726721973     
    12440128          13  0.98579853158842556     
    12440128          14  0.94772401745215096     
    12440128          15   1.0059803298884940     
    12440128          16   1.0285163449223045     
    12440128          17  0.99312855227122210     
    12440128          18  0.95214864584414971     
    12440128          19  0.94638534357394755     
    12440128          20   1.0307368151426068     
    12440128          21   1.1056455933820595     
    12440128          22   1.0462775961880919     
    12440128          23  0.96476209934546520     
    12440128          24  0.97986269603042631     
    12440128          25  0.72995837010505416     
    12453434           1  0.92139376612466239     
    12453434           2  0.94886915029955843     
    12453434           3   1.0351527509384271     
    12453434           4   1.0470265141331776     
    12453434           5   1.0581759361445837     
    12453434           6  0.73784523085708575     
    12453434           7   1.0631508609535869     
    12453434           8   1.1164057761907957     
    12453434           9   1.0570927366617791     
    12453434          10   1.0888412602918196     
    12453434          11   1.0207169956468058     
    12453434          12   1.0447319114926863     
    12453434          13  0.83610095324399347     
    12453434          14  0.76863488515621781     
    12453434          15   1.0612244496842393     
    12453434          16   1.0039377153354283     
    12453434          17  0.92134433983850494     
    12453434          18   1.1343626781437535     
    12453434          19  0.71562753134084500     
    12453434          20   1.0983937683466343     
    12453434          21   1.0918700372254695     
    12453434          22   1.0892123501013020     
    12453434          23   1.0491118650259907     
    12453434          24  0.99469975545579425     
    12453434          25   1.0960767813668528     
    12469233           1  0.91138943785881099     
    12469233           2  0.71946944848752470     
    12469233           3  0.90766024068314222     
    12469233           4  0.57187304457990473     
    12469233           5   1.0322164095163668     
    12469233           6   1.0060671363363300     
    12469233           7   1.0181415236646238     
    12469233           8   1.1583052963371712     
    12469233           9   1.0383619349970148     
    12469233          10   1.1244827750681279     
    12469233          11   1.0087064865343613     
    12469233          12  0.99368463147277086     
    12469233          13  0.98954117268119213     
    12469233          14   1.1004818995532115     
    12469233          15   1.1370183857896261     
    12469233          16   1.0092532284953504     
    12469233          17   1.1339630653587789     
    12469233          18   1.0474829137291943     
    12469233          19  0.96945503637231345     
    12469233          20   1.0971989205246595     
    12469233          21  0.93170637133527900     
    12469233          22   1.0320145976255632     
    12469233          23   1.0563072196624230     
    12469233          24   1.0449307258765268     
    12469233          25  0.96028809745973853     
    12471892           1  0.96009188500813791     
    12471892           2  0.81594201587414994     
    12471892           3  0.76329564384910031     
    12471892           4  0.92977266051106944     
    12471892           5   1.0597979789534711     
    12471892           6  0.98105973791513101     
    12471892           7   1.2648480554396422     
    12471892           8   1.0797417087905727     
    12471892           9   1.0592792532444397     
    12471892          10   1.2203299763982856     
    12471892          11  0.59828195711886578     
    12471892          12   1.0986507414761526     
    12471892          13  0.74407405338605048     
    12471892          14  0.84316267190697924     
    12471892          15   1.1079439536404170     
    12471892          16   1.0084251714424819     
    12471892          17   1.0490237819394812     
    12471892          18  0.98813679068935567     
    12471892          19   1.0430881489082580     
    12471892          20   1.0654948845614998     
    12471892          21  0.98153477533714018     
    12471892          22   1.0708124366571765     
    12471892          23   1.1279876945312419     
    12471892          24   1.0567632124621582     
    12471892          25   1.0824608099587396     
    12477530           1  0.96288889774724162     
    12477530           2   1.0280620408206513     
    12477530           3   1.1740475548880540     
    12477530           4   1.0460318411795346     
    12477530           5  0.98098952443637877     
    12477530           6  0.98062796497022797     
    12477530           7   1.0080357500521671     
    12477530           8   1.0006786138942847     
    12477530           9   1.0605519963880092     
    12477530          10   1.0173827724758613     
    12477530          11   1.0371000944491859     
    12477530          12  0.93481148853434504     
    12477530          13   1.1987085870037995     
    12477530          14   1.1034762536757299     
    12477530          15  0.95272350373057924     
    12477530          16   1.0159382257273999     
    12477530          17   1.1094907692248359     
    12477530          18  0.99620249739094902     
    12477530          19  0.95008648071762514     
    12477530          20  0.76865235251957609     
    12477530          21  0.88806949492825282     
    12477530          22  0.77757675050792907     
    12477530          23  0.81459607630271436     
    12477530          24   1.0672611640166765     
    12477530          25   1.1260093044179968     
    12482428           1   1.0317385614070638     
    12482428           2   1.0533297951399609     
    12482428           3   1.0658069804616435     
    12482428           4  0.96004296566530878     
    12482428           5   1.0215801252531238     
    12482428           6  0.91770087419800506     
    12482428           7   1.0127669243228885     
    12482428           8  0.66135027560012760     
    12482428           9   1.1175361622228996     
    12482428          10   1.0880388521052844     
    12482428          11   1.0073604838926706     
    12482428          12  0.87888512676836694     
    12482428          13   1.0849861344923086     
    12482428          14   1.1712603407663453     
    12482428          15   1.0154405601657559     
    12482428          16  0.98912041568262443     
    12482428          17   1.0784037124677897     
    12482428          18   1.0019436834876390     
    12482428          19   1.1091162861871207     
    12482428          20  0.95529654445826506     
    12482428          21   1.0184778427298238     
    12482428          22  0.61313124061525426     
    12482428          23   1.0452696661655538     
    12482428          24   1.0886400594595682     
    12482428          25   1.0127763862846075     
    12486779           1  0.53249906433431127     
    12486779           2  0.92074280863433500     
    12486779           3  0.88229518075630020     
    12486779           4   1.0524610506314993     
    12486779           5  0.92986538064380941     
    12486779           6   1.0107035875100832     
    12486779           7   1.1773106782561704     
    12486779           8   1.0047582634492305     
    12486779           9   1.1638459395477030     
    12486779          10   1.0228426368059476     
    12486779          11  0.97147101128428059     
    12486779          12   1.0074474561234847     
    12486779          13   1.1017204201227995     
    12486779          14   1.0977774245924019     
    12486779          15  0.68457859765875684     
    12486779          16   1.0748187145903609     
    12486779          17  0.90241954081316189     
    12486779          18  0.84563858923345903     
    12486779          19   1.0268028897608299     
    12486779          20   1.1361870375546561     
    12486779          21   1.1942217966813553     
    12486779          22   1.0604024225246558     
    12486779          23   1.1847114049847192     
    12486779          24   1.0592436207318152     
    12486779          25  0.95523448277386847     
    12499323           1   1.0447524208771699     
    12499323           2  0.73685785008507843     
    12499323           3   1.0893960029221186     
    12499323           4   1.0105973438477354     
    12499323           5  0.99868994428208091     
    12499323           6   1.1047533200750892     
    12499323           7   1.0352178099700964     
    12499323           8  0.92288866386596646     
    12499323           9   1.0330271343087993     
    12499323          10  0.78656552166515659     
    12499323          11   1.0021034647818572     
    12499323          12   1.1062837284758738     
    12499323          13   1.1708812771650805     
    12499323          14   1.0307731522142858     
    12499323          15  0.99644288773705258     
    12499323          16  0.93866415781562140     
    12499323          17   1.0121109031031041     
    12499323          18  0.99345667324804421     
    12499323          19  0.96893121710359276     
    12499323          20   1.0407170269575847     
    12499323          21  0.86420259818654721     
    12499323          22   1.0355044361950363     
    12499323          23   1.0644119771360390     
    12499323          24   1.0395621766571645     
    12499323          25  0.97320831132382757     
    12504514           1  0.98634459241464711     
    12504514           2  0.74713643809632724     
    12504514           3  0.97691934981325457     
    12504514           4  0.89179219841012347     
    12504514           5   1.0508489044041114     
    12504514           6   1.0536568887593083     
    12504514           7   1.1393126604323562     
    12504514           8   1.0912457572925260     
    12504514           9   1.0992031102251270     
    12504514          10   1.0302696252152088     
    12504514          11   1.0527147188252706     
    12504514          12  0.97958193339202304     
    12504514          13  0.57377113506358068     
    12504514          14   1.0933596421262353     
    12504514          15  0.97261906862040470     
    12504514          16  0.87419665879925834     
    12504514          17   1.0168838371584230     
    12504514          18  0.90796855818947908     
    12504514          19   1.0228227951462718     
    12504514          20   1.0858170560788201     
    12504514          21   1.1144000443077948     
    12504514          22   1.0829472119248169     
    12504514          23   1.1183691793180761     
    12504514          24   1.0526396981604429     
    12504514          25  0.98517893782611832     
    12513067           1  0.96804241360910603     
    12513067           2   1.0603245922321447     
    12513067           3   1.1255146372176419     
    12513067           4   1.0540288259742538     
    12513067           5   1.0445758685978932     
    12513067           6   1.0330667319444711     
    12513067           7   1.0134308981729672     
    12513067           8   1.0318313563084740     
    12513067           9   1.0437673564082139     
    12513067          10   1.0923880284424805     
    12513067          11   1.0347458744528832     
    12513067          12  0.81647016034694231     
    12513067          13   1.3245047921806823     
    12513067          14   1.0429065472515908     
    12513067          15  0.98699044822937732     
    12513067          16   1.0649988107313308     
    12513067          17   1.0956442881238537     
    12513067          18   1.0533661128664529     
    12513067          19   1.0522348384178020     
    12513067          20  0.71145402687704551     
    12513067          21  0.74979228626300298     
    12513067          22  0.78173844987629293     
    12513067          23  0.89020056932567071     
    12513067          24   1.0204537873287440     
    12513067          25  0.90752829882067865     
    12524462           1   1.0667051493508870     
    12524462           2  0.99901462527315354     
    12524462           3  0.95335114975846114     
    12524462           4   1.0454308964336028     
    12524462           5   1.0893504524458522     
    12524462           6   1.0328549038206014     
    12524462           7  0.90607753083679421     
    12524462           8  0.86490729384589948     
    12524462           9   1.1388449013128017     
    12524462          10   1.1294935363092087     
    12524462          11   1.0194270518917177     
    12524462          12  0.74756707642936115     
    12524462          13   1.0685739942616579     
    12524462          14   1.0874409504678344     
    12524462          15   1.0348026088305293     
    12524462          16   1.0486073802274385     
    12524462          17  0.96487633398271089     
    12524462          18   1.0013289498221625     
    12524462          19  0.91858669481401289     
    12524462          20   1.1072947253552845     
    12524462          21   1.0890198993995310     
    12524462          22  0.57868359288723714     
    12524462          23   1.0848930264094543     
    12524462          24   1.0612281078266399     
    12524462          25  0.96163916800716531     
    12528056           1  0.91744129818359521     
    12528056           2  0.72424691071094616     
    12528056           3  0.95499204943124150     
    12528056           4  0.54416020427605483     
    12528056           5   1.0390705920160228     
    12528056           6   1.0127476809350990     
    12528056           7   1.0249022453014216     
    12528056           8   1.1383008244215638     
    12528056           9   1.0452569253668154     
    12528056          10   1.1319496299708198     
    12528056          11  0.94234226655643782     
    12528056          12  0.94144575634006722     
    12528056          13  0.99611198062994233     
    12528056          14   1.1077893824681944     
    12528056          15   1.1445684803723286     
    12528056          16   1.0186925800036570     
    12528056          17   1.1414928718278314     
    12528056          18   1.0544384697441729     
    12528056          19  0.97589246720875955     
    12528056          20   1.1044846036143374     
    12528056          21  0.93789314132493284     
    12528056          22   1.0388674400423477     
    12528056          23   1.0633213713388749     
    12528056          24   1.0329261704509494     
    12528056          25  0.96666465746358532     
    12532170           1  0.96674906436608787     
    12532170           2   1.1089496681818143     
    12532170           3   1.1043003374135991     
    12532170           4  0.94472718339219952     
    12532170           5   1.0022645091469937     
    12532170           6  0.70198891648728301     
    12532170           7   1.0270013353435135     
    12532170           8   1.0706906729566570     
    12532170           9   1.1384593555980607     
    12532170          10   1.0800027247779265     
    12532170          11  0.76766974214470474     
    12532170          12  0.90368210037068719     
    12532170          13   1.0284393013349684     
    12532170          14   1.0941971648893549     
    12532170          15   1.0658658568741108     
    12532170          16   1.0115879278186659     
    12532170          17  0.97819303126578849     
    12532170          18   1.0450086075588363     
    12532170          19  0.95514970906678953     
    12532170          20   1.0080774580512974     
    12532170          21   1.1365317259172631     
    12532170          22  0.88511908886158774     
    12532170          23  0.97114591807093364     
    12532170          24   1.0051330634287250     
    12532170          25  0.99906553668215181     
    12555866           1  0.86112307961256385     
    12555866           2  0.99812001429808328     
    12555866           3  0.99976983812612374     
    12555866           4  0.56001621437276750     
    12555866           5   1.0992289979967851     
    12555866           6   1.1422011791788309     
    12555866           7  0.91874951677807859     
    12555866           8   1.0029315202646709     
    12555866           9   1.0169044793055071     
    12555866          10   1.1213179722908104     
    12555866          11   1.1294810273654721     
    12555866          12   1.0303241675915145     
    12555866          13  0.98566704281298689     
    12555866          14   1.0827819993908170     
    12555866          15   1.1461283829327997     
    12555866          16  0.57919171930528457     
    12555866          17   1.0573008091505596     
    12555866          18  0.93535017489570915     
    12555866          19   1.0170890505588075     
    12555866          20   1.0064430583292716     
    12555866          21   1.1600549066210497     
    12555866          22   1.0219484760953585     
    12555866          23   1.0470102745480239     
    12555866          24   1.1054346820953733     
    12555866          25  0.97543141608275197     
    12566825           1  0.91713776414045822     
    12566825           2  0.72400729473391001     
    12566825           3  0.95467609177978041     
    12566825           4  0.54398016970899843     
    12566825           5   1.0387268171080000     
    12566825           6   1.0124126149217416     
    12566825           7   1.0245631579691286     
    12566825           8   1.1379242193436947     
    12566825           9   1.0449111037199137     
    12566825          10   1.1315751261758711     
    12566825          11  0.94203049406619455     
    12566825          12  0.94113428045885084     
    12566825          13  0.99578241851245708     
    12566825          14   1.1074228720539907     
    12566825          15   1.1441898016501233     
    12566825          16   1.0183555471295818     
    12566825          17   1.1493864222339050     
    12566825          18   1.0540896103974287     
    12566825          19  0.97556959468620663     
    12566825          20   1.1041191865811373     
    12566825          21  0.93758284082093291     
    12566825          22   1.0385237323468430     
    12566825          23   1.0629695730977935     
    12566825          24   1.0325844284153558     
    12566825          25  0.96634483794770087     
    12569552           1  0.96465585888900085     
    12569552           2  0.77602816785871054     
    12569552           3  0.79373446986731655     
    12569552           4  0.93419250636538265     
    12569552           5   1.0648359241444085     
    12569552           6  0.98572338635266876     
    12569552           7   1.2708607439941735     
    12569552           8   1.0848744601802556     
    12569552           9   1.0643147325770315     
    12569552          10   1.2261310400519678     
    12569552          11  0.60112600076543710     
    12569552          12   1.1038733804408027     
    12569552          13  0.74761114665608985     
    12569552          14  0.79465041257692148     
    12569552          15   1.1132107696033831     
    12569552          16   1.0132189065163175     
    12569552          17   1.0540105099974268     
    12569552          18  0.99283408120273986     
    12569552          19   1.0060629117642641     
    12569552          20   1.0705599110441375     
    12569552          21  0.98620068195269228     
    12569552          22   1.0759027411046149     
    12569552          23   1.1259940376660842     
    12569552          24   1.0617867313307645     
    12569552          25   1.0876064870974103     
    12574487           1   1.0683756879776385     
    12574487           2  0.89885710818955733     
    12574487           3   1.1691103661562801     
    12574487           4   1.1075510584889097     
    12574487           5   1.0207298376832021     
    12574487           6   1.0940805961702480     
    12574487           7  0.99029585814933219     
    12574487           8  0.96682757648941287     
    12574487           9   1.0418878986392082     
    12574487          10  0.97584204281950770     
    12574487          11  0.88907319036847277     
    12574487          12  0.93009842608790527     
    12574487          13   1.0720333548519294     
    12574487          14   1.0396145830698245     
    12574487          15   1.0459601826020570     
    12574487          16   1.0549616437845013     
    12574487          17  0.98046116857821219     
    12574487          18   1.0690697564985401     
    12574487          19   1.1893608974945757     
    12574487          20  0.74777211739223692     
    12574487          21  0.75887507821664657     
    12574487          22  0.77701283036520408     
    12574487          23   1.0263636033828663     
    12574487          24   1.0421969581861492     
    12574487          25   1.0435881783575822     
    12582472           1   1.0083771712046166     
    12582472           2  0.90625710542137838     
    12582472           3  0.94861698903701530     
    12582472           4   1.0516338182592651     
    12582472           5   1.0362816688831662     
    12582472           6   1.1642737487426400     
    12582472           7   1.0064613508372027     
    12582472           8   1.0182020861660348     
    12582472           9   1.0477241139734406     
    12582472          10   1.0055520430155731     
    12582472          11   1.0426197300097182     
    12582472          12  0.87826944049654221     
    12582472          13   1.0767463253385854     
    12582472          14   1.0177941421938499     
    12582472          15   1.0513491673566639     
    12582472          16  0.96985214828306299     
    12582472          17   1.0105247543930014     
    12582472          18   1.0165632848742328     
    12582472          19  0.97605586596640748     
    12582472          20  0.91577470314153064     
    12582472          21  0.86912798129319102     
    12582472          22   1.0525544832781999     
    12582472          23   1.0074019584389877     
    12582472          24   1.0524947080449356     
    12582472          25  0.86949121135075935     
    12583464           1  0.80304275268416325     
    12583464           2  0.87612350386812710     
    12583464           3  0.92717343755954040     
    12583464           4  0.53953223003701289     
    12583464           5   1.0743316397278373     
    12583464           6   1.0545246546066640     
    12583464           7   1.0553702369816820     
    12583464           8   1.0434069600451195     
    12583464           9   1.1088633069041909     
    12583464          10   1.0881007582829783     
    12583464          11  0.94819972337201008     
    12583464          12   1.0642689145234312     
    12583464          13  0.70903644478289940     
    12583464          14   1.0826623242767806     
    12583464          15   1.0929348404824843     
    12583464          16   1.1665772830316170     
    12583464          17  0.91130866993546378     
    12583464          18  0.98832870936244699     
    12583464          19   1.1755953005850186     
    12583464          20   1.3186845643774832     
    12583464          21  0.91627025191483746     
    12583464          22  0.99978038917898460     
    12583464          23   1.0448673299642237     
    12583464          24   1.0808859765054954     
    12583464          25  0.93012979700950738     
    12585543           1  0.86331331432806147     
    12585543           2   1.0006586956518944     
    12585543           3   1.0023127157458442     
    12585543           4  0.58135534961305424     
    12585543           5   1.1020248463124258     
    12585543           6   1.1451063256485383     
    12585543           7  0.88648189551932699     
    12585543           8   1.0054824395060169     
    12585543           9   1.0194909382515640     
    12585543          10   1.1241700030958934     
    12585543          11   1.1323538205993324     
    12585543          12   1.0329447590185732     
    12585543          13  0.98817405049423757     
    12585543          14   1.0855360153735829     
    12585543          15   1.1311272604420763     
    12585543          16  0.58066487202942485     
    12585543          17   1.0126536440974361     
    12585543          18  0.93772920348373079     
    12585543          19  0.98415553185238225     
    12585543          20   1.0608790806532846     
    12585543          21   1.1630054633864171     
    12585543          22   1.0245477642607634     
    12585543          23   1.0496733064712067     
    12585543          24   1.1082463143390819     
    12585543          25  0.97791238982584672     
    12588708           1  0.96290172746220204     
    12588708           2   1.1130673732184211     
    12588708           3   1.0135733963575471     
    12588708           4  0.93827081626207320     
    12588708           5   1.0329475493421505     
    12588708           6  0.63954534745686664     
    12588708           7   1.0226585666284149     
    12588708           8   1.1152965537595336     
    12588708           9   1.1151032760240984     
    12588708          10  0.93706978880209280     
    12588708          11  0.99040834553875157     
    12588708          12   1.0199052953458008     
    12588708          13   1.0648480879728031     
    12588708          14   1.0365116983286919     
    12588708          15   1.0412781817027661     
    12588708          16   1.0758309785755971     
    12588708          17  0.65751474645163999     
    12588708          18   1.1874752045876282     
    12588708          19   1.0374201712612061     
    12588708          20   1.0962142345166062     
    12588708          21  0.92429481387680512     
    12588708          22   1.0155823749627753     
    12588708          23   1.0389542966361156     
    12588708          24  0.90908814344909061     
    12588708          25   1.0142390314803176     
    12610635           1  0.92848199203409298     
    12610635           2  0.99820598393478011     
    12610635           3  0.98382568449545627     
    12610635           4   1.0055504686121775     
    12610635           5  0.99559028794137949     
    12610635           6   1.1946651490701508     
    12610635           7  0.95680878706460637     
    12610635           8  0.83648307719365811     
    12610635           9   1.0003414788852378     
    12610635          10   1.0177237637154890     
    12610635          11  0.99734497151270585     
    12610635          12  0.99476183531782680     
    12610635          13   1.1379805640501868     
    12610635          14   1.0748241570943646     
    12610635          15  0.99365108858484774     
    12610635          16  0.99875357419924704     
    12610635          17  0.93628807217290511     
    12610635          18   1.0275970373627610     
    12610635          19  0.96719957210903584     
    12610635          20   1.0216590102608096     
    12610635          21  0.85040187735339579     
    12610635          22  0.97447517032019948     
    12610635          23   1.0420923641517774     
    12610635          24   1.0443485909182046     
    12610635          25   1.0209454416447017     
    12615760           1  0.98029995706594986     
    12615760           2   1.1132343574443544     
    12615760           3   1.0137254543309366     
    12615760           4  0.93841157721665647     
    12615760           5   1.0331025138583216     
    12615760           6  0.63964129311780693     
    12615760           7   1.0228119875742188     
    12615760           8   1.1154638724108543     
    12615760           9   1.1152705656795705     
    12615760          10  0.93721036957653092     
    12615760          11  0.99055692825253627     
    12615760          12   1.0200583032412496     
    12615760          13   1.0650078382610473     
    12615760          14   1.0366671975444455     
    12615760          15   1.0414343959943146     
    12615760          16   1.0759923765354289     
    12615760          17  0.58510287727295862     
    12615760          18   1.1876533516006704     
    12615760          19   1.0375758067675860     
    12615760          20   1.0963786904065302     
    12615760          21  0.92443347812817322     
    12615760          22   1.0157347343264900     
    12615760          23   1.0391101622945460     
    12615760          24  0.96073072178542518     
    12615760          25   1.0143911893133999     
    12616799           1  0.98039218368538439     
    12616799           2  0.99446951914649728     
    12616799           3  0.88211478404600996     
    12616799           4   1.0436320196321680     
    12616799           5  0.92801974823492939     
    12616799           6  0.94705531056774639     
    12616799           7   1.0001459522113387     
    12616799           8  0.98065759050952228     
    12616799           9  0.85149050839692586     
    12616799          10   1.0942368370660525     
    12616799          11  0.63579460797617626     
    12616799          12   1.1857363713026121     
    12616799          13  0.89074995305911875     
    12616799          14  0.97718871492885173     
    12616799          15   1.1410620629290018     
    12616799          16   1.0487966940776110     
    12616799          17   1.0603375803533543     
    12616799          18   1.0155590760422970     
    12616799          19   1.1277346594854285     
    12616799          20   1.0103186534940705     
    12616799          21   1.0779814974044655     
    12616799          22  0.94652898168573774     
    12616799          23   1.1100384283161397     
    12616799          24   1.0131520799495073     
    12616799          25   1.0568061854990538     
    12620695           1  0.97351417196825196     
    12620695           2  0.82030423973841260     
    12620695           3  0.79420257834529873     
    12620695           4  0.93474345060290631     
    12620695           5   1.0654639159258859     
    12620695           6  0.90142315377456195     
    12620695           7   1.2716102398409370     
    12620695           8   1.0156805386426893     
    12620695           9   1.0649424169834347     
    12620695          10   1.2268541563544026     
    12620695          11  0.67119299786514863     
    12620695          12   1.1444615513717673     
    12620695          13  0.74805205369650396     
    12620695          14  0.84767042399878412     
    12620695          15   1.1138672906678133     
    12620695          16   1.0138164569292047     
    12620695          17   1.0608324826341660     
    12620695          18  0.95666495774583249     
    12620695          19   1.0066562418970215     
    12620695          20   1.0711912785726652     
    12620695          21  0.98678229824597385     
    12620695          22   1.0765372595912310     
    12620695          23   1.1266580977204208     
    12620695          24   1.0645228923878012     
    12620695          25   1.0423548544988825     
    12620765           1   1.0202179218954133     
    12620765           2  0.81614603976397604     
    12620765           3   1.0474979880367390     
    12620765           4   1.1051601539537781     
    12620765           5   1.0288496099885456     
    12620765           6   1.0005790644135495     
    12620765           7  0.92282821980840191     
    12620765           8  0.72068305270531052     
    12620765           9   1.0662485487935960     
    12620765          10   1.0285482127124161     
    12620765          11   1.1201029292915201     
    12620765          12   1.0175583401927402     
    12620765          13   1.0213017836900664     
    12620765          14   1.0999598519491602     
    12620765          15   1.0867354779384735     
    12620765          16   1.0913745672570727     
    12620765          17   1.1324403332226542     
    12620765          18  0.98091284609381846     
    12620765          19   1.2027648590996478     
    12620765          20  0.87669946219413186     
    12620765          21  0.88209408896444597     
    12620765          22   1.0467789878550098     
    12620765          23  0.99207437639558060     
    12620765          24  0.81479078654441506     
    12620765          25  0.87765249723953653     
    12628044           1   1.0030953077604010     
    12628044           2   1.0907815515872727     
    12628044           3   1.1744240612011261     
    12628044           4   1.0653490925037647     
    12628044           5   1.0136230034722578     
    12628044           6   1.0625496169043129     
    12628044           7  0.98904272225293544     
    12628044           8   1.0206486659383980     
    12628044           9   1.0772132995878296     
    12628044          10   1.1071994578853317     
    12628044          11   1.0206553624945260     
    12628044          12  0.95437633708306413     
    12628044          13   1.1987383686429065     
    12628044          14   1.1241880616849320     
    12628044          15  0.93541431585170665     
    12628044          16  0.87542899699454513     
    12628044          17  0.99576334797823918     
    12628044          18  0.99164134325467090     
    12628044          19   1.0293732562089624     
    12628044          20  0.81778306205619589     
    12628044          21  0.84225805903957141     
    12628044          22  0.67671720993047701     
    12628044          23  0.79314703832571565     
    12628044          24   1.0696455883659768     
    12628044          25   1.0709428729948762     
    12643189           1  0.90225857496976580     
    12643189           2  0.81231823593762897     
    12643189           3   1.0597534271022520     
    12643189           4   1.0735488929453365     
    12643189           5  0.93833912242311568     
    12643189           6   1.0311614112794756     
    12643189           7  0.94635719202330426     
    12643189           8   1.0874217845060961     
    12643189           9   1.0216083570780403     
    12643189          10   1.0027344530577824     
    12643189          11  0.87607542289924989     
    12643189          12  0.88153816695043452     
    12643189          13  0.99527763408163383     
    12643189          14  0.98923022929736026     
    12643189          15   1.0128983407693315     
    12643189          16   1.1235309414040513     
    12643189          17  0.99692273930110265     
    12643189          18  0.79755801345831157     
    12643189          19   1.2025801905969926     
    12643189          20   1.0335459980623296     
    12643189          21   1.0346567137276954     
    12643189          22   1.0212451647442968     
    12643189          23  0.98807003477590627     
    12643189          24   1.0358365195847159     
    12643189          25   1.1355324390237940     
    12643308           1  0.99904457397901614     
    12643308           2   1.0819212141668602     
    12643308           3   1.0403792824345068     
    12643308           4  0.88407678270949208     
    12643308           5   1.1574473796245999     
    12643308           6   1.0011317470341339     
    12643308           7  0.94347056944520480     
    12643308           8   1.0360820505300117     
    12643308           9   1.1633028787503230     
    12643308          10  0.98550778892249669     
    12643308          11  0.82159576905299692     
    12643308          12  0.62142021348473919     
    12643308          13   1.0138352285752172     
    12643308          14  0.94079419585947865     
    12643308          15   1.0613479833124568     
    12643308          16  0.89776370519335336     
    12643308          17   1.0330790881387431     
    12643308          18   1.0388164571268728     
    12643308          19  0.82475068840102728     
    12643308          20   1.0411980591261354     
    12643308          21   1.1317173977531894     
    12643308          22   1.0597510980194493     
    12643308          23   1.0248339028591520     
    12643308          24   1.1504232441612907     
    12643308          25   1.0463087013392556     
    12643715           1   1.0831592665030478     
    12643715           2  0.58338117716906535     
    12643715           3  0.96692543801889874     
    12643715           4   1.0383042907828035     
    12643715           5   1.0823172813019137     
    12643715           6  0.98732746806116334     
    12643715           7  0.99487792192485325     
    12643715           8  0.83557378195384358     
    12643715           9   1.0162996095707135     
    12643715          10  0.99613002248829730     
    12643715          11   1.0631338043394487     
    12643715          12  0.90462412006107362     
    12643715          13   1.0390712156209145     
    12643715          14   1.0837489630573509     
    12643715          15   1.0840793928839787     
    12643715          16   1.0617817375418028     
    12643715          17   1.1148990428944208     
    12643715          18   1.0140716685062716     
    12643715          19   1.1888812820970307     
    12643715          20   1.0221490464185008     
    12643715          21   1.0205167804652233     
    12643715          22   1.0346959638352644     
    12643715          23   1.0698066782006013     
    12643715          24  0.80270651149723393     
    12643715          25  0.91153753480628052     
    12645127           1  0.92941936185036034     
    12645127           2  0.78130841453071287     
    12645127           3  0.96034566198366833     
    12645127           4  0.92282918445876505     
    12645127           5   1.2138553597129835     
    12645127           6  0.96839890341482970     
    12645127           7   1.0666172282145121     
    12645127           8  0.99731215528318706     
    12645127           9   1.0478534504183390     
    12645127          10   1.0544477940675911     
    12645127          11   1.0876313230018408     
    12645127          12   1.1016741737894857     
    12645127          13  0.98193741772425991     
    12645127          14  0.98030336384242822     
    12645127          15  0.99832305656983478     
    12645127          16  0.97138695216541537     
    12645127          17  0.64112183302640946     
    12645127          18  0.98814837391119448     
    12645127          19   1.0202423911411109     
    12645127          20   1.0252305380656808     
    12645127          21  0.95894010887230585     
    12645127          22   1.0200955137566938     
    12645127          23   1.1879161866083621     
    12645127          24   1.0420471089025420     
    12645127          25   1.0526141446874868     
    12645749           1  0.98016767825585793     
    12645749           2   1.0400363606625616     
    12645749           3   1.0283099305190002     
    12645749           4   1.0786939907044879     
    12645749           5   1.0327328413749894     
    12645749           6  0.90152544119159217     
    12645749           7   1.0272277042313389     
    12645749           8   1.0093426932036451     
    12645749           9   1.0211514892114220     
    12645749          10   1.0470300144329590     
    12645749          11   1.0303557764947220     
    12645749          12  0.93450882181587103     
    12645749          13   1.0676908305305655     
    12645749          14   1.0912103682009013     
    12645749          15  0.91645942909614009     
    12645749          16   1.0076950793063748     
    12645749          17  0.99208964125482335     
    12645749          18   1.0108100143281542     
    12645749          19  0.95338669566883516     
    12645749          20   1.0219252009515361     
    12645749          21   1.0922343605006335     
    12645749          22   1.0482625452486773     
    12645749          23  0.68490886008159846     
    12645749          24  0.96270913838496452     
    12645749          25   1.0195350943483488     
    12646510           1   1.0632543220131521     
    12646510           2  0.83973084956208743     
    12646510           3  0.99367297850753589     
    12646510           4   1.0344865437607769     
    12646510           5   1.0298672012951700     
    12646510           6   1.0240907405449386     
    12646510           7  0.98770548572733274     
    12646510           8  0.73748785623463164     
    12646510           9   1.0168753065403822     
    12646510          10   1.0847771950968041     
    12646510          11   1.0748544546287895     
    12646510          12  0.94366910908698265     
    12646510          13   1.0449546347431207     
    12646510          14   1.1594949694508441     
    12646510          15   1.0913701359984687     
    12646510          16   1.0568651145277381     
    12646510          17   1.1223970569455046     
    12646510          18  0.98834235234404144     
    12646510          19   1.2683886793123944     
    12646510          20   1.0290232902894549     
    12646510          21  0.83655596080677408     
    12646510          22   1.0675135948560082     
    12646510          23   1.0184884872254196     
    12646510          24  0.66895615074696790     
    12646510          25  0.81717752975467473     
    12647283           1  0.95252872232301578     
    12647283           2   1.0404199841728057     
    12647283           3   1.0673412202483967     
    12647283           4   1.0542848913213843     
    12647283           5   1.0519995495375987     
    12647283           6  0.84772722771947684     
    12647283           7  0.99616934194714690     
    12647283           8   1.0877128702193655     
    12647283           9   1.0694288191674450     
    12647283          10   1.1033335121234180     
    12647283          11  0.95059690901501837     
    12647283          12   1.1877985225654037     
    12647283          13   1.0028305900329850     
    12647283          14   1.0930673302654241     
    12647283          15   1.0727255981433159     
    12647283          16   1.0355272252990357     
    12647283          17   1.0011073360863318     
    12647283          18   1.0118399907386171     
    12647283          19   1.1069419478693061     
    12647283          20   1.0485140304093548     
    12647283          21  0.35971063860902869     
    12647283          22  0.72463534207017788     
    12647283          23   1.0276959236707941     
    12647283          24   1.1489665668355120     
    12647283          25  0.95709590960964819     
    12650137           1  0.81078692687502374     
    12650137           2   1.0846474250352740     
    12650137           3   1.0664254108580218     
    12650137           4   1.0586768916409623     
    12650137           5   1.0143779301051317     
    12650137           6   1.0066617391482355     
    12650137           7  0.97799909750541891     
    12650137           8   1.0409831744575908     
    12650137           9   1.0300297961155926     
    12650137          10   1.0387318615449175     
    12650137          11   1.0215101406217435     
    12650137          12   1.1188636810405876     
    12650137          13   1.1919971354002910     
    12650137          14   1.1124711670267780     
    12650137          15  0.94035541742377649     
    12650137          16   1.0419955870544433     
    12650137          17   1.0278827806522699     
    12650137          18  0.96246256355485182     
    12650137          19   1.0643000392866149     
    12650137          20  0.81318417166660861     
    12650137          21  0.89860622858205264     
    12650137          22  0.76122180187756283     
    12650137          23  0.96427077397153904     
    12650137          24  0.92701734282425363     
    12650137          25   1.0245409157304561     
    12651690           1  0.97306215543212826     
    12651690           2  0.81992336076233729     
    12651690           3  0.79383381874345504     
    12651690           4  0.93430943586652959     
    12651690           5   1.0649692058101945     
    12651690           6  0.92617598859599215     
    12651690           7   1.2710198130423727     
    12651690           8   1.0152089436601968     
    12651690           9   1.0644479490071517     
    12651690          10   1.2262845104447153     
    12651690          11  0.67088135336864163     
    12651690          12   1.1439301615255035     
    12651690          13  0.74770472244248787     
    12651690          14  0.84727683851244673     
    12651690          15   1.1133501061738156     
    12651690          16   1.0133457274664790     
    12651690          17   1.0603399229591091     
    12651690          18  0.95622076454055338     
    12651690          19   1.0061888370244148     
    12651690          20   1.0706939091606849     
    12651690          21  0.98632412112929191     
    12651690          22   1.0624738866062078     
    12651690          23   1.1261349742719990     
    12651690          24   1.0640286192027806     
    12651690          25   1.0418708742505112     
    12653760           1  0.98790188200705042     
    12653760           2  0.90689128602418534     
    12653760           3  0.94852082677633465     
    12653760           4   1.0934504277518624     
    12653760           5  0.98979517970270858     
    12653760           6  0.56053270981912040     
    12653760           7   1.1332312337969164     
    12653760           8  0.98964765234147278     
    12653760           9   1.0483659643147643     
    12653760          10   1.0626137763819079     
    12653760          11   1.0713070153060991     
    12653760          12   1.0637034826945071     
    12653760          13  0.93784340666034582     
    12653760          14  0.77687568697791121     
    12653760          15   1.1448212018221886     
    12653760          16   1.0291593489862436     
    12653760          17  0.95685320306206900     
    12653760          18   1.1763788882026571     
    12653760          19  0.92523509917657032     
    12653760          20   1.0659225063232911     
    12653760          21   1.0627678058570798     
    12653760          22   1.0690037798076082     
    12653760          23   1.0480240389907329     
    12653760          24  0.97047713480874676     
    12653760          25  0.98067646240762862     
    12656817           1  0.95687036384476543     
    12656817           2  0.95405694928580564     
    12656817           3   1.0438553935617492     
    12656817           4   1.0475492315759369     
    12656817           5   1.0452784904800529     
    12656817           6  0.84217384075296509     
    12656817           7   1.0357152190389203     
    12656817           8   1.0697201314992228     
    12656817           9   1.1014961684547877     
    12656817          10   1.0352732532942752     
    12656817          11  0.98179928644638270     
    12656817          12   1.2818495303620860     
    12656817          13  0.83477257428904816     
    12656817          14   1.0094460604082853     
    12656817          15   1.0855742352815716     
    12656817          16   1.0518621654083289     
    12656817          17   1.0202862571897910     
    12656817          18  0.97309078328763454     
    12656817          19   1.1008846661294132     
    12656817          20   1.0889559082163003     
    12656817          21  0.56548048309165821     
    12656817          22  0.90130862922825894     
    12656817          23  0.98011163601164730     
    12656817          24   1.0140372015159063     
    12656817          25  0.97855154134520161     
    12664822           1   1.0182983984791252     
    12664822           2   1.1180030660354363     
    12664822           3   1.0948107464722661     
    12664822           4  0.89651354391353844     
    12664822           5   1.0697938549482966     
    12664822           6   1.1112750440348405     
    12664822           7  0.98793658236792847     
    12664822           8   1.0186279948433974     
    12664822           9   1.1186985864229690     
    12664822          10   1.0748965616422703     
    12664822          11  0.63454757831111919     
    12664822          12  0.92543952455785616     
    12664822          13   1.0373549532381814     
    12664822          14  0.64645980587915419     
    12664822          15   1.0137872691784400     
    12664822          16   1.0129900687031177     
    12664822          17   1.0511195504529436     
    12664822          18   1.0283715037040060     
    12664822          19  0.99105820858384286     
    12664822          20   1.0467366387902834     
    12664822          21   1.1033353950217504     
    12664822          22   1.0267984901298168     
    12664822          23   1.1007550605851653     
    12664822          24  0.85925497565355591     
    12664822          25   1.0131365980506992     
    12667614           1   1.0388202294495492     
    12667614           2   1.0556653483495970     
    12667614           3  0.77679860463382178     
    12667614           4   1.0839040614348507     
    12667614           5   1.0287884241128618     
    12667614           6   1.0611721585882077     
    12667614           7  0.93927832898182417     
    12667614           8  0.78884954307549815     
    12667614           9   1.0818678039928289     
    12667614          10   1.0809662514677849     
    12667614          11  0.99045574444543427     
    12667614          12   1.0319066645340567     
    12667614          13   1.0788033941542774     
    12667614          14   1.0346191110906868     
    12667614          15   1.0409342192608602     
    12667614          16   1.0779025932416140     
    12667614          17   1.0102874904166048     
    12667614          18  0.87155195329416291     
    12667614          19  0.69576749411267602     
    12667614          20  0.93154671129220235     
    12667614          21   1.1565905000594872     
    12667614          22   1.0182413733357722     
    12667614          23   1.0526212399254709     
    12667614          24   1.0934931933585184     
    12667614          25  0.97916756339135069     
    12672324           1  0.71895318431600985     
    12672324           2   1.0383173636958922     
    12672324           3  0.97655165705683467     
    12672324           4  0.80972943623400118     
    12672324           5   1.1160133975556656     
    12672324           6  0.99498526529959885     
    12672324           7   1.0079232453895781     
    12672324           8   1.0784178629315622     
    12672324           9   1.1020240237867509     
    12672324          10   1.0592492554590791     
    12672324          11  0.85825937867681723     
    12672324          12  0.98419918752316415     
    12672324          13  0.74497836190033839     
    12672324          14   1.0924134741160643     
    12672324          15   1.0989329352860897     
    12672324          16   1.1396271174154173     
    12672324          17  0.99582977154263685     
    12672324          18   1.0410632445867687     
    12672324          19   1.0632878377508910     
    12672324          20   1.2024042954192740     
    12672324          21  0.82722819992878804     
    12672324          22  0.98325912669858362     
    12672324          23   1.0213708319702748     
    12672324          24   1.0809954729510616     
    12672324          25  0.96398607250885859     
    12675503           1  0.92463550081956225     
    12675503           2   1.0492406889381827     
    12675503           3   1.0049747397541589     
    12675503           4   1.0183398394339509     
    12675503           5   1.0397414722596170     
    12675503           6   1.0416980789234680     
    12675503           7  0.99787775312166260     
    12675503           8   1.0851151277570363     
    12675503           9   1.1130268174463507     
    12675503          10   1.1883037795055615     
    12675503          11  0.96168252243856911     
    12675503          12  0.82548185554419218     
    12675503          13  0.99278233211041622     
    12675503          14   1.2056833123313107     
    12675503          15   1.0864325874635616     
    12675503          16  0.93810523514281974     
    12675503          17  0.83157029258336257     
    12675503          18   1.0207707943310711     
    12675503          19   1.0782547842258448     
    12675503          20   1.0171098759925148     
    12675503          21   1.0900599466211627     
    12675503          22  0.61993325361074769     
    12675503          23   1.0522641569612434     
    12675503          24   1.0135738310216558     
    12675503          25  0.80334142166197686     
    12678194           1  0.96785672913332255     
    12678194           2   1.0601212067055386     
    12678194           3   1.1252987473016007     
    12678194           4   1.0538266480662815     
    12678194           5   1.0443755039032785     
    12678194           6   1.0328685748680104     
    12678194           7   1.0132365075322012     
    12678194           8   1.0316334361948514     
    12678194           9   1.0435671467978809     
    12678194          10   1.1129975806966337     
    12678194          11   1.0345473952927082     
    12678194          12  0.81631354961213809     
    12678194          13   1.3242507330872466     
    12678194          14   1.0427065027568505     
    12678194          15  0.95763888881307735     
    12678194          16   1.0585651072624600     
    12678194          17   1.0954341277709339     
    12678194          18   1.0531640620763989     
    12678194          19   1.0541472400742899     
    12678194          20  0.71131755974898625     
    12678194          21  0.74964846530468132     
    12678194          22  0.78158850118373113     
    12678194          23  0.90728351439661836     
    12678194          24   1.0202580495967009     
    12678194          25  0.90735422182357994     
    12681031           1  0.96395800910819285     
    12681031           2  0.77546677481698389     
    12681031           3  0.79316026776123627     
    12681031           4  0.93351669433377338     
    12681031           5   1.0640656022628656     
    12681031           6  0.98501029593522615     
    12681031           7   1.2699413799707637     
    12681031           8   1.0840896420533923     
    12681031           9   1.0635447877350490     
    12681031          10   1.2252440343186199     
    12681031          11  0.61877659472123259     
    12681031          12   1.1030748181457812     
    12681031          13  0.74707031100986832     
    12681031          14  0.79407554786104806     
    12681031          15   1.1124054524693996     
    12681031          16   1.0124859253341607     
    12681031          17   1.0532480194194727     
    12681031          18  0.99211584677793263     
    12681031          19   1.0053351073602537     
    12681031          20   1.0697854483252520     
    12681031          21  0.98548724625083894     
    12681031          22   1.0751244132842508     
    12681031          23   1.1251794728809996     
    12681031          24   1.0610186152913539     
    12681031          25   1.0868196925720544     
    12684701           1  0.97993716654588492     
    12684701           2  0.72631736073920061     
    12684701           3  0.98122050931464533     
    12684701           4   1.0089335778177204     
    12684701           5   1.1222918259455763     
    12684701           6  0.96894099189401361     
    12684701           7  0.98564602260875489     
    12684701           8   1.0373587987614943     
    12684701           9   1.0998083908954146     
    12684701          10  0.95849891244987095     
    12684701          11  0.70103873697586094     
    12684701          12  0.94713463643104479     
    12684701          13  0.86497905441040190     
    12684701          14   1.0324348918090247     
    12684701          15  0.99868999973768957     
    12684701          16   1.1571648355833097     
    12684701          17  0.96786204673655218     
    12684701          18   1.0287301724206004     
    12684701          19   1.0588585841836520     
    12684701          20  0.97014406531122743     
    12684701          21   1.0823438756286425     
    12684701          22   1.1015947675835249     
    12684701          23  0.92047494384416895     
    12684701          24   1.1175737131905270     
    12684701          25   1.1820221191811964     
    12692232           1   1.0082917588068290     
    12692232           2  0.94444925720659478     
    12692232           3  0.93227070252229571     
    12692232           4  0.99652717628432330     
    12692232           5  0.96084570620745346     
    12692232           6  0.70354963622260569     
    12692232           7   1.0409219410529467     
    12692232           8   1.1531849178439006     
    12692232           9   1.0977502700342832     
    12692232          10   1.0171440168354655     
    12692232          11  0.90656424659605106     
    12692232          12  0.98100213213919896     
    12692232          13  0.93734093594297430     
    12692232          14  0.86072022529678416     
    12692232          15   1.1143663785981874     
    12692232          16  0.99116103618103213     
    12692232          17   1.0091836643713876     
    12692232          18   1.0854262445458938     
    12692232          19  0.90400109224589453     
    12692232          20   1.0621325899054599     
    12692232          21   1.0916647166499829     
    12692232          22   1.0165588486315194     
    12692232          23   1.0460940039960369     
    12692232          24   1.0401786977471956     
    12692232          25   1.0986698041357015     
    12693041           1  0.79986608886770572     
    12693041           2   1.0084309506225826     
    12693041           3  0.82722804881220191     
    12693041           4  0.82006646191857546     
    12693041           5   1.0201394344133314     
    12693041           6   1.0008181430924650     
    12693041           7   1.0052459501144868     
    12693041           8   1.0167539577194724     
    12693041           9   1.0533166789451820     
    12693041          10   1.2062874852116543     
    12693041          11  0.99340375350802024     
    12693041          12  0.99594713474317731     
    12693041          13  0.77097354917230787     
    12693041          14   1.0399745179568847     
    12693041          15   1.1473234982777503     
    12693041          16   1.0895176941800038     
    12693041          17  0.96154928631800152     
    12693041          18  0.97059172860668064     
    12693041          19   1.0285496246724701     
    12693041          20   1.2223676659820597     
    12693041          21   1.0431223440930406     
    12693041          22  0.99294617864742085     
    12693041          23   1.0450872495897221     
    12693041          24   1.0478725414098373     
    12693041          25  0.89262003312496641     
    12694568           1   1.0753228337795764     
    12694568           2  0.92343417735888833     
    12694568           3  0.98430471610263204     
    12694568           4   1.0035210062607529     
    12694568           5   1.0307997079626630     
    12694568           6  0.99735044710977339     
    12694568           7  0.97839348432526707     
    12694568           8  0.95616256652652165     
    12694568           9   1.2037577784954727     
    12694568          10   1.1024872818154934     
    12694568          11  0.98357823941017930     
    12694568          12  0.98198681778406138     
    12694568          13  0.93882886579024982     
    12694568          14  0.99852600066736874     
    12694568          15   1.0513588608353164     
    12694568          16  0.70613779176686364     
    12694568          17   1.0789133122328378     
    12694568          18  0.92235420391000800     
    12694568          19   1.0943293845022020     
    12694568          20  0.97733889206041979     
    12694568          21   1.0304333063141369     
    12694568          22   1.0078703824720308     
    12694568          23   1.0215939044424802     
    12694568          24   1.0117601257464650     
    12694568          25  0.93945591232834502     
    12694735           1  0.89767767863176251     
    12694735           2   1.0493465362513423     
    12694735           3  0.99941647856189098     
    12694735           4   1.0127076592545261     
    12694735           5   1.0339909250601267     
    12694735           6   1.0249362248154670     
    12694735           7  0.99235874356808873     
    12694735           8   1.0791136303410616     
    12694735           9   1.1068709475317713     
    12694735          10   1.1817315717465224     
    12694735          11  0.95636369955446343     
    12694735          12  0.86219800664237900     
    12694735          13  0.98729150404215205     
    12694735          14   1.1990149827703753     
    12694735          15   1.0804238035110505     
    12694735          16   1.0451796800168172     
    12694735          17  0.82697108754559256     
    12694735          18   1.0151251691547423     
    12694735          19   1.0722912296354019     
    12694735          20  0.92334046323080754     
    12694735          21   1.1382675059997214     
    12694735          22  0.61650455952617400     
    12694735          23   1.0464443499588476     
    12694735          24   1.0535352192769007     
    12694735          25  0.79889834337201182     
    12702843           1  0.99441332885657263     
    12702843           2  0.88068035846828940     
    12702843           3   1.1650711876937705     
    12702843           4   1.0181828472577683     
    12702843           5   1.0268141082442177     
    12702843           6   1.0464472146235795     
    12702843           7   1.0580911698687212     
    12702843           8  0.75479653434777505     
    12702843           9  0.96763624499397438     
    12702843          10   1.0500205189477683     
    12702843          11   1.0627947453167648     
    12702843          12   1.0161719127443631     
    12702843          13   1.0909130176072876     
    12702843          14   1.0701180176374692     
    12702843          15   1.0676716019629715     
    12702843          16   1.0364864340223061     
    12702843          17  0.95682253034595954     
    12702843          18   1.0198417401151316     
    12702843          19  0.99712249735222747     
    12702843          20  0.98195695914366665     
    12702843          21  0.92350746901478309     
    12702843          22   1.0660652022658483     
    12702843          23  0.64619855928446002     
    12702843          24   1.1005219891932776     
    12702843          25   1.0016538106910438     
    12705064           1  0.95706538653618456     
    12705064           2   1.0704143843747633     
    12705064           3  0.94178290895138295     
    12705064           4   1.0474361469236191     
    12705064           5   1.0357019191214187     
    12705064           6   1.0066256186065479     
    12705064           7   1.0340517340060196     
    12705064           8  0.91496354613250996     
    12705064           9   1.0287780617076578     
    12705064          10  0.97844786803794903     
    12705064          11   1.1030389659807054     
    12705064          12  0.92292579239727779     
    12705064          13   1.0690945897972082     
    12705064          14   1.0365918890602082     
    12705064          15  0.99348098280608255     
    12705064          16  0.92198513381572766     
    12705064          17   1.0518567787414301     
    12705064          18   1.0180263936126095     
    12705064          19  0.95559917981573617     
    12705064          20   1.0693204025386247     
    12705064          21   1.1729653452453317     
    12705064          22   1.0391721573637920     
    12705064          23   1.0942889239993783     
    12705064          24   1.0471353014989362     
    12705064          25  0.48925058892889894     
    12706837           1   1.0960862006504344     
    12706837           2  0.83030539477366716     
    12706837           3   1.1659440742171527     
    12706837           4   1.1327255479391944     
    12706837           5   1.0179654035026133     
    12706837           6   1.0852684381858220     
    12706837           7  0.98761384806390451     
    12706837           8  0.96420912535718251     
    12706837           9   1.0895128504690834     
    12706837          10  0.96240736678587446     
    12706837          11  0.97868148785618414     
    12706837          12  0.92989307112475605     
    12706837          13   1.0691299757799406     
    12706837          14   1.0367990034894334     
    12706837          15   1.0431274172869145     
    12706837          16   1.1039530238618711     
    12706837          17   1.0180276557493597     
    12706837          18   1.0133362278265399     
    12706837          19   1.1094919209082315     
    12706837          20  0.67552391829450853     
    12706837          21  0.75681982311625629     
    12706837          22  0.80855322809989694     
    12706837          23   1.0492433266836607     
    12706837          24   1.0393743847805801     
    12706837          25   1.0360072851969335     
    12710666           1  0.96643329441957870     
    12710666           2  0.96519356881638807     
    12710666           3  0.84796118024343525     
    12710666           4   1.0323506693727178     
    12710666           5   1.0899593923560120     
    12710666           6  0.92504933181368887     
    12710666           7   1.0612432216478831     
    12710666           8   1.1023804057544027     
    12710666           9   1.1665388534715779     
    12710666          10  0.77045832429289873     
    12710666          11  0.96526195069927190     
    12710666          12   1.0054404383299991     
    12710666          13   1.0691157603210115     
    12710666          14   1.0265433000610054     
    12710666          15   1.0110696651348727     
    12710666          16  0.92913474311242628     
    12710666          17   1.0730681498438772     
    12710666          18  0.97009674961992887     
    12710666          19   1.0109079354247170     
    12710666          20   1.0207142509726619     
    12710666          21  0.81065312518140265     
    12710666          22   1.0712307106253121     
    12710666          23  0.98377524319437326     
    12710666          24   1.1048308972783898     
    12710666          25   1.0205888380121664     
    12717114           1  0.91767435295081545     
    12717114           2   1.0402754604142335     
    12717114           3  0.96943396839714391     
    12717114           4  0.67515580855431312     
    12717114           5   1.0817627717383689     
    12717114           6  0.91741033528684801     
    12717114           7  0.95511090520942077     
    12717114           8  0.99530613381777722     
    12717114           9   1.0781506684046520     
    12717114          10  0.99350009413523066     
    12717114          11  0.99627378209321771     
    12717114          12  0.96362656106038325     
    12717114          13   1.0317768295444940     
    12717114          14  0.95083385923299113     
    12717114          15  0.98177268901620718     
    12717114          16  0.93673648170513935     
    12717114          17   1.1314730254805903     
    12717114          18  0.90858077952930083     
    12717114          19   1.0014043703386935     
    12717114          20   1.0506289352837239     
    12717114          21   1.1057817804982693     
    12717114          22   1.0945223570826523     
    12717114          23   1.1534983357426778     
    12717114          24   1.0444990608179889     
    12717114          25   1.0248106536648660     
    12719064           1   1.0309625020898470     
    12719064           2   1.0389438629048786     
    12719064           3  0.98950878572221868     
    12719064           4   1.0142422407795539     
    12719064           5   1.1838650885831776     
    12719064           6   1.0147755425438110     
    12719064           7   1.0137546603219818     
    12719064           8   1.0317072539902679     
    12719064           9   1.0811484133631435     
    12719064          10   1.0799183888417800     
    12719064          11  0.96209052718283672     
    12719064          12  0.86205448708139221     
    12719064          13   1.0029787858703216     
    12719064          14   1.1189775268464819     
    12719064          15   1.1272703120755985     
    12719064          16   1.0271202137081632     
    12719064          17  0.99275046384681231     
    12719064          18  0.98380142705611107     
    12719064          19   1.0616610945858089     
    12719064          20   1.0750873278264856     
    12719064          21   1.1145261782323259     
    12719064          22  0.47316974982282523     
    12719064          23  0.94396129956200381     
    12719064          24  0.88199354594456303     
    12719064          25  0.89373032121761098     
    12721345           1   1.0046365671902517     
    12721345           2  0.57444242719585581     
    12721345           3   1.0379057930942770     
    12721345           4   1.0645518480260470     
    12721345           5   1.0782336158929107     
    12721345           6  0.95500211305911142     
    12721345           7  0.99112417186825463     
    12721345           8  0.79217365682946628     
    12721345           9   1.0107846628467201     
    12721345          10   1.0251777610729995     
    12721345          11   1.0591225196478660     
    12721345          12  0.93382831203379835     
    12721345          13  0.94383352248230079     
    12721345          14   1.1152064727305739     
    12721345          15   1.1028053082579496     
    12721345          16   1.0826185510721515     
    12721345          17   1.1106924440211943     
    12721345          18   1.0718787151243505     
    12721345          19   1.1969277998986834     
    12721345          20   1.0182924003353087     
    12721345          21   1.0063135237351128     
    12721345          22   1.0934222947573502     
    12721345          23   1.0431545520359937     
    12721345          24  0.76347993054242713     
    12721345          25  0.92439103624904617     
    12730955           1  0.71610033916646165     
    12730955           2  0.80204217183932691     
    12730955           3   1.0624243591808133     
    12730955           4  0.68477543419707343     
    12730955           5   1.1576573425744887     
    12730955           6  0.95420634068267862     
    12730955           7  0.99642252473176973     
    12730955           8   1.0471747998344862     
    12730955           9   1.1031270750738145     
    12730955          10   1.1106602064525293     
    12730955          11  0.91154807032098928     
    12730955          12   1.0932592386703051     
    12730955          13  0.80721050427648577     
    12730955          14   1.0008549927114454     
    12730955          15   1.0229729842692283     
    12730955          16   1.1560477490248076     
    12730955          17   1.0074529115705255     
    12730955          18  0.99705376405222690     
    12730955          19   1.0554658924593614     
    12730955          20   1.1774832721171449     
    12730955          21  0.88274480338708361     
    12730955          22   1.0494598228805454     
    12730955          23   1.0136277668871541     
    12730955          24   1.0995164238182578     
    12730955          25   1.0907112098209972     
    12734993           1  0.66941419624653742     
    12734993           2   1.0416203836124509     
    12734993           3   1.0472159834624526     
    12734993           4   1.1140846071549424     
    12734993           5  0.97529705715430903     
    12734993           6  0.98506944202553337     
    12734993           7   1.0226813294444881     
    12734993           8   1.1120919210702993     
    12734993           9   1.0498995708383634     
    12734993          10   1.0038050949425106     
    12734993          11   1.0065732898385524     
    12734993          12  0.99091235554930701     
    12734993          13  0.94002089520793075     
    12734993          14   1.0695505743395670     
    12734993          15  0.90132447904953450     
    12734993          16   1.0589293199158250     
    12734993          17  0.66997577376362538     
    12734993          18  0.94193879651905621     
    12734993          19   1.0119559904804083     
    12734993          20   1.0526004721738902     
    12734993          21   1.1066495034563066     
    12734993          22   1.0584920578778081     
    12734993          23   1.0309050966282505     
    12734993          24   1.0972171808412554     
    12734993          25   1.0417746284067957     
    12735429           1  0.90153537307255627     
    12735429           2   1.0464453884414129     
    12735429           3  0.99937500936180568     
    12735429           4   1.0126656385579991     
    12735429           5   1.0339480212482750     
    12735429           6   1.0248936967140265     
    12735429           7  0.99231756721751185     
    12735429           8   1.0790688542341920     
    12735429           9   1.1068250196790927     
    12735429          10   1.1816825376710922     
    12735429          11  0.95632401676109158     
    12735429          12  0.86216223110493528     
    12735429          13  0.98725053794863460     
    12735429          14   1.1989652315472441     
    12735429          15   1.0803789730406252     
    12735429          16   1.0451363119453418     
    12735429          17  0.82693677369322982     
    12735429          18   1.0150830481474802     
    12735429          19   1.0722467366132182     
    12735429          20  0.92330215068419863     
    12735429          21   1.1382202753966950     
    12735429          22  0.61647897864825085     
    12735429          23   1.0464009294119008     
    12735429          24   1.0534915045055893     
    12735429          25  0.79886519435359982     
    12737079           1  0.71690387441937586     
    12737079           2  0.72978115731778126     
    12737079           3   1.0636165041631076     
    12737079           4  0.68554381981513846     
    12737079           5   1.1589563483627505     
    12737079           6  0.95527705436811727     
    12737079           7  0.99754060914205189     
    12737079           8   1.0483498333062058     
    12737079           9   1.1043648925203160     
    12737079          10   1.1119064768158871     
    12737079          11  0.91257091721711203     
    12737079          12   1.0944859834304992     
    12737079          13  0.80811627412636999     
    12737079          14   1.0019780507882436     
    12737079          15   1.0241208609153922     
    12737079          16   1.1573449486902552     
    12737079          17   1.0085833731634362     
    12737079          18  0.99817255677532402     
    12737079          19   1.0566502293552591     
    12737079          20   1.2239130422824440     
    12737079          21  0.88373533017509487     
    12737079          22   1.0506374203736328     
    12737079          23   1.0147651572771301     
    12737079          24   1.1007501897577134     
    12737079          25   1.0919350954413560     
    12740487           1  0.99226665846866502     
    12740487           2   1.0975835524317725     
    12740487           3   1.0703372878066835     
    12740487           4   1.0349254994255925     
    12740487           5   1.0481135602584506     
    12740487           6  0.88605343074662413     
    12740487           7   1.1355533198515926     
    12740487           8   1.0615161675875975     
    12740487           9   1.1208018015908734     
    12740487          10  0.96860087707738918     
    12740487          11  0.83924698753540794     
    12740487          12   1.0977286601282807     
    12740487          13   1.2112375696335316     
    12740487          14   1.2210583871563723     
    12740487          15  0.79680092290445392     
    12740487          16   1.0576826366250773     
    12740487          17  0.89001589688142557     
    12740487          18  0.99289044153792816     
    12740487          19  0.97427535509275653     
    12740487          20  0.90362993314159290     
    12740487          21  0.97220061764901267     
    12740487          22  0.55393249917796705     
    12740487          23   1.1091694077412202     
    12740487          24  0.93234026417134530     
    12740487          25   1.0320382653783757     
    12751107           1   1.0283060711145886     
    12751107           2  0.94404188149385304     
    12751107           3   1.0831570480553381     
    12751107           4   1.0562197428395852     
    12751107           5   1.0150975003303488     
    12751107           6  0.99701096622137841     
    12751107           7   1.0369677981141607     
    12751107           8  0.95968862732705817     
    12751107           9   1.0110802854377494     
    12751107          10  0.97554193836507419     
    12751107          11   1.0756254286750766     
    12751107          12  0.94930073807466786     
    12751107          13   1.0923125969087322     
    12751107          14   1.0413573099072926     
    12751107          15   1.0666644310320355     
    12751107          16   1.0047241447334525     
    12751107          17   1.0322945863021238     
    12751107          18   1.0002671617164098     
    12751107          19  0.99840174875520282     
    12751107          20  0.97689492411870604     
    12751107          21  0.98503785376019937     
    12751107          22   1.0674329032346692     
    12751107          23  0.60911796546639141     
    12751107          24  0.99051747250481814     
    12751107          25   1.0029388755110888     
    12752141           1  0.86864715859343311     
    12752141           2   1.1020405738478622     
    12752141           3   1.1377824470027298     
    12752141           4   1.0946848594150456     
    12752141           5   1.0685867366502768     
    12752141           6  0.89089365307438639     
    12752141           7   1.0569543990235188     
    12752141           8  0.99908300874629941     
    12752141           9   1.0941017600080718     
    12752141          10   1.0469247043690473     
    12752141          11   1.0315471585504472     
    12752141          12  0.87052752559987223     
    12752141          13   1.3204103428610929     
    12752141          14   1.0017681781729926     
    12752141          15  0.75000302152550247     
    12752141          16   1.0630437685209353     
    12752141          17   1.0077862806056839     
    12752141          18   1.0261876327595993     
    12752141          19   1.1070784185164542     
    12752141          20  0.81990055616326640     
    12752141          21  0.79603058950145711     
    12752141          22  0.77932185728781067     
    12752141          23  0.90680788921912248     
    12752141          24   1.1437203593794558     
    12752141          25   1.0161671206056409     
    12755818           1  0.53262549132140524     
    12755818           2  0.92096141322348979     
    12755818           3  0.88250465703316461     
    12755818           4   1.0527109280276812     
    12755818           5  0.93008615113215709     
    12755818           6   1.0109435507663074     
    12755818           7   1.1775901976992920     
    12755818           8   1.0049968151547897     
    12755818           9   1.1641222621657765     
    12755818          10   1.0230854821394024     
    12755818          11  0.97170165986421630     
    12755818          12   1.0076866463025180     
    12755818          13   1.1019819927764720     
    12755818          14   1.0980380610922322     
    12755818          15  0.68474113167116724     
    12755818          16   1.0750739001875933     
    12755818          17  0.90263379505562213     
    12755818          18  0.84583936242944735     
    12755818          19   1.0270466753454188     
    12755818          20   1.1364567933411998     
    12755818          21   1.1945053311958527     
    12755818          22   1.0606541853771494     
    12755818          23   1.1790571317934515     
    12755818          24   1.0594951084592821     
    12755818          25  0.95546127644490775     
    12756467           1   1.0402259681287802     
    12756467           2  0.91914474037134319     
    12756467           3  0.73542779807294711     
    12756467           4   1.0069369584886489     
    12756467           5   1.1388791007689085     
    12756467           6  0.88926029211387814     
    12756467           7   1.0165618091806181     
    12756467           8   1.1321818354084303     
    12756467           9   1.1533047107252636     
    12756467          10  0.88553260534474565     
    12756467          11   1.0005080373915902     
    12756467          12  0.93627002344583388     
    12756467          13  0.99506340072822241     
    12756467          14  0.95113195438263565     
    12756467          15   1.1122972117425136     
    12756467          16  0.90280135582031151     
    12756467          17   1.0920338293259262     
    12756467          18  0.96240168049733377     
    12756467          19   1.0305821543317004     
    12756467          20  0.98478164870661156     
    12756467          21  0.84033253331002167     
    12756467          22   1.1013342411220002     
    12756467          23   1.0337161771346897     
    12756467          24   1.1620087519089268     
    12756467          25  0.97728118154812205     
    12760595           1   1.0296754600211917     
    12760595           2  0.94529905629443089     
    12760595           3   1.0845994816725084     
    12760595           4   1.0576263042121268     
    12760595           5   1.0164492994640117     
    12760595           6  0.99833867962817135     
    12760595           7   1.0383487217896410     
    12760595           8  0.93795520979403524     
    12760595           9   1.0124267348709060     
    12760595          10  0.97684106159875828     
    12760595          11   1.0770578324807758     
    12760595          12  0.95056491606239546     
    12760595          13   1.0937672229143225     
    12760595          14   1.0324631609581973     
    12760595          15   1.0680849015319716     
    12760595          16   1.0060621297329022     
    12760595          17   1.0336692866900117     
    12760595          18   1.0015992113788312     
    12760595          19  0.99973131425859108     
    12760595          20  0.97819584911524449     
    12760595          21  0.98634962264634574     
    12760595          22   1.0688543971043383     
    12760595          23  0.60992912413612321     
    12760595          24  0.99183653856573772     
    12760595          25   1.0042744830784325     
    12761550           1  0.75095327655579458     
    12761550           2  0.84256169543047399     
    12761550           3   1.0524820411284423     
    12761550           4  0.57501129675926754     
    12761550           5   1.1468872316695162     
    12761550           6  0.98551787198418006     
    12761550           7   1.0270600144457560     
    12761550           8   1.0373751893244172     
    12761550           9   1.0198547361019872     
    12761550          10   1.1007175984376887     
    12761550          11  0.81761511195402015     
    12761550          12   1.0778064218075607     
    12761550          13  0.73842336889633764     
    12761550          14   1.1219327736744937     
    12761550          15   1.1684276805164258     
    12761550          16   1.1377915254542055     
    12761550          17   1.0046495368609445     
    12761550          18  0.97209832926947370     
    12761550          19   1.0413677044094223     
    12761550          20   1.2249920843065831     
    12761550          21  0.89927892537156651     
    12761550          22   1.0635455110500405     
    12761550          23   1.0268904439376838     
    12761550          24   1.0913258511773285     
    12761550          25   1.0754337794763846     
    12768384           1  0.92428565990120293     
    12768384           2  0.91230706964963626     
    12768384           3  0.98903221811761044     
    12768384           4  0.91773188373806125     
    12768384           5   1.1786684420134976     
    12768384           6  0.99884256560474693     
    12768384           7   1.1081940096397263     
    12768384           8  0.96686264214490958     
    12768384           9   1.0462639526212612     
    12768384          10   1.1224509390466053     
    12768384          11   1.0816237280753231     
    12768384          12  0.99598610789967024     
    12768384          13  0.97680709341131966     
    12768384          14  0.96094590374975608     
    12768384          15  0.90842941362764473     
    12768384          16   1.0237673268075318     
    12768384          17  0.74134449880628805     
    12768384          18   1.0672805479815821     
    12768384          19  0.99303990160162459     
    12768384          20   1.0195676175072745     
    12768384          21  0.93685840325151504     
    12768384          22   1.0144609568039815     
    12768384          23   1.0784201806239955     
    12768384          24   1.0165419176209600     
    12768384          25   1.0202870197542770     
    12770710           1  0.99741411629315702     
    12770710           2   1.0034593997020431     
    12770710           3  0.94163274989412171     
    12770710           4   1.1094175528440073     
    12770710           5   1.0587161848020439     
    12770710           6   1.0215587287472836     
    12770710           7  0.90983136489931959     
    12770710           8   1.0190048814216646     
    12770710           9  0.97490664264652094     
    12770710          10  0.92085034591655757     
    12770710          11  0.99687987414293677     
    12770710          12   1.0226245487395933     
    12770710          13   1.1806166417459496     
    12770710          14   1.0944264239444415     
    12770710          15  0.92801600936273621     
    12770710          16  0.95915527431487468     
    12770710          17   1.0222097723498296     
    12770710          18   1.0678076206098670     
    12770710          19   1.0512957109837833     
    12770710          20  0.62188601918728748     
    12770710          21   1.0613521589791008     
    12770710          22   1.1567675041606722     
    12770710          23  0.99787990138728644     
    12770710          24   1.0413790096188866     
    12770710          25  0.84091156330603467     
    12771754           1  0.99706357747366015     
    12771754           2   1.0464193267990518     
    12771754           3   1.0404191565740279     
    12771754           4   1.0845945963273274     
    12771754           5   1.1167342764596138     
    12771754           6   1.0681950406401508     
    12771754           7  0.86076903593663145     
    12771754           8  0.63141136872306147     
    12771754           9   1.0649792186622544     
    12771754          10   1.0911271604318571     
    12771754          11   1.0655380117331954     
    12771754          12  0.95983615251565590     
    12771754          13   1.0014272897016587     
    12771754          14   1.0507776485818241     
    12771754          15   1.1063581962475157     
    12771754          16  0.89233925024198990     
    12771754          17   1.0507248554874773     
    12771754          18  0.88543275203484362     
    12771754          19  0.78652845418905148     
    12771754          20  0.89769068602098068     
    12771754          21   1.1374923257251175     
    12771754          22  0.92510203649503642     
    12771754          23   1.1041044496727903     
    12771754          24   1.1478599932910611     
    12771754          25  0.98707514003416297     
    12780507           1   1.0439595191488578     
    12780507           2  0.94495061718385964     
    12780507           3  0.73806737571262815     
    12780507           4   1.0105510294921651     
    12780507           5   1.1429667349548434     
    12780507           6  0.89245200119676937     
    12780507           7   1.0202104254389350     
    12780507           8   1.1362454319499644     
    12780507           9   1.1574441209218136     
    12780507          10  0.88871093511471277     
    12780507          11   1.0040990338847067     
    12780507          12  0.93963045858993266     
    12780507          13  0.99863485547811059     
    12780507          14  0.95454573156885747     
    12780507          15   1.0645175475503750     
    12780507          16  0.90763670493441873     
    12780507          17   1.0757154992018294     
    12780507          18  0.92403435402469070     
    12780507          19   1.0342810920351113     
    12780507          20  0.98831620046914437     
    12780507          21  0.84334863219917700     
    12780507          22   1.1052871203091867     
    12780507          23   1.0374263633883112     
    12780507          24   1.1661794024155976     
    12780507          25  0.98078881283599983     
    12783749           1  0.72018536104964848     
    12783749           2   1.0369805277276209     
    12783749           3  0.81128237216579047     
    12783749           4   1.1791650326034329     
    12783749           5   1.0693355380352223     
    12783749           6  0.98999310303618704     
    12783749           7   1.1365585297767424     
    12783749           8   1.0158609682109621     
    12783749           9  0.87457552768502278     
    12783749          10  0.67092125427788996     
    12783749          11  0.98783078881270636     
    12783749          12  0.98319191967499209     
    12783749          13   1.0005008614701962     
    12783749          14  0.99197594453012738     
    12783749          15   1.0478648333221210     
    12783749          16   1.0749241095612576     
    12783749          17   1.0171953477497513     
    12783749          18   1.0193976576294794     
    12783749          19   1.0617582596272233     
    12783749          20   1.0442985995123235     
    12783749          21  0.92625830864531467     
    12783749          22   1.0820013155137997     
    12783749          23   1.1050211176279936     
    12783749          24   1.1136843114921544     
    12783749          25   1.0392384102620382     
    12792048           1  0.91708914937386743     
    12792048           2  0.72396891724361390     
    12792048           3  0.95462548721720941     
    12792048           4  0.54395133492537651     
    12792048           5   1.0386717572644959     
    12792048           6   1.0123589499164476     
    12792048           7   1.0245088488994012     
    12792048           8   1.1378639013386094     
    12792048           9   1.0448557160656249     
    12792048          10   1.1315151447174796     
    12792048          11  0.94198055980944373     
    12792048          12  0.94108439370773878     
    12792048          13  0.99572963502480227     
    12792048          14   1.1073641708353219     
    12792048          15   1.1441291515250083     
    12792048          16   1.0183015671069877     
    12792048          17   1.1493254966512669     
    12792048          18   1.0540337362175847     
    12792048          19  0.97551788262069894     
    12792048          20   1.1040606604810870     
    12792048          21  0.93753314232115648     
    12792048          22   1.0384686832682628     
    12792048          23   1.0642384044474331     
    12792048          24   1.0325296941617512     
    12792048          25  0.96629361485932752     
    12792532           1  0.97096073659724402     
    12792532           2  0.67447942611788325     
    12792532           3   1.0491017576635817     
    12792532           4  0.88033384389222213     
    12792532           5   1.0659084112222115     
    12792532           6  0.90236506285500040     
    12792532           7   1.1517246724587258     
    12792532           8   1.0875919848065936     
    12792532           9   1.1025914518310080     
    12792532          10   1.0334454763421916     
    12792532          11   1.0559597579338185     
    12792532          12  0.98260153749467338     
    12792532          13  0.60067256438240912     
    12792532          14   1.0706326477318067     
    12792532          15  0.87430501810752925     
    12792532          16  0.97665971979863442     
    12792532          17   1.0200184260089646     
    12792532          18  0.91507583794065206     
    12792532          19   1.0505213687446562     
    12792532          20   1.0891641345880256     
    12792532          21   1.0978189999128634     
    12792532          22   1.0299050390511424     
    12792532          23   1.1962278892990337     
    12792532          24   1.0558845060145148     
    12792532          25   1.0660497292046096     
    12794648           1  0.92763698034415720     
    12794648           2  0.75680777349148010     
    12794648           3  0.77683711555150814     
    12794648           4   1.0491374775953475     
    12794648           5   1.0720793570679237     
    12794648           6   1.0173579269007711     
    12794648           7  0.97109937869259677     
    12794648           8  0.99776676687767729     
    12794648           9   1.0943654520973036     
    12794648          10   1.0030153138311315     
    12794648          11  0.94120195213820068     
    12794648          12  0.98002934282783138     
    12794648          13  0.98612827089047483     
    12794648          14  0.97990395595356683     
    12794648          15   1.0514845461787703     
    12794648          16   1.0485491669635636     
    12794648          17  0.89792434887822203     
    12794648          18   1.0135476716436957     
    12794648          19   1.0886241975937649     
    12794648          20  0.97279867398264697     
    12794648          21   1.0905057971487797     
    12794648          22   1.0863338441015369     
    12794648          23   1.0454463845257531     
    12794648          24  0.95579876984849321     
    12794648          25   1.1956195348748087     
    12797023           1  0.70319262949745975     
    12797023           2   1.0681495986335274     
    12797023           3  0.82186968968288210     
    12797023           4   1.1023173231170260     
    12797023           5   1.0558368520874279     
    12797023           6   1.0798118818337370     
    12797023           7   1.0101822183600988     
    12797023           8  0.99615160690797522     
    12797023           9   1.1288565521549385     
    12797023          10  0.92976067460237455     
    12797023          11   1.0449976616541130     
    12797023          12  0.98600734330187356     
    12797023          13  0.99806207672456682     
    12797023          14   1.1442078906526751     
    12797023          15  0.60229741234790646     
    12797023          16   1.0780356689673312     
    12797023          17  0.78413792225840995     
    12797023          18  0.98848414519649030     
    12797023          19   1.0158471129384812     
    12797023          20   1.0882967776768564     
    12797023          21   1.1540095143624560     
    12797023          22   1.0865144386825127     
    12797023          23   1.1050245742177887     
    12797023          24   1.1124535278304686     
    12797023          25  0.91549490631062136     
    12797392           1  0.94436520998828444     
    12797392           2  0.98068789887786323     
    12797392           3  0.90375043097521102     
    12797392           4   1.0183830577781521     
    12797392           5  0.86214793709068704     
    12797392           6  0.99917927637461423     
    12797392           7   1.0549360888104296     
    12797392           8   1.0278646619177014     
    12797392           9   1.0756419141186302     
    12797392          10   1.1103481210893245     
    12797392          11  0.77066296403592749     
    12797392          12   1.1798414431641580     
    12797392          13  0.93444466227374545     
    12797392          14  0.87266224942341253     
    12797392          15   1.0847237838234012     
    12797392          16  0.95173097319571465     
    12797392          17   1.0103846765100222     
    12797392          18   1.0386398120870661     
    12797392          19   1.1055598908134316     
    12797392          20   1.1127307898805083     
    12797392          21   1.0728272933909271     
    12797392          22  0.88452309053806866     
    12797392          23   1.0704007365713184     
    12797392          24  0.90430941950292087     
    12797392          25   1.0292536177684783     
    12799173           1  0.92430579308287530     
    12799173           2   1.0095289963015974     
    12799173           3   1.0467603564587413     
    12799173           4   1.0361372244725635     
    12799173           5  0.95000517426472797     
    12799173           6  0.96370766911158579     
    12799173           7   1.1580472282795344     
    12799173           8   1.0046091607306944     
    12799173           9   1.0265201268131905     
    12799173          10  0.96647630741504875     
    12799173          11   1.0345116799286240     
    12799173          12  0.94788423501928731     
    12799173          13   1.0673302886945779     
    12799173          14   1.1247319669472660     
    12799173          15  0.96687513484023435     
    12799173          16   1.0364395463171128     
    12799173          17  0.98400451391262800     
    12799173          18  0.94917242595487994     
    12799173          19  0.88467142904766261     
    12799173          20   1.0265586403789739     
    12799173          21   1.0570951980948886     
    12799173          22   1.1204556016837590     
    12799173          23  0.68850972390921539     
    12799173          24   1.0227874630902609     
    12799173          25   1.0028741152500684     
    12799347           1  0.71950161077939101     
    12799347           2   1.0359960093599438     
    12799347           3  0.81051213359774321     
    12799347           4   1.1780455230253075     
    12799347           5   1.0683203015382434     
    12799347           6  0.98905319493979438     
    12799347           7   1.1354794711844298     
    12799347           8   1.0148965009375006     
    12799347           9  0.87374519804246564     
    12799347          10  0.67028427578076322     
    12799347          11  0.98689293363631825     
    12799347          12  0.98225846868146871     
    12799347          13  0.99955097721619524     
    12799347          14   1.0085789576975834     
    12799347          15   1.0468699812996733     
    12799347          16   1.0739035672256738     
    12799347          17   1.0162296136047044     
    12799347          18   1.0184298325922025     
    12799347          19   1.0607502170645275     
    12799347          20   1.0494975478062198     
    12799347          21  0.92537891091923274     
    12799347          22   1.0809740540170882     
    12799347          23   1.1039720009301517     
    12799347          24   1.1126269698824129     
    12799347          25   1.0382517482409677     
    12802234           1   1.0497052013543950     
    12802234           2  0.94446196613390576     
    12802234           3  0.91592885183352990     
    12802234           4  0.99654058599516826     
    12802234           5  0.96085863577264086     
    12802234           6  0.59625662955824310     
    12802234           7   1.0237383172197276     
    12802234           8   1.1328210303352371     
    12802234           9   1.0730849688116200     
    12802234          10   1.0171577039756439     
    12802234          11  0.81565788606918777     
    12802234          12   1.0060021849184826     
    12802234          13  0.93735354921756753     
    12802234          14  0.85125990510340621     
    12802234          15   1.1143813740055055     
    12802234          16  0.98170739284677355     
    12802234          17   1.0634465425571580     
    12802234          18   1.1083957492196608     
    12802234          19  0.97866052237548440     
    12802234          20   1.0621468824317934     
    12802234          21   1.0916794065736879     
    12802234          22   1.0304729043304510     
    12802234          23   1.0508068095851062     
    12802234          24   1.0484840744419177     
    12802234          25   1.1489909253337078     
    12803830           1   1.0360383430551252     
    12803830           2   1.0228576881025118     
    12803830           3   1.0177029921825826     
    12803830           4   1.0385397477823046     
    12803830           5  0.97227320658669458     
    12803830           6   1.1312381728826459     
    12803830           7  0.99392973038968535     
    12803830           8  0.99103667818381302     
    12803830           9   1.0521051945275253     
    12803830          10   1.0074635926392110     
    12803830          11   1.0019311387286800     
    12803830          12  0.78133770706137484     
    12803830          13   1.0313548181333905     
    12803830          14   1.0051214152450492     
    12803830          15   1.0554560014464534     
    12803830          16  0.88608906113591956     
    12803830          17   1.0579275154159602     
    12803830          18  0.97924453987980697     
    12803830          19  0.96519621674317724     
    12803830          20  0.93461457692162353     
    12803830          21  0.89663100580224941     
    12803830          22   1.0068943419184537     
    12803830          23   1.0753106887752715     
    12803830          24   1.0393899184836992     
    12803830          25   1.0203157079767926     
    12805708           1   1.0662278056076520     
    12805708           2  0.99856757260722739     
    12805708           3  0.95292453120625853     
    12805708           4   1.0449630727827084     
    12805708           5   1.0888629750740764     
    12805708           6   1.0323927078461013     
    12805708           7  0.90567206692720870     
    12805708           8  0.86452025335448812     
    12805708           9   1.1383352754911886     
    12805708          10   1.1289880951637246     
    12805708          11   1.0189708647952167     
    12805708          12  0.74723254493600588     
    12805708          13   1.0680958142222581     
    12805708          14   1.0869543275860012     
    12805708          15   1.0343395412704737     
    12805708          16   1.0481381351203287     
    12805708          17  0.96444455798415818     
    12805708          18   1.0008808615107780     
    12805708          19  0.91817563313342077     
    12805708          20   1.1067992180359589     
    12805708          21   1.0997199103187458     
    12805708          22  0.57842463567441627     
    12805708          23   1.0844075437073684     
    12805708          24   1.0607532150245149     
    12805708          25  0.96120884061971679     
    12813612           1  0.93846574300912222     
    12813612           2  0.86367447524321883     
    12813612           3  0.90301145009022898     
    12813612           4   1.0723106763361556     
    12813612           5   1.1124092750494774     
    12813612           6   1.0391802905408709     
    12813612           7  0.97319457970360979     
    12813612           8   1.0372910424653141     
    12813612           9  0.93323634981276582     
    12813612          10   1.0683012238819578     
    12813612          11  0.92242372529949934     
    12813612          12  0.94212944840659396     
    12813612          13  0.99045236654179103     
    12813612          14  0.96563117566048084     
    12813612          15   1.1401371820106800     
    12813612          16  0.82172664191814693     
    12813612          17  0.87638133016585362     
    12813612          18  0.98242668831946178     
    12813612          19   1.0954561800945943     
    12813612          20   1.1142451989273825     
    12813612          21   1.0600196688006323     
    12813612          22   1.0038462785430402     
    12813612          23   1.0184239449998620     
    12813612          24  0.98977415063440022     
    12813612          25   1.1358509135448525     
    12814245           1  0.89815855871276018     
    12814245           2   1.0499086643507245     
    12814245           3  0.99995185945483434     
    12814245           4   1.0132501601463288     
    12814245           5   1.0345448272586881     
    12814245           6   1.0254852764701299     
    12814245           7  0.99289034367840123     
    12814245           8   1.0796917044787131     
    12814245           9   1.1074638910833079     
    12814245          10   1.1823646176464775     
    12814245          11  0.95687601735432881     
    12814245          12  0.86265988049436348     
    12814245          13  0.98782038966528096     
    12814245          14   1.1996572872809552     
    12814245          15   1.0810025794999290     
    12814245          16   1.0457395759584760     
    12814245          17  0.82741409056664095     
    12814245          18   1.0156689650908404     
    12814245          19   1.0594733120181179     
    12814245          20  0.92383509069823389     
    12814245          21   1.1388772684829731     
    12814245          22  0.61683481700007292     
    12814245          23   1.0470049233759506     
    12814245          24   1.0540995912264761     
    12814245          25  0.79932630800699656     
    12817108           1  0.98165822256753033     
    12817108           2  0.72759298626908220     
    12817108           3  0.98294381926121099     
    12817108           4   1.0107055600108890     
    12817108           5   1.1242628983479992     
    12817108           6  0.97064273541966872     
    12817108           7  0.98737710504988829     
    12817108           8   1.0391807039490568     
    12817108           9   1.1017399758157811     
    12817108          10  0.96018231663263820     
    12817108          11  0.70226996585549595     
    12817108          12  0.94879808162425472     
    12817108          13  0.86649821039408348     
    12817108          14   1.0342481491771149     
    12817108          15   1.0004439912143717     
    12817108          16   1.1591971551812457     
    12817108          17  0.96956189531922143     
    12817108          18   1.0305369232188515     
    12817108          19   1.0607182492770821     
    12817108          20  0.92794061628659197     
    12817108          21   1.0842447877567207     
    12817108          22   1.1035294899033705     
    12817108          23  0.92209156682670224     
    12817108          24   1.1195364992082253     
    12817108          25   1.1840980954329243     
    12817657           1  0.98826605066363438     
    12817657           2  0.96196535244209802     
    12817657           3  0.60437626551347734     
    12817657           4   1.0284775167742128     
    12817657           5   1.1474205849433201     
    12817657           6   1.0588407367634047     
    12817657           7  0.99882721287429488     
    12817657           8   1.0249039361303620     
    12817657           9   1.1635291442159466     
    12817657          10   1.0139071638563442     
    12817657          11   1.0798224308433528     
    12817657          12  0.94976622174702829     
    12817657          13  0.97505561781680328     
    12817657          14   1.0202616404498228     
    12817657          15  0.90359089654156488     
    12817657          16  0.93313277440375042     
    12817657          17   1.1306623292694578     
    12817657          18  0.95969759277053290     
    12817657          19  0.97640852788506471     
    12817657          20  0.90191938994812637     
    12817657          21  0.97791656950995343     
    12817657          22   1.0483176222606962     
    12817657          23  0.99799782573328444     
    12817657          24   1.1191427613083715     
    12817657          25   1.0357938353350959     
    12820731           1  0.71669747730798039     
    12820731           2   1.0468700445765204     
    12820731           3  0.81901944193153609     
    12820731           4   1.1494213219180718     
    12820731           5   1.0795336194241754     
    12820731           6  0.95697467498265409     
    12820731           7   1.1473977060480818     
    12820731           8   1.0255490712106163     
    12820731           9  0.87005096331313980     
    12820731          10  0.71490239138235301     
    12820731          11  0.98040594948118964     
    12820731          12  0.99256846320241388     
    12820731          13   1.0100424775972894     
    12820731          14  0.97364352408309462     
    12820731          15   1.0578581520464525     
    12820731          16   1.1637608394592995     
    12820731          17  0.95189943802884502     
    12820731          18  0.94670064196548021     
    12820731          19   1.0360349617548290     
    12820731          20   1.0542579076372212     
    12820731          21  0.93509188546266653     
    12820731          22   1.0908382994557935     
    12820731          23   1.1155595266616891     
    12820731          24   1.0919648263250186     
    12820731          25   1.0729563947435929     
    12820835           1   1.0420419618718353     
    12820835           2   1.1035210461039793     
    12820835           3   1.0761273899446020     
    12820835           4  0.94371451747245283     
    12820835           5   1.0537834408046751     
    12820835           6  0.86862548992973665     
    12820835           7   1.1416962149743684     
    12820835           8   1.0672585509478734     
    12820835           9   1.0663191004079566     
    12820835          10  0.92189582889619737     
    12820835          11  0.84378698238761740     
    12820835          12   1.0636841581985419     
    12820835          13   1.2177898866660750     
    12820835          14   1.2276638309342724     
    12820835          15  0.80111130130550767     
    12820835          16   1.0634042820963951     
    12820835          17  0.89483053148868508     
    12820835          18  0.99826158681499133     
    12820835          19  0.97954580010173442     
    12820835          20  0.90851821430994473     
    12820835          21   1.0404096331126871     
    12820835          22  0.55692905529564185     
    12820835          23   1.1440761541129043     
    12820835          24  0.93738385689519388     
    12820835          25   1.0376211849261250     
    12823087           1   1.0416082300128187     
    12823087           2  0.85805691909182935     
    12823087           3  0.97832353840960107     
    12823087           4  0.73012725613901641     
    12823087           5   1.0124563723756557     
    12823087           6   1.0160977284191572     
    12823087           7   1.0105037978259763     
    12823087           8   1.0667939213385997     
    12823087           9   1.0767422598557999     
    12823087          10   1.0143507143551527     
    12823087          11   1.0854252151683661     
    12823087          12   1.2063559274752040     
    12823087          13   1.0151993982987659     
    12823087          14   1.0368887163929348     
    12823087          15   1.0317697456431205     
    12823087          16  0.75028304012879499     
    12823087          17  0.98043111666112714     
    12823087          18   1.0467957949155149     
    12823087          19  0.99196944520648489     
    12823087          20   1.0840699224133741     
    12823087          21   1.0333705572255145     
    12823087          22   1.0869194692311677     
    12823087          23   1.1105534251231997     
    12823087          24   1.0592438503876558     
    12823087          25  0.67566363790516815     
    12823397           1   1.0072813733328672     
    12823397           2  0.94350284680301810     
    12823397           3  0.92022190030811168     
    12823397           4  0.99552857982200837     
    12823397           5  0.95988286530769307     
    12823397           6  0.62306167229978282     
    12823397           7   1.0226986912262794     
    12823397           8   1.1316706287440770     
    12823397           9   1.0719952303423355     
    12823397          10   1.0161247607217849     
    12823397          11  0.90565579987120837     
    12823397          12   1.0049805703092460     
    12823397          13  0.93640164862107134     
    12823397          14  0.85039543426194242     
    12823397          15   1.1233492915042385     
    12823397          16  0.98071045006716218     
    12823397          17   1.0623665920955130     
    12823397          18   1.1072701519722647     
    12823397          19  0.94939033418771879     
    12823397          20   1.0610682518000567     
    12823397          21   1.0905707850944526     
    12823397          22   1.0294264392339842     
    12823397          23   1.0497396950159221     
    12823397          24   1.0474193186550418     
    12823397          25   1.1092866884022206     
    12823537           1  0.96493002543165762     
    12823537           2  0.77624872419268753     
    12823537           3  0.79396005854060947     
    12823537           4  0.93445801486490188     
    12823537           5   1.0651385630400614     
    12823537           6  0.98600354053445483     
    12823537           7   1.2712219375671647     
    12823537           8   1.0851827942635699     
    12823537           9   1.0646172233439100     
    12823537          10   1.2264795209169288     
    12823537          11  0.61940054404782563     
    12823537          12   1.1041871142407456     
    12823537          13  0.74782362653836243     
    12823537          14  0.79487626157190694     
    12823537          15   1.1135271571991645     
    12823537          16   1.0135068752483729     
    12823537          17   1.0543100721830363     
    12823537          18  0.99311625632764777     
    12823537          19   1.0063488466784325     
    12823537          20   1.0708641767642006     
    12823537          21  0.98648097178750249     
    12823537          22   1.0762085253198306     
    12823537          23   1.1263140584170228     
    12823537          24   1.0620885036099512     
    12823537          25   1.0627066073700502     
    12826329           1   1.0682640364362643     
    12826329           2  0.89876317233652925     
    12826329           3   1.1689881872487227     
    12826329           4   1.1567686616107165     
    12826329           5   1.0206231654133382     
    12826329           6   1.0939662583148244     
    12826329           7  0.99019236640927921     
    12826329           8  0.96672653732278535     
    12826329           9   1.0417790152275661     
    12826329          10  0.97574006158814419     
    12826329          11  0.88898027699238580     
    12826329          12  0.93000122533345975     
    12826329          13   1.0719213210628600     
    12826329          14   1.0395059372330264     
    12826329          15   1.0458508736127961     
    12826329          16   1.0548513940896187     
    12826329          17  0.98035870462104679     
    12826329          18   1.0689580324229242     
    12826329          19   1.1892366022874215     
    12826329          20  0.74769397080911726     
    12826329          21  0.71207506958748512     
    12826329          22  0.77693162795564519     
    12826329          23   1.0262563423513604     
    12826329          24   1.0420880424759673     
    12826329          25   1.0434791172567122     
    12826440           1  0.98133015907555232     
    12826440           2  0.90355737373760336     
    12826440           3  0.95570485562143825     
    12826440           4   1.0557797266983504     
    12826440           5   1.0658415141884316     
    12826440           6  0.82664589174717429     
    12826440           7   1.0635799610760936     
    12826440           8   1.1509324071360403     
    12826440           9   1.0320577511805826     
    12826440          10   1.0696591293731328     
    12826440          11  0.96618496225082340     
    12826440          12   1.0207600924251774     
    12826440          13  0.91899194939385498     
    12826440          14  0.78269873220441055     
    12826440          15   1.0471084430912796     
    12826440          16  0.98927686119723812     
    12826440          17  0.87839243348812812     
    12826440          18   1.1499787246881181     
    12826440          19  0.85640605982530282     
    12826440          20   1.0453094490470176     
    12826440          21   1.0726345483033868     
    12826440          22   1.0466629409875148     
    12826440          23   1.0318199901276952     
    12826440          24   1.0450393939086318     
    12826440          25   1.0436466492270162     
    12827456           1  0.96064587356681830     
    12827456           2  0.63462369048984579     
    12827456           3   1.0177337509755762     
    12827456           4   1.0470062988046420     
    12827456           5   1.0744659519869435     
    12827456           6   1.0833555184688000     
    12827456           7  0.94735286791577678     
    12827456           8   1.0540921117058122     
    12827456           9   1.0540794442335408     
    12827456          10  0.95494440329932617     
    12827456          11  0.81542406113385879     
    12827456          12  0.93153015889737378     
    12827456          13  0.97561792022304594     
    12827456          14   1.0776538833945692     
    12827456          15   1.0158894991016363     
    12827456          16   1.0279426399370668     
    12827456          17  0.74768684528763463     
    12827456          18  0.97578492108049208     
    12827456          19   1.0798905308549511     
    12827456          20   1.0399469869699205     
    12827456          21  0.97936832268730090     
    12827456          22   1.2449776126011167     
    12827456          23   1.0118331828395897     
    12827456          24   1.0706028901911309     
    12827456          25   1.1775506333532317     
    12829270           1  0.91059034008687578     
    12829270           2   1.0298810972859642     
    12829270           3  0.67927874703228874     
    12829270           4   1.1278624657172387     
    12829270           5   1.0086280485502395     
    12829270           6  0.96053433968570334     
    12829270           7   1.0920424648542626     
    12829270           8   1.0885575913227994     
    12829270           9   1.0262278411184731     
    12829270          10   1.0321805517608029     
    12829270          11   1.0310530791118857     
    12829270          12  0.99652528405901319     
    12829270          13  0.99050687635014756     
    12829270          14   1.0239886945346626     
    12829270          15   1.0430313394773867     
    12829270          16  0.83121344789754426     
    12829270          17   1.0508262795410743     
    12829270          18   1.0122977614137554     
    12829270          19  0.99716569963043744     
    12829270          20   1.0338671195742863     
    12829270          21   1.0421301643171303     
    12829270          22   1.0286888376228995     
    12829270          23   1.0184799942314506     
    12829270          24  0.93700791698141095     
    12829270          25   1.0074340178422667     
    12829703           1  0.97966830440175345     
    12829703           2  0.99166657332953578     
    12829703           3  0.96873304963286366     
    12829703           4   1.0224440792192102     
    12829703           5   1.0156583630954217     
    12829703           6  0.72361909456799955     
    12829703           7   1.0397716112155735     
    12829703           8   1.0742309309733151     
    12829703           9  0.97766459592200872     
    12829703          10  0.98732829657508359     
    12829703          11   1.0490968258286115     
    12829703          12   1.0476561958703166     
    12829703          13   1.0242600635705192     
    12829703          14  0.68849151267265551     
    12829703          15   1.1219989565365411     
    12829703          16  0.99248502965846730     
    12829703          17   1.0875498734872104     
    12829703          18   1.1678545874255166     
    12829703          19  0.92484986459860719     
    12829703          20   1.0619286370204597     
    12829703          21  0.92471377231774265     
    12829703          22  0.94572413708000125     
    12829703          23   1.0288843054373484     
    12829703          24   1.0889108609280422     
    12829703          25   1.0648104786352000     
    12830920           1   1.0093618551833730     
    12830920           2  0.90714206878412162     
    12830920           3   1.0140139942920816     
    12830920           4   1.0526607425113499     
    12830920           5   1.0372936017054943     
    12830920           6   1.1654106662969159     
    12830920           7   1.0074441640103957     
    12830920           8   1.0241775306445411     
    12830920           9   1.0487472203850563     
    12830920          10   1.0065339682463679     
    12830920          11   1.0671117472461458     
    12830920          12  0.87912707380259492     
    12830920          13   1.0117336983472422     
    12830920          14   1.0187880218790606     
    12830920          15   1.0523758136461059     
    12830920          16  0.97079921243668321     
    12830920          17   1.0115115354945599     
    12830920          18   1.0175559626227899     
    12830920          19  0.97700898807293068     
    12830920          20  0.91666896047309709     
    12830920          21  0.86997668793105165     
    12830920          22   1.0535823065630274     
    12830920          23  0.95711143378189212     
    12830920          24   1.0535224729590300     
    12830920          25  0.87034027268409342     
    12831032           1  0.92708278539326727     
    12831032           2  0.77934419157382651     
    12831032           3  0.95793133626960625     
    12831032           4  0.92050917582237091     
    12831032           5   1.2108037062051686     
    12831032           6  0.96596433171160090     
    12831032           7   1.0639357339327336     
    12831032           8  0.99480489516137494     
    12831032           9   1.0452191286006218     
    12831032          10   1.0517968939551305     
    12831032          11   1.0848969989199069     
    12831032          12   1.0989045457361823     
    12831032          13  0.97946880996034857     
    12831032          14  0.97783886411842513     
    12831032          15   1.0586636902802491     
    12831032          16  0.96894486845560501     
    12831032          17  0.63951004157610492     
    12831032          18  0.98566415169529509     
    12831032          19   1.0176774840071314     
    12831032          20   1.0226530906434881     
    12831032          21  0.95652931674323671     
    12831032          22   1.0175309758750160     
    12831032          23   1.1849297446333391     
    12831032          24   1.0394273843284851     
    12831032          25   1.0499678544014921     
    12832432           1  0.96747595402374975     
    12832432           2   1.1097834771549810     
    12832432           3   1.1051306505980705     
    12832432           4  0.94543751500174722     
    12832432           5   1.0030181025382821     
    12832432           6  0.70251673544464865     
    12832432           7   1.0277735281250557     
    12832432           8   1.0714957153460567     
    12832432           9   1.1393153526315776     
    12832432          10   1.0808147688127481     
    12832432          11  0.76824694590588016     
    12832432          12  0.90436157056288680     
    12832432          13   1.0292125753098065     
    12832432          14   1.0950198815920833     
    12832432          15   1.0666672715290346     
    12832432          16   1.0123485314020055     
    12832432          17  0.97892852553605225     
    12832432          18   1.0457943398413911     
    12832432          19  0.95586787727675282     
    12832432          20   1.0088354221449685     
    12832432          21   1.1373862735838964     
    12832432          22  0.88578460169755258     
    12832432          23  0.95307884548568900     
    12832432          24   1.0058888136593802     
    12832432          25  0.99981672479570527     
    12832822           1  0.93426837526238260     
    12832822           2   1.0358300643000149     
    12832822           3  0.68169693760446393     
    12832822           4   1.0267012631749080     
    12832822           5   1.0773937996538845     
    12832822           6   1.0749661854350421     
    12832822           7   1.0351528414388593     
    12832822           8   1.0894532392357585     
    12832822           9   1.1234741611850196     
    12832822          10  0.90134168491857414     
    12832822          11   1.0580739041331029     
    12832822          12  0.92410389669797965     
    12832822          13  0.88253623800868053     
    12832822          14   1.0918739348385762     
    12832822          15   1.0407209264015471     
    12832822          16  0.93372574759595695     
    12832822          17   1.0835363491713459     
    12832822          18  0.92699342254170458     
    12832822          19  0.97472220112170838     
    12832822          20  0.89841762590492236     
    12832822          21  0.93962637825293238     
    12832822          22   1.0641405059525100     
    12832822          23   1.0722820786417191     
    12832822          24   1.1456908312926535     
    12832822          25  0.98327740723575774     
    12834001           1  0.99973691230354933     
    12834001           2   1.0826709860391099     
    12834001           3   1.0411002657299877     
    12834001           4  0.88468944830464358     
    12834001           5   1.1582494911623793     
    12834001           6   1.0018255317705025     
    12834001           7  0.94412439496041123     
    12834001           8   1.0368000558419128     
    12834001           9   1.1641090481515448     
    12834001          10  0.98619074624909475     
    12834001          11  0.82216513527849389     
    12834001          12  0.62185085796311468     
    12834001          13   1.0145378168298222     
    12834001          14  0.94144616664662550     
    12834001          15   1.0447584870472246     
    12834001          16  0.89838585583174246     
    12834001          17   1.0337950123964001     
    12834001          18   1.0395363573837353     
    12834001          19  0.82532224098700546     
    12834001          20   1.0419196098342198     
    12834001          21   1.1325016784023347     
    12834001          22   1.0604855059915610     
    12834001          23   1.0255441131998222     
    12834001          24   1.1512204879701373     
    12834001          25   1.0470337937246179     
    12834085           1  0.94583289980842733     
    12834085           2  0.98221203978298843     
    12834085           3  0.90515499913746733     
    12834085           4   1.0199657827992543     
    12834085           5  0.86348784853314786     
    12834085           6   1.0007321557447162     
    12834085           7   1.0565756229038843     
    12834085           8   1.0294621228203535     
    12834085           9   1.0773136282719824     
    12834085          10   1.1120737740643614     
    12834085          11  0.77186069365907894     
    12834085          12   1.1816750995263361     
    12834085          13  0.93589693402602980     
    12834085          14  0.83516462919224554     
    12834085          15   1.0864096126090721     
    12834085          16  0.95321011055285143     
    12834085          17   1.0119549708076705     
    12834085          18   1.0402540192421712     
    12834085          19   1.1072781021369145     
    12834085          20   1.1144601458919263     
    12834085          21   1.0744946331876788     
    12834085          22  0.88589777643493706     
    12834085          23   1.0720643051228946     
    12834085          24  0.90571485641993754     
    12834085          25   1.0308532373236743     
    12834670           1   1.0101181529155612     
    12834670           2   1.0889838958521660     
    12834670           3  0.92751649906424527     
    12834670           4   1.0814987431840763     
    12834670           5   1.0456609617673915     
    12834670           6   1.0240099150389474     
    12834670           7  0.99651094022630060     
    12834670           8   1.1520760376955399     
    12834670           9   1.0588582900878161     
    12834670          10  0.99542194759143321     
    12834670          11  0.99908633923321477     
    12834670          12  0.94022820836043541     
    12834670          13   1.0639247003150589     
    12834670          14   1.0298529516977253     
    12834670          15  0.87209548112746926     
    12834670          16  0.98024684900641956     
    12834670          17   1.0826240084803898     
    12834670          18  0.99275393769300446     
    12834670          19  0.97461488896808490     
    12834670          20   1.0326526244632916     
    12834670          21  0.90979124497509301     
    12834670          22   1.0898938104844209     
    12834670          23   1.1665196657555270     
    12834670          24   1.0221159989906792     
    12834670          25  0.46294390702571736     
    12835310           1  0.95688648218273997     
    12835310           2  0.97224687401117194     
    12835310           3  0.95096885161121270     
    12835310           4  0.98681936034920592     
    12835310           5  0.98264346915038647     
    12835310           6  0.59398073872118751     
    12835310           7   1.0768348628136717     
    12835310           8   1.0115369375911576     
    12835310           9   1.0510716781422673     
    12835310          10   1.0960060635984583     
    12835310          11   1.1059332631637349     
    12835310          12   1.0664487809199894     
    12835310          13  0.95925789541082218     
    12835310          14  0.81362759041227961     
    12835310          15   1.0847029337631846     
    12835310          16   1.0385806853653954     
    12835310          17  0.95932273281650693     
    12835310          18   1.1692468835861294     
    12835310          19  0.92762302618559855     
    12835310          20   1.0695871102859238     
    12835310          21   1.0180991500443648     
    12835310          22   1.1216858127984686     
    12835310          23   1.0824060510712246     
    12835310          24  0.83804483698999432     
    12835310          25   1.0664379290149257     
    12835988           1  0.74841996655965815     
    12835988           2  0.83971934820058347     
    12835988           3   1.0489315362451381     
    12835988           4  0.57307151979650817     
    12835988           5   1.1430182547582559     
    12835988           6  0.98219326797163864     
    12835988           7   1.0235952697240061     
    12835988           8   1.0338756467844172     
    12835988           9   1.0164142980904192     
    12835988          10   1.0970043728854486     
    12835988          11  0.83124857686880860     
    12835988          12   1.0741704861674795     
    12835988          13  0.73593232802840847     
    12835988          14   1.1181479796010487     
    12835988          15   1.1644860377868134     
    12835988          16   1.2079645285808667     
    12835988          17   1.0012603929637149     
    12835988          18  0.97577822540831460     
    12835988          19   1.0248289833857280     
    12835988          20   1.2208596238869485     
    12835988          21  0.89624524489891810     
    12835988          22   1.0599576840059315     
    12835988          23   1.0234262712550697     
    12835988          24   1.0876443082982437     
    12835988          25   1.0718058478476347     
    12836074           1  0.71586234700717244     
    12836074           2  0.80177561736661251     
    12836074           3   1.0620712680656530     
    12836074           4  0.64263467359647164     
    12836074           5   1.1572726012811143     
    12836074           6  0.93313963621406537     
    12836074           7   1.0124985936711901     
    12836074           8   1.0522328053542089     
    12836074           9   1.1027604566263589     
    12836074          10   1.1102910844087130     
    12836074          11  0.88773787498369483     
    12836074          12   1.0928958997460738     
    12836074          13  0.80694223213582816     
    12836074          14   1.0005223638495064     
    12836074          15   1.1289361790799788     
    12836074          16   1.1556635426713346     
    12836074          17  0.91873873992401678     
    12836074          18  0.99672239850852318     
    12836074          19   1.0551151139538031     
    12836074          20   1.2221349252584246     
    12836074          21  0.89214998970320292     
    12836074          22   1.0491110404604371     
    12836074          23   1.0132908930612909     
    12836074          24   1.0991510053516456     
    12836074          25   1.0903487177206741     
    12838611           1  0.53341985090625099     
    12838611           2  0.92233493840729608     
    12838611           3  0.88382082767164849     
    12838611           4   1.0542809449145485     
    12838611           5  0.93147328498309445     
    12838611           6   1.0124512756356088     
    12838611           7   1.1793464599807724     
    12838611           8   1.0064956710410842     
    12838611           9   1.1658584383194741     
    12838611          10   1.0246113155290844     
    12838611          11  0.93586576878310757     
    12838611          12   1.0091895138127183     
    12838611          13   1.1036254927075730     
    12838611          14   1.0996756790293498     
    12838611          15  0.68576235707239919     
    12838611          16   1.0766772692920512     
    12838611          17  0.90397998636338173     
    12838611          18  0.84710085031490079     
    12838611          19   1.0285784164729801     
    12838611          20   1.1381517091145961     
    12838611          21   1.1962868207686304     
    12838611          22   1.0622360488667673     
    12838611          23   1.1808155818657475     
    12838611          24   1.0610752432973909     
    12838611          25  0.95688625484954615     
    12839668           1   1.0198627020950655     
    12839668           2   1.1197205353366191     
    12839668           3   1.0964925878775305     
    12839668           4  0.90597546188248057     
    12839668           5   1.0714372655616349     
    12839668           6   1.1129821777908044     
    12839668           7  0.98945424435229934     
    12839668           8   1.0201928047832058     
    12839668           9   1.1204171241782108     
    12839668          10   1.0765478110016424     
    12839668          11  0.52314753648373979     
    12839668          12  0.92686117895381892     
    12839668          13   1.0389485314140749     
    12839668          14  0.68414607850021125     
    12839668          15   1.0153446428258290     
    12839668          16  0.97034691299654974     
    12839668          17   1.0527342737167873     
    12839668          18   1.0447563837839939     
    12839668          19  0.99258066599083694     
    12839668          20   1.0483446290527074     
    12839668          21   1.1168980775045323     
    12839668          22   1.0283758515332626     
    12839668          23   1.1520949379511367     
    12839668          24  0.85764461229184286     
    12839668          25   1.0146929721411806     
    12839828           1  0.91542399298073218     
    12839828           2  0.72265440875575038     
    12839828           3  0.95289217619267608     
    12839828           4  0.54296368389545890     
    12839828           5   1.0367858436451287     
    12839828           6   1.0572360177509592     
    12839828           7   1.0226486508360688     
    12839828           8   1.1357978848001677     
    12839828           9   1.0429585742482796     
    12839828          10   1.1294606555999909     
    12839828          11  0.94027020814685269     
    12839828          12  0.93937566921161741     
    12839828          13  0.99392169130555996     
    12839828          14   1.1053535325785566     
    12839828          15   1.1420517591880310     
    12839828          16   1.0164526395891280     
    12839828          17   1.1472386693239032     
    12839828          18   1.0521199298928221     
    12839828          19  0.97374663732794564     
    12839828          20   1.1020560203995153     
    12839828          21  0.93583086582297947     
    12839828          22   1.0365831383698247     
    12839828          23   1.0609832994219421     
    12839828          24   1.0306549326704511     
    12839828          25  0.96453911804565651     
    12843071           1  0.89307971354109161     
    12843071           2   1.0084521672105544     
    12843071           3   1.0305357957370627     
    12843071           4   1.0969809604454073     
    12843071           5   1.0658327748502863     
    12843071           6  0.83754018817998566     
    12843071           7   1.0094563836646708     
    12843071           8  0.97640773691204708     
    12843071           9   1.0942477798407639     
    12843071          10   1.0045684864233371     
    12843071          11  0.99000813611037519     
    12843071          12   1.1350907547893812     
    12843071          13   1.0236496771733652     
    12843071          14   1.0379866821397070     
    12843071          15   1.0395200834782801     
    12843071          16   1.1121751108942841     
    12843071          17   1.0145071217092698     
    12843071          18   1.0749363405057544     
    12843071          19   1.0612161763434500     
    12843071          20   1.0707239979109664     
    12843071          21  0.72410278340224654     
    12843071          22  0.75619298440560201     
    12843071          23   1.0710252843856272     
    12843071          24  0.97476611024117099     
    12843071          25  0.89699676970531295     
    12843116           1   1.0284963386442132     
    12843116           2   1.0364586072611792     
    12843116           3  0.98714178363287508     
    12843116           4   1.0118160738392843     
    12843116           5   1.1810331671504317     
    12843116           6   1.0123480998934027     
    12843116           7   1.0113296597219996     
    12843116           8   1.0292393090250258     
    12843116           9   1.1085006881761745     
    12843116          10   1.0773351181123108     
    12843116          11  0.99052532899613277     
    12843116          12  0.85999236817806135     
    12843116          13   1.0005795622191747     
    12843116          14   1.1163008228270819     
    12843116          15   1.1245737709003825     
    12843116          16   1.0246632413932790     
    12843116          17   1.0118322737678560     
    12843116          18  0.98144807752860652     
    12843116          19   1.0591214970952973     
    12843116          20   1.1010225792434707     
    12843116          21   1.0610243380361615     
    12843116          22  0.47203788136182179     
    12843116          23  0.94170325152790579     
    12843116          24  0.87988373085634786     
    12843116          25  0.89159243061152826     
    12845235           1   1.0437073779935861     
    12845235           2   1.1052847195529558     
    12845235           3   1.0778472822040770     
    12845235           4  0.94522278434579987     
    12845235           5   1.0554676224358999     
    12845235           6  0.85659105774849154     
    12845235           7   1.1435209008815892     
    12845235           8   1.0689642688189964     
    12845235           9   1.0680233168269964     
    12845235          10  0.92336922462515691     
    12845235          11  0.84513554270976365     
    12845235          12   1.0653841633905907     
    12845235          13   1.2197361872800307     
    12845235          14   1.2296259123196089     
    12845235          15  0.80239165634429543     
    12845235          16   1.0675237153652237     
    12845235          17  0.89626067081887006     
    12845235          18  0.99985703210533250     
    12845235          19  0.98111133337887080     
    12845235          20  0.90997022961871221     
    12845235          21   1.0420724404079886     
    12845235          22  0.55781915249066716     
    12845235          23   1.1169518667219456     
    12845235          24  0.93888200595700122     
    12845235          25   1.0392795356575506     
    12846935           1  0.96309686247006010     
    12846935           2  0.77477401579656247     
    12846935           3  0.79245170235524420     
    12846935           4  0.93268274227842396     
    12846935           5   1.0631150250515315     
    12846935           6  0.98413034235129837     
    12846935           7   1.2688068847545260     
    12846935           8   1.0831211764751536     
    12846935           9   1.0625946757905373     
    12846935          10   1.2422705679342281     
    12846935          11  0.60015451101197737     
    12846935          12   1.1020893922638655     
    12846935          13  0.74640291981575391     
    12846935          14  0.77764162281331339     
    12846935          15   1.1114116911161214     
    12846935          16   1.0115814265463299     
    12846935          17   1.0523071060368636     
    12846935          18  0.99122954548885323     
    12846935          19   1.0044369967167197     
    12846935          20   1.0688297613205859     
    12846935          21  0.98460686658594387     
    12846935          22   1.0741639567443122     
    12846935          23   1.1241742999261488     
    12846935          24   1.0600707600892383     
    12846935          25   1.1238551482664096     
    12848785           1  0.99770180606577596     
    12848785           2   1.0804670557350187     
    12848785           3   1.0389809585214016     
    12848785           4  0.88288853749242957     
    12848785           5   1.1558917100948274     
    12848785           6  0.99978617385165869     
    12848785           7  0.94220249588699334     
    12848785           8   1.0346895023202809     
    12848785           9   1.1617393391249142     
    12848785          10  0.98418321515303731     
    12848785          11  0.82049150157077211     
    12848785          12  0.62058499236944620     
    12848785          13   1.0124725812522641     
    12848785          14  0.93952971948668651     
    12848785          15   1.0599214763738345     
    12848785          16  0.89655706403999225     
    12848785          17   1.0316905760667869     
    12848785          18   1.0710215351210175     
    12848785          19  0.82364218054296767     
    12848785          20   1.0397986347345347     
    12848785          21   1.1301963106584403     
    12848785          22   1.0583267373777876     
    12848785          23   1.0234564727454194     
    12848785          24   1.1488770154352261     
    12848785          25   1.0449024079784832     
    12850947           1  0.71654541741748023     
    12850947           2  0.80254066556647807     
    12850947           3   1.0630846883969314     
    12850947           4  0.64324787071740797     
    12850947           5   1.1583768620009300     
    12850947           6  0.93403003096222892     
    12850947           7   1.0134647121333589     
    12850947           8   1.0532368378991492     
    12850947           9   1.1038127022720869     
    12850947          10   1.1113505157222314     
    12850947          11  0.88858494771638707     
    12850947          12   1.0939387327066064     
    12850947          13  0.80771221028023554     
    12850947          14   1.0014770546842096     
    12850947          15   1.1300134014011127     
    12850947          16   1.1567662680396551     
    12850947          17  0.91961539344640031     
    12850947          18  0.99767346344518115     
    12850947          19   1.0561218967757011     
    12850947          20   1.2233010771147665     
    12850947          21  0.89300127244222449     
    12850947          22   1.0501120942410442     
    12850947          23   1.0142577675295155     
    12850947          24   1.0763449969091985     
    12850947          25   1.0913891201794790     
    12851095           1  0.78937570871010510     
    12851095           2  0.92228305095910790     
    12851095           3   1.0278537349388390     
    12851095           4  0.53956405712853861     
    12851095           5   1.1177755740962096     
    12851095           6   1.0049070763299361     
    12851095           7   1.0188179861436044     
    12851095           8   1.0526821755274820     
    12851095           9   1.0361762287384102     
    12851095          10   1.0881300127326006     
    12851095          11  0.93803284002307474     
    12851095          12   1.0822748064494705     
    12851095          13  0.72771763901273390     
    12851095          14   1.0986006671203485     
    12851095          15   1.1481019817170723     
    12851095          16   1.1294108645324852     
    12851095          17  0.75083187556094710     
    12851095          18  0.98838701102922288     
    12851095          19   1.1031883973206591     
    12851095          20   1.2250220240125451     
    12851095          21   1.0665051345378982     
    12851095          22  0.97431856193820943     
    12851095          23   1.0172591821149490     
    12851095          24   1.0809497381400899     
    12851095          25   1.0718336711854564     
    12852008           1   1.0178440974247960     
    12852008           2   1.1175042829946287     
    12852008           3   1.0943223103938473     
    12852008           4  0.90418227315742128     
    12852008           5   1.0693165798421549     
    12852008           6   1.1107792626166348     
    12852008           7  0.98749582685692050     
    12852008           8   1.0181735467437854     
    12852008           9   1.1181994930844668     
    12852008          10   1.0744170100275585     
    12852008          11  0.52211207547686445     
    12852008          12  0.92502665132506645     
    12852008          13   1.0368921503410407     
    12852008          14  0.68279195459081643     
    12852008          15   1.0133349807078491     
    12852008          16  0.97430250915208660     
    12852008          17   1.0506506066534542     
    12852008          18   1.0862945778567532     
    12852008          19  0.99061606039846450     
    12852008          20   1.0462696503718414     
    12852008          21   1.1146874116268275     
    12852008          22   1.0263403968662443     
    12852008          23   1.1498146072580304     
    12852008          24  0.85594708436357647     
    12852008          25   1.0126845998688678     
    12852586           1  0.95943853708702009     
    12852586           2  0.97483989570098761     
    12852586           3  0.95350512395569809     
    12852586           4  0.96253063491071911     
    12852586           5  0.98526421897943994     
    12852586           6  0.59556490934699002     
    12852586           7   1.0797068248947690     
    12852586           8   1.0142347474677811     
    12852586           9   1.0538749287690650     
    12852586          10   1.0989291560465266     
    12852586          11   1.1088828318540829     
    12852586          12   1.0692930429010994     
    12852586          13  0.96181627496998190     
    12852586          14  0.81579756806483539     
    12852586          15   1.0875958803073584     
    12852586          16   1.0413506220098458     
    12852586          17  0.96188128529964700     
    12852586          18   1.1723653122598874     
    12852586          19  0.93009703427054924     
    12852586          20   1.0724397423182348     
    12852586          21   1.0208144616067012     
    12852586          22   1.1246773941750641     
    12852586          23   1.0852928717364696     
    12852586          24  0.84027993642558085     
    12852586          25   1.0295267646416624     
    12852904           1   1.0007992193761244     
    12852904           2   1.0503398871053899     
    12852904           3   1.0443172363808064     
    12852904           4   1.0886581857641140     
    12852904           5   1.1209182818242776     
    12852904           6   1.0721971867860671     
    12852904           7  0.86399403076307579     
    12852904           8  0.63377704210636820     
    12852904           9   1.0689693162692382     
    12852904          10   1.0952152250583413     
    12852904          11   1.0444393245956527     
    12852904          12  0.96343231652349437     
    12852904          13   1.0051792808787505     
    12852904          14   1.0547145379667129     
    12852904          15   1.1105033261373358     
    12852904          16  0.89568252741079768     
    12852904          17   1.0546615470754550     
    12852904          18  0.88824749807556103     
    12852904          19  0.78947529601271305     
    12852904          20  0.90105401311256783     
    12852904          21   1.1483559168890030     
    12852904          22  0.92856806414830018     
    12852904          23   1.0335667652942795     
    12852904          24   1.1521606156244586     
    12852904          25  0.99077335882110851     
    12855007           1  0.75253872958366086     
    12855007           2  0.84434055708923283     
    12855007           3   1.0547040979340738     
    12855007           4  0.57622529159751579     
    12855007           5   1.1493086018011061     
    12855007           6  0.98759855042707856     
    12855007           7   1.0292283988986102     
    12855007           8   1.0395653517303809     
    12855007           9   1.0220079083828948     
    12855007          10   1.1030414927514238     
    12855007          11  0.81934130504132130     
    12855007          12   1.0800819448104644     
    12855007          13  0.73998236810789109     
    12855007          14   1.1243014586095177     
    12855007          15   1.1181131807035689     
    12855007          16   1.1401936922406473     
    12855007          17   1.0067706071057752     
    12855007          18  0.97415067565058644     
    12855007          19   1.0435662960283982     
    12855007          20   1.2275783536122897     
    12855007          21  0.90117753150278401     
    12855007          22   1.0657909256496032     
    12855007          23   1.0290584703841428     
    12855007          24   1.0936299171281072     
    12855007          25   1.0777042932289320     
    12855642           1   1.0187821212867048     
    12855642           2   1.1185341516020961     
    12855642           3   1.0953308149795351     
    12855642           4  0.90501554865597966     
    12855642           5   1.0703020396688259     
    12855642           6   1.1118029335857778     
    12855642           7  0.98840588238651528     
    12855642           8   1.0191118742193055     
    12855642           9   1.1192300023830333     
    12855642          10   1.0754071703041628     
    12855642          11  0.52259324306100330     
    12855642          12  0.92587913656719700     
    12855642          13   1.0378477284906868     
    12855642          14  0.68342120139565199     
    12855642          15   1.0142688490619669     
    12855642          16  0.96931879592796566     
    12855642          17   1.0516188643090845     
    12855642          18   1.0436494272344405     
    12855642          19   1.0180173806949890     
    12855642          20   1.0472338706296616     
    12855642          21   1.1157146842644743     
    12855642          22   1.0272862507402678     
    12855642          23   1.1508742523855187     
    12855642          24  0.85673590731956295     
    12855642          25   1.0136178688455881     
    12856435           1  0.92668073878506507     
    12856435           2  0.95809509904749579     
    12856435           3  0.94610235617633942     
    12856435           4  0.97061150422651776     
    12856435           5  0.85653922971190866     
    12856435           6  0.99510670961178216     
    12856435           7   1.0283439228529314     
    12856435           8   1.0365417004436239     
    12856435           9   1.0331821103246117     
    12856435          10   1.0921040373676267     
    12856435          11  0.75162035216877909     
    12856435          12   1.2241017041927738     
    12856435          13  0.88198982663578407     
    12856435          14  0.86008523260597725     
    12856435          15   1.0265968700195183     
    12856435          16  0.95672742352045148     
    12856435          17   1.0038116143396603     
    12856435          18   1.0211266358523106     
    12856435          19   1.1248134036538884     
    12856435          20   1.1599073302851501     
    12856435          21   1.0750748015956231     
    12856435          22  0.91590638161346105     
    12856435          23   1.1150073425289795     
    12856435          24  0.97429751599384773     
    12856435          25   1.0656261564458902     
    12856510           1  0.99277846766107314     
    12856510           2   1.0590986192717129     
    12856510           3  0.94475709891705473     
    12856510           4  0.78315338316191219     
    12856510           5   1.1300517753673622     
    12856510           6  0.89125348177520958     
    12856510           7  0.97370036118407610     
    12856510           8   1.0260081244920702     
    12856510           9   1.0774038247408741     
    12856510          10   1.0046158670037326     
    12856510          11   1.0201836504037658     
    12856510          12  0.98109678888542329     
    12856510          13   1.0181374846310292     
    12856510          14  0.94208807641565562     
    12856510          15   1.0110708271190387     
    12856510          16  0.88851168008726211     
    12856510          17   1.1076151664123235     
    12856510          18  0.79377036039554538     
    12856510          19  0.94043823395647730     
    12856510          20   1.0136627324053962     
    12856510          21   1.1686365263639067     
    12856510          22   1.1541915816454791     
    12856510          23   1.1145926019052752     
    12856510          24  0.90125757635350745     
    12856510          25   1.0619257094448376     
    12858123           1   1.0168557599458439     
    12858123           2   1.0853112779565410     
    12858123           3  0.92438843288629202     
    12858123           4   1.0778513691012797     
    12858123           5   1.0421344512509632     
    12858123           6   1.0205564230694204     
    12858123           7  0.99315018904696617     
    12858123           8   1.1481906404097972     
    12858123           9   1.0943735531306911     
    12858123          10  0.99206486905946689     
    12858123          11   1.0193498430568779     
    12858123          12  0.93705727171284248     
    12858123          13   1.1189668342589276     
    12858123          14   1.0263797539813277     
    12858123          15  0.86915432333543741     
    12858123          16  0.97694094876904836     
    12858123          17   1.0789728394200178     
    12858123          18  0.98940585707270245     
    12858123          19  0.97132798261786191     
    12858123          20   1.0291699847998277     
    12858123          21  0.91075697495173935     
    12858123          22   1.0862181238852320     
    12858123          23   1.1113707816720200     
    12858123          24   1.0186688942872981     
    12858123          25  0.46138262032158034     
    12858350           1  0.94828329010392376     
    12858350           2   1.0195037682374333     
    12858350           3  0.89821872973192518     
    12858350           4   1.1204545883759054     
    12858350           5   1.0692488180021411     
    12858350           6  0.99671288660646240     
    12858350           7  0.95738131736415832     
    12858350           8   1.0291424468987909     
    12858350           9  0.99204866826848825     
    12858350          10  0.93915815024164651     
    12858350          11   1.0067973290847165     
    12858350          12  0.98405483536639393     
    12858350          13   1.1238278561846897     
    12858350          14   1.1042480371452106     
    12858350          15  0.93724837245564918     
    12858350          16  0.97898083994816931     
    12858350          17   1.0323792216699312     
    12858350          18   1.0467503251696784     
    12858350          19   1.0211046050345589     
    12858350          20  0.65062550955778542     
    12858350          21   1.0889358502297579     
    12858350          22   1.1682756004701609     
    12858350          23  0.99292193995332345     
    12858350          24   1.0517391640096949     
    12858350          25  0.84195784988940625     
    12858660           1   1.0284320572415397     
    12858660           2   1.0356541901992142     
    12858660           3   1.0222495126779840     
    12858660           4   1.0127828153145861     
    12858660           5   1.1672637476900185     
    12858660           6  0.97152722267794256     
    12858660           7  0.95747216423921344     
    12858660           8  0.98516264478036275     
    12858660           9   1.1369299250409575     
    12858660          10   1.1285526361166471     
    12858660          11  0.96824601361560558     
    12858660          12  0.92664100697974428     
    12858660          13   1.0076928444101101     
    12858660          14   1.1551833058484808     
    12858660          15   1.0967311397541597     
    12858660          16  0.96343932454533376     
    12858660          17  0.94912865247827205     
    12858660          18   1.0323707776974755     
    12858660          19   1.0582994908936136     
    12858660          20   1.0933034091450542     
    12858660          21   1.0457622986011754     
    12858660          22  0.56926814744098830     
    12858660          23   1.0486313547085429     
    12858660          24  0.77121578232763965     
    12858660          25  0.86805953557533888     
    12859079           1  0.99557806916901759     
    12859079           2   1.1012464286244108     
    12859079           3   1.0739092372595647     
    12859079           4   1.0383792720013580     
    12859079           5   1.0516113442754815     
    12859079           6  0.88901038469304261     
    12859079           7   1.1393429094564480     
    12859079           8   1.0650586790344414     
    12859079           9   1.0641211649239450     
    12859079          10  0.97183330989305472     
    12859079          11  0.84204773815122758     
    12859079          12   1.0783825540290639     
    12859079          13   1.2152797341207910     
    12859079          14   1.2251333258580563     
    12859079          15  0.79946002172596276     
    12859079          16   1.0612123547412766     
    12859079          17  0.89298607444333755     
    12859079          18  0.99620393393871132     
    12859079          19  0.97752672488172332     
    12859079          20  0.90664554371786865     
    12859079          21  0.97544506358569327     
    12859079          22  0.55578109299032163     
    12859079          23   1.1128709484651285     
    12859079          24  0.93545168739694395     
    12859079          25   1.0354824026231175     
    12859555           1  0.99788585110844630     
    12859555           2   1.0039339936814506     
    12859555           3  0.94207810247544721     
    12859555           4   1.1099422605615146     
    12859555           5   1.0473929671797420     
    12859555           6   1.0220418829460669     
    12859555           7  0.91026167676663139     
    12859555           8   1.0194868277583606     
    12859555           9  0.97536773237593277     
    12859555          10  0.92128586929721157     
    12859555          11  0.99735135628421845     
    12859555          12   1.0231082070262865     
    12859555          13   1.1811750236299872     
    12859555          14   1.0949440414901666     
    12859555          15  0.92845492180001876     
    12859555          16  0.95960891431131290     
    12859555          17   1.0226932344647819     
    12859555          18   1.0683126485841501     
    12859555          19   1.0517929295211332     
    12859555          20  0.62218014504895325     
    12859555          21   1.0618541337922645     
    12859555          22   1.1573146064083684     
    12859555          23  0.99835185649928271     
    12859555          24   1.0418715379746857     
    12859555          25  0.84130927901359365     
    12860725           1  0.92538738935276343     
    12860725           2  0.95675790523242987     
    12860725           3  0.94478190038822829     
    12860725           4  0.96925684151968017     
    12860725           5  0.85534377535516382     
    12860725           6  0.99371785944571156     
    12860725           7   1.0269086841853226     
    12860725           8   1.0350950203048057     
    12860725           9   1.0317401190972937     
    12860725          10   1.0905798100068687     
    12860725          11  0.75057133095241246     
    12860725          12   1.2223932503769828     
    12860725          13  0.88075885139929566     
    12860725          14  0.84685623038282698     
    12860725          15   1.0251640696779647     
    12860725          16  0.97799683776711910     
    12860725          17   1.0024106149153644     
    12860725          18   1.0197014702051652     
    12860725          19   1.1777642509448476     
    12860725          20   1.1582884712494983     
    12860725          21   1.0735743415923771     
    12860725          22  0.91462806973200950     
    12860725          23   1.1134511494917070     
    12860725          24  0.97293770879546393     
    12860725          25   1.0339340476286989     
    12860742           1   1.0657942902479871     
    12860742           2  0.89668529941061204     
    12860742           3   1.1662855743916709     
    12860742           4   1.1048750056546597     
    12860742           5   1.0182635613393716     
    12860742           6   1.0914370905206991     
    12860742           7  0.98790311605619363     
    12860742           8  0.96449153820344391     
    12860742           9   1.0393705004183729     
    12860742          10  0.97348422387793188     
    12860742          11  0.88692502138546681     
    12860742          12  0.92785113237608319     
    12860742          13   1.0694431195073160     
    12860742          14   1.0371026776093688     
    12860742          15   1.0434329449729551     
    12860742          16   1.0524126569226890     
    12860742          17  0.97809218895516392     
    12860742          18   1.0664866817680694     
    12860742          19   1.1864871766161642     
    12860742          20  0.74596535852655466     
    12860742          21  0.75704149249765129     
    12860742          22  0.83554014878765559     
    12860742          23   1.0238837147955617     
    12860742          24   1.0396788132189945     
    12860742          25   1.0410666719393644     
    12862106           1   1.0633855225043010     
    12862106           2  0.83983446832724507     
    12862106           3  0.99379559299413844     
    12862106           4   1.0346141944458656     
    12862106           5   1.0299942819755215     
    12862106           6   1.0211322281688779     
    12862106           7  0.98782736385390602     
    12862106           8  0.73757885870407958     
    12862106           9   1.0170007840831423     
    12862106          10   1.0849110514074132     
    12862106          11   1.0749870865207474     
    12862106          12  0.94378555333557967     
    12862106          13   1.0450835771405023     
    12862106          14   1.1596380455769666     
    12862106          15   1.0915048058464099     
    12862106          16   1.0569955266212829     
    12862106          17   1.1225355553668950     
    12862106          18  0.98846430905690519     
    12862106          19   1.2685451924007951     
    12862106          20   1.0291502668352301     
    12862106          21  0.83665918780586457     
    12862106          22   1.0676453209210273     
    12862106          23   1.0186141638269504     
    12862106          24  0.66903869673217387     
    12862106          25  0.81727836554818156     
    12862828           1  0.90094474264602442     
    12862828           2   1.0494069791752427     
    12862828           3  0.95738502839684747     
    12862828           4   1.0971223091269124     
    12862828           5  0.98632260784566250     
    12862828           6   1.0977586458197577     
    12862828           7  0.98424485976856479     
    12862828           8  0.96248111396486657     
    12862828           9  0.96359822000990725     
    12862828          10   1.0461728776008246     
    12862828          11   1.0092450895472080     
    12862828          12  0.96942477432249019     
    12862828          13   1.0649992951700964     
    12862828          14   1.0045707775675468     
    12862828          15   1.0057120107537549     
    12862828          16   1.0066816351943095     
    12862828          17   1.0609611967524653     
    12862828          18   1.0391191076957280     
    12862828          19  0.96515870116773339     
    12862828          20  0.75861254080739426     
    12862828          21   1.1129194418135953     
    12862828          22   1.1512244675768728     
    12862828          23  0.99916653885229390     
    12862828          24  0.95922971400149359     
    12862828          25  0.84753732442240259     
    12872172           1  0.98920383895606445     
    12872172           2   1.0552851961877061     
    12872172           3  0.94135537743028042     
    12872172           4  0.78033353698769914     
    12872172           5   1.1259828761658204     
    12872172           6  0.88804440705897569     
    12872172           7  0.97019442569640779     
    12872172           8   1.0890092974639531     
    12872172           9   1.0735244913706830     
    12872172          10   1.0009986161943361     
    12872172          11   1.0165103457543354     
    12872172          12  0.97756422159253664     
    12872172          13   1.0377918674821411     
    12872172          14  0.93869596509344333     
    12872172          15   1.0074303343815891     
    12872172          16  0.88531247758656917     
    12872172          17   1.1036270531555077     
    12872172          18  0.79091228640635047     
    12872172          19  0.93705206310779998     
    12872172          20   1.0100129071740023     
    12872172          21   1.1644286977204192     
    12872172          22   1.1500357639145111     
    12872172          23   1.1105793654794818     
    12872172          24  0.89801248058644290     
    12872172          25   1.0581021070529453     
    12872452           1  0.99642103151746697     
    12872452           2  0.88245843630351650     
    12872452           3   1.1674234455082888     
    12872452           4   1.0202385401496437     
    12872452           5   1.0288872274970906     
    12872452           6   1.0027030798087442     
    12872452           7   1.0602274369475797     
    12872452           8  0.75632045500176148     
    12872452           9  0.96958988520320821     
    12872452          10   1.0521404915272883     
    12872452          11   1.0649405088300219     
    12872452          12   1.0182235455955526     
    12872452          13   1.0931155514075666     
    12872452          14   1.0676609084218949     
    12872452          15   1.0698272117622560     
    12872452          16   1.0385790815273033     
    12872452          17  0.95875433785942898     
    12872452          18   1.0219007822819082     
    12872452          19  0.99913566977568402     
    12872452          20  0.98393951261770696     
    12872452          21  0.92537201401744185     
    12872452          22   1.0682175687729798     
    12872452          23  0.64750322257616522     
    12872452          24   1.1027439233347043     
    12872452          25   1.0036761317547926     
    12873501           1  0.97753261139700687     
    12873501           2  0.95921476871881417     
    12873501           3  0.86263611658011652     
    12873501           4   1.0200586534883442     
    12873501           5   1.1324986507854309     
    12873501           6  0.92039568615636047     
    12873501           7  0.99498656078038328     
    12873501           8   1.1477295241664214     
    12873501           9   1.1726949790999071     
    12873501          10  0.82706081081763816     
    12873501          11   1.0029771482413454     
    12873501          12  0.94730656122044476     
    12873501          13  0.97116079904653907     
    12873501          14   1.0903735607383858     
    12873501          15   1.0363931820295216     
    12873501          16  0.93071619040791176     
    12873501          17   1.0845033183892760     
    12873501          18  0.97668420190958227     
    12873501          19  0.86582449240042836     
    12873501          20  0.97943036897828428     
    12873501          21  0.78469452375362791     
    12873501          22   1.1136726456974049     
    12873501          23   1.0988589059843159     
    12873501          24   1.1342101322161195     
    12873501          25  0.96838560699639142     
    12875123           1   1.0194436554520139     
    12875123           2   1.1192604585728303     
    12875123           3   1.0960420551370575     
    12875123           4  0.90560320983795628     
    12875123           5   1.0709970276860350     
    12875123           6   1.1125248697194128     
    12875123           7  0.98904769209904286     
    12875123           8   1.0197736225057958     
    12875123           9   1.1302288949401249     
    12875123          10   1.0761054732777919     
    12875123          11  0.52293258282523858     
    12875123          12  0.92648034527413092     
    12875123          13   1.0385216426833683     
    12875123          14  0.68386497289946369     
    12875123          15   1.0149274525871406     
    12875123          16  0.96994821166582024     
    12875123          17   1.0523017206265330     
    12875123          18   1.0443271086918349     
    12875123          19  0.99217282913673199     
    12875123          20   1.0479138796031362     
    12875123          21   1.1164391604473169     
    12875123          22   1.0279533069618265     
    12875123          23   1.1516215590196066     
    12875123          24  0.85729221868535654     
    12875123          25   1.0142760496644292     
    12877032           1  0.88972750012074087     
    12877032           2   1.0046668982838862     
    12877032           3   1.0266676349533805     
    12877032           4   1.0928633948555524     
    12877032           5   1.0618321253253562     
    12877032           6  0.83439644477575159     
    12877032           7   1.0431121933803309     
    12877032           8  0.97274274814365058     
    12877032           9   1.0901404733627935     
    12877032          10   1.0007977950608637     
    12877032          11  0.98629209765400183     
    12877032          12   1.1308301424343723     
    12877032          13   1.0198073637342298     
    12877032          14   1.0459791452463538     
    12877032          15   1.0356181997810869     
    12877032          16   1.1080005134020432     
    12877032          17   1.0106991252484043     
    12877032          18   1.0709015203524912     
    12877032          19   1.1017380000592980     
    12877032          20   1.0667049889682407     
    12877032          21  0.72138483221442951     
    12877032          22  0.75335458125718813     
    12877032          23   1.0670051445510578     
    12877032          24  0.97110728338964925     
    12877032          25  0.89362985344484303     
    12877250           1  0.90173755406476885     
    12877250           2   1.0503304340738826     
    12877250           3  0.94426401110516822     
    12877250           4   1.0980877524590757     
    12877250           5  0.98719054989477117     
    12877250           6   1.0987246491141167     
    12877250           7  0.98511097344538501     
    12877250           8  0.96332807602741899     
    12877250           9  0.96444616510103676     
    12877250          10   1.0470934865617101     
    12877250          11   1.0101332028725101     
    12877250          12  0.97027784665236405     
    12877250          13   1.1161622277474952     
    12877250          14  0.94719306944592163     
    12877250          15   1.0065970150479722     
    12877250          16   1.0075674927365583     
    12877250          17   1.0618948191066617     
    12877250          18   1.0400335094953292     
    12877250          19  0.96600801944771908     
    12877250          20  0.75928010304099858     
    12877250          21   1.1138987862726362     
    12877250          22   1.1522375196101777     
    12877250          23   1.0000457832762115     
    12877250          24  0.96007381490409260     
    12877250          25  0.84828313849601700     
    12877678           1  0.96255656623244990     
    12877678           2  0.78382257152687651     
    12877678           3  0.79200713785716026     
    12877678           4  0.93215950832743333     
    12877678           5   1.0625186187391811     
    12877678           6  0.98357824635554703     
    12877678           7   1.2680950855442903     
    12877678           8   1.0717064713145619     
    12877678           9   1.0619985613935266     
    12877678          10   1.1702612689641583     
    12877678          11  0.65634228016577467     
    12877678          12   1.1014711213761137     
    12877678          13  0.74598418863197313     
    12877678          14  0.84532718057426393     
    12877678          15   1.1107881904293826     
    12877678          16   1.0110139305237618     
    12877678          17   1.0517167629547111     
    12877678          18  0.99067346684826674     
    12877678          19   1.0038735087111097     
    12877678          20   1.0682301490477286     
    12877678          21  0.98405450326064237     
    12877678          22   1.0735613519939269     
    12877678          23   1.1235436394304741     
    12877678          24   1.0594760616060472     
    12877678          25   1.0852396281906389     
    12878065           1   1.0336829549550199     
    12878065           2  0.81229685445375754     
    12878065           3  0.78644998396530963     
    12878065           4  0.92561896899145879     
    12878065           5   1.0550634088110669     
    12878065           6  0.97667692511939919     
    12878065           7   1.2591974390420941     
    12878065           8   1.0749180414903234     
    12878065           9   1.0545470004712914     
    12878065          10   1.2148782412705761     
    12878065          11  0.65173702488174079     
    12878065          12   1.0937425994520851     
    12878065          13  0.74074995684419997     
    12878065          14  0.83939590419192600     
    12878065          15   1.1029942948690885     
    12878065          16   1.0039201055691962     
    12878065          17   1.0443373447360937     
    12878065          18  0.98372236167673499     
    12878065          19  0.99682978484903284     
    12878065          20   1.0607348639089687     
    12878065          21  0.97714984034638686     
    12878065          22   1.0660286602286548     
    12878065          23   1.1156602446855506     
    12878065          24   1.0520421999176210     
    12878065          25   1.0776249952724217     
    12880683           1   1.0398344948853104     
    12880683           2  0.85659575005059019     
    12880683           3  0.97665756959700445     
    12880683           4  0.72888393612247904     
    12880683           5   1.0107322793999980     
    12880683           6   1.0143674346465588     
    12880683           7   1.0087830298529137     
    12880683           8   1.0649772979694974     
    12880683           9   1.0749086956475415     
    12880683          10   1.0126233955400521     
    12880683          11   1.0835768649182882     
    12880683          12   1.2468736778988421     
    12880683          13   1.0134706342756883     
    12880683          14   1.0351230180366915     
    12880683          15   1.0300127642862000     
    12880683          16  0.74900539720556869     
    12880683          17  0.97876155889303751     
    12880683          18   1.0450132259809868     
    12880683          19  0.99028023903502826     
    12880683          20   1.0822238800659205     
    12880683          21   1.0316108498765613     
    12880683          22   1.0850685744438595     
    12880683          23   1.1086622845154768     
    12880683          24   1.0574400838928322     
    12880683          25  0.67451306296307345     
    12882767           1  0.79997105347128661     
    12882767           2   1.0085632847175567     
    12882767           3  0.82733660406341580     
    12882767           4  0.82017407737106585     
    12882767           5   1.0202733049859443     
    12882767           6   1.0009494781760599     
    12882767           7   1.0053778662491042     
    12882767           8   1.0136066910101502     
    12882767           9   1.0534549032919687     
    12882767          10   1.2064457835686568     
    12882767          11  0.99353411561817084     
    12882767          12  0.99607783061544986     
    12882767          13  0.77107472227376384     
    12882767          14   1.0401109914422977     
    12882767          15   1.1474740589251533     
    12882767          16   1.0896606691035011     
    12882767          17  0.96167546823903372     
    12882767          18  0.97071909714680249     
    12882767          19   1.0286845988951800     
    12882767          20   1.2225280745045306     
    12882767          21   1.0432592306605022     
    12882767          22  0.99307648071106547     
    12882767          23   1.0452243940072532     
    12882767          24   1.0480100513348649     
    12882767          25  0.89273716961722338     
    12882871           1  0.95590723159390389     
    12882871           2  0.95309664886086232     
    12882871           3   1.0428047070395587     
    12882871           4   1.0464948270427648     
    12882871           5   1.0442263715480087     
    12882871           6  0.86648975894192115     
    12882871           7   1.0346727259616382     
    12882871           8   1.0686434109768075     
    12882871           9   1.1003874639488016     
    12882871          10   1.0342312050750204     
    12882871          11  0.98081106213473201     
    12882871          12   1.2805592922377880     
    12882871          13  0.83393233885192786     
    12882871          14   1.0084300083985043     
    12882871          15   1.0844815569040085     
    12882871          16   1.0508034197169114     
    12882871          17   1.0192592940435379     
    12882871          18  0.97211132446874637     
    12882871          19   1.0997765771275050     
    12882871          20   1.0878598260356847     
    12882871          21  0.56491130202902196     
    12882871          22  0.90040142231540021     
    12882871          23  0.97912511039464045     
    12882871          24   1.0130165283199792     
    12882871          25  0.97756658603232838     
    12883705           1   1.0166765049020043     
    12883705           2   1.1162223679662728     
    12883705           3   1.0930669879428230     
    12883705           4  0.90314506474402045     
    12883705           5   1.0680899420434196     
    12883705           6   1.1095050620148093     
    12883705           7  0.98636304753772686     
    12883705           8   1.0170055763020545     
    12883705           9   1.1169167805645257     
    12883705          10   1.0731845214073050     
    12883705          11  0.52151314863047571     
    12883705          12  0.92396553184301344     
    12883705          13   1.0643807859964356     
    12883705          14  0.68200870813606018     
    12883705          15   1.0121725606972098     
    12883705          16  0.97318486419299977     
    12883705          17   1.0494453810245992     
    12883705          18   1.0850484642035290     
    12883705          19  0.98947970178715561     
    12883705          20   1.0450694502393370     
    12883705          21   1.1134087278968159     
    12883705          22   1.0251630580417113     
    12883705          23   1.1484956283088694     
    12883705          24  0.85496520765167450     
    12883705          25   1.0115229259251424     
    12883920           1  0.53392921645550939     
    12883920           2  0.92321568111251018     
    12883920           3  0.88466479304070667     
    12883920           4   1.0552876835870346     
    12883920           5  0.93236275394571166     
    12883920           6  0.98954543343532930     
    12883920           7   1.1804726244014132     
    12883920           8   1.0074567792927458     
    12883920           9   1.1669717229540510     
    12883920          10   1.0255897225092974     
    12883920          11  0.93675943215266255     
    12883920          12   1.0101531944296578     
    12883920          13   1.1046793507601249     
    12883920          14   1.1007257653830977     
    12883920          15  0.68641719531862777     
    12883920          16   1.0777053943378576     
    12883920          17  0.90484320182394318     
    12883920          18  0.84790975157563353     
    12883920          19   1.0295606116597023     
    12883920          20   1.1392385364410775     
    12883920          21   1.1974291616329538     
    12883920          22   1.0632503839117677     
    12883920          23   1.1819431491589560     
    12883920          24   1.0620884698827691     
    12883920          25  0.95779999079685152     
    12885596           1  0.96942030697922954     
    12885596           2   1.0618338383202046     
    12885596           3   1.1271166735900127     
    12885596           4   1.0731695186694850     
    12885596           5   1.0460626982488439     
    12885596           6   1.0345371797067076     
    12885596           7   1.0148733966586119     
    12885596           8   1.0333000456602579     
    12885596           9   1.0452530352381160     
    12885596          10   1.0939429130227765     
    12885596          11   1.0362187122749944     
    12885596          12  0.81763230862167691     
    12885596          13   1.3263900673981581     
    12885596          14   1.0443910008219244     
    12885596          15  0.98839531187571306     
    12885596          16   1.0665147100141166     
    12885596          17   1.0972038076029549     
    12885596          18   1.0548654543858189     
    12885596          19   1.0537325697023885     
    12885596          20  0.71246669716194222     
    12885596          21  0.75085952650546273     
    12885596          22  0.78285116168737912     
    12885596          23  0.89146766407824563     
    12885596          24   1.0219062820627667     
    12885596          25  0.85559511971221625     
    12886197           1  0.86801767985871325     
    12886197           2   1.1012419629283734     
    12886197           3   1.1369579351764487     
    12886197           4   1.0938915789289421     
    12886197           5   1.0678123685765768     
    12886197           6  0.89024805306987453     
    12886197           7   1.0561884605050171     
    12886197           8  0.99835900763491137     
    12886197           9   1.0933089020740634     
    12886197          10   1.0461660340254750     
    12886197          11   1.0307996317857024     
    12886197          12  0.86989668422782340     
    12886197          13   1.3194534868768046     
    12886197          14   1.0010422312116281     
    12886197          15  0.74945952011833694     
    12886197          16   1.0622734172456905     
    12886197          17   1.0070559725323680     
    12886197          18   1.0254439898589529     
    12886197          19   1.1062761568441180     
    12886197          20  0.81930640241558661     
    12886197          21  0.79545373349804949     
    12886197          22  0.77875710952824928     
    12886197          23  0.92426739730041374     
    12886197          24   1.1428915445522005     
    12886197          25   1.0154307392256816     
    12888898           1  0.91607485036235070     
    12888898           2   1.0384622646043054     
    12888898           3  0.96774424901378020     
    12888898           4  0.67397901478217914     
    12888898           5   1.0798772637169922     
    12888898           6  0.91581129288007590     
    12888898           7  0.95344615086574647     
    12888898           8  0.99357131935746545     
    12888898           9   1.0762714562643945     
    12888898          10   1.0350926211088083     
    12888898          11  0.99453728102597794     
    12888898          12  0.96194696396390422     
    12888898          13   1.0299784468128992     
    12888898          14  0.94737780992369491     
    12888898          15  0.98006146329401500     
    12888898          16  0.87628160723349469     
    12888898          17   1.1295008726932589     
    12888898          18  0.90699712700156765     
    12888898          19  0.99965892667743583     
    12888898          20   1.0487976934100696     
    12888898          21   1.1038544074443128     
    12888898          22   1.0926146091569784     
    12888898          23   1.2123593921672879     
    12888898          24   1.0426785032900867     
    12888898          25   1.0230244129489166     
    12889750           1  0.97212108247200812     
    12889750           2  0.81913039219411510     
    12889750           3  0.79306608202953810     
    12889750           4  0.93340584163920237     
    12889750           5   1.0639392472229103     
    12889750           6  0.92528026043072076     
    12889750           7   1.2697905777143377     
    12889750           8   1.0142271094778506     
    12889750           9   1.0875966252710414     
    12889750          10   1.2250985397564593     
    12889750          11  0.67023252708598380     
    12889750          12   1.1428238378058235     
    12889750          13  0.74698159834140487     
    12889750          14  0.84645741570578537     
    12889750          15   1.1122733571971772     
    12889750          16   1.0123656952475213     
    12889750          17   1.0593144414680633     
    12889750          18  0.95529597931445964     
    12889750          19   1.0052157264147663     
    12889750          20   1.0696584140683605     
    12889750          21  0.98537022218755699     
    12889750          22   1.0614463413050808     
    12889750          23   1.1250458607268707     
    12889750          24   1.0629995702805346     
    12889750          25   1.0408632546424312     
    12895245           1  0.98842415218647739     
    12895245           2  0.96211924641330260     
    12895245           3  0.60447295284568270     
    12895245           4   1.0286420512753247     
    12895245           5   1.1476041478024299     
    12895245           6   1.0590101287331259     
    12895245           7  0.99898700395819018     
    12895245           8   1.0250678989346709     
    12895245           9   1.1637152841015059     
    12895245          10   1.0140693674112669     
    12895245          11   1.0799951794373188     
    12895245          12  0.94991816411710384     
    12895245          13  0.97521160595170875     
    12895245          14   1.0204248605856812     
    12895245          15  0.90373545184291759     
    12895245          16  0.93328205577646262     
    12895245          17   1.1308432111645290     
    12895245          18  0.95985112394848227     
    12895245          19  0.97656473245677078     
    12895245          20  0.90206367784401909     
    12895245          21  0.97807301533620550     
    12895245          22   1.0484853307561881     
    12895245          23  0.99815748413289906     
    12895245          24   1.1193218003178800     
    12895245          25   1.0319600726698601     
    12895772           1   1.0049432056533754     
    12895772           2  0.60560107213198178     
    12895772           3   1.0382225860994845     
    12895772           4   1.0648767740274037     
    12895772           5   1.0785627178882624     
    12895772           6  0.98390242472782963     
    12895772           7  0.99142668603382611     
    12895772           8  0.79241544666729447     
    12895772           9   1.0127740617509355     
    12895772          10   1.0222134294262388     
    12895772          11   1.0594457884918345     
    12895772          12  0.93411333816939279     
    12895772          13  0.94412160244099441     
    12895772          14   1.1155468597023719     
    12895772          15   1.1039162668962554     
    12895772          16   1.0829489914517787     
    12895772          17   1.1110314532063665     
    12895772          18   1.0396594549839882     
    12895772          19   1.1972931301215890     
    12895772          20   1.0039634248887432     
    12895772          21  0.96368328565550465     
    12895772          22   1.0937560326910061     
    12895772          23   1.0434729470845940     
    12895772          24  0.78743583790052951     
    12895772          25  0.92467318190841941     
    12895948           1  0.91851360328239062     
    12895948           2  0.72509341027084162     
    12895948           3  0.95610824383620430     
    12895948           4  0.52212490538487644     
    12895948           5   1.0078457994790828     
    12895948           6  0.99927130455512758     
    12895948           7   1.0261001507211793     
    12895948           8   1.1131657980448917     
    12895948           9   1.0464786213301878     
    12895948          10   1.1332726523398813     
    12895948          11   1.0165913616222180     
    12895948          12  0.94254611784195474     
    12895948          13  0.99727623599746884     
    12895948          14   1.1090841663476250     
    12895948          15   1.1459062516497434     
    12895948          16   1.0198832275685812     
    12895948          17   1.1428270483349532     
    12895948          18   1.0556708970937063     
    12895948          19  0.97703309001540239     
    12895948          20   1.1057755248692902     
    12895948          21  0.93898935053151555     
    12895948          22   1.0149848037998637     
    12895948          23   1.0645641810209792     
    12895948          24   1.0530987592529224     
    12895948          25  0.96779449480912005     
    12897204           1  0.95362073972891437     
    12897204           2   1.0888806591449771     
    12897204           3   1.0301668477410213     
    12897204           4  0.94463724512584624     
    12897204           5   1.0487792960329683     
    12897204           6   1.0528126657623471     
    12897204           7  0.87061283247177823     
    12897204           8  0.96590669567118892     
    12897204           9   1.0273479741549416     
    12897204          10   1.1656914843954393     
    12897204          11   1.0855024098191903     
    12897204          12  0.91562392481960264     
    12897204          13   1.0400071524627816     
    12897204          14   1.0583697267954870     
    12897204          15   1.0415664827125859     
    12897204          16   1.1117579665008366     
    12897204          17  0.96557513188875799     
    12897204          18  0.97455981090261679     
    12897204          19   1.0490490329181317     
    12897204          20   1.0557556324732917     
    12897204          21   1.1053325371345546     
    12897204          22  0.46924250400783202     
    12897204          23   1.0177653051311104     
    12897204          24  0.97390882640745013     
    12897204          25  0.98752711579634433     
    12897770           1  0.98998493800236187     
    12897770           2   1.0561184746565644     
    12897770           3  0.94209869418521108     
    12897770           4  0.78094970704035305     
    12897770           5   1.1268719792162578     
    12897770           6  0.88874562819470804     
    12897770           7  0.97096051445465026     
    12897770           8   1.0898692052909948     
    12897770           9   1.0743721720239157     
    12897770          10   1.0017890286792690     
    12897770          11   1.0173130066724916     
    12897770          12  0.97833612971815231     
    12897770          13   1.0386113327996240     
    12897770          14  0.93943718191269010     
    12897770          15   1.0082258255052658     
    12897770          16  0.88601154152535033     
    12897770          17   1.1044985035125923     
    12897770          18  0.79153680969294515     
    12897770          19  0.93779198186266144     
    12897770          20   1.0108104375590181     
    12897770          21   1.1456075596708490     
    12897770          22   1.1509438597012698     
    12897770          23   1.1114563055489108     
    12897770          24  0.89872157275180442     
    12897770          25   1.0589376098220979     
    12898320           1   1.0025962448279080     
    12898320           2   1.0522258673036244     
    12898320           3   1.0461924023653308     
    12898320           4   1.0906129699308427     
    12898320           5   1.1229309919091870     
    12898320           6   1.0741224137413665     
    12898320           7  0.86554541013409325     
    12898320           8  0.63491504606697413     
    12898320           9   1.0708887472912858     
    12898320          10   1.0522920234527782     
    12898320          11   1.0463147098006014     
    12898320          12  0.96516224632394221     
    12898320          13   1.0069841711268372     
    12898320          14   1.0566083732459550     
    12898320          15   1.1124973352279937     
    12898320          16  0.89729080634158920     
    12898320          17   1.0565552872047625     
    12898320          18  0.88984242673919445     
    12898320          19  0.79089287026039656     
    12898320          20  0.90267193703141790     
    12898320          21   1.1504178937275165     
    12898320          22  0.93023539203253680     
    12898320          23   1.0354226278363281     
    12898320          24   1.1542294241434248     
    12898320          25  0.99255238193411677     
    12898501           1  0.95773257412144630     
    12898501           2   1.0711605895958352     
    12898501           3  0.94243944284520420     
    12898501           4   1.0481663335999036     
    12898501           5   1.0364239256553407     
    12898501           6   1.0073273555256641     
    12898501           7   1.0347725901660612     
    12898501           8  0.91560138376360023     
    12898501           9   1.0120672894806282     
    12898501          10  0.97912996173767364     
    12898501          11   1.1038079143874864     
    12898501          12  0.92356918065420135     
    12898501          13   1.0698398749656173     
    12898501          14   1.0373145160082655     
    12898501          15  0.99417355636191962     
    12898501          16  0.92262786632254634     
    12898501          17   1.0525900471200826     
    12898501          18   1.0187360782181152     
    12898501          19  0.95626534528178320     
    12898501          20   1.0700658451251788     
    12898501          21   1.1737830405954084     
    12898501          22   1.0398965830635367     
    12898501          23   1.0950517725936884     
    12898501          24   1.0478652784504359     
    12898501          25  0.48959165436038088     
    12899113           1  0.98042399923088053     
    12899113           2   1.1133752204514138     
    12899113           3   1.0138537259880902     
    12899113           4  0.93853031903929440     
    12899113           5   1.0332332373899209     
    12899113           6  0.63972223007001783     
    12899113           7   1.0229414089950208     
    12899113           8   1.1156050175293850     
    12899113           9   1.1154116863380519     
    12899113          10  0.93732895940447059     
    12899113          11  0.99068226828237294     
    12899113          12   1.0201873762248579     
    12899113          13   1.0651425989299361     
    12899113          14   1.0367983721329672     
    12899113          15   1.0415661737998538     
    12899113          16   1.0761285271318584     
    12899113          17  0.58517691321173526     
    12899113          18   1.1846402585070133     
    12899113          19   1.0377070963268922     
    12899113          20   1.0965174205833110     
    12899113          21  0.92455045123332824     
    12899113          22   1.0158632602277031     
    12899113          23   1.0392416460033878     
    12899113          24  0.96085228775896891     
    12899113          25   1.0145195452092683     
    12899262           1   1.0378616492443689     
    12899262           2   1.0546912241676307     
    12899262           3  0.77608180711226393     
    12899262           4   1.0829038797401254     
    12899262           5   1.0278391008414083     
    12899262           6   1.0601929529502407     
    12899262           7  0.93841160191221962     
    12899262           8  0.78812162544796183     
    12899262           9   1.0808695012719829     
    12899262          10   1.0799687806622020     
    12899262          11  0.98954179298028466     
    12899262          12   1.0309544638797239     
    12899262          13   1.0778079191436825     
    12899262          14   1.0336644075032160     
    12899262          15   1.0399736883535953     
    12899262          16   1.0769079494527254     
    12899262          17   1.0093552390391285     
    12899262          18  0.87074772131395139     
    12899262          19  0.69512546873777770     
    12899262          20  0.93068711863860276     
    12899262          21   1.1555232463350924     
    12899262          22   1.0403707451493283     
    12899262          23   1.0516499247204527     
    12899262          24   1.0924841632107245     
    12899262          25  0.97826402819131042     
    12899423           1  0.99092593824032205     
    12899423           2   1.0486258055424034     
    12899423           3  0.79622757486936135     
    12899423           4   1.0034364174170900     
    12899423           5  0.96238796456090525     
    12899423           6  0.98404246201755563     
    12899423           7   1.0556017166046086     
    12899423           8   1.0279284824144412     
    12899423           9   1.0675467831870034     
    12899423          10  0.97737115785584927     
    12899423          11  0.99855268715043533     
    12899423          12  0.98235369923530147     
    12899423          13  0.94417878601838667     
    12899423          14   1.0417919028913305     
    12899423          15   1.1065942257824037     
    12899423          16  0.96155807148115624     
    12899423          17   1.0817760863176464     
    12899423          18  0.52493567386307816     
    12899423          19  0.96521974686552314     
    12899423          20   1.1284005424133727     
    12899423          21   1.1165633365536485     
    12899423          22   1.0452184509805174     
    12899423          23   1.0845558103320529     
    12899423          24   1.0701432128046808     
    12899423          25   1.0340634646009228     
    12900223           1  0.99205098347397569     
    12900223           2   1.0498163601730621     
    12900223           3  0.79713156981332367     
    12900223           4   1.0045756663913314     
    12900223           5  0.96174747052326526     
    12900223           6  0.98515969211405674     
    12900223           7   1.0568001913180787     
    12900223           8   1.0290955383921372     
    12900223           9   1.0687588197013163     
    12900223          10  0.97848081370420559     
    12900223          11  0.99968639139398918     
    12900223          12  0.98346901199928993     
    12900223          13  0.94525075699213390     
    12900223          14   1.0429746986680646     
    12900223          15   1.1078505947109596     
    12900223          16  0.93599922657548107     
    12900223          17   1.0830042780349340     
    12900223          18  0.52553165823997638     
    12900223          19  0.96631560664044014     
    12900223          20   1.1296816690878331     
    12900223          21   1.1178310238866624     
    12900223          22   1.0464051370798748     
    12900223          23   1.0857871580019023     
    12900223          24   1.0713581971687298     
    12900223          25   1.0352374859149784     
    12900944           1  0.81046757224562083     
    12900944           2   1.0205220178212731     
    12900944           3  0.79253305799270723     
    12900944           4   1.1070778814014266     
    12900944           5   1.0151393849192678     
    12900944           6   1.0516764971846537     
    12900944           7  0.97652559161561514     
    12900944           8   1.0322265750777186     
    12900944           9   1.0679519371065873     
    12900944          10   1.0146193758699773     
    12900944          11  0.94484353981671743     
    12900944          12   1.0510095558034005     
    12900944          13   1.0895089065256625     
    12900944          14   1.0757538730989697     
    12900944          15  0.93493435962331306     
    12900944          16   1.0324325178433165     
    12900944          17  0.97582607552802536     
    12900944          18   1.0031534431715405     
    12900944          19   1.0103513460634752     
    12900944          20   1.0624186007807637     
    12900944          21   1.1589261992811237     
    12900944          22   1.1081592381389329     
    12900944          23   1.1015087155485419     
    12900944          24   1.0308822361117336     
    12900944          25  0.53155150142963015     
    12902043           1   1.0515378364282995     
    12902043           2   1.0354877712433581     
    12902043           3   1.0029705684962826     
    12902043           4  0.99463389126529067     
    12902043           5   1.0880877985769788     
    12902043           6  0.91040710427681049     
    12902043           7   1.0310302859890519     
    12902043           8  0.62682198663539312     
    12902043           9  0.93950850104097616     
    12902043          10   1.0857667554818102     
    12902043          11   1.0230930125073887     
    12902043          12  0.94709478590741702     
    12902043          13   1.0222230322771577     
    12902043          14   1.0465972162032269     
    12902043          15   1.0434694014587322     
    12902043          16  0.95994512922685760     
    12902043          17   1.0334128299057903     
    12902043          18  0.98458320897237217     
    12902043          19   1.0361296422580437     
    12902043          20   1.0554530315290342     
    12902043          21  0.93432706318099457     
    12902043          22   1.0514011331782498     
    12902043          23   1.0749772886490765     
    12902043          24  0.97423103084723672     
    12902043          25   1.0468096944641705     
    12902360           1  0.86057373742434695     
    12902360           2  0.99748327670999748     
    12902360           3  0.99913204805453892     
    12902360           4  0.55965895936483201     
    12902360           5   1.0985277592570422     
    12902360           6   1.1414725268990240     
    12902360           7  0.91816341255915890     
    12902360           8   1.0022917132393827     
    12902360           9   1.0162557584140399     
    12902360          10   1.1365510646877022     
    12902360          11   1.1287604897398849     
    12902360          12   1.0296668857856985     
    12902360          13  0.98503824943493024     
    12902360          14   1.0820912527983846     
    12902360          15   1.1453972253448030     
    12902360          16  0.57882223153516998     
    12902360          17   1.0566263179496460     
    12902360          18  0.93475348050440632     
    12902360          19   1.0164402119225271     
    12902360          20   1.0058010111642752     
    12902360          21   1.1593148647896989     
    12902360          22   1.0212965374522140     
    12902360          23   1.0463423480588574     
    12902360          24   1.1047294845207523     
    12902360          25  0.97480915238868460     
    12904069           1  0.96295330019316527     
    12904069           2  0.77465852552126302     
    12904069           3  0.79233357698784612     
    12904069           4  0.93254371362687327     
    12904069           5   1.0629565537496877     
    12904069           6  0.98398364475709499     
    12904069           7   1.2686177523708444     
    12904069           8   1.0829597229928436     
    12904069           9   1.0624362820536069     
    12904069          10   1.2420853911382050     
    12904069          11  0.60006505007461264     
    12904069          12   1.1019251113190711     
    12904069          13  0.74629165862612146     
    12904069          14  0.77752570508340524     
    12904069          15   1.1112460205598547     
    12904069          16   1.0114306370063380     
    12904069          17   1.0521502457977514     
    12904069          18  0.99108178966488469     
    12904069          19   1.0042872721481273     
    12904069          20   1.0723970175562747     
    12904069          21  0.98446009795952472     
    12904069          22   1.0740038384536212     
    12904069          23   1.1240067269348817     
    12904069          24   1.0599127425751975     
    12904069          25   1.1236876228489026     
    12904290           1  0.96834118804077041     
    12904290           2   1.0606518484277103     
    12904290           3   1.1258620135219621     
    12904290           4   1.0543541390586919     
    12904290           5   1.0448982641428435     
    12904290           6   1.0333855753353893     
    12904290           7   1.0137436812043468     
    12904290           8   1.0321498184158369     
    12904290           9   1.0440895024157819     
    12904290          10   1.1135546895906527     
    12904290          11   1.0350652360905661     
    12904290          12  0.81672215385951885     
    12904290          13   1.3249135843585427     
    12904290          14   1.0432284275809582     
    12904290          15  0.95811823319932699     
    12904290          16   1.0590949700819148     
    12904290          17   1.0959824453108618     
    12904290          18   1.0411775173470852     
    12904290          19   1.0546748915384410     
    12904290          20  0.71167360844655847     
    12904290          21  0.75002370046660105     
    12904290          22  0.78197972387192416     
    12904290          23  0.90773765349272573     
    12904290          24   1.0207687378888255     
    12904290          25  0.90780839631215993     
    12904902           1  0.99405787121907041     
    12904902           2  0.88036555520637438     
    12904902           3   1.1646547276163741     
    12904902           4   1.0178188930961243     
    12904902           5   1.0264470687984673     
    12904902           6   1.0460731572332702     
    12904902           7   1.0577129502928271     
    12904902           8  0.75452672884023764     
    12904902           9  0.96729035894877968     
    12904902          10   1.0496451842633234     
    12904902          11   1.0624148444261015     
    12904902          12   1.0158086774005493     
    12904902          13   1.0905230657103184     
    12904902          14   1.0697354990092893     
    12904902          15   1.0672899578173742     
    12904902          16   1.0361159371590305     
    12904902          17  0.95648050971301335     
    12904902          18   1.0284135584472476     
    12904902          19  0.99676607130993300     
    12904902          20  0.98160595409305307     
    12904902          21  0.92317735700438885     
    12904902          22   1.0656841323352426     
    12904902          23  0.64596757262471283     
    12904902          24   1.1001286025250319     
    12904902          25   1.0012957649098666     
    12905305           1  0.90235396274137614     
    12905305           2   1.0502557572231968     
    12905305           3   1.0002824369374450     
    12905305           4   1.0135851339593469     
    12905305           5   1.0348868409480567     
    12905305           6   1.0258242951318228     
    12905305           7   1.0011159373702705     
    12905305           8   1.0800486434276109     
    12905305           9   1.1259265783881940     
    12905305          10   1.1827554995825762     
    12905305          11  0.95719235424794680     
    12905305          12  0.84507344395348061     
    12905305          13  0.98814695656407658     
    12905305          14   1.2465468885058988     
    12905305          15   1.0813599518154537     
    12905305          16  0.93372515108387988     
    12905305          17  0.82768762820202790     
    12905305          18   1.0160047385448028     
    12905305          19   1.0732203313575110     
    12905305          20   1.0123609133099358     
    12905305          21   1.0832181322976864     
    12905305          22  0.61703873851795665     
    12905305          23   1.0473510562908288     
    12905305          24   1.0544480695917031     
    12905305          25  0.79959056000691731     
    12905676           1  0.80346126197752310     
    12905676           2  0.86355123860360683     
    12905676           3  0.92765663811004417     
    12905676           4  0.53981340965239821     
    12905676           5   1.0748915324282866     
    12905676           6   1.0550742248089413     
    12905676           7   1.0559202478629657     
    12905676           8   1.0439507362115510     
    12905676           9   1.1094411959361932     
    12905676          10   1.0886678268206511     
    12905676          11  0.94869388186465076     
    12905676          12   1.0648235629899958     
    12905676          13  0.70940596227182595     
    12905676          14   1.0832265585504428     
    12905676          15   1.0935044283235424     
    12905676          16   1.1671852499583333     
    12905676          17  0.91178360249193424     
    12905676          18  0.98884378125417383     
    12905676          19   1.1762079672915924     
    12905676          20   1.3193718026887158     
    12905676          21  0.91674777022176923     
    12905676          22   1.0003014291644545     
    12905676          23   1.0454118672089177     
    12905676          24   1.0814492850276356     
    12905676          25  0.93061453827985474     
    12905793           1   1.0305494658398664     
    12905793           2   1.0385276290688228     
    12905793           3  0.98911235714470092     
    12905793           4   1.0138359031961264     
    12905793           5   1.1833907947114992     
    12905793           6   1.0143689913027962     
    12905793           7   1.0133485180787372     
    12905793           8   1.0312939193690744     
    12905793           9   1.0807152710466938     
    12905793          10   1.0794857393121335     
    12905793          11  0.96170508322858628     
    12905793          12  0.86170912073499129     
    12905793          13   1.0025769607838746     
    12905793          14   1.1185292289883499     
    12905793          15   1.1268186918649017     
    12905793          16   1.0267087168006721     
    12905793          17  0.99235273655030776     
    12905793          18  0.98340728502734365     
    12905793          19   1.0612357595068229     
    12905793          20   1.0846724060336916     
    12905793          21   1.1140796637255139     
    12905793          22  0.47298018302609407     
    12905793          23  0.94358311875086121     
    12905793          24  0.88164019137930427     
    12905793          25  0.89337226452823437     
    12906137           1  0.92667687858316095     
    12906137           2   1.0121187015519182     
    12906137           3   1.0540759203633228     
    12906137           4   1.0387951867699317     
    12906137           5  0.95244218538242587     
    12906137           6  0.96617983070339331     
    12906137           7   1.1610179215416216     
    12906137           8   1.0071862453192459     
    12906137           9   1.0291534187460691     
    12906137          10  0.96895557128641130     
    12906137          11   1.0371654722801504     
    12906137          12  0.95031580537449134     
    12906137          13   1.0700682693395962     
    12906137          14   1.1276171978724574     
    12906137          15  0.96935542180799217     
    12906137          16   1.0390982841488845     
    12906137          17  0.93422976159579907     
    12906137          18  0.95160730085590828     
    12906137          19  0.88694084206403634     
    12906137          20   1.0127291389977822     
    12906137          21   1.0598069230622986     
    12906137          22   1.1233298626163939     
    12906137          23  0.69027593097551732     
    12906137          24   1.0254111797668803     
    12906137          25   1.0054467489943082     
    12907506           1   1.0066607122685123     
    12907506           2  0.94292148443831847     
    12907506           3  0.91965488306823351     
    12907506           4   1.0103195222293155     
    12907506           5  0.95929140999380524     
    12907506           6  0.62267775760531285     
    12907506           7   1.0220685304042734     
    12907506           8   1.1309733221964422     
    12907506           9   1.0713346942515645     
    12907506          10   1.0154986505879102     
    12907506          11  0.90509775789051794     
    12907506          12   1.0043613269409701     
    12907506          13  0.93582466183338375     
    12907506          14  0.84987144230763356     
    12907506          15   1.1226571123521507     
    12907506          16  0.98010616132731521     
    12907506          17   1.0617119889257915     
    12907506          18   1.1065878803754243     
    12907506          19  0.94880534410361195     
    12907506          20   1.0604144486344762     
    12907506          21   1.0898988032211143     
    12907506          22   1.0287921329454286     
    12907506          23   1.0490928722177915     
    12907506          24   1.0467739256135808     
    12907506          25   1.1086031742671181     
    12907594           1  0.92424858491864992     
    12907594           2   1.0094665134079026     
    12907594           3   1.0466955692002118     
    12907594           4   1.0360730947127577     
    12907594           5  0.94994637548576222     
    12907594           6  0.96364802224253854     
    12907594           7   1.1579755531299118     
    12907594           8   1.0045469823409456     
    12907594           9   1.0264565922855104     
    12907594          10  0.96641648918635403     
    12907594          11   1.0344476507788325     
    12907594          12  0.94782556751185698     
    12907594          13   1.0672642282988785     
    12907594          14   1.1246623537829257     
    12907594          15  0.96681529192686810     
    12907594          16   1.0363753978456662     
    12907594          17  0.98394361080864279     
    12907594          18  0.94911367871730068     
    12907594          19  0.88461667397766619     
    12907594          20   1.0100753512440033     
    12907594          21   1.0570297711808230     
    12907594          22   1.1203862531969833     
    12907594          23  0.70643418998255680     
    12907594          24   1.0227241595887639     
    12907594          25   1.0028120442476882     
    12907778           1  0.98952957210676051     
    12907778           2   1.1110507894052355     
    12907778           3   1.0372538997568912     
    12907778           4  0.80970337540863968     
    12907778           5   1.0160737573882370     
    12907778           6   1.0048786569888444     
    12907778           7  0.98577860308233012     
    12907778           8   1.0169049757644517     
    12907778           9  0.93206162969286888     
    12907778          10  0.93076925003811051     
    12907778          11  0.97694613709839628     
    12907778          12   1.0185525165132296     
    12907778          13   1.0107226193997507     
    12907778          14  0.97570119630433561     
    12907778          15   1.0668017416897380     
    12907778          16   1.0107773643415288     
    12907778          17   1.0390636020620314     
    12907778          18  0.89442270202507579     
    12907778          19  0.93008014216255253     
    12907778          20   1.0537256814034872     
    12907778          21   1.1252266806791194     
    12907778          22   1.0838450814012859     
    12907778          23   1.0389385113989285     
    12907778          24  0.92662019892439285     
    12907778          25   1.0145713149637734     
    12908350           1   1.0424960081784698     
    12908350           2  0.92115055010502800     
    12908350           3  0.73703269028524565     
    12908350           4   1.0091343533752557     
    12908350           5   1.1413644272746006     
    12908350           6  0.89120088631124117     
    12908350           7   1.0187802079617752     
    12908350           8   1.1346525467621675     
    12908350           9   1.1558215176143969     
    12908350          10  0.88746506477282017     
    12908350          11   1.0026914027222988     
    12908350          12  0.93831320494260906     
    12908350          13  0.99723488446429620     
    12908350          14  0.95320756842721865     
    12908350          15   1.1147245297437700     
    12908350          16  0.85021508352601993     
    12908350          17   1.0944169274258948     
    12908350          18  0.96450188797681768     
    12908350          19   1.0328311491044770     
    12908350          20  0.98693069502083175     
    12908350          21  0.84216635457974276     
    12908350          22   1.1037376351075767     
    12908350          23   1.0359720111496094     
    12908350          24   1.1645445532499259     
    12908350          25  0.97941385991791208     
    12909033           1  0.71690423499773992     
    12909033           2  0.72978152437298238     
    12909033           3   1.0636170391261797     
    12909033           4  0.68554416462045731     
    12909033           5   1.1589569312785346     
    12909033           6  0.95527753484011602     
    12909033           7  0.99754111087118702     
    12909033           8   1.0483377864375252     
    12909033           9   1.1043654479784470     
    12909033          10   1.1119070360671794     
    12909033          11  0.91257137620937046     
    12909033          12   1.0944865339198735     
    12909033          13  0.80811668058148123     
    12909033          14   1.0019785547492617     
    12909033          15   1.0241213760134935     
    12909033          16   1.1573455307955598     
    12909033          17   1.0085838804467075     
    12909033          18  0.99817305882230745     
    12909033          19   1.0566507608145308     
    12909033          20   1.2239136578692447     
    12909033          21  0.88373577466402975     
    12909033          22   1.0506379488086655     
    12909033          23   1.0147656676696295     
    12909033          24   1.1007507433977715     
    12909033          25   1.0919356446477202     
    12909382           1  0.96536363017990190     
    12909382           2  0.77659754236992062     
    12909382           3  0.79431683555264776     
    12909382           4  0.93487792659072788     
    12909382           5   1.0656171978905686     
    12909382           6  0.98644661496026120     
    12909382           7   1.2717931788527230     
    12909382           8   1.0856704362685901     
    12909382           9   1.0650956239231626     
    12909382          10   1.2270306565743108     
    12909382          11  0.60156704896064106     
    12909382          12   1.1046832961016744     
    12909382          13  0.74815967150200768     
    12909382          14  0.79523345029253989     
    12909382          15   1.1140275361385021     
    12909382          16   1.0139623086807499     
    12909382          17   1.0547838411003378     
    12909382          18  0.99356252695137470     
    12909382          19   1.0068010635509614     
    12909382          20   1.0713453844989913     
    12909382          21  0.98692426075369288     
    12909382          22   1.0583495494201955     
    12909382          23   1.1268201833285421     
    12909382          24   1.0625657678737666     
    12909382          25   1.0884044676832036     
    12910301           1  0.99489204501041784     
    12910301           2   1.1004875914442802     
    12910301           3   1.0731692373502473     
    12910301           4   1.0376637547672585     
    12910301           5   1.0508867092016769     
    12910301           6  0.88839779325493018     
    12910301           7   1.1385578210891751     
    12910301           8   1.0643247777897566     
    12910301           9   1.0633879096932182     
    12910301          10  0.97116364756383622     
    12910301          11  0.84146750731955788     
    12910301          12   1.1006330830736659     
    12910301          13   1.2144423198758594     
    12910301          14   1.2242891217870027     
    12910301          15  0.79890913686246190     
    12910301          16   1.0604811038878255     
    12910301          17  0.89237074347198275     
    12910301          18  0.99551747851473393     
    12910301          19  0.97685313938429907     
    12910301          20  0.90602080039985200     
    12910301          21  0.96900608070627747     
    12910301          22  0.55539812025469015     
    12910301          23   1.1121041011633510     
    12910301          24  0.93480709459540412     
    12910301          25   1.0347688815382292     
    12913083           1  0.53249794335766498     
    12913083           2  0.92074087035640206     
    12913083           3  0.88229332341539768     
    12913083           4   1.0524588350703126     
    12913083           5  0.92986342316172965     
    12913083           6  0.98689281635740844     
    12913083           7   1.1773081998710160     
    12913083           8   1.0047561483083336     
    12913083           9   1.1638434895074956     
    12913083          10   1.0228404835951994     
    12913083          11  0.93424831544829345     
    12913083          12   1.0074453353215034     
    12913083          13   1.1017181008645238     
    12913083          14   1.1647911643457118     
    12913083          15  0.68457715653581053     
    12913083          16   1.0748164519635155     
    12913083          17  0.90241764110798273     
    12913083          18  0.84563680905923300     
    12913083          19   1.0268007282132574     
    12913083          20   1.1361846457398714     
    12913083          21   1.1942192826961968     
    12913083          22   1.0604001902458953     
    12913083          23   1.1787747826780899     
    12913083          24   1.0592413908924763     
    12913083          25  0.95523247188667881     
    12914552           1   1.0325258042503340     
    12914552           2   1.0405192676186408     
    12914552           3  0.99100922945262115     
    12914552           4   1.0157801891366027     
    12914552           5   1.1856602449025935     
    12914552           6   1.0163142995741128     
    12914552           7   1.0152918693353774     
    12914552           8   1.0332716854568673     
    12914552           9   1.0827878150358441     
    12914552          10   1.0815559253642084     
    12914552          11  0.96354939517918037     
    12914552          12  0.86336166521772606     
    12914552          13   1.0044996548638063     
    12914552          14   1.1206742907750533     
    12914552          15   1.1289796507865102     
    12914552          16   1.0224417573142233     
    12914552          17   1.0157964525336116     
    12914552          18  0.98529321642118473     
    12914552          19   1.0632709466216559     
    12914552          20   1.0767175387593728     
    12914552          21   1.1162161923490550     
    12914552          22  0.39368825830709647     
    12914552          23  0.94539267726587783     
    12914552          24  0.89129747948913085     
    12914552          25  0.91410449398931792     
    12914900           1   1.0343280974344522     
    12914900           2   1.0559735224903439     
    12914900           3   1.0684820240021151     
    12914900           4  0.96245255462555934     
    12914900           5   1.0241441648637004     
    12914900           6  0.92000418975195775     
    12914900           7   1.0153088438904823     
    12914900           8  0.66301018289588109     
    12914900           9   1.1203410396038895     
    12914900          10   1.0907696948905754     
    12914900          11   1.0098888339642722     
    12914900          12  0.81834411539062202     
    12914900          13   1.0877093153344137     
    12914900          14   1.1742000591827331     
    12914900          15   1.0179891902282348     
    12914900          16  0.99160298544171388     
    12914900          17   1.0811103722457245     
    12914900          18   1.0044584380609944     
    12914900          19   1.1119000307219067     
    12914900          20  0.95769422048904240     
    12914900          21   1.0210340959954272     
    12914900          22  0.61467012410423161     
    12914900          23   1.0478931635903090     
    12914900          24   1.0913724112008700     
    12914900          25   1.0153183296005535     
    12918691           1  0.70443303717294192     
    12918691           2   1.0639678208335530     
    12918691           3  0.82331943962132681     
    12918691           4   1.1042617730601212     
    12918691           5   1.0576993120741347     
    12918691           6   1.0817166329504553     
    12918691           7   1.0119641451390882     
    12918691           8  0.99790878416968176     
    12918691           9   1.1308478163876312     
    12918691          10  0.93140074053702815     
    12918691          11   1.0468410016807328     
    12918691          12  0.98774662643057676     
    12918691          13  0.99982262398949129     
    12918691          14   1.1462262341198517     
    12918691          15  0.60335984432153689     
    12918691          16   1.0799372869054860     
    12918691          17  0.78552111465350238     
    12918691          18  0.99022779731876920     
    12918691          19   1.0176390323971731     
    12918691          20   1.0902164958587686     
    12918691          21   1.1560451475576128     
    12918691          22   1.0884310128795818     
    12918691          23   1.0689406143305999     
    12918691          24   1.1144158576909569     
    12918691          25  0.91710980791939389     
    12918960           1   1.0188507670788114     
    12918960           2  0.81505235383142449     
    12918960           3   1.0460942762522365     
    12918960           4   1.1036791713174532     
    12918960           5   1.0274708881785604     
    12918960           6  0.99923822687487673     
    12918960           7  0.92159157318758655     
    12918960           8  0.71971729305180532     
    12918960           9   1.0648197101034564     
    12918960          10   1.0271698947933341     
    12918960          11   1.1186019224164145     
    12918960          12   1.0161947493793348     
    12918960          13   1.0199331764319406     
    12918960          14   1.0984858380376352     
    12918960          15   1.0852791855021717     
    12918960          16   1.0899120581555168     
    12918960          17   1.1309227934668309     
    12918960          18  0.97959836249828192     
    12918960          19   1.2011530801502026     
    12918960          20  0.87552463094805433     
    12918960          21  0.88091202858642070     
    12918960          22   1.0453762395750101     
    12918960          23   1.0242464745802002     
    12918960          24  0.81369891673460271     
    12918960          25  0.87647638886783241     
    12918973           1  0.53294633502497690     
    12918973           2  0.92151618327389073     
    12918973           3  0.88303626144789005     
    12918973           4   1.0533450615388296     
    12918973           5  0.93064641775520129     
    12918973           6   1.0115525243851347     
    12918973           7   1.1782995561631200     
    12918973           8   1.0277946634349269     
    12918973           9   1.1648235077953779     
    12918973          10   1.0237017698321782     
    12918973          11  0.93503500235492409     
    12918973          12   1.0082936580225865     
    12918973          13   1.1026458062619184     
    12918973          14   1.0986994988264822     
    12918973          15  0.68515360701125683     
    12918973          16   1.0757215047378255     
    12918973          17  0.90317752488923575     
    12918973          18  0.84634888035168432     
    12918973          19   1.0276653491874108     
    12918973          20   1.1371413738062093     
    12918973          21   1.1952248790219360     
    12918973          22   1.0612931037589959     
    12918973          23   1.1797673739111327     
    12918973          24   1.0601333286347205     
    12918973          25  0.95603682857215067     
    12920522           1  0.80145031346114715     
    12920522           2   1.0104282613412123     
    12920522           3  0.82886646683935949     
    12920522           4  0.82169069561882779     
    12920522           5   1.0221599350986710     
    12920522           6   1.0028003757910582     
    12920522           7   1.0072369525820164     
    12920522           8   1.0187677530881176     
    12920522           9   1.0554028908882702     
    12920522          10   1.2086766730112499     
    12920522          11  0.99537130117559580     
    12920522          12  0.99791971986284556     
    12920522          13  0.77250054884699171     
    12920522          14   1.0420343042521532     
    12920522          15   1.1495959012810804     
    12920522          16   1.0421602994396517     
    12920522          17  0.96345374263686789     
    12920522          18  0.97251409449773407     
    12920522          19   1.0305867826838664     
    12920522          20   1.2247887023850628     
    12920522          21   1.0451883650113920     
    12920522          22  0.99491282003661108     
    12920522          23   1.0471571622240181     
    12920522          24   1.0499479706272998     
    12920522          25  0.89438796731889747     
    12920636           1  0.99848866264708624     
    12920636           2   1.0479149552639750     
    12920636           3   1.0419062091027533     
    12920636           4   1.0861447880235484     
    12920636           5   1.1183304048269458     
    12920636           6   1.0697217927441647     
    12920636           7  0.86199931775473349     
    12920636           8  0.59658177997833572     
    12920636           9   1.0665013744493186     
    12920636          10   1.0926866890053446     
    12920636          11   1.0670609661932213     
    12920636          12  0.96120802919510917     
    12920636          13   1.0028586118510789     
    12920636          14   1.0522795063182742     
    12920636          15   1.1079394942686165     
    12920636          16  0.89361465480386160     
    12920636          17   1.0522266377677001     
    12920636          18  0.88669828526211070     
    12920636          19  0.78765262526887625     
    12920636          20  0.89897373929448665     
    12920636          21   1.1391181232017280     
    12920636          22  0.92642426832247493     
    12920636          23   1.1056825264541419     
    12920636          24   1.1495006090898578     
    12920636          25  0.98848594891225317     
    12920965           1  0.94039301381303586     
    12920965           2   1.0503487465652159     
    12920965           3   1.0003710016560905     
    12920965           4   1.0136748764949526     
    12920965           5   1.0129039891440492     
    12920965           6   1.0259151213192308     
    12920965           7   1.0012045758868040     
    12920965           8   1.0801442706231872     
    12920965           9   1.1079280982836157     
    12920965          10   1.1828602204135923     
    12920965          11  0.95727710378309117     
    12920965          12  0.84514826651262465     
    12920965          13  0.98823444681078776     
    12920965          14   1.2466572574081030     
    12920965          15   1.0814556951138967     
    12920965          16  0.93380782283962038     
    12920965          17  0.82776091142605668     
    12920965          18   1.0160946953115009     
    12920965          19   1.0733153539763052     
    12920965          20   1.0124505474533978     
    12920965          21   1.0833140401188937     
    12920965          22  0.61709337095001005     
    12920965          23   1.0474437884514647     
    12920965          24   1.0545414301198510     
    12920965          25  0.79966135552462680     
    12921188           1  0.98805246960455539     
    12921188           2  0.96175745541008539     
    12921188           3  0.60424564954950299     
    12921188           4   1.0282552453351361     
    12921188           5   1.1471726078893916     
    12921188           6   1.0586119033173889     
    12921188           7  0.99861134936889639     
    12921188           8   1.0246824370026870     
    12921188           9   1.1632776858290841     
    12921188          10   1.0136880413177132     
    12921188          11   1.0889899506917649     
    12921188          12  0.94956096115411215     
    12921188          13  0.97484489175637212     
    12921188          14   1.0200411446009989     
    12921188          15  0.90339561521977119     
    12921188          16  0.93293110858098471     
    12921188          17   1.1304179739588771     
    12921188          18  0.95949018583985690     
    12921188          19  0.97619750943781625     
    12921188          20  0.90172446986726396     
    12921188          21  0.97770522514932656     
    12921188          22   1.0480910630382447     
    12921188          23  0.99778214147251731     
    12921188          24   1.1189008955718522     
    12921188          25   1.0315720190357984     
    12921391           1   1.0197949463580103     
    12921391           2  0.81580767106611274     
    12921391           3   1.0470637023660900     
    12921391           4   1.1047019619342078     
    12921391           5   1.0284230558109015     
    12921391           6   1.0001642310153103     
    12921391           7  0.92244562139111574     
    12921391           8  0.72038426232438002     
    12921391           9   1.0658064892656736     
    12921391          10   1.0281217834920702     
    12921391          11   1.1196385420970827     
    12921391          12   1.0171364673001504     
    12921391          13   1.0208783587908015     
    12921391          14   1.0995038159400736     
    12921391          15   1.0862849246665391     
    12921391          16   1.0909220906496868     
    12921391          17   1.1319708310229362     
    12921391          18  0.98050616617836350     
    12921391          19   1.2022662008211282     
    12921391          20  0.87633598845170479     
    12921391          21  0.88172837864578524     
    12921391          22   1.0463450002770347     
    12921391          23   1.0020279020342080     
    12921391          24  0.81445297972548625     
    12921391          25  0.87728862837514399     
    12921951           1  0.90883049160979523     
    12921951           2   1.0278907020436208     
    12921951           3  0.67796594190373449     
    12921951           4   1.1256827072075455     
    12921951           5   1.0066787279204901     
    12921951           6  0.95867796715410125     
    12921951           7   1.0899319337141038     
    12921951           8   1.0864537952083786     
    12921951           9   1.0242445063258399     
    12921951          10   1.0785018542148828     
    12921951          11   1.0290604188439423     
    12921951          12  0.99459935378464170     
    12921951          13  0.98859257752536944     
    12921951          14   1.0220096872189770     
    12921951          15   1.0410155294764245     
    12921951          16  0.82960700682737887     
    12921951          17   1.0487954046829573     
    12921951          18   1.0103413485293335     
    12921951          19  0.99523853165968545     
    12921951          20   1.0318690207632306     
    12921951          21   1.0401160959684388     
    12921951          22   1.0267007465960305     
    12921951          23   1.0165116332815483     
    12921951          24  0.93519701268875743     
    12921951          25   1.0054870048507938     
    12922038           1  0.90194130876397649     
    12922038           2   1.0469165729838925     
    12922038           3  0.99982499945374259     
    12922038           4   1.0131216130415788     
    12922038           5   1.0344135785823898     
    12922038           6   1.0253551771437848     
    12922038           7  0.99276437954433605     
    12922038           8   1.0795547281937912     
    12922038           9   1.1073233914491469     
    12922038          10   1.1822146156486137     
    12922038          11  0.95675462221769458     
    12922038          12  0.86255043819237009     
    12922038          13  0.98769506873655177     
    12922038          14   1.1995050914293894     
    12922038          15   1.0696086492240482     
    12922038          16   1.0456069070479743     
    12922038          17  0.82730911976085653     
    12922038          18   1.0155401111217197     
    12922038          19   1.0727295387676326     
    12922038          20  0.92371788733538551     
    12922038          21   1.1387327835558667     
    12922038          22  0.61675656156725567     
    12922038          23   1.0468720939357461     
    12922038          24   1.0539658617133705     
    12922038          25  0.79922490058888174     
    12923811           1  0.91838343598829375     
    12923811           2   1.0410792768017274     
    12923811           3  0.97018304586752924     
    12923811           4  0.67567749855247139     
    12923811           5   1.0825986451934226     
    12923811           6  0.91811921431900967     
    12923811           7  0.95584891531029903     
    12923811           8  0.99607520259944138     
    12923811           9   1.0789837508029489     
    12923811          10   1.0377011415213777     
    12923811          11  0.99704359857255498     
    12923811          12  0.96437115117202177     
    12923811          13   1.0325740790763576     
    12923811          14  0.94976528163898344     
    12923811          15  0.98253130056310545     
    12923811          16  0.87848991054182957     
    12923811          17   1.1323473098355497     
    12923811          18  0.90928283600159021     
    12923811          19   1.0021781512015677     
    12923811          20   1.0514407517568531     
    12923811          21   1.1066362133383967     
    12923811          22   1.0953680898145879     
    12923811          23   1.1543896389604311     
    12923811          24   1.0433290401071524     
    12923811          25   1.0256025204624988     
    12924137           1  0.90055338374843685     
    12924137           2   1.0527081116533976     
    12924137           3   1.0026181033204231     
    12924137           4   1.0159518622315373     
    12924137           5   1.0373033088528509     
    12924137           6   1.0282196019296883     
    12924137           7  0.99553775891444884     
    12924137           8   1.0825705644523951     
    12924137           9   1.1104168020440133     
    12924137          10   1.1855172418242130     
    12924137          11  0.92119770320096139     
    12924137          12  0.86496005284037181     
    12924137          13  0.94859663665680927     
    12924137          14   1.2028560201527212     
    12924137          15   1.0838849347543595     
    12924137          16   1.0485279069196511     
    12924137          17  0.82962028451729553     
    12924137          18   1.0183771166103732     
    12924137          19   1.0757263082265591     
    12924137          20  0.92629837892566180     
    12924137          21   1.1419139392007081     
    12924137          22  0.61847952822427588     
    12924137          23   1.0497966282243363     
    12924137          24   1.0569102131001726     
    12924137          25  0.80145760947433853     
    12924371           1   1.0316174406631253     
    12924371           2   1.0388619428793522     
    12924371           3  0.94798274089522039     
    12924371           4   1.0159197280224834     
    12924371           5   1.1708791373157392     
    12924371           6  0.97453635360394464     
    12924371           7  0.96043776214830412     
    12924371           8  0.98821400897516032     
    12924371           9   1.1404513611039715     
    12924371          10   1.1320481250331584     
    12924371          11  0.97124498158638251     
    12924371          12  0.92951111092157568     
    12924371          13   1.0108139918481276     
    12924371          14   1.1587612784772336     
    12924371          15   1.1001280673060680     
    12924371          16  0.96642340466078824     
    12924371          17  0.95206840785955160     
    12924371          18   1.0355683605976309     
    12924371          19   1.0615773833218280     
    12924371          20   1.0966897199175858     
    12924371          21   1.0490013593300080     
    12924371          22  0.57103135319340237     
    12924371          23   1.0518793018229131     
    12924371          24  0.77360448457607101     
    12924371          25  0.87074819394037239     
    12924774           1   1.0653642642960544     
    12924774           2  0.99775882953484363     
    12924774           3  0.95215275457915916     
    12924774           4   1.0441167538462710     
    12924774           5   1.0879811014662972     
    12924774           6   1.0315565696884501     
    12924774           7  0.90493856022213270     
    12924774           8  0.86382007563490693     
    12924774           9   1.1374133341089947     
    12924774          10   1.1280737240927881     
    12924774          11   1.0383931770290287     
    12924774          12  0.74662735890678322     
    12924774          13   1.0672307600045059     
    12924774          14   1.0860739997979303     
    12924774          15   1.0335018263662024     
    12924774          16   1.0472892446907440     
    12924774          17  0.96366345125050834     
    12924774          18   1.0000702448983090     
    12924774          19  0.91743199975006406     
    12924774          20   1.1059028178076107     
    12924774          21   1.0988292436443710     
    12924774          22  0.57795616771107516     
    12924774          23   1.0835292785677102     
    12924774          24   1.0598941076013488     
    12924774          25  0.96043035450391445     
    12925072           1  0.97392092285073961     
    12925072           2  0.82064697688906696     
    12925072           3  0.79453440977509981     
    12925072           4  0.93513400241445688     
    12925072           5   1.0659090849850947     
    12925072           6  0.92699337704180340     
    12925072           7   1.2503965367586669     
    12925072           8   1.0161049073548396     
    12925072           9   1.0653873681514601     
    12925072          10   1.2273667570182138     
    12925072          11  0.67147343378694857     
    12925072          12   1.1449397269950892     
    12925072          13  0.74836460264725269     
    12925072          14  0.84802459520958740     
    12925072          15   1.1143326834854004     
    12925072          16   1.0142400467961119     
    12925072          17   1.0612757166012796     
    12925072          18  0.95706466873824814     
    12925072          19   1.0070768401035430     
    12925072          20   1.0713203148351358     
    12925072          21  0.98719459277870070     
    12925072          22   1.0634115635591641     
    12925072          23   1.1271288347561055     
    12925072          24   1.0649676682712705     
    12925072          25   1.0427903681967219     
    12925440           1  0.97844585154149311     
    12925440           2  0.99249523984945209     
    12925440           3  0.92017389936324434     
    12925440           4   1.0415601400517243     
    12925440           5  0.92617738892585599     
    12925440           6  0.94517516074232455     
    12925440           7  0.99735127194666462     
    12925440           8  0.97871073146441567     
    12925440           9  0.84980007942952906     
    12925440          10   1.0920644938298940     
    12925440          11  0.63453239117864413     
    12925440          12   1.1833823778170951     
    12925440          13  0.88898158393637494     
    12925440          14  0.97524874249928351     
    12925440          15   1.1387967595042996     
    12925440          16   1.0467145612821243     
    12925440          17   1.0582325359126084     
    12925440          18   1.0135429285182607     
    12925440          19   1.1254958144047937     
    12925440          20   1.0083129095646599     
    12925440          21   1.0864716839186979     
    12925440          22  0.94464987675932510     
    12925440          23   1.1078347148329653     
    12925440          24   1.0111407109354835     
    12925440          25   1.0547081517907801     
    12927153           1  0.98674564619354999     
    12927153           2  0.96048541045589197     
    12927153           3  0.60344645883329995     
    12927153           4   1.0268952487069907     
    12927153           5   1.1456553281228079     
    12927153           6   1.0572117561987062     
    12927153           7  0.99729056051405629     
    12927153           8   1.0233271658620187     
    12927153           9   1.1617391050754222     
    12927153          10   1.0123473116453503     
    12927153          11   1.0875496247923890     
    12927153          12  0.94830504759447132     
    12927153          13  0.97355553702488096     
    12927153          14   1.0186920121521050     
    12927153          15  0.90220076112478442     
    12927153          16  0.93169719008874441     
    12927153          17   1.1289228542987015     
    12927153          18  0.95822113963425681     
    12927153          19  0.97490636569966127     
    12927153          20  0.93359746406182886     
    12927153          21  0.97641208726789530     
    12927153          22   1.0467048310514029     
    12927153          23  0.99646244934920203     
    12927153          24   1.1174210086934626     
    12927153          25   1.0302076355581138     
    12927332           1  0.86768237818735428     
    12927332           2   1.1008165703594102     
    12927332           3   1.1365187460852868     
    12927332           4   1.0934690256985053     
    12927332           5   1.0673998893377439     
    12927332           6  0.88990416415258067     
    12927332           7   1.0557804714003076     
    12927332           8  0.99797335714455404     
    12927332           9   1.0928865739225944     
    12927332          10   1.0457619164275651     
    12927332          11   1.0304014499889556     
    12927332          12  0.86956065672642646     
    12927332          13   1.3189438026045877     
    12927332          14   1.0284222961461920     
    12927332          15  0.74917001561221608     
    12927332          16   1.0618630776172386     
    12927332          17   1.0066669625403168     
    12927332          18   1.0250478768630278     
    12927332          19   1.1058488196446787     
    12927332          20  0.81898991714983738     
    12927332          21  0.79514646214572615     
    12927332          22  0.77845628782096554     
    12927332          23  0.90580072483144058     
    12927332          24   1.1424500634004193     
    12927332          25   1.0150384941920698     
    12928132           1   1.0099405756969759     
    12928132           2   1.0887924541572005     
    12928132           3  0.92735344308943646     
    12928132           4   1.0857035789388281     
    12928132           5   1.0454771361776445     
    12928132           6   1.0238298956699345     
    12928132           7  0.99633575513478989     
    12928132           8   1.1518735044990200     
    12928132           9   1.0586721444280365     
    12928132          10  0.99524695394315377     
    12928132          11  0.99891070139051741     
    12928132          12  0.94006291768667205     
    12928132          13   1.0637376639881493     
    12928132          14   1.0296719051318493     
    12928132          15  0.87194216808242364     
    12928132          16  0.98007452311714505     
    12928132          17   1.0824336848438481     
    12928132          18  0.99257941307676401     
    12928132          19  0.97444355316872799     
    12928132          20   1.0324710857192470     
    12928132          21  0.90963130507270673     
    12928132          22   1.0897022088278618     
    12928132          23   1.1663145933913961     
    12928132          24   1.0219363125691963     
    12928132          25  0.46286252219847379     
    12929141           1   1.0267703228681468     
    12929141           2   1.0339807863465393     
    12929141           3   1.0205977680231575     
    12929141           4   1.0111463668927974     
    12929141           5   1.1653776899006936     
    12929141           6  0.96995743479624130     
    12929141           7  0.95592508643696106     
    12929141           8  0.98357082486509773     
    12929141           9   1.1350928804610299     
    12929141          10   1.1267291275101106     
    12929141          11   1.0070763781213616     
    12929141          12  0.92514374597718108     
    12929141          13   1.0060646203328971     
    12929141          14   1.1533167675649050     
    12929141          15   1.0949590481313178     
    12929141          16  0.96188260504111145     
    12929141          17  0.94759505607247196     
    12929141          18   1.0307026791631031     
    12929141          19   1.0565894968993783     
    12929141          20   1.0915368560288503     
    12929141          21   1.0440725621273388     
    12929141          22  0.56834832736962881     
    12929141          23   1.0469369824309900     
    12929141          24  0.76996965647443139     
    12929141          25  0.86665693016425704     
    12929348           1   1.0374615255468957     
    12929348           2  0.91670207604931275     
    12929348           3  0.73347336895544346     
    12929348           4   1.0042609827962456     
    12929348           5   1.1358524834970409     
    12929348           6  0.88689704692175819     
    12929348           7   1.0138602550582272     
    12929348           8   1.1291730163901268     
    12929348           9   1.1121412375529234     
    12929348          10  0.88317926663097968     
    12929348          11   1.0613414322428056     
    12929348          12  0.93378184799140695     
    12929348          13  0.99241897949578939     
    12929348          14  0.94860428274565833     
    12929348          15   1.1093412369158289     
    12929348          16  0.90040212470372805     
    12929348          17   1.0891317052575591     
    12929348          18  0.95984405910740656     
    12929348          19   1.0278433405750225     
    12929348          20   1.0232092965952182     
    12929348          21  0.83809931561578943     
    12929348          22   1.0984074008331330     
    12929348          23   1.0309690345856581     
    12929348          24   1.1589206666536835     
    12929348          25  0.97468401728235599     
    12929929           1  0.92700205933375934     
    12929929           2  0.78145321369452436     
    12929929           3  0.95784792406168418     
    12929929           4  0.92042902216222766     
    12929929           5   1.2106982750467223     
    12929929           6  0.96588022002777618     
    12929929           7   1.0638430913546129     
    12929929           8  0.99471827217534725     
    12929929           9   1.0451281157774914     
    12929929          10   1.0517053083707690     
    12929929          11   1.0848025311322673     
    12929929          12   1.0988088582364786     
    12929929          13  0.97938352236933213     
    12929929          14  0.97775371845551595     
    12929929          15   1.0585715067671833     
    12929929          16  0.96886049724049539     
    12929929          17  0.63945435601437772     
    12929929          18  0.98557832464271866     
    12929929          19   1.0175888693823878     
    12929929          20   1.0225640427660472     
    12929929          21  0.95644602661665779     
    12929929          22   1.0174423740075196     
    12929929          23   1.1848265664591942     
    12929929          24   1.0393368758235235     
    12929929          25   1.0498764280813928     
    12930498           1   1.0387903969941283     
    12930498           2   1.0556350321422774     
    12930498           3  0.77677629681858418     
    12930498           4   1.0838729342786051     
    12930498           5   1.0287588797471190     
    12930498           6   1.0611416842383468     
    12930498           7  0.93925135513391222     
    12930498           8  0.78954482994633324     
    12930498           9   1.0818367353130720     
    12930498          10   1.0809352086784803     
    12930498          11  0.99042730090341924     
    12930498          12   1.0318770306198379     
    12930498          13   1.0787724134771097     
    12930498          14   1.0345893992814303     
    12930498          15   1.0409043260966613     
    12930498          16   1.0778716384333140     
    12930498          17   1.0102584773538383     
    12930498          18  0.87152692438727752     
    12930498          19  0.69574751331892282     
    12930498          20  0.93151995947802968     
    12930498          21   1.1565572855209607     
    12930498          22   1.0182121318563357     
    12930498          23   1.0525910111377319     
    12930498          24   1.0934617908251261     
    12930498          25  0.97913944401914732     
    12931066           1  0.92258071367266203     
    12931066           2   1.0469089957685780     
    12931066           3   1.0027414173515732     
    12931066           4   1.0160768162087008     
    12931066           5   1.0374308888876780     
    12931066           6   1.0393831474487134     
    12931066           7  0.99566020211970052     
    12931066           8   1.0827037119986689     
    12931066           9   1.1105533744554457     
    12931066          10   1.1856630509908368     
    12931066          11  0.95954540691060819     
    12931066          12  0.82364741429110577     
    12931066          13  0.99057610449544575     
    12931066          14   1.2030039618508082     
    12931066          15   1.0840182439576991     
    12931066          16  0.99157719468695893     
    12931066          17  0.82972232119633504     
    12931066          18   1.0185023688744848     
    12931066          19   1.0758586139838984     
    12931066          20   1.0148495860746798     
    12931066          21   1.0876375421540156     
    12931066          22  0.61855559627407142     
    12931066          23   1.0499257448378161     
    12931066          24   1.0113213991405829     
    12931066          25  0.80155618236893600     
    12931268           1  0.80366478796430163     
    12931268           2  0.87680214734924034     
    12931268           3  0.92789162421528371     
    12931268           4  0.53995015060317575     
    12931268           5   1.0751638148271654     
    12931268           6   1.0553414872556712     
    12931268           7   1.0561877246170741     
    12931268           8   1.0442151809505700     
    12931268           9   1.1097222301625600     
    12931268          10   1.0889435989134864     
    12931268          11  0.94893419694590553     
    12931268          12   1.0650932950563172     
    12931268          13  0.70958566296846248     
    12931268          14   1.0835009523073875     
    12931268          15   1.0937814255832154     
    12931268          16   1.1674809114183100     
    12931268          17  0.91201456777452783     
    12931268          18  0.98909426676713330     
    12931268          19   1.1765059143097356     
    12931268          20   1.3197060147544089     
    12931268          21  0.91697999298519417     
    12931268          22  0.98118986796564067     
    12931268          23   1.0456766820692383     
    12931268          24   1.0817232285807379     
    12931268          25  0.93085027365525752     
    12932081           1  0.96822780305655654     
    12932081           2   1.0605276546057645     
    12932081           3   1.1257301841128584     
    12932081           4   1.0542306826479872     
    12932081           5   1.0447759149392279     
    12932081           6   1.0332645741752680     
    12932081           7   1.0136249799524433     
    12932081           8   1.0320289619529364     
    12932081           9   1.0439672479116759     
    12932081          10   1.1134243012704410     
    12932081          11   1.0349440382556461     
    12932081          12  0.81662652224778309     
    12932081          13   1.3247584476074652     
    12932081          14   1.0431062739018071     
    12932081          15  0.95800604524110733     
    12932081          16   1.0589709585579326     
    12932081          17   1.0958541145594747     
    12932081          18   1.0410556038130683     
    12932081          19   1.0545513975701943     
    12932081          20  0.71159027717669643     
    12932081          21  0.74993587870864253     
    12932081          22  0.78188816032000485     
    12932081          23  0.91055866412366504     
    12932081          24   1.0206492140591454     
    12932081          25  0.90770209923220890     
    12932237           1  0.97766048416614437     
    12932237           2  0.95934024529856565     
    12932237           3  0.86274895953563435     
    12932237           4   1.0201920891642322     
    12932237           5   1.1326467949361549     
    12932237           6  0.92051608474329127     
    12932237           7  0.99511671673149749     
    12932237           8   1.1478796606946200     
    12932237           9   1.1728483814034034     
    12932237          10  0.82716900010451344     
    12932237          11   1.0031083494553326     
    12932237          12  0.94743048006652020     
    12932237          13  0.97128783830763787     
    12932237          14   1.0905161944316051     
    12932237          15   1.0332584602549097     
    12932237          16  0.93083793903824996     
    12932237          17   1.0846451841857154     
    12932237          18  0.97681196369677481     
    12932237          19  0.86593775243302418     
    12932237          20  0.97955848999644612     
    12932237          21  0.78479717103159030     
    12932237          22   1.1138183271851196     
    12932237          23   1.0990026496605487     
    12932237          24   1.1343585002487553     
    12932237          25  0.96851228322971172     
    12932397           1  0.89867715186716401     
    12932397           2   1.0792865783772112     
    12932397           3   1.0005292276533737     
    12932397           4   1.0138352067304239     
    12932397           5   1.0351421692982821     
    12932397           6   1.0260773875613849     
    12932397           7  0.99346363458601483     
    12932397           8   1.0803151141443872     
    12932397           9   1.1081033362982913     
    12932397          10   1.1682110824344332     
    12932397          11  0.95742851373417126     
    12932397          12  0.86315797685414697     
    12932397          13  0.94662031045085404     
    12932397          14   1.2003499645936409     
    12932397          15   1.0816267460595899     
    12932397          16   1.0463433818011310     
    12932397          17  0.82789183614849027     
    12932397          18   1.0162554082832223     
    12932397          19   1.0734851173860809     
    12932397          20  0.92436850937936399     
    12932397          21   1.1395348516562469     
    12932397          22  0.61719097495279862     
    12932397          23   1.0476094598251364     
    12932397          24   1.0547082241084624     
    12932397          25  0.79978783581569612     
    12933092           1  0.80981976421126456     
    12933092           2   1.0197063129306378     
    12933092           3  0.79189958504444602     
    12933092           4   1.1261755324891802     
    12933092           5   1.0143279823757705     
    12933092           6   1.0508358904685429     
    12933092           7  0.97574505313922644     
    12933092           8   1.0314015147156383     
    12933092           9   1.0670983214051633     
    12933092          10   1.0138083889705498     
    12933092          11  0.94408832485530092     
    12933092          12   1.0501694821746086     
    12933092          13   1.0886380603039014     
    12933092          14   1.0748940212975553     
    12933092          15  0.93418706508556670     
    12933092          16   1.0316072928708522     
    12933092          17  0.97504609617597082     
    12933092          18   1.0023516210105650     
    12933092          19   1.0095437706071382     
    12933092          20   1.0615694078839668     
    12933092          21   1.1579998677055863     
    12933092          22   1.1072734846771091     
    12933092          23   1.1006282778601237     
    12933092          24   1.0300582502819515     
    12933092          25  0.53112663145939043     
    12933124           1  0.95472706614473646     
    12933124           2   1.0901439049896851     
    12933124           3   1.0313619777847367     
    12933124           4  0.94573314949758769     
    12933124           5   1.0499960189829101     
    12933124           6   1.0540340679556091     
    12933124           7  0.87162285871637424     
    12933124           8  0.96702727542383182     
    12933124           9   1.0285398339317877     
    12933124          10   1.1670438409751129     
    12933124          11   1.0867617364470517     
    12933124          12  0.91668616989543295     
    12933124          13   1.0412136985638456     
    12933124          14   1.0236675024501423     
    12933124          15   1.0427748378433557     
    12933124          16   1.1130477530533924     
    12933124          17  0.96669532698347993     
    12933124          18  0.97569042941549300     
    12933124          19   1.0502660687986012     
    12933124          20   1.0569804488978909     
    12933124          21   1.1066148693376558     
    12933124          22  0.47671364837596758     
    12933124          23   1.0189460477421550     
    12933124          24  0.97503868969205454     
    12933124          25  0.98867277810110588     
    12934609           1  0.91991264649945448     
    12934609           2   1.0428127895270780     
    12934609           3  0.97179850848733784     
    12934609           4  0.67680257669788602     
    12934609           5   1.0844012922825619     
    12934609           6  0.90673154640994180     
    12934609           7  0.95744051000930519     
    12934609           8  0.99773377853845802     
    12934609           9   1.0807803786910857     
    12934609          10   1.0394290292759627     
    12934609          11  0.99870378699851658     
    12934609          12  0.96597693634109494     
    12934609          13   1.0342934297020323     
    12934609          14  0.95134674641165207     
    12934609          15  0.98416732439965104     
    12934609          16  0.87995269389843866     
    12934609          17   1.1035410606201630     
    12934609          18  0.91079689300212330     
    12934609          19   1.0038468892284287     
    12934609          20   1.0531915174898163     
    12934609          21   1.1084788856505852     
    12934609          22   1.0971919994485109     
    12934609          23   1.1563118260346934     
    12934609          24   1.0470466916871211     
    12934609          25   1.0273102626681021     
    12934667           1  0.91142507078514612     
    12934667           2   1.0308251808432212     
    12934667           3  0.67990143628987121     
    12934667           4   1.1288963679915274     
    12934667           5   1.0095526496119871     
    12934667           6  0.96141485363888457     
    12934667           7   1.0930435312274702     
    12934667           8   1.0895554631410154     
    12934667           9   1.0271685757657565     
    12934667          10   1.0331267432091222     
    12934667          11   1.0319982370152727     
    12934667          12  0.99743879061578966     
    12934667          13  0.99141486588192584     
    12934667          14   1.0249273765746327     
    12934667          15   1.0439874777538336     
    12934667          16  0.83197541444960432     
    12934667          17   1.0517895633751622     
    12934667          18  0.99030843146148984     
    12934667          19  0.99807979325091700     
    12934667          20   1.0348148570854911     
    12934667          21   1.0430854764936970     
    12934667          22   1.0296318282454993     
    12934667          23   1.0194136264910221     
    12934667          24  0.93786686445580669     
    12934667          25   1.0083575243458549     
    12934668           1  0.80816952242007456     
    12934668           2   1.0176283666434447     
    12934668           3  0.79028586079687924     
    12934668           4   1.1039388043805267     
    12934668           5   1.0122609959913120     
    12934668           6   1.0738479177398315     
    12934668           7  0.97375669062277725     
    12934668           8   1.0292997360751301     
    12934668           9   1.0649238002053667     
    12934668          10   1.0117424614078065     
    12934668          11  0.94216447207088738     
    12934668          12   1.0480294583768381     
    12934668          13   1.0864196456615476     
    12934668          14   1.1184367495537642     
    12934668          15  0.93228338897919893     
    12934668          16   1.0295050948978872     
    12934668          17  0.97305915798631881     
    12934668          18   1.0003090399233154     
    12934668          19   1.0074865334366991     
    12934668          20   1.0594061534432144     
    12934668          21   1.1556401083364858     
    12934668          22   1.1050170949723326     
    12934668          23   1.0983854296845679     
    12934668          24   1.0279592089309033     
    12934668          25  0.53004430746288733     
    12934843           1  0.94985069576350922     
    12934843           2   1.0636570449664233     
    12934843           3   1.1290519731973445     
    12934843           4   1.0573414919907347     
    12934843           5   1.0478588252839609     
    12934843           6   1.0363135170146101     
    12934843           7   1.0166159705483133     
    12934843           8   1.0350742587647923     
    12934843           9   1.0470477720529090     
    12934843          10   1.0958212520977131     
    12934843          11   1.0379979368344081     
    12934843          12  0.76169882978520076     
    12934843          13   1.3286675265439170     
    12934843          14   1.0461842574928191     
    12934843          15  0.99009242194761837     
    12934843          16   1.0683459538843096     
    12934843          17   1.0990877457504176     
    12934843          18   1.0566766960677991     
    12934843          19   1.0555418661808824     
    12934843          20  0.71369002794176550     
    12934843          21  0.75214877914527967     
    12934843          22  0.78419534510806033     
    12934843          23  0.89299834591506455     
    12934843          24   1.0236609316680352     
    12934843          25  0.91038053405411168     
    12936586           1   1.0626037404806337     
    12936586           2  0.83921703704169559     
    12936586           3  0.99306497224243506     
    12936586           4   1.0338535645881786     
    12936586           5   1.0292370485948823     
    12936586           6   1.0234641223317531     
    12936586           7  0.98710113083755935     
    12936586           8  0.73703660391447712     
    12936586           9   1.0162531032898405     
    12936586          10   1.0841134441997555     
    12936586          11   1.0741967752346417     
    12936586          12  0.94309169907089385     
    12936586          13   1.0443152503798423     
    12936586          14   1.1587855004192540     
    12936586          15   1.0907023510283795     
    12936586          16   1.0562184424083407     
    12936586          17   1.1217102872966223     
    12936586          18  0.98773760776983333     
    12936586          19   1.2829095213560158     
    12936586          20   1.0283936539594318     
    12936586          21  0.83604409092978305     
    12936586          22   1.0668604071697256     
    12936586          23   1.0178652969057067     
    12936586          24  0.66854683144421023     
    12936586          25  0.81667751710611025     
    12936942           1   1.0203008319046551     
    12936942           2   1.1202015637573399     
    12936942           3   1.0969636376450693     
    12936942           4  0.89827649344724492     
    12936942           5   1.0718975516415001     
    12936942           6   1.1134603114343140     
    12936942           7  0.94071804753056854     
    12936942           8   1.0206310764038726     
    12936942           9   1.1208984518513074     
    12936942          10   1.0770102925557574     
    12936942          11  0.63579538473288810     
    12936942          12  0.92725935560153550     
    12936942          13   1.0393948604359200     
    12936942          14  0.64773103710713942     
    12936942          15   1.0157808316913650     
    12936942          16   1.0149820635607454     
    12936942          17   1.0531865250501722     
    12936942          18   1.0303937453926455     
    12936942          19  0.99300707552351219     
    12936942          20   1.0487949946085495     
    12936942          21   1.1055050494942131     
    12936942          22   1.0288176385650796     
    12936942          23   1.1029196409576072     
    12936942          24  0.86094465805595533     
    12936942          25   1.0151288810510402     
    12937139           1   1.0536802655294004     
    12937139           2   1.0375974995461277     
    12937139           3   1.0050140454488503     
    12937139           4  0.99666038286622627     
    12937139           5   1.0903046954716660     
    12937139           6  0.91226199014632581     
    12937139           7   1.0299671526267169     
    12937139           8  0.58032725299487153     
    12937139           9  0.94142267881340780     
    12937139          10   1.0879789234260977     
    12937139          11   1.0251774874232642     
    12937139          12  0.94902442016358513     
    12937139          13   1.0243057346738733     
    12937139          14   1.0487295791629290     
    12937139          15   1.0455953917315950     
    12937139          16  0.96190094508917712     
    12937139          17   1.0355183306719458     
    12937139          18  0.98658922306552410     
    12937139          19   1.0382406783246363     
    12937139          20   1.0576034375451160     
    12937139          21  0.93623068416424349     
    12937139          22   1.0535432837567804     
    12937139          23   1.0771674738677530     
    12937139          24  0.97621595315756671     
    12937139          25   1.0489424903323175     
    12937390           1  0.95302991487152189     
    12937390           2   1.0409674225136807     
    12937390           3   1.0679028237504911     
    12937390           4   1.0416853615645687     
    12937390           5   1.0525530807045897     
    12937390           6  0.84817327680938004     
    12937390           7  0.99669349690387787     
    12937390           8   1.0882851926834469     
    12937390           9   1.0699915211025817     
    12937390          10   1.1039140537090248     
    12937390          11  0.95109708510028057     
    12937390          12   1.1884235071508391     
    12937390          13   1.0033582499421927     
    12937390          14   1.0936424700886187     
    12937390          15   1.0732900347464138     
    12937390          16   1.0360720892143509     
    12937390          17   1.0016340892700863     
    12937390          18   1.0123723911290241     
    12937390          19   1.1075243881074839     
    12937390          20   1.0490657275988775     
    12937390          21  0.35989990774859809     
    12937390          22  0.72501662383661536     
    12937390          23   1.0282366669859331     
    12937390          24   1.1495711191899820     
    12937390          25  0.95759950527753757     
    12938642           1  0.97100931757949493     
    12938642           2   1.0635743271594253     
    12938642           3   1.1289641697990114     
    12938642           4   1.0749285882173072     
    12938642           5   1.0477773360628992     
    12938642           6   1.0362329256417655     
    12938642           7   1.0165369110017795     
    12938642           8   1.0349937637657980     
    12938642           9   1.0469663459053213     
    12938642          10   1.0957360329650387     
    12938642          11   1.0379172144686706     
    12938642          12  0.81897251822546357     
    12938642          13   1.3285641995697339     
    12938642          14   1.0461028984984844     
    12938642          15  0.99001542506760309     
    12938642          16   1.0682628714332147     
    12938642          17   1.0990022725911348     
    12938642          18   1.0565945211041508     
    12938642          19   1.0554597794699656     
    12938642          20  0.67265615513526711     
    12938642          21  0.75209028651568499     
    12938642          22  0.78413436030143291     
    12938642          23  0.89292889978562240     
    12938642          24   1.0235813242534295     
    12938642          25  0.85699755548230494     
    12938747           1   1.0145028686961488     
    12938747           2  0.87936174876824147     
    12938747           3  0.95407748691926975     
    12938747           4   1.0358978526540026     
    12938747           5  0.97049012837788473     
    12938747           6  0.98110611254693092     
    12938747           7  0.95022165813447679     
    12938747           8   1.0214970361757936     
    12938747           9   1.0591477022068190     
    12938747          10  0.98233070486386953     
    12938747          11  0.98090499734771219     
    12938747          12   1.0405764764377718     
    12938747          13  0.78615687868937434     
    12938747          14   1.0398840524662973     
    12938747          15   1.0454723870449421     
    12938747          16  0.97707895863158356     
    12938747          17   1.1025264151996694     
    12938747          18  0.97892452539428265     
    12938747          19  0.97299915022919004     
    12938747          20   1.0241895696015266     
    12938747          21   1.1392499117332766     
    12938747          22   1.0138531253765171     
    12938747          23   1.0441380897032000     
    12938747          24   1.0487507622125207     
    12938747          25  0.95666140058869753     
    12939219           1  0.75129555134620007     
    12939219           2  0.84294572415331259     
    12939219           3   1.0529617488296792     
    12939219           4  0.57527337947096668     
    12939219           5   1.1474099680355374     
    12939219           6  0.97457238164054949     
    12939219           7   1.0275281351160468     
    12939219           8   1.0378480115179982     
    12939219           9   1.0203195726996039     
    12939219          10   1.1012192912820542     
    12939219          11  0.81798777034677661     
    12939219          12   1.0782976720339581     
    12939219          13  0.73875993271689744     
    12939219          14   1.1224441361213291     
    12939219          15   1.1689602347404209     
    12939219          16   1.1383101161149802     
    12939219          17   1.0051074431254157     
    12939219          18  0.97254139911455151     
    12939219          19   1.0418423463397386     
    12939219          20   1.2255504198542053     
    12939219          21  0.89968880507421511     
    12939219          22   1.0640302613377695     
    12939219          23   1.0273584873199302     
    12939219          24   1.0918232633847684     
    12939219          25   1.0759239482830960     
    12939514           1  0.99628814314396297     
    12939514           2   1.0023266020787549     
    12939514           3  0.94056974790180692     
    12939514           4   1.1081651398739669     
    12939514           5   1.0575210082176834     
    12939514           6   1.0204054989301952     
    12939514           7  0.90880426324671959     
    12939514           8   1.0178545346232428     
    12939514           9  0.97380607801177266     
    12939514          10  0.91981080502076440     
    12939514          11  0.99575450409561028     
    12939514          12   1.0214701157264865     
    12939514          13   1.1792838526702967     
    12939514          14   1.0931909343448860     
    12939514          15  0.92696837920441433     
    12939514          16  0.95807249127907790     
    12939514          17   1.0210558075746095     
    12939514          18   1.0666021807733226     
    12939514          19   1.0501089113154269     
    12939514          20  0.64940628516507948     
    12939514          21   1.0601540066637005     
    12939514          22   1.1554616381935994     
    12939514          23  0.99675340241687060     
    12939514          24   1.0402034048386746     
    12939514          25  0.83996226468907875     
    12939994           1  0.97991431353850966     
    12939994           2   1.1127964184019439     
    12939994           3   1.0133266614336747     
    12939994           4  0.93804241230114249     
    12939994           5   1.0326960981538427     
    12939994           6  0.63938966245843953     
    12939994           7   1.0224096200948027     
    12939994           8   1.1150250562919837     
    12939994           9   1.1148318256062910     
    12939994          10  0.93684167720816769     
    12939994          11  0.99016724970038683     
    12939994          12   1.0196570190430598     
    12939994          13   1.0744237060676090     
    12939994          14   1.0362593795169519     
    12939994          15   1.0410247025824422     
    12939994          16   1.0755690882422948     
    12939994          17  0.58487270166611449     
    12939994          18   1.1871861366175562     
    12939994          19   1.0371676312992262     
    12939994          20   1.0959473822721872     
    12939994          21  0.92406981210450412     
    12939994          22   1.0153351509917505     
    12939994          23   1.0387013832208576     
    12939994          24  0.96035277666587382     
    12939994          25   1.0139921345203935     
    12940260           1  0.91829987376675071     
    12940260           2   1.0409845506843314     
    12940260           3  0.97009477048337134     
    12940260           4  0.67561601975111985     
    12940260           5   1.0825001412959361     
    12940260           6  0.91803567613856840     
    12940260           7  0.95605973291556734     
    12940260           8  0.99598457132987417     
    12940260           9   1.0788855758188487     
    12940260          10   1.0376067227750398     
    12940260          11  0.99695287919020636     
    12940260          12  0.96428340460274997     
    12940260          13   1.0324801268331287     
    12940260          14  0.94967886403412660     
    12940260          15  0.98244190163125045     
    12940260          16  0.87840997816756028     
    12940260          17   1.1322442793876342     
    12940260          18  0.90920010182890176     
    12940260          19   1.0020869646345907     
    12940260          20   1.0513450828656310     
    12940260          21   1.1065355223015130     
    12940260          22   1.0952684240460149     
    12940260          23   1.1542846029166853     
    12940260          24   1.0452110300505011     
    12940260          25   1.0255092025500978     
    12940964           1   1.0096005588154413     
    12940964           2   1.0884258901990733     
    12940964           3  0.92704123083320344     
    12940964           4   1.0809445729940412     
    12940964           5   1.0451251551956808     
    12940964           6   1.0234852026684604     
    12940964           7  0.99600031859072535     
    12940964           8   1.1514857030319370     
    12940964           9   1.0583157210801901     
    12940964          10  0.99491188396598906     
    12940964          11  0.99857439793881786     
    12940964          12  0.93974642652926155     
    12940964          13   1.0633795352308899     
    12940964          14   1.0293252452999626     
    12940964          15  0.87164861115045733     
    12940964          16  0.97974456124508957     
    12940964          17   1.0820692616937686     
    12940964          18  0.99224524118107915     
    12940964          19  0.97411548707637274     
    12940964          20   1.0321234834867112     
    12940964          21  0.90932505933197738     
    12940964          22   1.0893353385824602     
    12940964          23   1.1787321666107149     
    12940964          24   1.0215922570806970     
    12940964          25  0.46270669018700272     
    12941894           1  0.92718743348749477     
    12941894           2  0.99681421102065249     
    12941894           3  0.98245396166275356     
    12941894           4   1.0041484554720777     
    12941894           5  0.99420216202485945     
    12941894           6   1.1929994581980385     
    12941894           7  0.95547473319669973     
    12941894           8  0.83531679036638906     
    12941894           9  0.99894672850545874     
    12941894          10   1.0163047776633118     
    12941894          11  0.99595439908603989     
    12941894          12  0.99337486449147916     
    12941894          13   1.1363939070361651     
    12941894          14   1.0733255574332032     
    12941894          15  0.99226566644408432     
    12941894          16  0.99736103779410623     
    12941894          17  0.93498262980966229     
    12941894          18   1.0261642852592305     
    12941894          19   1.0007078872508968     
    12941894          20   1.0202345373956496     
    12941894          21  0.84921618390127052     
    12941894          22  0.97311648466877176     
    12941894          23   1.0406394015871487     
    12941894          24   1.0428924825546604     
    12941894          25   1.0195219636898991     
    12942220           1   1.0331073593583424     
    12942220           2   1.0411053249283695     
    12942220           3  0.99156740095506579     
    12942220           4   1.0163523125210008     
    12942220           5   1.1863280507520424     
    12942220           6   1.0168867237884289     
    12942220           7   1.0158637176807654     
    12942220           8   1.0338536606715922     
    12942220           9   1.0833976794887530     
    12942220          10   1.0821650959732168     
    12942220          11  0.96409210033025550     
    12942220          12  0.86384794109034746     
    12942220          13   1.0050654246517128     
    12942220          14   1.1213054942331468     
    12942220          15   1.1296155321175625     
    12942220          16   1.0292570773201033     
    12942220          17  0.99481582320165585     
    12942220          18  0.92379647654329666     
    12942220          19   1.0638698184829296     
    12942220          20   1.0873646363525946     
    12942220          21   1.1168448848481964     
    12942220          22  0.47415415185013698     
    12942220          23  0.94592515591026072     
    12942220          24  0.88382848200087016     
    12942220          25  0.89558967494934472     
    12942528           1  0.91729625055031794     
    12942528           2   1.0398468436097033     
    12942528           3  0.96903453987503696     
    12942528           4  0.67487762922947603     
    12942528           5   1.0813170612317520     
    12942528           6  0.91703234166754544     
    12942528           7  0.95471737811035806     
    12942528           8  0.99489604538366527     
    12942528           9   1.0777064461655639     
    12942528          10   1.0364727073773985     
    12942528          11  0.99586329496632919     
    12942528          12  0.96322952532025552     
    12942528          13   1.0313517143663551     
    12942528          14  0.94864094626529316     
    12942528          15  0.98136817666466736     
    12942528          16  0.87744995119508684     
    12942528          17   1.1310068332353163     
    12942528          18  0.90820642388485984     
    12942528          19   1.0009917692944601     
    12942528          20   1.0778163775652412     
    12942528          21   1.1053261736217250     
    12942528          22   1.0940713893409035     
    12942528          23   1.1530230685759411     
    12942528          24   1.0440687037954322     
    12942528          25   1.0243884087073165     
    12942734           1  0.92825439903532581     
    12942734           2  0.74873500411844662     
    12942734           3  0.95914193519282187     
    12942734           4  0.92167248197477247     
    12942734           5   1.2123338760696034     
    12942734           6  0.96718508244347345     
    12942734           7   1.0652802973738726     
    12942734           8  0.99606209355263109     
    12942734           9   1.0465400386739219     
    12942734          10   1.0531261167700163     
    12942734          11   1.0862680524484478     
    12942734          12   1.1002933014949883     
    12942734          13  0.98070662716265333     
    12942734          14  0.97907462145421709     
    12942734          15   1.0600015911035916     
    12942734          16  0.97016938588184942     
    12942734          17  0.64031823120139941     
    12942734          18  0.98690979834606796     
    12942734          19   1.0189635879476471     
    12942734          20   1.0239454825754373     
    12942734          21  0.95773814384496092     
    12942734          22   1.0188168946638614     
    12942734          23   1.1864272159223832     
    12942734          24   1.0407409750051708     
    12942734          25   1.0512947657424441     
    12942927           1   1.0356910156447234     
    12942927           2   1.0037558260913508     
    12942927           3   1.0032710061691563     
    12942927           4  0.99715966921345500     
    12942927           5  0.94860049352410591     
    12942927           6   1.2107979583016832     
    12942927           7   1.0446260645908649     
    12942927           8   1.0735959978070768     
    12942927           9   1.0628214644613747     
    12942927          10   1.0609627026644741     
    12942927          11  0.98325378977696976     
    12942927          12  0.83702597198505146     
    12942927          13  0.98407196179568579     
    12942927          14  0.94606413299508019     
    12942927          15   1.0042184128293590     
    12942927          16   1.0267149573207013     
    12942927          17  0.99138914436614445     
    12942927          18  0.95048101190330414     
    12942927          19  0.94472780372767340     
    12942927          20   1.0796832837293739     
    12942927          21   1.1037091183094772     
    12942927          22   1.0444451007698974     
    12942927          23  0.95610669977388552     
    12942927          24  0.97814652251445178     
    12942927          25  0.72867988973467845     
    12943160           1   1.0291068059022432     
    12943160           2   1.0370738005489555     
    12943160           3  0.98772770476384930     
    12943160           4   1.0124166404733295     
    12943160           5   1.1817341731259545     
    12943160           6   1.0129489823131967     
    12943160           7   1.0119299376434057     
    12943160           8   1.0298502172754778     
    12943160           9   1.1091586422691637     
    12943160          10   1.0779745737825182     
    12943160          11  0.99111325844116971     
    12943160          12  0.86050281937093631     
    12943160          13   1.0011734593861730     
    12943160          14   1.1169634067146885     
    12943160          15   1.1252412652225101     
    12943160          16   1.0104326043540943     
    12943160          17   1.0124328500174202     
    12943160          18  0.98203061914229628     
    12943160          19   1.0597501420130855     
    12943160          20   1.1016760946812272     
    12943160          21   1.0616541123912147     
    12943160          22  0.47231806094077988     
    12943160          23  0.94226220247429038     
    12943160          24  0.88040598863051678     
    12943160          25  0.89212163812150669     
    12943755           1  0.91652738621082031     
    12943755           2  0.72352544992184231     
    12943755           3  0.95404073116204213     
    12943755           4  0.54361813741381515     
    12943755           5   1.0380355186478607     
    12943755           6   1.0117388292158238     
    12943755           7   1.0238812857754449     
    12943755           8   1.1371669025519924     
    12943755           9   1.0608538095341378     
    12943755          10   1.1308220348631475     
    12943755          11  0.94140354940738113     
    12943755          12  0.94050793225242169     
    12943755          13  0.99511970061472543     
    12943755          14   1.1066858546654290     
    12943755          15   1.1434283149579920     
    12943755          16   1.0176778062548781     
    12943755          17   1.1486214770618843     
    12943755          18   1.0533880876173147     
    12943755          19  0.97492032892406633     
    12943755          20   1.1033843678771986     
    12943755          21  0.93695885618566854     
    12943755          22   1.0378325690446495     
    12943755          23   1.0622621404822543     
    12943755          24   1.0318972178672401     
    12943755          25  0.96570171148997008     
    12943931           1  0.98808353418175765     
    12943931           2   1.1094271678143579     
    12943931           3   1.0357381204217548     
    12943931           4  0.80852012447622845     
    12943931           5   1.0145889294162387     
    12943931           6   1.0034101888510623     
    12943931           7  0.98433804659377722     
    12943931           8   1.0154189331008161     
    12943931           9  0.93069957189998620     
    12943931          10  0.92940908084971929     
    12943931          11  0.97551848783479556     
    12943931          12   1.0462493169192031     
    12943931          13   1.0092456112531436     
    12943931          14  0.97427536632098011     
    12943931          15   1.0652427829476983     
    12943931          16   1.0093002761940160     
    12943931          17   1.0375451781387595     
    12943931          18  0.89311564745634964     
    12943931          19  0.92872097999421466     
    12943931          20   1.0521858312152661     
    12943931          21   1.1309305618038012     
    12943931          22   1.0822612165662033     
    12943931          23   1.0374202702754920     
    12943931          24  0.92526609290524109     
    12943931          25   1.0130886825691354     
    12944675           1   1.0652597961976573     
    12944675           2  0.89623561323576706     
    12944675           3   1.1657006841307627     
    12944675           4   1.1535155230219050     
    12944675           5   1.0880594979360669     
    12944675           6   1.0908897366490089     
    12944675           7  0.98740768429917836     
    12944675           8  0.96400784731348488     
    12944675           9   1.0388492578543573     
    12944675          10  0.97299602317117850     
    12944675          11  0.88648022997369369     
    12944675          12  0.92738581658823871     
    12944675          13   1.0689067955752281     
    12944675          14   1.0365825723546913     
    12944675          15   1.0429096650998038     
    12944675          16   1.0518848737390445     
    12944675          17  0.97760167736164716     
    12944675          18   1.0659518404845525     
    12944675          19   1.1858921552855970     
    12944675          20  0.74559125814946237     
    12944675          21  0.71007252667300114     
    12944675          22  0.77474669129229246     
    12944675          23   1.0233702388285808     
    12944675          24   1.0391574160366261     
    12944675          25   1.0405445787481740     
    12944948           1  0.92380410870877672     
    12944948           2  0.91183175928152382     
    12944948           3  0.98851693408298258     
    12944948           4  0.91725374705141294     
    12944948           5   1.1780543578419576     
    12944948           6  0.99832217039644688     
    12944948           7   1.1076166425226830     
    12944948           8  0.96635890842011385     
    12944948           9   1.0457188509542816     
    12944948          10   1.1218661440945819     
    12944948          11   1.0810602040279340     
    12944948          12  0.99546720090077734     
    12944948          13  0.97629817864502011     
    12944948          14  0.96044525263518910     
    12944948          15  0.90795612351145460     
    12944948          16   1.0232339458427726     
    12944948          17  0.74095825963490791     
    12944948          18   1.0667244967056282     
    12944948          19  0.99252252957099696     
    12944948          20   1.0190364245836254     
    12944948          21  0.93637030168206237     
    12944948          22   1.0139324244415180     
    12944948          23   1.0778583256191570     
    12944948          24   1.0160123010815949     
    12944948          25   1.0327804077625971     
    12945053           1  0.93422572198688436     
    12945053           2   1.0357827743068269     
    12945053           3  0.68166581527595982     
    12945053           4   1.0266543899498346     
    12945053           5   1.0773446121015993     
    12945053           6   1.0749171087135425     
    12945053           7   1.0351055823637394     
    12945053           8   1.0894035011194036     
    12945053           9   1.1234228698706810     
    12945053          10  0.90130053488479067     
    12945053          11   1.0580255986151965     
    12945053          12  0.92406170747362126     
    12945053          13  0.88249594652253616     
    12945053          14   1.0918240862072994     
    12945053          15   1.0406734131199613     
    12945053          16  0.93368311909369084     
    12945053          17   1.0834868811858749     
    12945053          18  0.92695110139835468     
    12945053          19  0.97467770095914319     
    12945053          20  0.89837660936671460     
    12945053          21  0.94072483536851514     
    12945053          22   1.0640919234687494     
    12945053          23   1.0722331244609684     
    12945053          24   1.1456385256940087     
    12945053          25  0.98323251649209931     
    12945304           1  0.99950466547984818     
    12945304           2  0.77490300587342809     
    12945304           3  0.79258363554339339     
    12945304           4  0.93283802216154454     
    12945304           5   1.0632920202604601     
    12945304           6  0.98429418760929288     
    12945304           7   1.2690181250571888     
    12945304           8   1.0833015024553230     
    12945304           9   1.0627715843678935     
    12945304          10   1.2243532746403745     
    12945304          11  0.60025442914930305     
    12945304          12   1.1022728762121168     
    12945304          13  0.74652718646388194     
    12945304          14  0.79349825022914522     
    12945304          15   1.1115967271092544     
    12945304          16   1.0117498420627329     
    12945304          17   1.0524823018639391     
    12945304          18  0.99139457267440312     
    12945304          19   1.0046042227758951     
    12945304          20   1.0690077079608422     
    12945304          21  0.98477079117919808     
    12945304          22   1.0743427914606576     
    12945304          23   1.1243614607322696     
    12945304          24   1.0602472484665444     
    12945304          25   1.0860295682110697     
    12945424           1   1.0635332829158719     
    12945424           2  0.89478304486194526     
    12945424           3   1.1638113818958318     
    12945424           4   1.1025310913442588     
    12945424           5   1.0161033870925398     
    12945424           6   1.0891216837984175     
    12945424           7  0.98580734935031011     
    12945424           8  0.96244543750690748     
    12945424           9   1.0371655492906244     
    12945424          10  0.97141904583370131     
    12945424          11  0.88504347257746718     
    12945424          12  0.92588276171336781     
    12945424          13   1.0671743714415673     
    12945424          14   1.0349025375075811     
    12945424          15   1.0412193756559291     
    12945424          16   1.0501800377808101     
    12945424          17  0.97601723543838570     
    12945424          18   1.1172599403517727     
    12945424          19   1.1839701278476205     
    12945424          20  0.74438284569029245     
    12945424          21  0.75543548242524383     
    12945424          22  0.83376760935863881     
    12945424          23   1.0217116177900061     
    12945424          24   1.0374732080274092     
    12945424          25   1.0388581225034992     
    12945814           1  0.96305512053486486     
    12945814           2   1.1132446881194014     
    12945814           3   1.0137348615758579     
    12945814           4  0.93842028555825530     
    12945814           5   1.0331121009199222     
    12945814           6  0.63964722890868642     
    12945814           7   1.0228214791410277     
    12945814           8   1.1114916503651744     
    12945814           9   1.1152809152503740     
    12945814          10  0.93721906677107381     
    12945814          11  0.99056612049644477     
    12945814          12   1.0200677692542135     
    12945814          13   1.0650177214000520     
    12945814          14   1.0366768176858632     
    12945814          15   1.0414440603747352     
    12945814          16   1.0760023616095693     
    12945814          17  0.65761949048148527     
    12945814          18   1.1876643728746379     
    12945814          19   1.0375854353407832     
    12945814          20   1.0963888646631035     
    12945814          21  0.92444205675476787     
    12945814          22   1.0157441602172772     
    12945814          23   1.0391198051063697     
    12945814          24  0.90923296385980124     
    12945814          25   1.0144006027362580     
    12945862           1   1.0189874008883355     
    12945862           2   1.1187595307486811     
    12945862           3   1.0955515187675731     
    12945862           4  0.89712014409337648     
    12945862           5   1.0705177002813726     
    12945862           6   1.1120269564249403     
    12945862           7  0.98860504132496430     
    12945862           8   1.0193172202645358     
    12945862           9   1.1194555217401383     
    12945862          10   1.0756238595754986     
    12945862          11  0.63497692673282735     
    12945862          12  0.92606569667297611     
    12945862          13   1.0380568497186777     
    12945862          14  0.64689721436803493     
    12945862          15   1.0144732192613763     
    12945862          16   1.0136754793832141     
    12945862          17   1.0518307603534127     
    12945862          18   1.0121517887252558     
    12945862          19  0.99172877969973761     
    12945862          20   1.0474448831192664     
    12945862          21   1.1040819352760338     
    12945862          22   1.0274932438822824     
    12945862          23   1.1014998549301496     
    12945862          24  0.85983636589165857     
    12945862          25   1.0138221078756766     
    12945944           1  0.92867268342733267     
    12945944           2  0.78068072571895986     
    12945944           3  0.95957413793985691     
    12945944           4  0.92208780046305849     
    12945944           5   1.2128801706401309     
    12945944           6  0.96762090954495383     
    12945944           7   1.0657603275487546     
    12945944           8  0.99651093303848293     
    12945944           9   1.0470116242265919     
    12945944          10   1.0536006701014280     
    12945944          11   1.0867575399987863     
    12945944          12   1.1007891090183606     
    12945944          13  0.98114854726096490     
    12945944          14  0.97951580614797118     
    12945944          15  0.99752102218562777     
    12945944          16  0.97060655775212434     
    12945944          17  0.64060676753616641     
    12945944          18   1.0074390539229114     
    12945944          19   1.0194227471666120     
    12945944          20   1.0244068867056761     
    12945944          21  0.95816971402401552     
    12945944          22   1.0192759877807844     
    12945944          23   1.1869618365901529     
    12945944          24   1.0412099474187886     
    12945944          25   1.0517684938415144     
    12946504           1  0.96396816187242518     
    12946504           2   1.1143001193168471     
    12946504           3   1.0146959507328634     
    12946504           4  0.93930997140743488     
    12946504           5   1.0340915610093404     
    12946504           6  0.64025365770907028     
    12946504           7   1.0237911830255590     
    12946504           8   1.1165317687234400     
    12946504           9   1.1163382769287482     
    12946504          10  0.93810761378366481     
    12946504          11  0.99150524412116292     
    12946504          12   1.0210348624356762     
    12946504          13   1.0660274301738679     
    12946504          14   1.0376596573676791     
    12946504          15   1.0424314197247906     
    12946504          16   1.0493344459048293     
    12946504          17  0.65824295820040613     
    12946504          18   1.1887903589625162     
    12946504          19   1.0385691364535403     
    12946504          20   1.0974283154007958     
    12946504          21  0.92531849029839275     
    12946504          22   1.0167071543251831     
    12946504          23   1.0401049609053574     
    12946504          24  0.91009497815553064     
    12946504          25   1.0153623230608746     
    12946640           1   1.0043459888739943     
    12946640           2  0.60524117605043826     
    12946640           3   1.0524625704636479     
    12946640           4   1.0642439399788277     
    12946640           5   1.0779217505688019     
    12946640           6  0.98331771204554508     
    12946640           7  0.99083750184003805     
    12946640           8  0.79194453070077198     
    12946640           9   1.0121721912571633     
    12946640          10   1.0216059493132059     
    12946640          11   1.0588161819646471     
    12946640          12  0.93355821410242046     
    12946640          13  0.94356053067138390     
    12946640          14   1.1148839134790904     
    12946640          15   1.1032602324916110     
    12946640          16   1.0823054174614573     
    12946640          17   1.1103711903949536     
    12946640          18   1.0390416070619706     
    12946640          19   1.1965816037954007     
    12946640          20   1.0033667903726278     
    12946640          21  0.96311058878570655     
    12946640          22   1.0931060363015606     
    12946640          23   1.0428528328837881     
    12946640          24  0.78696788121159955     
    12946640          25  0.92412366792934797     
    12946740           1  0.91975558043931882     
    12946740           2  0.72607385242104727     
    12946740           3  0.93215407830542385     
    12946740           4  0.54553287008859275     
    12946740           5   1.0416916890151526     
    12946740           6   1.0153023773414562     
    12946740           7   1.0274876020810306     
    12946740           8   1.1411722336385350     
    12946740           9   1.0478936276384898     
    12946740          10   1.1348050180465483     
    12946740          11  0.94471936249775601     
    12946740          12  0.94382059079861824     
    12946740          13  0.99862471281896592     
    12946740          14   1.1105838253562581     
    12946740          15   1.1474557000013452     
    12946740          16   1.0212622726549550     
    12946740          17   1.1526671534691222     
    12946740          18   1.0570983328276340     
    12946740          19  0.97835419486896735     
    12946740          20   1.1072707100659711     
    12946740          21  0.94025901417045510     
    12946740          22  0.99537668405110291     
    12946740          23   1.0660036418957959     
    12946740          24   1.0355317679016856     
    12946740          25  0.96910310760577134     
    12947031           1   1.0322330158612845     
    12947031           2   1.0538345970621263     
    12947031           3   1.0663177619992747     
    12947031           4  0.96050306043967604     
    12947031           5   1.0220697113383681     
    12947031           6  0.91814067678158851     
    12947031           7   1.0132522867349865     
    12947031           8  0.66166722371256870     
    12947031           9   1.1180717346574613     
    12947031          10   1.0885602881326972     
    12947031          11   1.0078432553009502     
    12947031          12  0.87930632714018053     
    12947031          13   1.0855061075233019     
    12947031          14   1.1718216601879576     
    12947031          15   1.0159272039016318     
    12947031          16  0.97761334712445924     
    12947031          17   1.0789205309129108     
    12947031          18   1.0024238589271448     
    12947031          19   1.1096478234471085     
    12947031          20  0.95575436453902751     
    12947031          21   1.0189659420649655     
    12947031          22  0.61342508004733931     
    12947031          23   1.0457706053197449     
    12947031          24   1.0891617836119629     
    12947031          25   1.0132617532312933     
    12947420           1  0.80332267467240182     
    12947420           2  0.87642890010304175     
    12947420           3  0.92749662861159354     
    12947420           4  0.53972029839831237     
    12947420           5   1.0747061266995646     
    12947420           6   1.0548922373249905     
    12947420           7   1.0557381144503177     
    12947420           8   1.0437706673942257     
    12947420           9   1.1092498308103165     
    12947420          10   1.0884800448485370     
    12947420          11  0.94853024369726846     
    12947420          12   1.0646398938636694     
    12947420          13  0.70928359836307164     
    12947420          14   1.0830397151309905     
    12947420          15   1.0933158120964370     
    12947420          16   1.1669839246847651     
    12947420          17  0.91162633089926015     
    12947420          18  0.97995880035556204     
    12947420          19   1.1760050857089162     
    12947420          20   1.3191442270839657     
    12947420          21  0.91658964237047946     
    12947420          22   1.0001288893222278     
    12947420          23   1.0452315463642490     
    12947420          24   1.0812627481662711     
    12947420          25  0.93045401857956522     
    12947653           1  0.95317606935900201     
    12947653           2   1.0883729174974641     
    12947653           3   1.0296864841602265     
    12947653           4  0.94419676373138484     
    12947653           5   1.0482902535257175     
    12947653           6   1.0523217425073998     
    12947653           7  0.87020686842953665     
    12947653           8  0.97711371824831006     
    12947653           9   1.0268689250060881     
    12947653          10   1.1651479261002231     
    12947653          11   1.0849962434387777     
    12947653          12  0.91519697224570418     
    12947653          13   1.0395222003786557     
    12947653          14   1.0578762123003513     
    12947653          15   1.0410808035176391     
    12947653          16   1.1112395572364182     
    12947653          17  0.96512488722315093     
    12947653          18  0.97410537670927166     
    12947653          19   1.0485598646334144     
    12947653          20   1.0552633369221669     
    12947653          21   1.1048171240277638     
    12947653          22  0.46902369769506758     
    12947653          23   1.0172907243508671     
    12947653          24  0.97345469576614019     
    12947653          25  0.98706663498926317     
    12947972           1  0.97279765834695420     
    12947972           2  0.81970048975890031     
    12947972           3  0.79361803938136799     
    12947972           4  0.93405547251890819     
    12947972           5   1.0646797266138612     
    12947972           6  0.92592423607640817     
    12947972           7   1.2706743253118393     
    12947972           8  0.99753351485031094     
    12947972           9   1.0883535697007003     
    12947972          10   1.2259511826333356     
    12947972          11  0.67069899486104478     
    12947972          12   1.1436192192165493     
    12947972          13  0.74750148185959930     
    12947972          14  0.84704653230551952     
    12947972          15   1.1130474761144538     
    12947972          16   1.0130702805284884     
    12947972          17   1.0600517020912532     
    12947972          18  0.95596084527065683     
    12947972          19   1.0059153354674568     
    12947972          20   1.0704028738794280     
    12947972          21  0.98605601918573249     
    12947972          22   1.0621850856858226     
    12947972          23   1.1258288690385927     
    12947972          24   1.0637393956760512     
    12947972          25   1.0415876736267600     
    12948656           1   1.0282135630783416     
    12948656           2   1.0354341616673759     
    12948656           3   1.0220323320190579     
    12948656           4   1.0125676458902420     
    12948656           5   1.1670157582249028     
    12948656           6  0.97132081815559357     
    12948656           7  0.95726874576558840     
    12948656           8  0.98495334336256868     
    12948656           9   1.1366883801077383     
    12948656          10   1.1283128709691905     
    12948656          11  0.96804030619815840     
    12948656          12  0.92644413869857822     
    12948656          13   1.0074787563687564     
    12948656          14   1.1549378829175494     
    12948656          15   1.0964981352003373     
    12948656          16  0.96854598003508263     
    12948656          17  0.94892700661432750     
    12948656          18   1.0321514467386679     
    12948656          19   1.0580746512845720     
    12948656          20   1.0930711328251739     
    12948656          21   1.0455401225646270     
    12948656          22  0.56914720433479593     
    12948656          23   1.0484085691304998     
    12948656          24  0.77105193470560329     
    12948656          25  0.86787511314266930     
    12948738           1   1.0646026423908854     
    12948738           2  0.84079571823257837     
    12948738           3  0.99493306228804479     
    12948738           4   1.0357983835140381     
    12948738           5   1.0311731832273539     
    12948738           6   1.0253893973061079     
    12948738           7  0.95725532404972036     
    12948738           8  0.73842306983715844     
    12948738           9   1.0181648133583054     
    12948738          10   1.0861528087831704     
    12948738          11   1.0762174852173034     
    12948738          12  0.94486578260457565     
    12948738          13   1.0462797491571052     
    12948738          14   1.1609653332789731     
    12948738          15   1.0927541102401441     
    12948738          16   1.0582053327059584     
    12948738          17   1.1238203766465920     
    12948738          18  0.98959567631955025     
    12948738          19   1.2699971320294876     
    12948738          20   1.0303282020520825     
    12948738          21  0.83761680337822442     
    12948738          22   1.0688673164479661     
    12948738          23   1.0197800397292578     
    12948738          24  0.66980445880571571     
    12948738          25  0.81821379839970398     
    12948749           1  0.97104919216611185     
    12948749           2   1.0636180029366440     
    12948749           3   1.1290105308161109     
    12948749           4   1.0749727302582965     
    12948749           5   1.0478203631352307     
    12948749           6   1.0362754786418251     
    12948749           7  0.98544835999470215     
    12948749           8   1.0350362658795613     
    12948749           9   1.0470093396742675     
    12948749          10   1.0957810294656538     
    12948749          11   1.0379598366342051     
    12948749          12  0.81900614940698124     
    12948749          13   1.3286187571803487     
    12948749          14   1.0461458568098838     
    12948749          15  0.99005608014176583     
    12948749          16   1.0683067397459338     
    12948749          17   1.0990474032201794     
    12948749          18   1.0566379102549941     
    12948749          19   1.0555031220225397     
    12948749          20  0.71366383161518099     
    12948749          21  0.75212117117222788     
    12948749          22  0.78416656085080261     
    12948749          23  0.89296556799272664     
    12948749          24   1.0236233577143186     
    12948749          25  0.84615636226951063     
    12948796           1   1.0317981648802363     
    12948796           2   1.0390439362268016     
    12948796           3  0.94814881354185288     
    12948796           4   1.0160977022310007     
    12948796           5   1.1710842581358052     
    12948796           6  0.97470707805334733     
    12948796           7  0.96060601673164714     
    12948796           8  0.98838712954880581     
    12948796           9   1.1406511514247482     
    12948796          10   1.1322464432304518     
    12948796          11  0.97141512943577080     
    12948796          12  0.92967394761005717     
    12948796          13   1.0109910716066903     
    12948796          14   1.1589642764264898     
    12948796          15   1.1003207935782782     
    12948796          16  0.96659270784074702     
    12948796          17  0.95223519625500175     
    12948796          18   1.0357497769578601     
    12948796          19   1.0617633560806643     
    12948796          20   1.0968818438418562     
    12948796          21   1.0491851289542318     
    12948796          22  0.57113138949579900     
    12948796          23   1.0476839429681064     
    12948796          24  0.77374000871449466     
    12948796          25  0.87090073622925579     
    12949226           1   1.0381362264136094     
    12949226           2  0.85519674899565357     
    12949226           3  0.97506248233431680     
    12949226           4  0.72769351532538606     
    12949226           5   1.0090815409681817     
    12949226           6   1.0535410182888696     
    12949226           7   1.0071354749556556     
    12949226           8   1.0632379660112721     
    12949226           9   1.0731531436277204     
    12949226          10   1.0109695685177602     
    12949226          11   1.0818071559545954     
    12949226          12   1.2448372708881252     
    12949226          13   1.0118154235343144     
    12949226          14   1.0334324443977994     
    12949226          15   1.0283305367666851     
    12949226          16  0.74778211382973836     
    12949226          17  0.97716303537323035     
    12949226          18   1.0433064995519987     
    12949226          19  0.98866290308745786     
    12949226          20   1.0804563808111083     
    12949226          21   1.0299260123471010     
    12949226          22   1.0832964292047127     
    12949226          23   1.1068516057845654     
    12949226          24   1.0557130617907369     
    12949226          25  0.67341144123940955     
    12949344           1   1.0266821840012716     
    12949344           2   1.0338920285271422     
    12949344           3   1.0205101590138146     
    12949344           4   1.0110595692000339     
    12949344           5   1.1652776528556195     
    12949344           6   1.0124115778684282     
    12949344           7  0.95584302898744222     
    12949344           8  0.98348639428109619     
    12949344           9   1.1349954430906133     
    12949344          10   1.1266324080915977     
    12949344          11  0.96659854670003054     
    12949344          12  0.92506433082497896     
    12949344          13   1.0059782588617243     
    12949344          14   1.1532177658400038     
    12949344          15   1.0948650558843394     
    12949344          16  0.96180003619295995     
    12949344          17  0.94751371368008042     
    12949344          18   1.0306142027393077     
    12949344          19   1.0564987983283982     
    12949344          20   1.0914431575458496     
    12949344          21   1.0439829380210397     
    12949344          22  0.56829953984972370     
    12949344          23   1.0468471124403347     
    12949344          24  0.76990356160244433     
    12949344          25  0.86658253557172460     
    12949434           1  0.96441792071205346     
    12949434           2  0.77583675583770972     
    12949434           3  0.79353869048029446     
    12949434           4  0.93396208215779164     
    12949434           5   1.0645732759510611     
    12949434           6  0.98548025174319942     
    12949434           7   1.2896709927653480     
    12949434           8   1.0846068693613189     
    12949434           9   1.0640522129387231     
    12949434          10   1.2128712937749255     
    12949434          11  0.60097772941724614     
    12949434          12   1.1036011034237685     
    12949434          13  0.74742674386450170     
    12949434          14  0.79445440726711403     
    12949434          15   1.1129361894630800     
    12949434          16   1.0129689899712162     
    12949434          17   1.0537505319576717     
    12949434          18  0.99258919269756385     
    12949434          19   1.0058147602883631     
    12949434          20   1.0702958509949505     
    12949434          21  0.98595742961538890     
    12949434          22   1.0756373632142178     
    12949434          23   1.1257163044557303     
    12949434          24   1.0615248352391875     
    12949434          25   1.0873382224075816     
    12949729           1  0.98983025120855883     
    12949729           2   1.1113883940234577     
    12949729           3   1.0375690804040461     
    12949729           4  0.80994941240490914     
    12949729           5   1.0163825022235045     
    12949729           6   1.0051840000735957     
    12949729           7  0.98607814241223191     
    12949729           8   1.0172139731742775     
    12949729           9  0.93234484654816729     
    12949729          10  0.93105207419008318     
    12949729          11  0.97724299258941782     
    12949729          12  0.98581458288408175     
    12949729          13   1.0110297382347355     
    12949729          14  0.97599767350683475     
    12949729          15   1.0671259007634331     
    12949729          16   1.0110844998113473     
    12949729          17   1.0393793326065102     
    12949729          18  0.89469448189124023     
    12949729          19  0.93036275692175630     
    12949729          20   1.0540458671769670     
    12949729          21   1.1329298013418514     
    12949729          22   1.0841744192753127     
    12949729          23   1.0392542039332771     
    12949729          24  0.92690176234298538     
    12949729          25   1.0329693100574169     
    12949849           1   1.0745776840625776     
    12949849           2  0.92279427955860871     
    12949849           3  0.98362263779311965     
    12949849           4   1.0028256119379251     
    12949849           5   1.0300854107427564     
    12949849           6  0.99665932870321972     
    12949849           7  0.97771550222997761     
    12949849           8  0.95549998944411385     
    12949849           9   1.2029236292150856     
    12949849          10   1.1017233083739995     
    12949849          11  0.98289666451590629     
    12949849          12  0.98130634567244768     
    12949849          13  0.93817830017248549     
    12949849          14  0.99783406765577443     
    12949849          15   1.0506303170594327     
    12949849          16  0.70564847045872414     
    12949849          17   1.0954895351267879     
    12949849          18  0.92171505448210966     
    12949849          19   1.0935710641117578     
    12949849          20  0.97666164074950790     
    12949849          21   1.0297192629938743     
    12949849          22   1.0071719742297072     
    12949849          23   1.0208859864248674     
    12949849          24   1.0110590220893234     
    12949849          25  0.93880491219590678     
    12949907           1  0.93367050392912321     
    12949907           2   1.0351672000546108     
    12949907           3  0.68126069565540937     
    12949907           4   1.0260442407717882     
    12949907           5   1.0767043373061265     
    12949907           6   1.0742782766033701     
    12949907           7   1.0344904105722847     
    12949907           8   1.1047544426686571     
    12949907           9   1.1227552103862819     
    12949907          10  0.90076488453749171     
    12949907          11   1.0573968052688998     
    12949907          12  0.92351252997358002     
    12949907          13  0.88197147189731573     
    12949907          14   1.0911752061408506     
    12949907          15   1.0400549323207307     
    12949907          16  0.93312822350930780     
    12949907          17   1.0828429559891863     
    12949907          18  0.92640020670765466     
    12949907          19  0.97409844195638440     
    12949907          20  0.89784269673248551     
    12949907          21  0.93902507814430558     
    12949907          22   1.0634595248555201     
    12949907          23   1.0715958874647913     
    12949907          24   1.1449576632619838     
    12949907          25  0.98264817329185716     
    12950066           1  0.99247176977031071     
    12950066           2   1.1143543097130864     
    12950066           3   1.0403379975811486     
    12950066           4  0.81211089050111329     
    12950066           5   1.0190948796661874     
    12950066           6   1.0078664925423078     
    12950066           7  0.98870964787828464     
    12950066           8   1.0199285695286853     
    12950066           9  0.93483295621657114     
    12950066          10  0.93353673389100456     
    12950066          11  0.97985092006093644     
    12950066          12  0.98844538499985313     
    12950066          13   1.0137278309802031     
    12950066          14  0.97860227764744090     
    12950066          15   1.0699736949899190     
    12950066          16   1.0137827386967424     
    12950066          17   1.0421530807278969     
    12950066          18  0.89708211560735185     
    12950066          19  0.93284557707053528     
    12950066          20   1.0568587552652895     
    12950066          21   1.1359532036835687     
    12950066          22   1.0384892385871130     
    12950066          23   1.0420276181290107     
    12950066          24  0.92937534628039287     
    12950066          25   1.0175879699850439     
    12950504           1   1.0363624909806886     
    12950504           2   1.0531677561162838     
    12950504           3  0.77496078153503845     
    12950504           4   1.0813396594018307     
    12950504           5   1.0263544198312928     
    12950504           6   1.0586615378260107     
    12950504           7  0.93705609609045182     
    12950504           8  0.78698320873467853     
    12950504           9   1.0793082195289185     
    12950504          10   1.0784087999815155     
    12950504          11  0.98811243121777659     
    12950504          12   1.0294652828264219     
    12950504          13   1.0762510597589843     
    12950504          14   1.0321713120222249     
    12950504          15   1.0384714793163496     
    12950504          16   1.0753523900457267     
    12950504          17   1.0078972573816538     
    12950504          18  0.90560166160200173     
    12950504          19  0.69412138202592000     
    12950504          20  0.92934277058814363     
    12950504          21   1.1538541296229765     
    12950504          22   1.0388679625761235     
    12950504          23   1.0501308497297819     
    12950504          24   1.0909061044565449     
    12950504          25  0.97685095680266043     
    12950588           1   1.0649343978548889     
    12950588           2  0.89596184566815784     
    12950588           3   1.1653446047291611     
    12950588           4   1.1039835825898339     
    12950588           5   1.0174420171646874     
    12950588           6   1.0905565092863359     
    12950588           7  0.98710606696108438     
    12950588           8  0.96371337777933830     
    12950588           9   1.0385319269759195     
    12950588          10  0.97269880807436349     
    12950588          11  0.88620944232286891     
    12950588          12  0.92710253376004803     
    12950588          13   1.0685802832060429     
    12950588          14   1.0362659338666991     
    12950588          15   1.0425910939137966     
    12950588          16   1.0515635609513854     
    12950588          17  0.97730305540403961     
    12950588          18   1.0656262307472824     
    12950588          19   1.1855299081197797     
    12950588          20  0.74536350698430021     
    12950588          21  0.77660092887063670     
    12950588          22  0.83486602750117023     
    12950588          23   1.0230576362306587     
    12950588          24   1.0388399910270081     
    12950588          25   1.0402267300105139     
    12950643           1  0.99828956290438642     
    12950643           2   1.0811035704702237     
    12950643           3   1.0395930333516206     
    12950643           4  0.88340865660265555     
    12950643           5   1.1565726583031706     
    12950643           6   1.0003751586136955     
    12950643           7  0.94275755748650780     
    12950643           8   1.0352990490076075     
    12950643           9   1.1624237322342601     
    12950643          10  0.98476300804469574     
    12950643          11  0.82097486191765923     
    12950643          12  0.62095058564690297     
    12950643          13   1.0130690397130173     
    12950643          14  0.94008320652494648     
    12950643          15   1.0605458874877978     
    12950643          16  0.89708523542586138     
    12950643          17   1.0511916840974533     
    12950643          18   1.0380313891228350     
    12950643          19  0.82412739698864190     
    12950643          20   1.0404111912665841     
    12950643          21   1.1308621214312815     
    12950643          22   1.0589502090138978     
    12950643          23   1.0240594019345006     
    12950643          24   1.1495538312116824     
    12950643          25   1.0455179711981106     
    12951014           1  0.95769288904699079     
    12951014           2   1.0711162044627609     
    12951014           3  0.94240039146440158     
    12951014           4   1.0481229012680455     
    12951014           5   1.0363809798876300     
    12951014           6   1.0072856154176368     
    12951014           7   1.0347297128238939     
    12951014           8  0.91556344445771465     
    12951014           9   1.0120253529663836     
    12951014          10  0.97908939003061979     
    12951014          11   1.1037621764639254     
    12951014          12  0.92353091119079433     
    12951014          13   1.0697955445583192     
    12951014          14   1.0372715333376183     
    12951014          15  0.99413236130113547     
    12951014          16  0.92258963586389942     
    12951014          17   1.0525464314850717     
    12951014          18   1.0186938653726854     
    12951014          19  0.95622572100413816     
    12951014          20   1.0700215053544708     
    12951014          21   1.1747703153520266     
    12951014          22   1.0398534934010986     
    12951014          23   1.0950063974938931     
    12951014          24   1.0478218585932457     
    12951014          25  0.48957136740159812     
    12951035           1  0.99910822145890421     
    12951035           2   1.0819901415806241     
    12951035           3   1.0404455632804064     
    12951035           4  0.88413310578126758     
    12951035           5   1.1575211186856338     
    12951035           6   1.0011955274843702     
    12951035           7  0.94353067639704447     
    12951035           8   1.0361480576063635     
    12951035           9   1.1633769908555358     
    12951035          10  0.98557057399616488     
    12951035          11  0.82164811156257955     
    12951035          12  0.62145980314026605     
    12951035          13   1.0138998183432828     
    12951035          14  0.94085413230397719     
    12951035          15   1.0614156000396597     
    12951035          16  0.89782090023635630     
    12951035          17   1.0331449039013203     
    12951035          18   1.0725313060407533     
    12951035          19  0.82480323190531124     
    12951035          20   1.0412643921349458     
    12951035          21   1.0965481212540189     
    12951035          22   1.0598186130117275     
    12951035          23   1.0248991933345921     
    12951035          24   1.1504965357262547     
    12951035          25   1.0463753599386412     
    12951223           1  0.86763955267023729     
    12951223           2   1.1007622382212203     
    12951223           3   1.1364626518228724     
    12951223           4   1.0934150562073019     
    12951223           5   1.0673472065204126     
    12951223           6  0.88986024185224066     
    12951223           7   1.0557283620734543     
    12951223           8  0.99792410095800110     
    12951223           9   1.0928326331790055     
    12951223          10   1.0457103015786549     
    12951223          11   1.0303505932745134     
    12951223          12  0.86951773850459202     
    12951223          13   1.3188787045320500     
    12951223          14   1.0283715371152904     
    12951223          15  0.74913303941662457     
    12951223          16   1.0618106680759714     
    12951223          17   1.0066172772703157     
    12951223          18   1.0249972843806865     
    12951223          19   1.1057942391337163     
    12951223          20  0.81894949490824609     
    12951223          21  0.79510721672680185     
    12951223          22  0.77841786616585651     
    12951223          23  0.90575601793705041     
    12951223          24   1.1436275817399182     
    12951223          25   1.0149883957349612     
    12951247           1   1.0040323218682246     
    12951247           2   1.0537330317450007     
    12951247           3   1.0476909247232002     
    12951247           4   1.0921751184568009     
    12951247           5   1.1245394314217620     
    12951247           6   1.0756609418825009     
    12951247           7  0.86678518127552451     
    12951247           8  0.63582447189507985     
    12951247           9   1.0724226436634814     
    12951247          10   1.0537992826534628     
    12951247          11   1.0478134073465393     
    12951247          12  0.96654470446626661     
    12951247          13  0.97261757606172361     
    12951247          14   1.0581218150060379     
    12951247          15   1.1140908300059524     
    12951247          16  0.89857604826436888     
    12951247          17   1.0580686529266143     
    12951247          18  0.89111699991372206     
    12951247          19  0.79202571221765516     
    12951247          20  0.90396488666133734     
    12951247          21   1.1520657043317093     
    12951247          22  0.93156782240565983     
    12951247          23   1.0369057240183961     
    12951247          24   1.1558826942247971     
    12951247          25  0.99397407256417869     
    12951257           1  0.74906315502478660     
    12951257           2  0.84044099890852808     
    12951257           3   1.0498329828860173     
    12951257           4  0.57356401466262075     
    12951257           5   1.1440005590656506     
    12951257           6  0.99951286892012359     
    12951257           7   1.0244749425011406     
    12951257           8   1.0812127179275912     
    12951257           9   1.0172877995755925     
    12951257          10   1.0979471330874229     
    12951257          11  0.81555720505697626     
    12951257          12   1.0750936230386938     
    12951257          13  0.73656478467795361     
    12951257          14   1.1191089105154013     
    12951257          15   1.1654867914021270     
    12951257          16   1.1349277464053640     
    12951257          17   1.0021208712568108     
    12951257          18  0.96965159384695032     
    12951257          19   1.0387466205400928     
    12951257          20   1.2219088246869148     
    12951257          21  0.89701547368649981     
    12951257          22   1.0608686064643618     
    12951257          23   1.0243057987957449     
    12951257          24   1.0885790245064115     
    12951257          25   1.0727269525602223     
    12951332           1  0.53506790190533093     
    12951332           2  0.92518457929363729     
    12951332           3  0.88655147557606617     
    12951332           4   1.0575382454473754     
    12951332           5  0.93435115965409632     
    12951332           6  0.99165578992503456     
    12951332           7   1.1829901622320678     
    12951332           8   1.0096053344580169     
    12951332           9   1.1694604680542018     
    12951332          10   1.0277769489402846     
    12951332          11  0.88544090328087843     
    12951332          12   1.0123075001112680     
    12951332          13   1.1070352478803074     
    12951332          14   1.1030732308797528     
    12951332          15  0.68788108462965925     
    12951332          16   1.0800037653838799     
    12951332          17  0.90677291789216419     
    12951332          18  0.84971804838188514     
    12951332          19   1.0317563066171516     
    12951332          20   1.1416681362931573     
    12951332          21   1.1999828618642223     
    12951332          22   1.0655179274444382     
    12951332          23   1.1844638231078326     
    12951332          24   1.0643535354566427     
    12951332          25  0.95984264529064323     
    12951802           1   1.0661322150255512     
    12951802           2  0.99847804797184414     
    12951802           3  0.95283909860906202     
    12951802           4   1.0448693886489091     
    12951802           5   1.0887653551798400     
    12951802           6   1.0323001506839444     
    12951802           7  0.90783219707983054     
    12951802           8  0.86444274647104213     
    12951802           9   1.1382332202539891     
    12951802          10   1.1288868779298145     
    12951802          11   1.0188795109423183     
    12951802          12  0.74716555325415379     
    12951802          13   1.0680000561674747     
    12951802          14   1.0868568788078465     
    12951802          15   1.0342468095687491     
    12951802          16   1.0480441663324849     
    12951802          17  0.96435809258134575     
    12951802          18   1.0007911294819731     
    12951802          19  0.91809331588115961     
    12951802          20   1.1066999901027121     
    12951802          21   1.0996213170670763     
    12951802          22  0.57837277813765464     
    12951802          23   1.0843103232561737     
    12951802          24   1.0606581152561949     
    12951802          25  0.96112266530885726     
    12952006           1   1.0335730049547238     
    12952006           2   1.0552026281603895     
    12952006           3   1.0677019980673561     
    12952006           4  0.96174993358307226     
    12952006           5   1.0233965069793556     
    12952006           6  0.91933255736884512     
    12952006           7   1.0145676360720686     
    12952006           8  0.66252616432930655     
    12952006           9   1.1195231549347655     
    12952006          10   1.0899733982456612     
    12952006          11   1.0091515829258644     
    12952006          12  0.81774669810214839     
    12952006          13   1.0869152528641235     
    12952006          14   1.1733428557125918     
    12952006          15   1.0172460256715601     
    12952006          16   1.0091298805159072     
    12952006          17   1.0803211272142264     
    12952006          18   1.0037251513846865     
    12952006          19   1.1110883082583187     
    12952006          20  0.95699507318214405     
    12952006          21   1.0202887085604877     
    12952006          22  0.61422139532138598     
    12952006          23   1.0471281681799085     
    12952006          24   1.0905756745538382     
    12952006          25   1.0145771148572691     
    12952105           1   1.0334251925044722     
    12952105           2   1.0202777824949423     
    12952105           3   1.0198209621993177     
    12952105           4   1.0359202880567215     
    12952105           5  0.96982088782628539     
    12952105           6   1.1283849043002583     
    12952105           7  0.99142278840275144     
    12952105           8  0.98853703320573549     
    12952105           9   1.0494515193167051     
    12952105          10   1.0049225148311205     
    12952105          11  0.99940401516763044     
    12952105          12  0.83773842023706679     
    12952105          13   1.0287534806163092     
    12952105          14   1.0025862450003111     
    12952105          15   1.0527938746536969     
    12952105          16  0.88385412057261270     
    12952105          17   1.0552591548403196     
    12952105          18  0.97677463765489014     
    12952105          19  0.96276174793979963     
    12952105          20  0.93225724274311295     
    12952105          21  0.89436947579011150     
    12952105          22   1.0043546999045541     
    12952105          23   1.0725984834429763     
    12952105          24   1.0367683144127344     
    12952105          25   1.0177422138855630     
    12952320           1   1.0388518512494653     
    12952320           2  0.91793056927681682     
    12952320           3  0.73445631324002447     
    12952320           4   1.0056068156990450     
    12952320           5   1.1373746651522121     
    12952320           6  0.88808559775425144     
    12952320           7   1.0152189521633350     
    12952320           8   1.1306862467400500     
    12952320           9   1.1517812191776995     
    12952320          10  0.88436283518184844     
    12952320          11  0.99918638707310892     
    12952320          12  0.93503323020837248     
    12952320          13  0.99374894266158831     
    12952320          14  0.94987552884336179     
    12952320          15   1.1108278902486273     
    12952320          16  0.90160877399702499     
    12952320          17   1.0905912753389699     
    12952320          18  0.96113036788414141     
    12952320          19   1.0292207767299326     
    12952320          20  0.98348077262065736     
    12952320          21  0.83922247150264739     
    12952320          22   1.0998794014844016     
    12952320          23   1.0323506595539502     
    12952320          24   1.1934982427951084     
    12952320          25  0.97599021342336190     
    12952327           1  0.71614956035079746     
    12952327           2  0.72901329399106396     
    12952327           3   1.0624973849599757     
    12952327           4  0.68482250226286223     
    12952327           5   1.1577369141964249     
    12952327           6  0.95427192809218031     
    12952327           7  0.99649101387230465     
    12952327           8   1.0472467774346008     
    12952327           9   1.1032028985557183     
    12952327          10   1.1107365477245079     
    12952327          11  0.91161072561263812     
    12952327          12   1.0933343838860943     
    12952327          13  0.80726598792152227     
    12952327          14   1.0009237865178373     
    12952327          15   1.0493478733315234     
    12952327          16   1.1561272100112696     
    12952327          17   1.0075221588851238     
    12952327          18  0.99712229658102081     
    12952327          19   1.0555384399480463     
    12952327          20   1.2226252617871052     
    12952327          21  0.88280547888507266     
    12952327          22   1.0495319575418067     
    12952327          23   1.0136974386306696     
    12952327          24   1.0995919991219090     
    12952327          25   1.0907861798979257     
    12952400           1  0.71796433279309735     
    12952400           2   1.0337825134688758     
    12952400           3  0.80878040368645920     
    12952400           4   1.1755285259508508     
    12952400           5   1.0660377419758176     
    12952400           6  0.98693999646869257     
    12952400           7   1.1330534201947049     
    12952400           8   1.0127280859876473     
    12952400           9  0.87187836517029815     
    12952400          10  0.66885215492616179     
    12952400          11  0.98478435075202919     
    12952400          12   1.0572589755518655     
    12952400          13  0.99741534931706066     
    12952400          14  0.98891672294388289     
    12952400          15   1.0446332522185249     
    12952400          16   1.0716090785288246     
    12952400          17   1.0140583503432894     
    12952400          18   1.0162538683708957     
    12952400          19   1.0584838316482630     
    12952400          20   1.0410780165579392     
    12952400          21  0.92340175811314595     
    12952400          22   1.0786644586081289     
    12952400          23   1.1016132684004554     
    12952400          24   1.1102497452561833     
    12952400          25   1.0360334327669096     
    12952597           1   1.0326804781405363     
    12952597           2   1.0406751389414592     
    12952597           3  0.99115768409861116     
    12952597           4   1.0159323545089327     
    12952597           5   1.1858378585581382     
    12952597           6   1.0164665449569750     
    12952597           7   1.0154439615566799     
    12952597           8   1.0334264710811756     
    12952597           9   1.0829500182494838     
    12952597          10   1.0817179440389559     
    12952597          11  0.96369373630144650     
    12952597          12  0.86349099807009744     
    12952597          13   1.0046501303954443     
    12952597          14   1.1208421694387052     
    12952597          15   1.1291487736053567     
    12952597          16  0.98717226870005825     
    12952597          17  0.99440476409317657     
    12952597          18  0.98544081479998180     
    12952597          19   1.0634302261795865     
    12952597          20   1.0768788326366621     
    12952597          21   1.1163834031829794     
    12952597          22  0.47395823077771781     
    12952597          23  0.94553429848498871     
    12952597          24  0.88346328299680676     
    12952597          25  0.89521961620604595     
    12952623           1   1.0622498662530240     
    12952623           2  0.83893755630069466     
    12952623           3  0.99273425620349132     
    12952623           4   1.0335092649045876     
    12952623           5   1.0288942863292103     
    12952623           6   1.0200416968669570     
    12952623           7  0.98677240091036200     
    12952623           8  0.73679115187154309     
    12952623           9   1.0159146650100919     
    12952623          10   1.0837524066905764     
    12952623          11   1.0738390402299023     
    12952623          12  0.96947669708378303     
    12952623          13   1.0439674666872665     
    12952623          14   1.1583995952051986     
    12952623          15   1.0903391192446785     
    12952623          16   1.0558666946483288     
    12952623          17   1.1213367290769425     
    12952623          18  0.98740866587953613     
    12952623          19   1.2671904332402748     
    12952623          20   1.0280511725657480     
    12952623          21  0.83576566686100306     
    12952623          22   1.0665051153632206     
    12952623          23   1.0175263217242432     
    12952623          24  0.66832418824751749     
    12952623          25  0.81640554260182208     
    12952641           1   1.0036099430679422     
    12952641           2   1.0532897447271703     
    12952641           3   1.0472501795138947     
    12952641           4   1.0917156595268596     
    12952641           5   1.1240663573926011     
    12952641           6   1.0752084301772029     
    12952641           7  0.86642053994177892     
    12952641           8  0.63555699168375612     
    12952641           9   1.0719714942534868     
    12952641          10   1.0533559677650364     
    12952641          11   1.0473726106109409     
    12952641          12  0.96613809604958523     
    12952641          13   1.0080023058817593     
    12952641          14   1.0323998505453140     
    12952641          15   1.1136221515202758     
    12952641          16  0.89819803307007495     
    12952641          17   1.0576235419889426     
    12952641          18  0.89074212261033558     
    12952641          19  0.79169252088224407     
    12952641          20  0.90358460447717925     
    12952641          21   1.1515810504819841     
    12952641          22  0.93117592815022676     
    12952641          23   1.0364695159539965     
    12952641          24   1.1553964346343235     
    12952641          25  0.99355592509308910     
    12952678           1   1.0676078999561562     
    12952678           2  0.89821114466899221     
    12952678           3   1.1682701851740407     
    12952678           4   1.1067551170935213     
    12952678           5   1.0199962903446003     
    12952678           6   1.0932943353205034     
    12952678           7  0.98958418218537425     
    12952678           8  0.96613276600240838     
    12952678           9   1.0411391460634012     
    12952678          10  0.97514075408768142     
    12952678          11  0.88843425805892318     
    12952678          12  0.92943001099910649     
    12952678          13   1.0712629382487184     
    12952678          14  0.99632619417593782     
    12952678          15   1.0452085034800156     
    12952678          16   1.0542034957637856     
    12952678          17  0.97975656031238023     
    12952678          18   1.0683014696848234     
    12952678          19   1.1885061634711496     
    12952678          20  0.74723473107673666     
    12952678          21  0.75832971276008210     
    12952678          22  0.83696194635147414     
    12952678          23   1.0256260073394234     
    12952678          24   1.0414479835047472     
    12952678          25   1.0428382038760209     
    12952890           1  0.95599478291918738     
    12952890           2  0.97134086077168136     
    12952890           3  0.95008266684381071     
    12952890           4  0.98589976736376039     
    12952890           5  0.98172776757648872     
    12952890           6  0.61672411508479719     
    12952890           7   1.0758313865685600     
    12952890           8   1.0105943108960360     
    12952890           9   1.0500922099829904     
    12952890          10   1.0949847221771325     
    12952890          11   1.1049026708263325     
    12952890          12   1.0654549832122469     
    12952890          13  0.95836398628489983     
    12952890          14  0.81286939062924812     
    12952890          15   1.0836921254539233     
    12952890          16   1.0376128572587973     
    12952890          17  0.95842876327018156     
    12952890          18   1.1681572908241680     
    12952890          19  0.92675859682568396     
    12952890          20   1.0685903880452963     
    12952890          21   1.0171504081828984     
    12952890          22   1.1206405410427966     
    12952890          23   1.0813973831711374     
    12952890          24  0.83726388336813584     
    12952890          25   1.0654441414198099     
    12953131           1   1.0168949359596846     
    12953131           2   1.0853530913300022     
    12953131           3  0.92442404644670784     
    12953131           4   1.0778928950696789     
    12953131           5   1.0421746011672977     
    12953131           6   1.0205957416572973     
    12953131           7  0.99318845176532267     
    12953131           8   1.1482348763124615     
    12953131           9   1.0944157156429697     
    12953131          10  0.99210308996411445     
    12953131          11   1.0193891151593069     
    12953131          12  0.93709337336077747     
    12953131          13   1.1190099442671637     
    12953131          14   1.0264192969224524     
    12953131          15  0.86918780891239134     
    12953131          16  0.97697858700019002     
    12953131          17   1.0790144085948761     
    12953131          18  0.98944397553460983     
    12953131          19  0.97136540460039855     
    12953131          20   1.0292096352391105     
    12953131          21  0.91079206333817697     
    12953131          22   1.0852968067361679     
    12953131          23   1.1114135990300367     
    12953131          24   1.0187081401550737     
    12953131          25  0.46140039583373416     
    12953399           1   1.0039395297742955     
    12953399           2   1.0916995718302904     
    12953399           3   1.1754124763980101     
    12953399           4   1.0662457083581269     
    12953399           5   1.0144760857733122     
    12953399           6   1.0634438766725582     
    12953399           7  0.98987511737266975     
    12953399           8   1.0215076611560718     
    12953399           9   1.0781199005599769     
    12953399          10   1.1081312957165801     
    12953399          11   1.0215143633481352     
    12953399          12  0.93413913262501247     
    12953399          13   1.1997472471730712     
    12953399          14   1.1251341974131022     
    12953399          15  0.93620157639558976     
    12953399          16  0.87616577287730191     
    12953399          17  0.99660139929050129     
    12953399          18  0.99247592541788798     
    12953399          19   1.0302395941896934     
    12953399          20  0.81847132214298601     
    12953399          21  0.84296691769868415     
    12953399          22  0.67728674660499311     
    12953399          23  0.79381456431734332     
    12953399          24   1.0705458202240838     
    12953399          25   1.0718441966697165     
    12953444           1  0.78865586293740020     
    12953444           2  0.92144200461305914     
    12953444           3   1.0269164168051663     
    12953444           4  0.53907201905168656     
    12953444           5   1.1167562546353147     
    12953444           6   1.0267886290762187     
    12953444           7   1.0178889078702438     
    12953444           8   1.0517222158964801     
    12953444           9   1.0352313211743638     
    12953444          10   1.0871377275872940     
    12953444          11  0.93717743116377206     
    12953444          12   1.0812878607710930     
    12953444          13  0.72705402033231858     
    12953444          14   1.0975988335987552     
    12953444          15   1.1470550070647567     
    12953444          16   1.1283809346429410     
    12953444          17  0.75014717859640812     
    12953444          18  0.98748568330424336     
    12953444          19   1.1021823801661585     
    12953444          20   1.2239049046032124     
    12953444          21   1.0655325695042976     
    12953444          22  0.97343006348260686     
    12953444          23   1.0163315253427547     
    12953444          24   1.0799640008151117     
    12953444          25   1.0708562469643508     
    12953602           1  0.94425894448821923     
    12953602           2  0.98057754613627557     
    12953602           3  0.90364873568776716     
    12953602           4   1.0182684633566845     
    12953602           5  0.86205092315932219     
    12953602           6  0.99906684287501502     
    12953602           7   1.0548173812279935     
    12953602           8   1.0277490005706476     
    12953602           9   1.0755208765955555     
    12953602          10   1.1102231782207328     
    12953602          11  0.77057624452912132     
    12953602          12   1.1825218268058986     
    12953602          13  0.93433951309176633     
    12953602          14  0.87256405236009182     
    12953602          15   1.0846017243551982     
    12953602          16  0.95162387885686717     
    12953602          17   1.0102709821132232     
    12953602          18   1.0385229382570567     
    12953602          19   1.1054354867445324     
    12953602          20   1.1126055789000804     
    12953602          21   1.0727065725854483     
    12953602          22  0.88442355882349344     
    12953602          23   1.0702802888162137     
    12953602          24  0.90420766131481656     
    12953602          25   1.0291378001279836     
    12953661           1  0.99724882838034135     
    12953661           2   1.0466137478304061     
    12953661           3   1.0406124627948530     
    12953661           4   1.0847961101895229     
    12953661           5   1.1169417617613637     
    12953661           6   1.0683935075225659     
    12953661           7  0.86092896379675288     
    12953661           8  0.63152868273511387     
    12953661           9   1.0651770880562541     
    12953661          10   1.0913298880214926     
    12953661          11   1.0657359849489827     
    12953661          12  0.96001448669768419     
    12953661          13   1.0016133513707275     
    12953661          14   1.0509728793740403     
    12953661          15   1.1065637537100481     
    12953661          16  0.89250504373691764     
    12953661          17   1.0509200764709221     
    12953661          18  0.88559726232669012     
    12953661          19  0.78202967631861031     
    12953661          20  0.89785747379385872     
    12953661          21   1.1377036677994288     
    12953661          22  0.92527391720044494     
    12953661          23   1.1043095883971341     
    12953661          24   1.1480732616415499     
    12953661          25  0.98725853512429063     
    12953904           1  0.89063612593847785     
    12953904           2   1.0056929048779082     
    12953904           3   1.0277161095922189     
    12953904           4   1.0939794712898434     
    12953904           5   1.0629165113683212     
    12953904           6  0.83524856427509075     
    12953904           7   1.0441774618693604     
    12953904           8  0.94820513829627395     
    12953904           9   1.0912537690391924     
    12953904          10   1.0018198503697118     
    12953904          11  0.98729933915618850     
    12953904          12   1.1319849920515321     
    12953904          13   1.0208488323857905     
    12953904          14   1.0470473415829360     
    12953904          15   1.0366758150998354     
    12953904          16   1.1091320484758791     
    12953904          17   1.0117312921973187     
    12953904          18   1.0719951684295868     
    12953904          19   1.1028631396004496     
    12953904          20   1.0677943513772412     
    12953904          21  0.72212153967034709     
    12953904          22  0.75412393751778239     
    12953904          23   1.0680948134911161     
    12953904          24  0.97209901754348904     
    12953904          25  0.89454246450410591     
    12953978           1  0.92755482851271942     
    12953978           2  0.77974101057328771     
    12953978           3   1.0085722632128082     
    12953978           4  0.92097787185436042     
    12953978           5   1.2114202116214341     
    12953978           6  0.96645617216382906     
    12953978           7   1.0644774585237358     
    12953978           8  0.99531142037504194     
    12953978           9   1.0457513232500635     
    12953978          10   1.0523324378080372     
    12953978          11   1.0854493963667404     
    12953978          12   1.0994640754113338     
    12953978          13  0.97996752649326724     
    12953978          14  0.97833675073115545     
    12953978          15  0.99632029366525732     
    12953978          16  0.96943822650894107     
    12953978          17  0.63983566116445545     
    12953978          18  0.98616602271288833     
    12953978          19   1.0181956552661773     
    12953978          20   1.0231737953341917     
    12953978          21  0.95701635316505040     
    12953978          22   1.0180490725364566     
    12953978          23   1.1855330757940523     
    12953978          24   1.0399566299931369     
    12953978          25   1.0505024669615841     
    12954068           1   1.0455616756925579     
    12954068           2  0.73742861283376593     
    12954068           3   1.0902398382113339     
    12954068           4   1.0113801424807747     
    12954068           5  0.99946351956206092     
    12954068           6   1.1056090509891521     
    12954068           7   1.0360196793708778     
    12954068           8  0.92360352422941361     
    12954068           9   1.0338273068340411     
    12954068          10  0.78717478748096703     
    12954068          11   1.0028796841408043     
    12954068          12   1.1071406448290351     
    12954068          13   1.1717882301358120     
    12954068          14   1.0315715788274558     
    12954068          15  0.99721472246942233     
    12954068          16  0.93939123771949629     
    12954068          17   1.0128948741240615     
    12954068          18  0.99422619488842512     
    12954068          19  0.96968174157001374     
    12954068          20   1.0415231559970510     
    12954068          21  0.86487200090826200     
    12954068          22   1.0363065276136356     
    12954068          23   1.0458717091456762     
    12954068          24   1.0403674111610948     
    12954068          25  0.97396214878481491     
    12954142           1  0.89780775751717123     
    12954142           2  0.99803077341615487     
    12954142           3  0.98365299808484419     
    12954142           4   1.0053739689498382     
    12954142           5  0.99541553654387660     
    12954142           6   1.1944554549752238     
    12954142           7  0.95664084280610184     
    12954142           8  0.83633625315519800     
    12954142           9   1.0001658935329774     
    12954142          10   1.0175451273304867     
    12954142          11  0.99716991212364259     
    12954142          12  0.99458722933481369     
    12954142          13   1.1377808195405150     
    12954142          14   1.0746354981391728     
    12954142          15  0.99347667756611480     
    12954142          16  0.99857826756461399     
    12954142          17  0.93612372982137837     
    12954142          18   1.0274166679673138     
    12954142          19   1.0019292016854748     
    12954142          20   1.0214796831400281     
    12954142          21  0.85025261021177478     
    12954142          22  0.97430412516245957     
    12954142          23   1.0419094504580941     
    12954142          24   1.0441652811993838     
    12954142          25   1.0207662397733470     
    12954147           1  0.92489904375548471     
    12954147           2  0.91291250414997238     
    12954147           3  0.98968856974165553     
    12954147           4  0.91834091830872044     
    12954147           5   1.1794506419580038     
    12954147           6  0.99950542767141237     
    12954147           7   1.1089294406243391     
    12954147           8  0.96750428136937106     
    12954147           9   1.0469582849512937     
    12954147          10   1.1231958313597761     
    12954147          11   1.1061290880555468     
    12954147          12  0.99664707433480870     
    12954147          13  0.97745533207371582     
    12954147          14  0.92342503239012319     
    12954147          15  0.90903227479843607     
    12954147          16   1.0244467296978372     
    12954147          17  0.74183647738580738     
    12954147          18   1.0679888275584726     
    12954147          19  0.99369891284536171     
    12954147          20   1.0202442333437618     
    12954147          21  0.93748013075766712     
    12954147          22   1.0151341837063323     
    12954147          23   1.0791358527972466     
    12954147          24   1.0172165255117021     
    12954147          25   1.0187443808531547     
    12954261           1  0.99351815695877277     
    12954261           2   1.0989678820844038     
    12954261           3   1.0716872530485504     
    12954261           4   1.0362308014720243     
    12954261           5   1.0494354957754104     
    12954261           6  0.88717096757129732     
    12954261           7   1.1369855389563082     
    12954261           8   1.0628550071723228     
    12954261           9   1.0619194328361377     
    12954261          10  0.96982252704903105     
    12954261          11  0.84030548963135565     
    12954261          12   1.0991131727983112     
    12954261          13   1.2127652456635793     
    12954261          14   1.2225984497139692     
    12954261          15  0.79780588980868339     
    12954261          16   1.0590166411605038     
    12954261          17  0.89113843137516535     
    12954261          18   1.0229074046505282     
    12954261          19  0.97550416201218837     
    12954261          20  0.90476963836829893     
    12954261          21  0.97342680780131230     
    12954261          22  0.55463114775234590     
    12954261          23   1.1105683500791641     
    12954261          24  0.93351618036576611     
    12954261          25   1.0333399258945597     
    12954337           1  0.86817996776979511     
    12954337           2   1.1148937873041112     
    12954337           3   1.1371705051880616     
    12954337           4   1.0940960970895897     
    12954337           5   1.0680120108681392     
    12954337           6  0.89041449725670363     
    12954337           7   1.0563859295461915     
    12954337           8  0.99854566466001393     
    12954337           9   1.0935133112952140     
    12954337          10   1.0463616292353957     
    12954337          11   1.0309923540341865     
    12954337          12  0.87005932344476122     
    12954337          13   1.3197001769559626     
    12954337          14   1.0012293899024907     
    12954337          15  0.74959964194163919     
    12954337          16   1.0624720239536904     
    12954337          17   1.0072442555753487     
    12954337          18   1.0256357107961034     
    12954337          19   1.1064829904729019     
    12954337          20  0.81945958307960909     
    12954337          21  0.79560245457570389     
    12954337          22  0.77890270894111613     
    12954337          23  0.90632017413198440     
    12954337          24   1.1431052239341557     
    12954337          25   1.0156205880471296     
    12954341           1  0.89854188666830836     
    12954341           2   1.0503567582177971     
    12954341           3   1.0003786320978305     
    12954341           4   1.0136826084134860     
    12954341           5   1.0349863639447321     
    12954341           6   1.0259229466016013     
    12954341           7  0.99331410251455954     
    12954341           8   1.0801525095444615     
    12954341           9   1.1079365491291442     
    12954341          10   1.1828692428122662     
    12954341          11  0.95728440552130367     
    12954341          12  0.86302805785582770     
    12954341          13  0.98824198467959767     
    12954341          14   1.2001692928403644     
    12954341          15   1.0814639440382081     
    12954341          16   1.0461858904870183     
    12954341          17  0.82776722526502122     
    12954341          18   1.0161024456874737     
    12954341          19   1.0599254880116706     
    12954341          20  0.92422937722275200     
    12954341          21   1.1393633335443287     
    12954341          22  0.61709807789873927     
    12954341          23   1.0367819482198377     
    12954341          24   1.0545494737525951     
    12954341          25  0.79966745503108472     
    12954617           1   1.0180740791947900     
    12954617           2   1.1177567829733868     
    12954617           3   1.0945695724082607     
    12954617           4  0.90438657304981540     
    12954617           5   1.0695581918143009     
    12954617           6   1.1110302430777244     
    12954617           7  0.98771895143827504     
    12954617           8   1.0184036029528194     
    12954617           9   1.1287104837445086     
    12954617          10   1.0746597744413846     
    12954617          11  0.52223004664706341     
    12954617          12  0.92523566100258148     
    12954617          13   1.0371264360166481     
    12954617          14  0.68294623136331190     
    12954617          15   1.0135639436433808     
    12954617          16  0.96864513028968946     
    12954617          17   1.0508880010508623     
    12954617          18   1.0429241026451639     
    12954617          19  0.99083988999626937     
    12954617          20   1.0465060548926244     
    12954617          21   1.1149392751337872     
    12954617          22   1.0265722983742305     
    12954617          23   1.1836607724782267     
    12954617          24  0.85614048551998256     
    12954617          25   1.0129134158509152     
    12954665           1  0.95811628667350834     
    12954665           2  0.63295259002106774     
    12954665           3   1.0150538394408621     
    12954665           4   1.0442493063649247     
    12954665           5   1.0716366523831649     
    12954665           6   1.0805028107273524     
    12954665           7  0.94485828436115049     
    12954665           8   1.0513164607989778     
    12954665           9   1.0513038266828814     
    12954665          10  0.96458313454133748     
    12954665          11  0.81327687446050623     
    12954665          12  0.92907723993367630     
    12954665          13  0.97304890871549488     
    12954665          14   1.0748161892827546     
    12954665          15   1.0132144438781778     
    12954665          16   1.0789129102630195     
    12954665          17  0.74571802525084263     
    12954665          18  0.97321546982381824     
    12954665          19   1.0770469471700310     
    12954665          20   1.0372085832143212     
    12954665          21  0.97678943556462550     
    12954665          22   1.2416993191758745     
    12954665          23   1.0091688087679833     
    12954665          24   1.0677837628586915     
    12954665          25   1.1744498896449602     
    12954785           1   1.0418211637092010     
    12954785           2  0.85823232979445629     
    12954785           3  0.97852353495464450     
    12954785           4  0.73027651445994690     
    12954785           5   1.0075526512023891     
    12954785           6   1.0163054470593942     
    12954785           7   1.0107103729111950     
    12954785           8   1.0670120036908735     
    12954785           9   1.0769623759251969     
    12954785          10   1.0145580758571187     
    12954785          11   1.0856471062753608     
    12954785          12   1.2066025401836951     
    12954785          13   1.0154069332953377     
    12954785          14   1.0371006852894515     
    12954785          15   1.0319806680796229     
    12954785          16  0.75043641885264167     
    12954785          17  0.98063154405379116     
    12954785          18   1.0470097890944645     
    12954785          19  0.99217223135446253     
    12954785          20   1.0842915364608299     
    12954785          21   1.0335818069124336     
    12954785          22   1.0871416658052582     
    12954785          23   1.1107804531352945     
    12954785          24   1.0594603892954084     
    12954785          25  0.67580176234753020     
    12954839           1  0.81163476643891352     
    12954839           2   1.0857816404121308     
    12954839           3   1.0675405714819699     
    12954839           4   1.0597839496414763     
    12954839           5   1.0154386646993543     
    12954839           6   1.0077144049246727     
    12954839           7  0.97902179076899865     
    12954839           8   1.0420717301451503     
    12954839           9   1.0311068978598179     
    12954839          10   1.0398180630354683     
    12954839          11   1.0225783333656397     
    12954839          12   1.1200336763426109     
    12954839          13   1.1932436063261740     
    12954839          14   1.1136344776794636     
    12954839          15  0.94133874670620943     
    12954839          16   1.0430852014214489     
    12954839          17   1.0289576372632874     
    12954839          18  0.96346901027111764     
    12954839          19   1.0654129774103640     
    12954839          20  0.81403451802841442     
    12954839          21  0.89954590075447671     
    12954839          22  0.76201781121014400     
    12954839          23  0.96527911153271162     
    12954839          24  0.90184423452532003     
    12954839          25   1.0256122777546666     
    12954930           1  0.98001734283498820     
    12954930           2  0.90234860135498174     
    12954930           3  0.95442632072261502     
    12954930           4   1.0543673123759640     
    12954930           5   1.0644156392810384     
    12954930           6  0.82554001097723684     
    12954930           7   1.0621571116577546     
    12954930           8   1.1493926982603822     
    12954930           9   1.0641218873392022     
    12954930          10   1.0682281472883353     
    12954930          11  0.96489240714273761     
    12954930          12   1.0193945271109330     
    12954930          13  0.91776252874989106     
    12954930          14  0.78165164361999884     
    12954930          15   1.0457076291480731     
    12954930          16  0.98795341391725489     
    12954930          17  0.87721732657675167     
    12954930          18   1.1484402916417966     
    12954930          19  0.85526036612226275     
    12954930          20   1.0439110417847597     
    12954930          21   1.0711995857251151     
    12954930          22   1.0452627230337330     
    12954930          23   1.0304396289639719     
    12954930          24   1.0436413479241438     
    12954930          25   1.0422504664460792     
    12954951           1   1.0378430411631536     
    12954951           2  0.85495522859913542     
    12954951           3  0.97478711005578567     
    12954951           4  0.72748800375559652     
    12954951           5   1.0087965611969421     
    12954951           6   1.0532434824939967     
    12954951           7   1.0068510447826640     
    12954951           8   1.0629376916528326     
    12954951           9   1.0728500690743172     
    12954951          10   1.0106840555392054     
    12954951          11   1.0815016373782338     
    12954951          12   1.2444857101605868     
    12954951          13   1.0115296716736084     
    12954951          14   1.0331405875659783     
    12954951          15   1.0280401207901473     
    12954951          16  0.74757092893824595     
    12954951          17  0.97688706986699647     
    12954951          18   1.0430118541388145     
    12954951          19  0.98838368984599401     
    12954951          20   1.0801512437139194     
    12954951          21   1.0296351457843147     
    12954951          22   1.0900508652296492     
    12954951          23   1.1065390142797102     
    12954951          24   1.0554149125781813     
    12954951          25  0.67322125974199509     
    12955086           1   1.0069514780177837     
    12955086           2  0.57576607301757676     
    12955086           3   1.0402973637745199     
    12955086           4   1.0670048172688020     
    12955086           5   1.0807181110362840     
    12955086           6  0.95720265483116673     
    12955086           7  0.99340794706798008     
    12955086           8  0.79399900485617492     
    12955086           9   1.0131137402830224     
    12955086          10   1.0275400034766282     
    12955086          11   1.0615629784849088     
    12955086          12  0.93598006455922034     
    12955086          13  0.94600832928501610     
    12955086          14   1.1177761617335116     
    12955086          15   1.1053464221613445     
    12955086          16   1.0851131501021003     
    12955086          17   1.1132517316767427     
    12955086          18   1.0743485671330049     
    12955086          19   1.1996857934002625     
    12955086          20   1.0206387773039696     
    12955086          21   1.0086322986514007     
    12955086          22   1.0959417880665354     
    12955086          23   1.0455582170489557     
    12955086          24  0.76523916170674655     
    12955086          25  0.86891536505634848     
    12955095           1  0.99500993273794081     
    12955095           2   1.1006179915032346     
    12955095           3   1.0732964003758974     
    12955095           4   1.0377867106423164     
    12955095           5   1.0510112319040679     
    12955095           6  0.88850306216074615     
    12955095           7   1.1386927322032552     
    12955095           8   1.0644508928089986     
    12955095           9   1.0547840739674055     
    12955095          10  0.97127872364273182     
    12955095          11  0.84156721531573686     
    12955095          12   1.1007635003723577     
    12955095          13   1.2145862227706670     
    12955095          14   1.2244341914587549     
    12955095          15  0.79900380199031606     
    12955095          16   1.0606067634586758     
    12955095          17  0.89247648314452666     
    12955095          18  0.99563544035173934     
    12955095          19  0.97696888962805994     
    12955095          20  0.90612815750837783     
    12955095          21  0.97488841625255185     
    12955095          22  0.55546393103546354     
    12955095          23   1.1122358776972099     
    12955095          24  0.93491786267783772     
    12955095          25   1.0348914943911189     
    12955099           1  0.99350648935117458     
    12955099           2  0.87987723594618339     
    12955099           3   1.1640087194535100     
    12955099           4   1.0172543315160558     
    12955099           5   1.0258777213605799     
    12955099           6   1.0454929236391399     
    12955099           7   1.0571262603634826     
    12955099           8  0.75410820958781721     
    12955099           9  0.96675382442663893     
    12955099          10   1.0490629693449736     
    12955099          11   1.0846239010047027     
    12955099          12   1.0152452308425708     
    12955099          13   1.0899181767371870     
    12955099          14   1.0691421404386512     
    12955099          15   1.0666979557342300     
    12955099          16   1.0355412266141739     
    12955099          17  0.95594997117464364     
    12955099          18   1.0189117115723187     
    12955099          19  0.99621318726347408     
    12955099          20  0.98106147902759067     
    12955099          21  0.92266529098666306     
    12955099          22   1.0650930209679002     
    12955099          23  0.64560926873003410     
    12955099          24   1.0995183855735360     
    12955099          25   1.0007403683427685     
    12955149           1  0.53430666504854862     
    12955149           2  0.92386832653660023     
    12955149           3  0.88529018582902652     
    12955149           4   1.0560336941800974     
    12955149           5  0.93302186567594292     
    12955149           6  0.99024496910426696     
    12955149           7   1.1813071315185917     
    12955149           8   1.0081689769627220     
    12955149           9   1.1677966859292366     
    12955149          10   1.0263147388333083     
    12955149          11  0.93742165201024874     
    12955149          12   1.0108672982663474     
    12955149          13   1.1054602776205651     
    12955149          14   1.1015038973501474     
    12955149          15  0.68690244167081449     
    12955149          16   1.0784672525997150     
    12955149          17  0.90548285925965499     
    12955149          18  0.84850916125933851     
    12955149          19   1.0302884351095958     
    12955149          20   1.1400438940979789     
    12955149          21   1.1982756557718639     
    12955149          22   1.0640020235469241     
    12955149          23   1.1827786958287263     
    12955149          24   1.0451661312115181     
    12955149          25  0.95847708477822080     
    12955181           1  0.91750794197854291     
    12955181           2  0.72429952068468995     
    12955181           3  0.94497084752050309     
    12955181           4  0.54419973258281873     
    12955181           5   1.0391460710767622     
    12955181           6   1.0128212478749301     
    12955181           7   1.0249766951601891     
    12955181           8   1.1383835116592997     
    12955181           9   1.0453328538086022     
    12955181          10   1.1320318558518438     
    12955181          11  0.94241071918104424     
    12955181          12  0.94151414384133203     
    12955181          13  0.99618433913692639     
    12955181          14   1.1078698533262172     
    12955181          15   1.1446516228984613     
    12955181          16   1.0187665787865230     
    12955181          17   1.1498503409575060     
    12955181          18   1.0545150651419404     
    12955181          19  0.97596335695135616     
    12955181          20   1.1045648344101300     
    12955181          21  0.93796127076091651     
    12955181          22   1.0389429043459375     
    12955181          23   1.0633986119989316     
    12955181          24   1.0330012031751532     
    12955181          25  0.96673487688944160     
    12955199           1   1.0320623302336720     
    12955199           2   1.0400522055438797     
    12955199           3  0.99056439114811301     
    12955199           4   1.0265460824890844     
    12955199           5   1.1851280328127460     
    12955199           6   1.0158581024808531     
    12955199           7   1.0148361311844971     
    12955199           8   1.0328078766335038     
    12955199           9   1.0823017797079504     
    12955199          10   1.0810704429995937     
    12955199          11  0.96311688288108799     
    12955199          12  0.86297412458952738     
    12955199          13   1.0040487610577058     
    12955199          14   1.1201712491921918     
    12955199          15   1.1284728811432472     
    12955199          16   1.0219828097643269     
    12955199          17   1.0153404878884387     
    12955199          18  0.98485094388646954     
    12955199          19   1.0627936719090993     
    12955199          20   1.0762342282208419     
    12955199          21   1.1157151518907908     
    12955199          22  0.39351154187285414     
    12955199          23  0.94496831504688861     
    12955199          24  0.89089739919945754     
    12955199          25  0.91369417622318161     
    12955537           1  0.96415215722779868     
    12955537           2  0.96291535783192872     
    12955537           3  0.84595968071252281     
    12955537           4   1.0299139429887418     
    12955537           5   1.1463958615898453     
    12955537           6  0.92286587595882952     
    12955537           7   1.0587382982388864     
    12955537           8   1.0997783834962951     
    12955537           9   1.1637853937349609     
    12955537          10  0.76863975994043965     
    12955537          11  0.96298357830847736     
    12955537          12   1.0030672299655545     
    12955537          13   1.0665922548320463     
    12955537          14   1.0241202811995245     
    12955537          15   1.0086831697296157     
    12955537          16  0.92694164418782676     
    12955537          17   1.0705353152653732     
    12955537          18  0.96780696532963084     
    12955537          19   1.0085218217609200     
    12955537          20   1.0183049908059041     
    12955537          21  0.80873968635001947     
    12955537          22   1.0687022130775823     
    12955537          23  0.98145317264013920     
    12955537          24   1.1022230909611177     
    12955537          25   1.0181798738660135     
    12955563           1  0.92450352556878668     
    12955563           2   1.0028490705424224     
    12955563           3   1.0469842850860258     
    12955563           4   1.0363588805420956     
    12955563           5  0.95020840450102195     
    12955563           6  0.96391383065956215     
    12955563           7   1.1582949639953160     
    12955563           8   1.0048240721465995     
    12955563           9   1.0267397255412649     
    12955563          10  0.96668306124507974     
    12955563          11   1.0347329882528902     
    12955563          12  0.94808701153280617     
    12955563          13   1.0675586177528307     
    12955563          14   1.1249725756824627     
    12955563          15  0.96708197398958151     
    12955563          16   1.0366612670609658     
    12955563          17  0.98421501747123408     
    12955563          18  0.94937547804515920     
    12955563          19  0.88486068273641971     
    12955563          20   1.0103539659705338     
    12955563          21   1.0573213376072974     
    12955563          22   1.1206952955958087     
    12955563          23  0.70662904967140217     
    12955563          24   1.0230062633067578     
    12955563          25   1.0030886554956762     
    12955576           1  0.98224139152571521     
    12955576           2  0.72802522391965208     
    12955576           3  0.98352775194761344     
    12955576           4   1.0113059849805099     
    12955576           5   1.1249307837770446     
    12955576           6  0.97121936046061619     
    12955576           7  0.98796367139696328     
    12955576           8   1.0397980450098823     
    12955576           9   1.1023944811610393     
    12955576          10  0.96075272750312801     
    12955576          11  0.70268715998165665     
    12955576          12  0.94936172951724696     
    12955576          13  0.86701296680013995     
    12955576          14   1.0348625599789547     
    12955576          15   1.0010383201433881     
    12955576          16   1.1598857938354912     
    12955576          17  0.97013787827071163     
    12955576          18   1.0311491293106141     
    12955576          19   1.0613483850434191     
    12955576          20  0.92849187348590723     
    12955576          21   1.0848888998201227     
    12955576          22   1.1041850583366182     
    12955576          23  0.92263934930945979     
    12955576          24   1.1053499476156599     
    12955576          25   1.1848015268684562     
    12955665           1  0.92402942019271916     
    12955665           2   1.0485529320286791     
    12955665           3   1.0043159983152981     
    12955665           4   1.0176723374316199     
    12955665           5   1.0390599419022997     
    12955665           6   1.0410152660484533     
    12955665           7  0.99722366361981163     
    12955665           8   1.0844038558490845     
    12955665           9   1.1122972499674759     
    12955665          10   1.1875248694389198     
    12955665          11  0.97743917304536831     
    12955665          12  0.82494076820760132     
    12955665          13  0.99213158255815381     
    12955665          14   1.2048930103181776     
    12955665          15   1.0857204519863395     
    12955665          16  0.93749032536652821     
    12955665          17  0.83102521439444776     
    12955665          18   1.0201016988849814     
    12955665          19   1.0775480091399423     
    12955665          20   1.0164431802073504     
    12955665          21   1.0893454334804071     
    12955665          22  0.61952689939374406     
    12955665          23   1.0515744182271256     
    12955665          24   1.0129094530453473     
    12955665          25  0.80281484695012728     
    12955866           1  0.74746822104877686     
    12955866           2  0.83865149972545017     
    12955866           3   1.0475976382661301     
    12955866           4  0.60413458674342468     
    12955866           5   1.1415647092337795     
    12955866           6  0.98094423925062935     
    12955866           7   1.0222935911926363     
    12955866           8   1.0325608949744678     
    12955866           9   1.0151217514072381     
    12955866          10   1.0956093419750490     
    12955866          11  0.83019150044539614     
    12955866          12   1.0728044924957305     
    12955866          13  0.73499646271106112     
    12955866          14   1.1167260609355458     
    12955866          15   1.1630051922609488     
    12955866          16   1.2064283926294630     
    12955866          17  0.99998711709347465     
    12955866          18  0.97453735452412760     
    12955866          19   1.0235257359739278     
    12955866          20   1.2193070895902061     
    12955866          21  0.89510551396362203     
    12955866          22   1.0586097643718335     
    12955866          23   1.0221248076345004     
    12955866          24   1.0862611803298425     
    12955866          25   1.0704428612227395     
    12955911           1  0.96488669440582953     
    12955911           2  0.77621386606553788     
    12955911           3  0.79392440507051687     
    12955911           4  0.91033084080010185     
    12955911           5   1.0650907320623024     
    12955911           6  0.98595926318401961     
    12955911           7   1.2711648522354222     
    12955911           8   1.0851340631820954     
    12955911           9   1.0645694157773653     
    12955911          10   1.2264244447824963     
    12955911          11  0.61937272932523979     
    12955911          12   1.1041375297536791     
    12955911          13  0.74779004486505729     
    12955911          14  0.79484056695891692     
    12955911          15   1.1134771532893089     
    12955911          16   1.0134613628366633     
    12955911          17   1.0542627274681198     
    12955911          18  0.99307165957449572     
    12955911          19   1.0063036557042497     
    12955911          20   1.0708160886727549     
    12955911          21  0.98643667299759974     
    12955911          22   1.0761601972357437     
    12955911          23   1.1262634803001961     
    12955911          24   1.0620408095977756     
    12955911          25   1.0878667438545138     
    12956129           1   1.0427739934040734     
    12956129           2   1.1042962665190819     
    12956129           3   1.0768833663936976     
    12956129           4  0.94437747425298380     
    12956129           5   1.0545237206926690     
    12956129           6  0.86923569688070457     
    12956129           7   1.1424982533376766     
    12956129           8   1.0680082970626472     
    12956129           9   1.0670681865613820     
    12956129          10  0.92254345810968763     
    12956129          11  0.84437974035725838     
    12956129          12   1.0644313933125145     
    12956129          13   1.2186453806186208     
    12956129          14   1.2285262613047518     
    12956129          15  0.80167407972983773     
    12956129          16   1.0641513205981972     
    12956129          17  0.89545914740726329     
    12956129          18  0.99896286275752444     
    12956129          19  0.98023392825701317     
    12956129          20  0.90915644578700827     
    12956129          21   1.0411405179385866     
    12956129          22  0.55732029638248226     
    12956129          23   1.1448798643767291     
    12956129          24  0.92047993708254505     
    12956129          25   1.0383501108750568     
    12956198           1  0.95022074632191400     
    12956198           2   1.0849984165427917     
    12956198           3   1.0264939405311535     
    12956198           4  0.94126928103736818     
    12956198           5   1.0450400288973518     
    12956198           6   1.0490590182447648     
    12956198           7  0.86750879145512061     
    12956198           8  0.96246289850923428     
    12956198           9   1.0236851172210468     
    12956198          10   1.1615353841803080     
    12956198          11   1.0816322118642703     
    12956198          12  0.91235940342447930     
    12956198          13   1.0362991611049051     
    12956198          14   1.0545962664004287     
    12956198          15   1.0378529317938190     
    12956198          16   1.1077941582500246     
    12956198          17  0.96213251686832701     
    12956198          18  0.97108516234082243     
    12956198          19   1.0453088040756302     
    12956198          20   1.0995987794906359     
    12956198          21   1.1013916377998056     
    12956198          22  0.50909599679718431     
    12956198          23   1.0141366137833288     
    12956198          24  0.97043649883438776     
    12956198          25  0.98400623423089506     
    12956269           1  0.95953143188657775     
    12956269           2  0.63388746592321754     
    12956269           3   1.0165530818625517     
    12956269           4   1.0457916707185086     
    12956269           5   1.0732194680599916     
    12956269           6   1.0820987217890645     
    12956269           7  0.94625384740160878     
    12956269           8   1.0528692633946690     
    12956269           9   1.0528566106178849     
    12956269          10  0.95383657587339055     
    12956269          11  0.81447809073435606     
    12956269          12  0.93044949424868084     
    12956269          13  0.97448610952755077     
    12956269          14   1.0764037011603305     
    12956269          15   1.0147109694983039     
    12956269          16   1.0267501275301911     
    12956269          17  0.74681945657855464     
    12956269          18  0.97465291664792764     
    12956269          19   1.0786377538943699     
    12956269          20   1.0677429547383093     
    12956269          21  0.97823216116395251     
    12956269          22   1.2435333187352642     
    12956269          23   1.0106593589535617     
    12956269          24   1.0693608877877010     
    12956269          25   1.1761845612734860     
    12956375           1  0.98710234085386206     
    12956375           2  0.74771041748872413     
    12956375           3  0.97766985741298462     
    12956375           4  0.89247730800736380     
    12956375           5   1.0516562075751195     
    12956375           6   1.0544663491335684     
    12956375           7   1.1401879249158438     
    12956375           8   1.0728781184872633     
    12956375           9   1.1000475609856002     
    12956375          10   1.0310611185801861     
    12956375          11   1.0535234553877895     
    12956375          12  0.98033448649244992     
    12956375          13  0.57421192845911873     
    12956375          14   1.0941996037062887     
    12956375          15  0.97336627257616781     
    12956375          16  0.87486825081574660     
    12956375          17   1.0176650470382109     
    12956375          18  0.90866609509809637     
    12956375          19   1.0236085675655417     
    12956375          20   1.0866512231496837     
    12956375          21   1.1152561699465720     
    12956375          22   1.0837791742693148     
    12956375          23   1.1192283542013892     
    12956375          24   1.0534483770891570     
    12956375          25  0.98593579076395177     
    12956451           1  0.96444673027729610     
    12956451           2  0.99229498789283044     
    12956451           3  0.96934693132728256     
    12956451           4   1.0230919973469519     
    12956451           5   1.0163019811459506     
    12956451           6  0.72407764867230684     
    12956451           7   1.0404305097209394     
    12956451           8   1.0749116661917049     
    12956451           9  0.97828413749638299     
    12956451          10  0.98795396199227870     
    12956451          11   1.0497616336797457     
    12956451          12   1.0483200908008479     
    12956451          13   1.0249091324792228     
    12956451          14  0.68892780658928476     
    12956451          15   1.1227099621338374     
    12956451          16  0.99311396287378706     
    12956451          17   1.0882390488584381     
    12956451          18   1.1685946515259780     
    12956451          19  0.92543593771976063     
    12956451          20   1.0626015763315455     
    12956451          21  0.92529975919784135     
    12956451          22  0.94632343813197173     
    12956451          23   1.0295363047069328     
    12956451          24   1.0896008987507746     
    12956451          25   1.0654852441561113     
    12956465           1   1.0507047399373179     
    12956465           2   1.0346673906552404     
    12956465           3   1.0021759501456866     
    12956465           4  0.99384587777122657     
    12956465           5   1.0872257448348581     
    12956465           6  0.90968582070748694     
    12956465           7   1.0270585913468819     
    12956465           8  0.57868844599661995     
    12956465           9  0.93876416145722608     
    12956465          10   1.0849065406206040     
    12956465          11   1.0222824518512332     
    12956465          12  0.94634443597664664     
    12956465          13   1.0214131608757795     
    12956465          14   1.0457680339921029     
    12956465          15   1.0426426973053615     
    12956465          16  0.95918459842046244     
    12956465          17   1.0325940932208089     
    12956465          18  0.98380315828084364     
    12956465          19   1.0353087531380676     
    12956465          20   1.0546168331665013     
    12956465          21  0.93358682866845522     
    12956465          22   1.0505681449924515     
    12956465          23   1.1447240209013492     
    12956465          24  0.97345918182280122     
    12956465          25   1.0459803439139841     
    12956487           1   1.0651423200263059     
    12956487           2   1.0230025092076145     
    12956487           3  0.95195439533726767     
    12956487           4   1.0438992360091979     
    12956487           5   1.0877544454959802     
    12956487           6   1.0313416684783789     
    12956487           7  0.90475003697741097     
    12956487           8  0.86364011848568945     
    12956487           9   1.1371763800639783     
    12956487          10   1.1278387157418353     
    12956487          11   1.0179334896904504     
    12956487          12  0.74647181617881653     
    12956487          13   1.0670084268930806     
    12956487          14   1.0858477411286127     
    12956487          15   1.0332865199064085     
    12956487          16   1.0470710659377878     
    12956487          17  0.96346269401832130     
    12956487          18  0.99986190314362489     
    12956487          19  0.91724087378305696     
    12956487          20   1.1056724282577290     
    12956487          21   1.0986003277118284     
    12956487          22  0.57783576376672663     
    12956487          23   1.0833035500328398     
    12956487          24   1.0596733029135947     
    12956487          25  0.96023027081346368     
    12956650           1  0.75029300503165375     
    12956650           2  0.84182087770959513     
    12956650           3   1.0515566521020918     
    12956650           4  0.57450572124989530     
    12956650           5   1.1458788374003743     
    12956650           6   1.0066324728670060     
    12956650           7   1.0261569775960702     
    12956650           8   1.0364630829141455     
    12956650           9   1.0189580344535214     
    12956650          10   1.0997497985637705     
    12956650          11  0.81689622837899067     
    12956650          12   1.0768587664592550     
    12956650          13  0.73777411422435779     
    12956650          14   1.1209463204748285     
    12956650          15   1.1674003469265102     
    12956650          16   1.1367911285345571     
    12956650          17   1.0037662042999989     
    12956650          18  0.97124361717816310     
    12956650          19   1.0404520876022954     
    12956650          20   1.2239150167767958     
    12956650          21  0.89848823933926614     
    12956650          22   1.0626103945288170     
    12956650          23   1.0259875561819314     
    12956650          24   1.0903663089453590     
    12956650          25   1.0744882102607549     
    12956652           1  0.97851976091021153     
    12956652           2  0.99257021047405813     
    12956652           3  0.92024340701346941     
    12956652           4   1.0416388169169919     
    12956652           5  0.92624735006476711     
    12956652           6  0.94524655692571957     
    12956652           7  0.99742660938387073     
    12956652           8  0.97878466084150539     
    12956652           9  0.84986427121623709     
    12956652          10   1.0921469856685702     
    12956652          11  0.63458032217900506     
    12956652          12   1.1834717675818522     
    12956652          13  0.88904873539658857     
    12956652          14  0.97532241036632794     
    12956652          15   1.1388827813822204     
    12956652          16   1.0467936274995657     
    12956652          17   1.0583124721692374     
    12956652          18   1.0136194890329766     
    12956652          19   1.1255808315623674     
    12956652          20   1.0083890750167379     
    12956652          21   1.0865537532904084     
    12956652          22  0.94472123326407309     
    12956652          23   1.1060299600264054     
    12956652          24   1.0112170899926516     
    12956652          25   1.0547878218241888     
    12956712           1  0.98893172513510463     
    12956712           2  0.90783667926192957     
    12956712           3  0.94950961693157487     
    12956712           4   1.0945903004754576     
    12956712           5  0.99082699650816619     
    12956712           6  0.56111703987230754     
    12956712           7   1.1344125762155088     
    12956712           8  0.99067931535631415     
    12956712           9   1.0494588385198846     
    12956712          10   1.0637215032881058     
    12956712          11   1.0724238045215502     
    12956712          12   1.0648123455703573     
    12956712          13  0.93882106608698634     
    12956712          14  0.77768554482124397     
    12956712          15   1.1460146262593929     
    12956712          16   1.0302322011616771     
    12956712          17  0.95785067934354762     
    12956712          18   1.1776052101037171     
    12956712          19  0.92619961501167103     
    12956712          20   1.0409723106792617     
    12956712          21   1.0638756933320541     
    12956712          22   1.0701181680039968     
    12956712          23   1.0491165567541343     
    12956712          24  0.97148881342422433     
    12956712          25  0.98169877336183309     
    12956769           1  0.98542557219089655     
    12956769           2  0.74644029853030547     
    12956769           3  0.97600911149861680     
    12956769           4  0.89096127677074444     
    12956769           5   1.0498697827029528     
    12956769           6   1.0526751507368051     
    12956769           7   1.1382511131960611     
    12956769           8   1.0902289960837697     
    12956769           9   1.0981789348040063     
    12956769          10   1.0293096781249422     
    12956769          11   1.0517338586635376     
    12956769          12  0.97866921423227782     
    12956769          13  0.57323652750250831     
    12956769          14   1.0923409113188947     
    12956769          15  0.97171283706508249     
    12956769          16  0.89667572073693413     
    12956769          17   1.0159363621899986     
    12956769          18  0.90712256433102134     
    12956769          19   1.0218697865919781     
    12956769          20   1.0848053530274688     
    12956769          21   1.1133617092411827     
    12956769          22   1.0819381828322796     
    12956769          23   1.1173271460354721     
    12956769          24   1.0516589078987313     
    12956769          25  0.98426100369352598     
    12956839           1  0.99512830367734639     
    12956839           2   1.0776800661438921     
    12956839           3   1.0363009794314255     
    12956839           4  0.88061118794155180     
    12956839           5   1.1529101678558442     
    12956839           6  0.99720729498155625     
    12956839           7   1.0042579106018743     
    12956839           8   1.0320205927429751     
    12956839           9   1.1587427133337271     
    12956839          10  0.98164458302924051     
    12956839          11  0.81837510083245435     
    12956839          12  0.61898423656207324     
    12956839          13   1.0098609786769950     
    12956839          14  0.93710626794796081     
    12956839          15   1.0571874826751040     
    12956839          16  0.89424445747594417     
    12956839          17   1.0290294020110862     
    12956839          18   1.0682589095930932     
    12956839          19  0.82151765284746614     
    12956839          20   1.0371165465056609     
    12956839          21   1.1272810479144115     
    12956839          22   1.0555968571973351     
    12956839          23   1.0208165379863052     
    12956839          24   1.1459135671130334     
    12956839          25   1.0422071549216483     
    12956862           1   1.0328293394647121     
    12956862           2   1.0544433999532181     
    12956862           3   1.0669337764460745     
    12956862           4  0.96105794546786583     
    12956862           5   1.0226601635752701     
    12956862           6  0.91867108895443983     
    12956862           7   1.0138376451235698     
    12956862           8  0.66204947052801766     
    12956862           9   1.1042750847720448     
    12956862          10   1.0891891521426571     
    12956862          11   1.0084254888785014     
    12956862          12  0.87981430461179766     
    12956862          13   1.0861332071254599     
    12956862          14   1.1724986245014801     
    12956862          15   1.0165141075965745     
    12956862          16  0.97817811680820144     
    12956862          17   1.0795438260109360     
    12956862          18   1.0030029617058120     
    12956862          19   1.1102888697791342     
    12956862          20  0.95630650623367974     
    12956862          21   1.0195546012465702     
    12956862          22  0.61377945725533967     
    12956862          23   1.0463747496225724     
    12956862          24   1.0897909951073705     
    12956862          25   1.0138471170886953     
    12956866           1   1.0189566793641516     
    12956866           2  0.81513708072201108     
    12956866           3   1.0771092246355709     
    12956866           4   1.1037939017442182     
    12956866           5   1.0275776965487398     
    12956866           6  0.99934210038376281     
    12956866           7  0.92168737511738874     
    12956866           8  0.71979210960568074     
    12956866           9   1.0649304009844140     
    12956866          10   1.0272766718744391     
    12956866          11   1.1187182041034067     
    12956866          12   1.0163003855644714     
    12956866          13   1.0200392012366528     
    12956866          14   1.0986000286033979     
    12956866          15   1.0853920032007816     
    12956866          16   1.0900253574537353     
    12956866          17   1.1310403559416013     
    12956866          18  0.97970019439029232     
    12956866          19   1.2012779432527030     
    12956866          20  0.87561564409495640     
    12956866          21  0.88100360176783843     
    12956866          22   1.0454849092547625     
    12956866          23  0.99084792627072849     
    12956866          24  0.81378350293175250     
    12956866          25  0.87656750095253744     
    12956924           1   1.0421098011617478     
    12956924           2  0.85847010380212119     
    12956924           3  0.97879463574451597     
    12956924           4  0.73047883819854142     
    12956924           5   1.0129439058755847     
    12956924           6   1.0165870153606220     
    12956924           7   1.0109903910923013     
    12956924           8   1.0673076202873779     
    12956924           9   1.0772607492809168     
    12956924          10   1.0148391600476467     
    12956924          11   1.0859478857431195     
    12956924          12   1.2069368304588082     
    12956924          13   1.0156882526625517     
    12956924          14   1.0373880149293782     
    12956924          15   1.0322665792143626     
    12956924          16  0.75064432791014701     
    12956924          17  0.96886484595159894     
    12956924          18   1.0472998640601523     
    12956924          19  0.99244711352745107     
    12956924          20   1.0845919403668014     
    12956924          21   1.0338681616440690     
    12956924          22   1.0874428593420244     
    12956924          23   1.1110881958184919     
    12956924          24   1.0597539137106275     
    12956924          25  0.67598899380903765     
    12956967           1  0.98216288427721976     
    12956967           2  0.90432410345573666     
    12956967           3  0.95651583601501100     
    12956967           4   1.0566756274079132     
    12956967           5   1.0667459530071510     
    12956967           6  0.82734735685608440     
    12956967           7   1.0644824808136006     
    12956967           8   1.1519090513489734     
    12956967           9   1.0117193264841529     
    12956967          10   1.0705668076972779     
    12956967          11  0.96700483572571616     
    12956967          12   1.0216262765997466     
    12956967          13  0.91977177639632945     
    12956967          14  0.78336290516759932     
    12956967          15   1.0479969856285458     
    12956967          16  0.99011632971466490     
    12956967          17  0.87913780904757144     
    12956967          18   1.1509545596368078     
    12956967          19  0.85713277845540081     
    12956967          20   1.0461964650158151     
    12956967          21   1.0735447514723109     
    12956967          22   1.0475511054860285     
    12956967          23   1.0326955593756362     
    12956967          24   1.0459261807173270     
    12956967          25   1.0445322541973818     
    12957005           1  0.95634025389290611     
    12957005           2  0.97169187740794261     
    12957005           3  0.95042600133673083     
    12957005           4  0.98625604519990107     
    12957005           5  0.98208253776336751     
    12957005           6  0.59364167124646905     
    12957005           7   1.0762201632892239     
    12957005           8   1.0252304920496083     
    12957005           9   1.0504716852528968     
    12957005          10   1.0953804204015753     
    12957005          11   1.1053019531324442     
    12957005          12   1.0658400101779588     
    12957005          13  0.95871031342541813     
    12957005          14  0.81316313991000189     
    12957005          15   1.0840837428356089     
    12957005          16   1.0379878228240336     
    12957005          17  0.95877511381937175     
    12957005          18   1.1685794316600053     
    12957005          19  0.92709350262283685     
    12957005          20   1.0689765480625479     
    12957005          21   1.0175179791657236     
    12957005          22   1.1210455105947441     
    12957005          23   1.0817881712942694     
    12957005          24  0.83756644816683012     
    12957005          25   1.0658291644675877     
    12957058           1  0.90202478694529553     
    12957058           2   1.0506649986428351     
    12957058           3  0.94456479005206340     
    12957058           4   1.0984375292946840     
    12957058           5  0.98750500234714700     
    12957058           6   1.0990746288221240     
    12957058           7  0.98542476348469932     
    12957058           8  0.96363492750202195     
    12957058           9  0.96475337272354977     
    12957058          10   1.0474270200570936     
    12957058          11   1.0104549633096449     
    12957058          12  0.97058691185603552     
    12957058          13   1.1165177618941722     
    12957058          14  0.94749478139362253     
    12957058          15   1.0069176490937193     
    12957058          16   1.0078884359111653     
    12957058          17   1.0542697502887248     
    12957058          18   1.0403647941572911     
    12957058          19  0.96631572457188419     
    12957058          20  0.75952195856774252     
    12957058          21   1.1142535994392322     
    12957058          22   1.1526045449162845     
    12957058          23   1.0003643305405394     
    12957058          24  0.96037962979017566     
    12957058          25  0.84855334439824892     
    12957236           1  0.98546685517643218     
    12957236           2  0.92124540920864517     
    12957236           3  0.73710858912754562     
    12957236           4   1.0092382729573257     
    12957236           5   1.1414819637689984     
    12957236           6  0.89129266123034501     
    12957236           7   1.0188851208636880     
    12957236           8   1.1347693920742510     
    12957236           9   1.1559405428845766     
    12957236          10  0.88755645498099656     
    12957236          11   1.0027946588161654     
    12957236          12  0.93840983143816159     
    12957236          13  0.99733757865171790     
    12957236          14  0.95330572872847641     
    12957236          15   1.1148393228898628     
    12957236          16  0.90486467250064140     
    12957236          17   1.0945296293167064     
    12957236          18  0.96460121135508636     
    12957236          19   1.0329375089573598     
    12957236          20  0.98703232809378738     
    12957236          21  0.84225307997493781     
    12957236          22   1.1038512968349490     
    12957236          23   1.0360786944451237     
    12957236          24   1.1646644768090346     
    12957236          25  0.97951471891518604     
    12957261           1   1.0448199176190545     
    12957261           2  0.73690545514740602     
    12957261           3   1.0894663838844882     
    12957261           4   1.0106626339841389     
    12957261           5  0.99875446513510302     
    12957261           6   1.1048246932044556     
    12957261           7   1.0352846907237732     
    12957261           8  0.92294828754013880     
    12957261           9   1.0330938735328019     
    12957261          10  0.78661633811595411     
    12957261          11   1.0021682061670432     
    12957261          12   1.1063552004780246     
    12957261          13   1.1709569225235053     
    12957261          14   1.0308397458186711     
    12957261          15  0.99650726341788598     
    12957261          16  0.93872480067330744     
    12957261          17   1.0121762910237446     
    12957261          18  0.99352085600302786     
    12957261          19  0.96899381537946927     
    12957261          20   1.0407842629908686     
    12957261          21  0.86425843041870110     
    12957261          22   1.0355713354663407     
    12957261          23   1.0644807439931852     
    12957261          24   1.0380142008354409     
    12957261          25  0.97327118592347117     
    12957292           1  0.92835718618966445     
    12957292           2  0.95982837780784136     
    12957292           3  0.94781393900429012     
    12957292           4  0.97236742627068173     
    12957292           5  0.85808878492384788     
    12957292           6  0.99690694564864557     
    12957292           7   1.0302042879477780     
    12957292           8   1.0384168960430771     
    12957292           9   1.0350512281284445     
    12957292          10   1.0940797501480584     
    12957292          11  0.75298009985306724     
    12957292          12   1.2263162124252962     
    12957292          13  0.88358542422820319     
    12957292          14  0.86164120285073154     
    12957292          15   1.0284540745412940     
    12957292          16  0.95845822803482250     
    12957292          17   1.0056275983189678     
    12957292          18   1.0229739442367345     
    12957292          19   1.0816210797730208     
    12957292          20   1.1620057052184434     
    12957292          21   1.0770197069826155     
    12957292          22  0.91756333725314010     
    12957292          23   1.1170244894138308     
    12957292          24  0.97606010635925977     
    12957292          25   1.0675539683982451     
    12957357           1  0.81134255813413791     
    12957357           2   1.0216237798103931     
    12957357           3  0.79338868166683596     
    12957357           4   1.1282932052513823     
    12957357           5   1.0162353357840521     
    12957357           6   1.0528118937456439     
    12957357           7  0.97757985478628340     
    12957357           8   1.0333409733804699     
    12957357           9   1.0691049047348833     
    12957357          10   1.0157147653297216     
    12957357          11  0.94586359884499605     
    12957357          12   1.0521442323302808     
    12957357          13   1.0436748743475037     
    12957357          14   1.0769152637464341     
    12957357          15  0.93594372063832998     
    12957357          16   1.0335471384831725     
    12957357          17  0.97687958349672577     
    12957357          18   1.0042364539382274     
    12957357          19   1.0114421277313959     
    12957357          20   1.0635655945843598     
    12957357          21   1.1601773832950553     
    12957357          22   1.1093556138223113     
    12957357          23   1.1026979112859026     
    12957357          24   1.0319951830576817     
    12957357          25  0.53212536777382247     
    12957517           1  0.98991953391485021     
    12957517           2   1.0560487014080153     
    12957517           3  0.94203645373783262     
    12957517           4  0.78089811302005963     
    12957517           5   1.1267975315850729     
    12957517           6  0.88868691255711518     
    12957517           7  0.97089636722975825     
    12957517           8   1.0897972022754512     
    12957517           9   1.0743011928313424     
    12957517          10   1.0017228447457718     
    12957517          11   1.0172457971359008     
    12957517          12  0.97827149521778001     
    12957517          13   1.0385427161733569     
    12957517          14  0.93937511730008949     
    12957517          15  0.99007156515550709     
    12957517          16  0.88595300651721653     
    12957517          17   1.1044255340016360     
    12957517          18  0.79148451622788063     
    12957517          19  0.93773002594141952     
    12957517          20   1.0107436576194675     
    12957517          21   1.1652711689240323     
    12957517          22   1.1508678217434876     
    12957517          23   1.1113828763656142     
    12957517          24  0.89866219804605230     
    12957517          25   1.0588676503252981     
    12957544           1  0.96531680753741100     
    12957544           2  0.77655987537279236     
    12957544           3  0.79427830912379449     
    12957544           4  0.93483258258401281     
    12957544           5   1.0655655126897499     
    12957544           6  0.98639876973826945     
    12957544           7   1.2717314935815214     
    12957544           8   1.0503776949346941     
    12957544           9   1.0650439640200353     
    12957544          10   1.2269711424016592     
    12957544          11  0.61964882427583945     
    12957544          12   1.1046297160936631     
    12957544          13  0.74812338381545129     
    12957544          14  0.79519487940549194     
    12957544          15   1.1139735029105879     
    12957544          16   1.0139131288761722     
    12957544          17   1.0547326813454505     
    12957544          18  0.99351433658917609     
    12957544          19   1.0067522310853656     
    12957544          20   1.0712934214662497     
    12957544          21  0.98687639236464009     
    12957544          22   1.0766399122480868     
    12957544          23   1.1267655296240249     
    12957544          24   1.0625142306752262     
    12957544          25   1.0883516772406361     
    12957587           1  0.71692957281118308     
    12957587           2  0.72980731731326109     
    12957587           3   1.0636546309394188     
    12957587           4  0.68556839406325076     
    12957587           5   1.1581017338143953     
    12957587           6  0.95531129756989586     
    12957587           7  0.99757636733827892     
    12957587           8   1.0483874128279920     
    12957587           9   1.1044044799778803     
    12957587          10   1.1119463346117699     
    12957587          11  0.91260362955947671     
    12957587          12   1.0945252167651669     
    12957587          13  0.80814524215036787     
    12957587          14   1.0020139680505855     
    12957587          15   1.0241575719167983     
    12957587          16   1.1573864352897965     
    12957587          17   1.0086195272025182     
    12957587          18  0.99820833762457106     
    12957587          19   1.0566881064160005     
    12957587          20   1.2239569151055949     
    12957587          21  0.88376700886672854     
    12957587          22   1.0506750818970805     
    12957587          23   1.0148015329106488     
    12957587          24   1.1007896476413539     
    12957587          25   1.0919742373359838     
    12957620           1  0.99940723547606947     
    12957620           2   1.0488789984634628     
    12957620           3   1.0428647244768723     
    12957620           4   1.0871440012624600     
    12957620           5   1.1193592276490063     
    12957620           6   1.0707058974317241     
    12957620           7  0.86279232540871365     
    12957620           8  0.63289553918174923     
    12957620           9   1.0674825164705461     
    12957620          10   1.0936919205524420     
    12957620          11   1.0429866428826038     
    12957620          12  0.96209230521310452     
    12957620          13   1.0037812048725321     
    12957620          14   1.0532475647441331     
    12957620          15   1.1089587578353099     
    12957620          16  0.89443674740460066     
    12957620          17   1.0531946475564373     
    12957620          18  0.88701205924562665     
    12957620          19  0.78837723670144999     
    12957620          20  0.93457256925508669     
    12957620          21   1.1467587004674726     
    12957620          22  0.92727654456037989     
    12957620          23   1.0321292059226621     
    12957620          24   1.1505581073528930     
    12957620          25  0.98939531961266269     
    12957701           1   1.0423884599079014     
    12957701           2  0.85869965754249400     
    12957701           3  0.97905636410138808     
    12957701           4  0.73067416724824152     
    12957701           5   1.0132147657009318     
    12957701           6   1.0168588493484998     
    12957701           7   1.0112607285504471     
    12957701           8   1.0488664488689168     
    12957701           9   1.0775488073428796     
    12957701          10   1.0151105266613867     
    12957701          11   1.0862382667335793     
    12957701          12   1.2072595637288410     
    12957701          13   1.0159598463225041     
    12957701          14   1.0376654110763031     
    12957701          15   1.0325426058963298     
    12957701          16  0.75084504918442119     
    12957701          17  0.98116552106121424     
    12957701          18   1.0475799106220793     
    12957701          19  0.99271249253834892     
    12957701          20   1.0848819587793084     
    12957701          21   1.0341446165870036     
    12957701          22   1.0877336400863951     
    12957701          23   1.1113852992937379     
    12957701          24   1.0600372904685245     
    12957701          25  0.67616975234831866     
    12957702           1  0.96735164491022740     
    12957702           2   1.1096408832231388     
    12957702           3   1.1049886544989107     
    12957702           4  0.94531603756461613     
    12957702           5   1.0028892266828617     
    12957702           6  0.70242647042849549     
    12957702           7   1.0276414714928968     
    12957702           8   1.0713580409346528     
    12957702           9   1.1391689642061920     
    12957702          10   1.0806758970141941     
    12957702          11  0.76814823534215548     
    12957702          12  0.90424537089438572     
    12957702          13   1.0290803337772592     
    12957702          14   1.0948791846060715     
    12957702          15   1.0665302175150349     
    12957702          16   1.0122184566978323     
    12957702          17  0.97880274490377384     
    12957702          18   1.0456599677500005     
    12957702          19  0.95574505966255308     
    12957702          20   1.0087057988334069     
    12957702          21   1.1372401330221453     
    12957702          22  0.88567078894783946     
    12957702          23  0.97175123920060424     
    12957702          24  0.99017691761163917     
    12957702          25  0.99968826027911717     
    12957731           1  0.97188542082388940     
    12957731           2  0.67512175949246822     
    12957731           3   1.0266977892701357     
    12957731           4  0.88117222055252042     
    12957731           5   1.0669235178663381     
    12957731           6  0.90322442071453857     
    12957731           7   1.1528215053150093     
    12957731           8   1.0886277415735472     
    12957731           9   1.1036414931823351     
    12957731          10   1.0344296672523419     
    12957731          11   1.0569653900828133     
    12957731          12  0.97877119941095547     
    12957731          13  0.60124460856991113     
    12957731          14   1.0716522534527948     
    12957731          15  0.87513765327911641     
    12957731          16  0.97758983139188260     
    12957731          17   1.0209898298092088     
    12957731          18  0.92030799189637746     
    12957731          19   1.0515218217010098     
    12957731          20   1.0902013885752582     
    12957731          21   1.0988644962698930     
    12957731          22   1.0308858582631433     
    12957731          23   1.1973671043249519     
    12957731          24   1.0568900664981369     
    12957731          25   1.0670649704314277     
    12957782           1  0.95938785929468773     
    12957782           2  0.99889346480824104     
    12957782           3  0.96953327087882579     
    12957782           4   1.0303671213820627     
    12957782           5   1.0323550232117222     
    12957782           6  0.98855470584654048     
    12957782           7  0.98278239740345175     
    12957782           8  0.99889552903009571     
    12957782           9   1.1250324296738705     
    12957782          10  0.99953551519001571     
    12957782          11   1.0474494402963701     
    12957782          12  0.62939491943620562     
    12957782          13   1.0331073235537835     
    12957782          14   1.0973119785444359     
    12957782          15  0.98580355779172868     
    12957782          16  0.93781374322457889     
    12957782          17   1.0389499428841902     
    12957782          18   1.0081913316139317     
    12957782          19  0.92181516137295438     
    12957782          20  0.98681129194359607     
    12957782          21   1.0201972739380887     
    12957782          22   1.0804507150871121     
    12957782          23   1.0616413403721796     
    12957782          24   1.0890631352977416     
    12957782          25  0.97666152792359084     
    12957864           1  0.89325277997069397     
    12957864           2   1.0086475912173454     
    12957864           3   1.0307354992439741     
    12957864           4   1.0971935401012738     
    12957864           5   1.0660393184209214     
    12957864           6  0.83770249182188794     
    12957864           7   1.0096520022746462     
    12957864           8  0.97659695115384582     
    12957864           9   1.0944598298442361     
    12957864          10   1.0047631578267966     
    12957864          11  0.99019998592041569     
    12957864          12   1.1353107195934489     
    12957864          13   1.0238480462462551     
    12957864          14   1.0381878295247937     
    12957864          15   1.0397215280152230     
    12957864          16   1.1123906349652226     
    12957864          17   1.0147037190820443     
    12957864          18   1.0751446482208222     
    12957864          19   1.0614218252814913     
    12957864          20   1.0709314893326147     
    12957864          21  0.72424310445252726     
    12957864          22  0.75149487173263130     
    12957864          23   1.0712328341924047     
    12957864          24  0.97495500635854881     
    12957864          25  0.89717059520593057     
    12957918           1  0.97793635581966498     
    12957918           2  0.98991341309370318     
    12957918           3  0.96702043340939758     
    12957918           4   1.0206365076510457     
    12957918           5   1.0138627879462148     
    12957918           6  0.72233981355096744     
    12957918           7   1.0379334064276373     
    12957918           8   1.0723318058006670     
    12957918           9  0.97593618968179741     
    12957918          10  0.98558280594766834     
    12957918          11   1.0472421350605183     
    12957918          12   1.0458040519816134     
    12957918          13   1.0224492815366204     
    12957918          14  0.68727433345618427     
    12957918          15   1.1200153826134622     
    12957918          16   1.0349277435091917     
    12957918          17   1.0856272018514399     
    12957918          18   1.1657899456608609     
    12957918          19  0.92321482914381159     
    12957918          20   1.0600512609852211     
    12957918          21  0.92307897745951617     
    12957918          22  0.94405219814832086     
    12957918          23   1.0270653482393572     
    12957918          24   1.0869857832123180     
    12957918          25   1.0629280078128012     
    12957927           1   1.0184887523355532     
    12957927           2   1.1182120580120869     
    12957927           3   1.0950154030326231     
    12957927           4  0.89668113212803313     
    12957927           5   1.0699938350191447     
    12957927           6   1.1114827783202916     
    12957927           7  0.98812126059058003     
    12957927           8   1.0188184103123539     
    12957927           9   1.1189077084155248     
    12957927          10   1.0750974955788015     
    12957927          11  0.63466619636924337     
    12957927          12  0.92561252000069849     
    12957927          13   1.0375488693988357     
    12957927          14  0.64190731880802454     
    12957927          15   1.0139767797546855     
    12957927          16   1.0131794302560662     
    12957927          17   1.0513160396748598     
    12957927          18   1.0285637405590016     
    12957927          19  0.99124347034231197     
    12957927          20   1.0469323087001603     
    12957927          21   1.1035416451225946     
    12957927          22   1.0269904329362305     
    12957927          23   1.1009608283356380     
    12957927          24  0.85941559900179543     
    12957927          25   1.0133259869948588     
    12957951           1  0.95940414952776554     
    12957951           2  0.97480495613645968     
    12957951           3  0.95347094905789898     
    12957951           4  0.96249613652654664     
    12957951           5  0.98522890579323585     
    12957951           6  0.59554356350479332     
    12957951           7   1.0796681267593664     
    12957951           8   1.0141983959391230     
    12957951           9   1.0538371564833384     
    12957951          10   1.0988897689570891     
    12957951          11   1.1088430880116034     
    12957951          12   1.0692547180095593     
    12957951          13  0.96178180218942433     
    12957951          14  0.81576832878985617     
    12957951          15   1.0884529328248469     
    12957951          16   1.0413132986120097     
    12957951          17  0.96184681018903229     
    12957951          18   1.1723232931204794     
    12957951          19  0.93006369834996427     
    12957951          20   1.0724013046447827     
    12957951          21   1.0207778742522959     
    12957951          22   1.1246370842343649     
    12957951          23   1.0852539733896838     
    12957951          24  0.84024981966980417     
    12957951          25   1.0294898650266744     
    12957965           1  0.90328746972908691     
    12957965           2   1.0521357526891968     
    12957965           3  0.95987451718431360     
    12957965           4   1.0999751568381662     
    12957965           5  0.98888734303602566     
    12957965           6   1.1006131481976449     
    12957965           7  0.98680419218952198     
    12957965           8  0.96498385410628673     
    12957965           9  0.96610386496275757     
    12957965          10   1.0488932414787719     
    12957965          11   1.0118694300786661     
    12957965          12  0.90693805706009634     
    12957965          13   1.0677686133914446     
    12957965          14   1.0071829634831322     
    12957965          15   1.0083271642185883     
    12957965          16   1.0092993099740801     
    12957965          17   1.0637200147043970     
    12957965          18   1.0418211296521211     
    12957965          19  0.96766840384055031     
    12957965          20  0.76058516139196064     
    12957965          21   1.1158133668171932     
    12957965          22   1.1542179971588931     
    12957965          23   1.0017646721231361     
    12957965          24  0.96172399952589738     
    12957965          25  0.84974117616807043     
    12958086           1  0.53370783633108665     
    12958086           2  0.92283289328960272     
    12958086           3  0.88429798935976955     
    12958086           4   1.0548501354786071     
    12958086           5  0.93197617352247530     
    12958086           6  0.98913514367327038     
    12958086           7   1.1799831715518343     
    12958086           8   1.0070390630482013     
    12958086           9   1.1664878679087318     
    12958086          10   1.0251644879025774     
    12958086          11  0.93637102875900524     
    12958086          12   1.0097343601853859     
    12958086          13   1.1042213236573153     
    12958086          14   1.1002693775335743     
    12958086          15  0.69649820197752399     
    12958086          16   1.0772585512977382     
    12958086          17  0.90446803168073087     
    12958086          18  0.84755818743469891     
    12958086          19   1.0291337306251280     
    12958086          20   1.1387661802538309     
    12958086          21   1.1969326781879206     
    12958086          22   1.0628095342728483     
    12958086          23   1.1814530865938122     
    12958086          24   1.0616481020018513     
    12958086          25  0.95740286347248016     
    12958115           1  0.99396167946037983     
    12958115           2  0.88028036508465457     
    12958115           3   1.1645420277527543     
    12958115           4   1.0177204020603507     
    12958115           5   1.0263477428420928     
    12958115           6   1.0002282224904280     
    12958115           7   1.0576105988384259     
    12958115           8  0.75445371573393116     
    12958115           9  0.96719675739550437     
    12958115          10   1.0495436135004952     
    12958115          11   1.0623120379846425     
    12958115          12   1.0157103808868337     
    12958115          13   1.0904175393273778     
    12958115          14   1.0650257231253741     
    12958115          15   1.0671866796269915     
    12958115          16   1.0360156755775995     
    12958115          17  0.95638795419381639     
    12958115          18   1.0193785414704948     
    12958115          19  0.99666961748749638     
    12958115          20  0.98151096726602927     
    12958115          21  0.92308802412335178     
    12958115          22   1.0655810095353877     
    12958115          23  0.64590506443613871     
    12958115          24   1.1617267870357932     
    12958115          25   1.0011988727636598     
    12958158           1   1.0646095719200204     
    12958158           2   1.0327568657464590     
    12958158           3  0.95147825999661795     
    12958158           4   1.0433771129739184     
    12958158           5   1.0872103875705310     
    12958158           6   1.0308258263129848     
    12958158           7  0.90653563703185425     
    12958158           8  0.86320815495463366     
    12958158           9   1.1366076029610492     
    12958158          10   1.1272746090222823     
    12958158          11   1.0174243538418777     
    12958158          12  0.74609845626344395     
    12958158          13   1.0664747454233556     
    12958158          14   1.0853046368720976     
    12958158          15   1.0327697049922127     
    12958158          16   1.0465473564606251     
    12958158          17  0.96298080261652019     
    12958158          18  0.99936180609045955     
    12958158          19  0.91678210096995194     
    12958158          20   1.1051194083642824     
    12958158          21   1.0980508450435038     
    12958158          22  0.57754674989214583     
    12958158          23   1.0827617182945251     
    12958158          24   1.0591432902244033     
    12958158          25  0.95974999616024992     
    12958195           1  0.71529779301418683     
    12958195           2  0.72814622690598141     
    12958195           3   1.0612336816529462     
    12958195           4  0.68400799441268956     
    12958195           5   1.1563599357794894     
    12958195           6  0.95313694497748669     
    12958195           7  0.99530581661207496     
    12958195           8   1.0460012127540157     
    12958195           9   1.1578983390264994     
    12958195          10   1.1094154701684902     
    12958195          11  0.91052648248414914     
    12958195          12   1.0920340039546574     
    12958195          13  0.80630584937150851     
    12958195          14  0.99973331704750068     
    12958195          15   1.0218265205859938     
    12958195          16   1.1547521461294010     
    12958195          17   1.0063238415037243     
    12958195          18  0.99593634849160506     
    12958195          19   1.0542830134066348     
    12958195          20   1.2211711070678100     
    12958195          21  0.88175549587436342     
    12958195          22   1.0482836749348534     
    12958195          23   1.0124917765521948     
    12958195          24   1.0982841765659728     
    12958195          25   1.0894888307257664     
    12958223           1   1.0339923347792905     
    12958223           2   1.0556307333168009     
    12958223           3   1.0681351743300807     
    12958223           4  0.96214012414435168     
    12958223           5   1.0238117081075553     
    12958223           6  0.91970553882071349     
    12958223           7   1.0149792552482717     
    12958223           8  0.66279495712761627     
    12958223           9   1.1199773555049302     
    12958223          10   1.0904156102148959     
    12958223          11   1.0095610047608010     
    12958223          12  0.81807846526113126     
    12958223          13   1.0873562241163888     
    12958223          14   1.1738188914173597     
    12958223          15   1.0075160075997986     
    12958223          16   1.0095392935459819     
    12958223          17   1.0807594231706599     
    12958223          18   1.0041323716677490     
    12958223          19   1.1115390867356461     
    12958223          20  0.95738333465397529     
    12958223          21   1.0207026488270361     
    12958223          22  0.61447059044230201     
    12958223          23   1.0475529974555928     
    12958223          24   1.0910181308719649     
    12958223          25   1.0149887378791003     
    12958246           1  0.71659162296064949     
    12958246           2  0.72946329708706625     
    12958246           3   1.0631532400954955     
    12958246           4  0.68524522740212990     
    12958246           5   1.1584515584972062     
    12958246           6  0.95486097814875548     
    12958246           7  0.99710612479699845     
    12958246           8   1.0478932187217602     
    12958246           9   1.1038838802661488     
    12958246          10   1.1114221797828514     
    12958246          11  0.91217344189265093     
    12958246          12   1.0940092739899783     
    12958246          13  0.80776429460105248     
    12958246          14   1.0124305223504309     
    12958246          15   1.0236747993942548     
    12958246          16   1.1568408606787757     
    12958246          17   1.0081440790812659     
    12958246          18  0.99773779718197386     
    12958246          19   1.0561899994872772     
    12958246          20   1.2233799601685882     
    12958246          21  0.88335041435050310     
    12958246          22   1.0501798094179522     
    12958246          23   1.0143231706846025     
    12958246          24   1.1002707519073831     
    12958246          25   1.0914594970542471     
    12958333           1  0.97245230014769513     
    12958333           2  0.81940948341997055     
    12958333           3  0.79333629271531814     
    12958333           4  0.93372386839421750     
    12958333           5   1.0643017488607116     
    12958333           6  0.92559551866628909     
    12958333           7   1.2702232162933613     
    12958333           8   1.0145726733709468     
    12958333           9   1.0637808187492517     
    12958333          10   1.2255159510215188     
    12958333          11  0.67046088635500278     
    12958333          12   1.1432132167238438     
    12958333          13  0.74723610728400947     
    12958333          14  0.84674581769896629     
    12958333          15   1.1126523270629090     
    12958333          16   1.0127106249261086     
    12958333          17   1.0596753673583161     
    12958333          18  0.95562146440018281     
    12958333          19   1.0055582199811237     
    12958333          20   1.0700228643205718     
    12958333          21   1.0013744106217339     
    12958333          22   1.0618079935687468     
    12958333          23   1.1254291823950764     
    12958333          24   1.0633617517549137     
    12958333          25   1.0412178939092127     
    12958340           1  0.81015191253195162     
    12958340           2   1.0837979211160036     
    12958340           3   1.0655901785555950     
    12958340           4   1.0578477280363368     
    12958340           5   1.0135834617762018     
    12958340           6   1.0058733141973735     
    12958340           7  0.97723312134837703     
    12958340           8   1.0401678687036795     
    12958340           9   1.0292230691289526     
    12958340          10   1.0379183190360004     
    12958340          11   1.0207100862925642     
    12958340          12   1.1179873786954799     
    12958340          13   1.1910635543905459     
    12958340          14   1.1115998713461248     
    12958340          15  0.93961892407656478     
    12958340          16   1.0411794883714667     
    12958340          17   1.0270777352240872     
    12958340          18  0.96170875572659431     
    12958340          19   1.0634664715909885     
    12958340          20  0.81254727978361074     
    12958340          21  0.89790243350962484     
    12958340          22  0.78020579299059556     
    12958340          23  0.96351554993945299     
    12958340          24  0.92629129595613391     
    12958340          25   1.0237384876757012     
    12958375           1  0.71564670681086107     
    12958375           2  0.80153409739807457     
    12958375           3   1.0617513388813624     
    12958375           4  0.64244109187262455     
    12958375           5   1.1569239944686882     
    12958375           6  0.93285854528201617     
    12958375           7   1.0121935973315768     
    12958375           8   1.0519158398235304     
    12958375           9   1.1024282705820090     
    12958375          10   1.1099566299030310     
    12958375          11  0.88747046048643163     
    12958375          12   1.1239223601238910     
    12958375          13  0.80669915582083940     
    12958375          14   1.0002209751260229     
    12958375          15   1.1285961080868645     
    12958375          16   1.1553154205578398     
    12958375          17  0.91846198699370218     
    12958375          18  0.99642215445380944     
    12958375          19   1.0547972801813532     
    12958375          20   1.2217667798792136     
    12958375          21  0.89188124613857334     
    12958375          22   1.0487950153032779     
    12958375          23   1.0129856580562460     
    12958375          24   1.0749950159567139     
    12958375          25   1.0900202704814526     
    12958421           1  0.53442444655616983     
    12958421           2  0.92407198224868647     
    12958421           3  0.88548533745184910     
    12958421           4   1.0562664841652045     
    12958421           5  0.93322753917614687     
    12958421           6  0.99046325675254998     
    12958421           7   1.1815675365331937     
    12958421           8   1.0083912157439521     
    12958421           9   1.1680541127278545     
    12958421          10   1.0265409776305028     
    12958421          11  0.93762829539067605     
    12958421          12   1.0110901318602048     
    12958421          13   1.1001930124028216     
    12958421          14   1.1017467106971768     
    12958421          15  0.68705386109052413     
    12958421          16   1.0787049877942023     
    12958421          17  0.90568246211558989     
    12958421          18  0.84869620494563502     
    12958421          19   1.0305155498605616     
    12958421          20   1.1402952031258926     
    12958421          21   1.1985398012944912     
    12958421          22   1.0642365700548437     
    12958421          23   1.1830394252320628     
    12958421          24   1.0453965255724746     
    12958421          25  0.95868836957672743     
    12958441           1   1.0541341128371242     
    12958441           2   1.0380444195911125     
    12958441           3   1.0054469309585001     
    12958441           4  0.99708967023762018     
    12958441           5   1.0907743178674025     
    12958441           6  0.91265492494990075     
    12958441           7   1.0304107860841858     
    12958441           8  0.62775002660783763     
    12958441           9  0.94182817387883444     
    12958441          10   1.0884475440517378     
    12958441          11   1.0256190578482094     
    12958441          12  0.94943318949536992     
    12958441          13   1.0247469296123912     
    12958441          14   1.0491812940821545     
    12958441          15   1.0460457566753356     
    12958441          16  0.96231526067285789     
    12958441          17   1.0359643551651898     
    12958441          18  0.98701417252824608     
    12958441          19   1.0386878754033348     
    12958441          20   1.0001180172206012     
    12958441          21  0.93663394290346147     
    12958441          22   1.0539970720629164     
    12958441          23   1.0776314377228005     
    12958441          24  0.97663643458498994     
    12958441          25   1.0493942969578836     
    12958444           1  0.92659125081467242     
    12958444           2  0.95800257744618422     
    12958444           3  0.94601099269364863     
    12958444           4  0.97051777393741412     
    12958444           5  0.85645651518680765     
    12958444           6  0.99501061386268508     
    12958444           7   1.0282446174431281     
    12958444           8   1.0364416033884918     
    12958444           9   1.0330823376993381     
    12958444          10   1.0919985747528649     
    12958444          11  0.75154776947982671     
    12958444          12   1.2239834947896020     
    12958444          13  0.84938147880553772     
    12958444          14  0.84795792853785412     
    12958444          15   1.0264977333196124     
    12958444          16  0.97926914028215561     
    12958444          17   1.0037146779728361     
    12958444          18   1.0210280274035408     
    12958444          19   1.1792964362860789     
    12958444          20   1.1597953200226223     
    12958444          21   1.0749709834649677     
    12958444          22  0.91581793410427059     
    12958444          23   1.1148996681813002     
    12958444          24  0.97420342975290652     
    12958444          25   1.0352791203716571     
    12958535           1  0.92630931633484603     
    12958535           2  0.75572460576086764     
    12958535           3  0.77572528117958373     
    12958535           4   1.0476359181498560     
    12958535           5   1.0705449624634993     
    12958535           6   1.0159018513747260     
    12958535           7  0.96970950989491655     
    12958535           8  0.99633873085265945     
    12958535           9   1.0927991609138235     
    12958535          10   1.0373605734260940     
    12958535          11  0.93985487350310393     
    12958535          12  0.97862669317703943     
    12958535          13  0.98471689225684189     
    12958535          14  0.97850148576051943     
    12958535          15   1.0499796275329112     
    12958535          16   1.0470484495272512     
    12958535          17  0.89663921054679474     
    12958535          18   1.0120970494780472     
    12958535          19   1.0870661234791752     
    12958535          20  0.97140637309865974     
    12958535          21   1.0889450300281303     
    12958535          22   1.0847790480148445     
    12958535          23   1.0439501078918867     
    12958535          24  0.95443079977640644     
    12958535          25   1.1939083255775103     
    12958622           1  0.99438568154988316     
    12958622           2  0.88065587323739047     
    12958622           3   1.1650387956496309     
    12958622           4   1.0181545390959332     
    12958622           5   1.0267855601106199     
    12958622           6   1.0464181206379726     
    12958622           7   1.0580617521505249     
    12958622           8  0.75477554901836752     
    12958622           9  0.96760934216066263     
    12958622          10   1.0499913256149003     
    12958622          11   1.0545209501812121     
    12958622          12   1.0161436604917979     
    12958622          13   1.0908826873553752     
    12958622          14   1.0700882655412642     
    12958622          15   1.0676419178835586     
    12958622          16   1.0364576169726052     
    12958622          17  0.95679592816236425     
    12958622          18   1.0287526982484279     
    12958622          19  0.99709477472352637     
    12958622          20  0.98192965815682598     
    12958622          21  0.92348179307753953     
    12958622          22   1.0660355628485731     
    12958622          23  0.64618059326446364     
    12958622          24   1.1004913917866752     
    12958622          25   1.0016259620799106     
    12958637           1  0.98992828466490501     
    12958637           2  0.96358334945393487     
    12958637           3  0.60539280835376097     
    12958637           4   1.0302073852613236     
    12958637           5   1.1493505121210976     
    12958637           6   1.0606216752803119     
    12958637           7   1.0005072104351938     
    12958637           8   1.0266277939614876     
    12958637           9   1.1654861655096420     
    12958637          10   1.0156125254447161     
    12958637          11   1.0816386599434795     
    12958637          12  0.95136370018513317     
    12958637          13  0.97669563226430622     
    12958637          14   1.0219776900781683     
    12958637          15  0.90511070946083028     
    12958637          16  0.93470227587986843     
    12958637          17   1.1325640695613615     
    12958637          18  0.96131177547828606     
    12958637          19  0.97805081788692327     
    12958637          20  0.90343639144318966     
    12958637          21  0.93751214214679202     
    12958637          22   1.0500808612130843     
    12958637          23  0.99967642828976611     
    12958637          24   1.1210251260307795     
    12958637          25   1.0375360096516621     
    12958679           1  0.97332841774200041     
    12958679           2  0.82014771918254292     
    12958679           3  0.79405103819346989     
    12958679           4  0.93456509413783351     
    12958679           5   1.0652606169591110     
    12958679           6  0.90125115508643183     
    12958679           7   1.2713676065203376     
    12958679           8   1.0154867387391984     
    12958679           9   1.0647392175227948     
    12958679          10   1.2266200628495527     
    12958679          11  0.67106492891702862     
    12958679          12   1.1442431790295138     
    12958679          13  0.74790931943085959     
    12958679          14  0.84750868175787974     
    12958679          15   1.1136547559531860     
    12958679          16   1.0136230127072914     
    12958679          17   1.0606300673816014     
    12958679          18  0.95648241848330817     
    12958679          19   1.0064641639009335     
    12958679          20   1.0709868867796659     
    12958679          21  0.98659401235598121     
    12958679          22   1.0763318477426473     
    12958679          23   1.1312133207267128     
    12958679          24   1.0643197729757818     
    12958679          25   1.0421559649243368     
    12958702           1  0.95048561144483490     
    12958702           2   1.0405083798865580     
    12958702           3   1.0674319032325921     
    12958702           4   1.0543744650193951     
    12958702           5   1.0520889290693869     
    12958702           6  0.84779925195440264     
    12958702           7  0.99625397805692872     
    12958702           8   1.0878052840108952     
    12958702           9   1.0695196795173187     
    12958702          10   1.1034272530691849     
    12958702          11  0.95067767321941798     
    12958702          12   1.1878994397909410     
    12958702          13   1.0029157920928524     
    12958702          14   1.0931601989802777     
    12958702          15   1.0728167385927025     
    12958702          16   1.0356152053163199     
    12958702          17   1.0011923917358410     
    12958702          18   1.0119259582512996     
    12958702          19   1.1070359953934337     
    12958702          20   1.0486031138059708     
    12958702          21  0.35974120018909045     
    12958702          22  0.72469690822542954     
    12958702          23   1.0277832383284085     
    12958702          24   1.1490641848371825     
    12958702          25  0.95717722597933197     
    12958734           1  0.89069881712489052     
    12958734           2   1.0057636948217892     
    12958734           3   1.0277884497324055     
    12958734           4   1.0940564756566873     
    12958734           5   1.0629913292374988     
    12958734           6  0.83530735677397883     
    12958734           7   1.0442509607113717     
    12958734           8  0.97380469303330153     
    12958734           9   1.0913305815459680     
    12958734          10   1.0018903676922888     
    12958734          11  0.98736883439123846     
    12958734          12   1.1320646715975176     
    12958734          13   1.0209206891436586     
    12958734          14   1.0471210424335553     
    12958734          15   1.0367487859067464     
    12958734          16   1.1092101194208837     
    12958734          17  0.98450996524812617     
    12958734          18   1.0720706253383963     
    12958734          19   1.1029407692818185     
    12958734          20   1.0678695125937951     
    12958734          21  0.72217236924567829     
    12958734          22  0.75417701971708717     
    12958734          23   1.0681699958569655     
    12958734          24  0.97216744283968526     
    12958734          25  0.89460543065466169     
    12958749           1  0.92354610984024388     
    12958749           2   1.0086992684483478     
    12958749           3   1.0459000282991608     
    12958749           4   1.0352856274227680     
    12958749           5  0.94922436880326388     
    12958749           6  0.96291560162429091     
    12958749           7   1.1760966823001011     
    12958749           8   1.0037834764706666     
    12958749           9   1.0256764340175812     
    12958749          10  0.96568196439498111     
    12958749          11   1.0336614189074018     
    12958749          12  0.94710517274932482     
    12958749          13   1.0664530541897830     
    12958749          14   1.1238075542321928     
    12958749          15  0.96608046402549752     
    12958749          16   1.0355877007901995     
    12958749          17  0.98319576452959145     
    12958749          18  0.94839230492592852     
    12958749          19  0.88394432113065968     
    12958749          20   1.0093076435372896     
    12958749          21   1.0562263757702115     
    12958749          22   1.1195347036962298     
    12958749          23  0.70589726472122105     
    12958749          24   1.0219468381560695     
    12958749          25   1.0020498570169971     
    12958750           1  0.99864745973498270     
    12958750           2   1.0480816129832704     
    12958750           3   1.0420719112063987     
    12958750           4   1.0863175257178501     
    12958750           5   1.0787945885835228     
    12958750           6   1.0698919185672231     
    12958750           7  0.86213640792565771     
    12958750           8  0.63241439529941268     
    12958750           9   1.0666709881052725     
    12958750          10   1.0928604671068780     
    12958750          11   1.0672306688452176     
    12958750          12  0.96136089726623408     
    12958750          13   1.0030181039245409     
    12958750          14   1.0524468581646271     
    12958750          15   1.1081156981373605     
    12958750          16  0.89375677299728029     
    12958750          17   1.0523939812059737     
    12958750          18  0.88683930349377404     
    12958750          19  0.78777789153162503     
    12958750          20  0.89911670978302172     
    12958750          21   1.1392992856400224     
    12958750          22  0.92657160447306897     
    12958750          23   1.1058583713804864     
    12958750          24   1.1496834227322028     
    12958750          25  0.98864315519409285     
    12958760           1  0.97908405509239860     
    12958760           2   1.1118535720607736     
    12958760           3   1.0124680934877828     
    12958760           4  0.93724763093621788     
    12958760           5   1.0318211189378927     
    12958760           6  0.63884792257335177     
    12958760           7   1.0215433563707801     
    12958760           8   1.1140803216781288     
    12958760           9   1.1138872547122702     
    12958760          10  0.93604791319796343     
    12958760          11  0.98932830418161211     
    12958760          12   1.0498015040080861     
    12958760          13   1.0636868699971447     
    12958760          14   1.0353813812161630     
    12958760          15   1.0401426667350340     
    12958760          16   1.0746577837460227     
    12958760          17  0.58437715272499879     
    12958760          18   1.1861802616105126     
    12958760          19   1.0362888634579752     
    12958760          20   1.0950188117246880     
    12958760          21  0.92328686939645699     
    12958760          22   1.0144748812996995     
    12958760          23   1.0378213158675273     
    12958760          24  0.95953909225178069     
    12958760          25   1.0131330027347420     
    12958827           1  0.94677653034452802     
    12958827           2   1.0178838438239552     
    12958827           3  0.89679151926515910     
    12958827           4   1.1186742597508907     
    12958827           5   1.0675498519773674     
    12958827           6  0.99512917540445944     
    12958827           7  0.95586010143801503     
    12958827           8   1.0275072072590590     
    12958827           9  0.99047236820256035     
    12958827          10  0.93766588972913911     
    12958827          11   1.0051975943670819     
    12958827          12  0.98249123697502461     
    12958827          13   1.1220421676590577     
    12958827          14   1.1422168148869174     
    12958827          15  0.93575914645439739     
    12958827          16  0.97742530380169590     
    12958827          17   1.0307388390080390     
    12958827          18   1.0450871077698154     
    12958827          19   1.0194821369967311     
    12958827          20  0.64959170842845138     
    12958827          21   1.0872056028060058     
    12958827          22   1.1664192874031243     
    12958827          23  0.99134425231614187     
    12958827          24   1.0500680196731362     
    12958827          25  0.84062003425924603     
    12958842           1  0.92476908743065644     
    12958842           2   1.0100350074955202     
    12958842           3   1.0472850293107974     
    12958842           4   1.0366565726398218     
    12958842           5  0.95048135003998924     
    12958842           6  0.96419071305586701     
    12958842           7   1.1586276819987913     
    12958842           8   1.0051127059311884     
    12958842           9   1.0270346545551945     
    12958842          10  0.96696073909755109     
    12958842          11   1.0350302133161797     
    12958842          12  0.94835934770571828     
    12958842          13   1.0678652719151402     
    12958842          14   1.1252957218939026     
    12958842          15  0.95482889322531206     
    12958842          16   1.0369590460186391     
    12958842          17  0.98449773134445473     
    12958842          18  0.94964818432760190     
    12958842          19  0.88511485726783445     
    12958842          20   1.0270731874253223     
    12958842          21   1.0576250511305496     
    12958842          22   1.1210172131667602     
    12958842          23  0.68885482903120709     
    12958842          24   1.0233001198908320     
    12958842          25   1.0033767907851656     
    12958916           1   1.0089088953148220     
    12958916           2  0.57434014883093232     
    12958916           3   1.0377209959719953     
    12958916           4   1.0643623066251378     
    12958916           5   1.0780416384796521     
    12958916           6  0.95483207677697435     
    12958916           7  0.99094770412329769     
    12958916           8  0.79203261183954188     
    12958916           9   1.0106046945893083     
    12958916          10   1.0249952301522416     
    12958916          11   1.0589339449283905     
    12958916          12  0.93366204570604749     
    12958916          13  0.94366547474614948     
    12958916          14   1.1150079123715493     
    12958916          15   1.1026089559023129     
    12958916          16   1.0824257929296515     
    12958916          17   1.1104946873762647     
    12958916          18   1.0716878691889025     
    12958916          19   1.1967146892151590     
    12958916          20   1.0181110953397345     
    12958916          21   1.0061343515553864     
    12958916          22   1.0932276130291487     
    12958916          23   1.0429688203823178     
    12958916          24  0.76334399441506096     
    12958916          25  0.92422645021002559     
    12958951           1  0.96498703244911421     
    12958951           2   1.1154778839465087     
    12958951           3   1.0157684382790073     
    12958951           4  0.94030277939644435     
    12958951           5   1.0351845488348599     
    12958951           6  0.64093037675359787     
    12958951           7   1.0248732838192536     
    12958951           8   1.0635707236079597     
    12958951           9   1.1175181957984599     
    12958951          10  0.93909915093526075     
    12958951          11  0.99255322014342662     
    12958951          12   1.0221140499236621     
    12958951          13   1.0671541727629987     
    12958951          14   1.0387564165090346     
    12958951          15   1.0435332224022886     
    12958951          16   1.0781608484270211     
    12958951          17  0.65893869111872216     
    12958951          18   1.1900468563931428     
    12958951          19   1.0396668568729934     
    12958951          20   1.0985882472998072     
    12958951          21  0.92629650992717394     
    12958951          22   1.0177817676222025     
    12958951          23   1.0412043046215196     
    12958951          24  0.91105690722322308     
    12958951          25   1.0164355149323112     
    12958975           1  0.99817822940823586     
    12958975           2   1.0809830012038766     
    12958975           3   1.0394770935168496     
    12958975           4  0.88331013511357670     
    12958975           5   1.1564436724033014     
    12958975           6   1.0002635925230448     
    12958975           7  0.94265241715568837     
    12958975           8   1.0351835880562259     
    12958975           9   1.1622940937977513     
    12958975          10  0.98465318308744954     
    12958975          11  0.82088330331079262     
    12958975          12  0.62088133459770267     
    12958975          13   1.0129560579467800     
    12958975          14  0.93997836444911598     
    12958975          15   1.0431296113265693     
    12958975          16  0.93596251550453946     
    12958975          17   1.0321832297531346     
    12958975          18   1.0379156234492675     
    12958975          19  0.82403548679766170     
    12958975          20   1.0402951601873640     
    12958975          21   1.1307360028797893     
    12958975          22   1.0588321103846026     
    12958975          23   1.0239451944763445     
    12958975          24   1.1494256280812503     
    12958975          25   1.0454013705890819     
    12958979           1  0.99296615269037614     
    12958979           2   1.0983572893564375     
    12958979           3   1.0710918175913062     
    12958979           4   1.0356550658184278     
    12958979           5   1.0488524235194909     
    12958979           6  0.88667805039865499     
    12958979           7   1.1363538234046464     
    12958979           8   1.0622644789604965     
    12958979           9   1.0613294244346674     
    12958979          10  0.96928368820570576     
    12958979          11  0.83983861118149061     
    12958979          12   1.1411413358240889     
    12958979          13   1.2120914264812319     
    12958979          14   1.2219191671482201     
    12958979          15  0.79736262437519145     
    12958979          16   1.0584282455663927     
    12958979          17  0.89064330985734907     
    12958979          18  0.99359037549289930     
    12958979          19  0.97496216642056499     
    12958979          20  0.90426694327531354     
    12958979          21  0.97288596639935654     
    12958979          22  0.55432299157140386     
    12958979          23   1.1099513120660225     
    12958979          24  0.93299751353258353     
    12958979          25   1.0327657964276715     
    12958991           1  0.95650733353033779     
    12958991           2  0.97186163908629064     
    12958991           3  0.95059204771098160     
    12958991           4  0.98642835134489093     
    12958991           5  0.98225411476608138     
    12958991           6  0.59374538478858174     
    12958991           7   1.0764081868236794     
    12958991           8   1.0111361347019081     
    12958991           9   1.0506552103399041     
    12958991          10   1.0955717913730947     
    12958991          11   1.1054950574683020     
    12958991          12   1.0660262202237412     
    12958991          13  0.95887780712958581     
    12958991          14  0.81330520545836282     
    12958991          15   1.0842731401949288     
    12958991          16   1.0381691668889623     
    12958991          17  0.95894261884464216     
    12958991          18   1.1687835910341999     
    12958991          19  0.92725547263889863     
    12958991          20   1.0790690958375064     
    12958991          21   1.0176957469992403     
    12958991          22   1.1212413654452453     
    12958991          23   1.0819771676004502     
    12958991          24  0.83771277715163961     
    12958991          25   1.0660153726185451     
    12959044           1  0.98064983657977733     
    12959044           2  0.99266012660386371     
    12959044           3  0.96970362575118618     
    12959044           4   1.0234684685553503     
    12959044           5   1.0166759538052343     
    12959044           6  0.69929652649308605     
    12959044           7   1.0408133610503065     
    12959044           8   1.0753072056885848     
    12959044           9  0.97864412057938566     
    12959044          10  0.98831750331884338     
    12959044          11   1.0501479186196989     
    12959044          12   1.0487058452905669     
    12959044          13   1.0252862723460223     
    12959044          14  0.68918131407885419     
    12959044          15   1.1231230901587086     
    12959044          16  0.99347940294628301     
    12959044          17   1.0886394924850256     
    12959044          18   1.1690246639214699     
    12959044          19  0.92577647404168695     
    12959044          20   1.0629925860359759     
    12959044          21  0.92564024540961831     
    12959044          22  0.94667166051003071     
    12959044          23   1.0299151472525965     
    12959044          24   1.0900018435026528     
    12959044          25   1.0658773149751954     
    12959056           1  0.99640849751980731     
    12959056           2   1.0457318196633010     
    12959056           3   1.0397355916053796     
    12959056           4   1.0838820076878832     
    12959056           5   1.1160005717543002     
    12959056           6   1.0674932266598414     
    12959056           7  0.86020350275190904     
    12959056           8  0.64742175590066375     
    12959056           9   1.0642795175066038     
    12959056          10   1.0904102798376283     
    12959056          11   1.0648379434453503     
    12959056          12  0.95920553132288355     
    12959056          13   1.0007693427486801     
    12959056          14   1.0500872779885198     
    12959056          15   1.1056313087224705     
    12959056          16  0.89175297513569152     
    12959056          17   1.0500345195797223     
    12959056          18  0.88485101456147963     
    12959056          19  0.78601169775033009     
    12959056          20  0.89710089497208612     
    12959056          21   1.1367449827902447     
    12959056          22  0.92449423593640812     
    12959056          23   1.1033790428800028     
    12959056          24   1.1471058387031061     
    12959056          25  0.98642662257570635     
    12959070           1  0.91619028413587977     
    12959070           2  0.72325933465446401     
    12959070           3  0.93276261199777388     
    12959070           4  0.54341819270419212     
    12959070           5   1.0376537254440104     
    12959070           6   1.0581210181611713     
    12959070           7   1.0235046985494434     
    12959070           8   1.1367486484679670     
    12959070           9   1.0438316231707023     
    12959070          10   1.1304061144443185     
    12959070          11  0.94105729778998692     
    12959070          12  0.94016201004624400     
    12959070          13  0.99475369200337516     
    12959070          14   1.1062788116206408     
    12959070          15   1.1430077579039233     
    12959070          16   1.0173035006909956     
    12959070          17   1.1481990099440824     
    12959070          18   1.0530006476832814     
    12959070          19  0.97456174971440324     
    12959070          20   1.1029785391311464     
    12959070          21  0.93661423934245558     
    12959070          22   1.0374508504863944     
    12959070          23   1.0618714366396034     
    12959070          24   1.0315176823525334     
    12959070          25  0.96534652292101442     
    12959093           1  0.70277587235587813     
    12959093           2   1.0614648575338057     
    12959093           3  0.82138259688887816     
    12959093           4   1.1016640190330134     
    12959093           5   1.0552110953175269     
    12959093           6   1.0791719159204984     
    12959093           7   1.0095835194600531     
    12959093           8  0.99556122344992670     
    12959093           9   1.1281875192183051     
    12959093          10  0.92920963867729778     
    12959093          11   1.1031903354780990     
    12959093          12  0.98542297198633977     
    12959093          13  0.99747056099933229     
    12959093          14   1.1435297595263232     
    12959093          15  0.60194045219584746     
    12959093          16   1.0773967557519821     
    12959093          17  0.78367319173454231     
    12959093          18  0.98789830596898687     
    12959093          19   1.0152450566578646     
    12959093          20   1.0876517830690755     
    12959093          21   1.1533255741640107     
    12959093          22   1.0858705004033584     
    12959093          23   1.0664259526322952     
    12959093          24   1.1117942163801589     
    12959093          25  0.91495232519659675     
    12959105           1  0.92812938100610021     
    12959105           2  0.95959285005726291     
    12959105           3  0.94758135942008315     
    12959105           4  0.97212882162224612     
    12959105           5  0.85787822257126212     
    12959105           6  0.99666231936349559     
    12959105           7   1.0299514909851264     
    12959105           8   1.0381620838273282     
    12959105           9   1.0347972417980431     
    12959105          10   1.0938112790875398     
    12959105          11  0.75279532962408757     
    12959105          12   1.2260152924840979     
    12959105          13  0.88336860537576656     
    12959105          14  0.86142976878709543     
    12959105          15  0.98912022622791573     
    12959105          16  0.95822303649882312     
    12959105          17   1.0053808321140627     
    12959105          18   1.0227229214939639     
    12959105          19   1.1265717785926570     
    12959105          20   1.1617205661287506     
    12959105          21   1.0767554222054829     
    12959105          22  0.91733818072116702     
    12959105          23   1.1167503880521543     
    12959105          24  0.97582059558150469     
    12959105          25   1.0672920063739797     
    12959129           1  0.53087297656617405     
    12959129           2  0.91793114431602818     
    12959129           3  0.87960092362533659     
    12959129           4   1.0492471594615456     
    12959129           5  0.92702585880658439     
    12959129           6   1.0601710369039266     
    12959129           7   1.1737155348626267     
    12959129           8   1.0016900418662085     
    12959129           9   1.1602919133098157     
    12959129          10   1.0197191911290644     
    12959129          11  0.93139737018822866     
    12959129          12   1.0043710225761482     
    12959129          13   1.0983561060440352     
    12959129          14   1.1612366962304943     
    12959129          15  0.68248810594047937     
    12959129          16   1.0715365500161464     
    12959129          17  0.89966383009866757     
    12959129          18  0.84305627001767536     
    12959129          19   1.0236673506938920     
    12959129          20   1.1327174730655742     
    12959129          21   1.1905750119523455     
    12959129          22   1.0571642808563206     
    12959129          23   1.1751776422564373     
    12959129          24   1.0560090176864509     
    12959129          25  0.95231749152979317     
    12959187           1  0.92676178344902371     
    12959187           2  0.77907434404276266     
    12959187           3  0.95759965303026751     
    12959187           4  0.92019044998710731     
    12959187           5   1.2103844660359919     
    12959187           6  0.96562986705166465     
    12959187           7   1.0635673467244675     
    12959187           8  0.99446044447097148     
    12959187           9   1.0448572220074592     
    12959187          10   1.0514327098140501     
    12959187          11   1.0845213538842702     
    12959187          12   1.1071802879150359     
    12959187          13  0.97912966938166790     
    12959187          14  0.97750028790766552     
    12959187          15   1.0582971285144238     
    12959187          16  0.96860937178633277     
    12959187          17  0.63928861154855654     
    12959187          18  0.98532286598268082     
    12959187          19   1.0173251136944408     
    12959187          20   1.0222989975295231     
    12959187          21  0.95619811895244800     
    12959187          22   1.0171786562906917     
    12959187          23   1.1845194633102338     
    12959187          24   1.0390674831238393     
    12959187          25   1.0496043035644294     
    12959196           1  0.98694905922614151     
    12959196           2  0.96068341006283664     
    12959196           3  0.60357085651842923     
    12959196           4   1.0271069383936886     
    12959196           5   1.1458914996483647     
    12959196           6   1.0388350730251996     
    12959196           7  0.99749614733176517     
    12959196           8   1.0235381200050080     
    12959196           9   1.1619785921969059     
    12959196          10   1.0125560023423825     
    12959196          11   1.0877738180970427     
    12959196          12  0.94850053627617681     
    12959196          13  0.97375623097772124     
    12959196          14   1.0189020107796825     
    12959196          15  0.90238674562193899     
    12959196          16  0.93188925513775067     
    12959196          17   1.1291555765024839     
    12959196          18  0.97185966103781629     
    12959196          19  0.97510733811955963     
    12959196          20  0.93378992084349000     
    12959196          21  0.97661337008530258     
    12959196          22   1.0469206043915069     
    12959196          23  0.99666786545564001     
    12959196          24   1.1176513598451872     
    12959196          25   1.0304200080779786     
    12959214           1  0.91785461750348885     
    12959214           2  0.72457319342915683     
    12959214           3  0.95542228585634703     
    12959214           4  0.54440535557455194     
    12959214           5   1.0395387069256783     
    12959214           6   1.0132039370285806     
    12959214           7  0.98916125938778499     
    12959214           8   1.1388136438504644     
    12959214           9   1.0623900411777785     
    12959214          10   1.1324595881034434     
    12959214          11  0.94276680408869329     
    12959214          12  0.94186988998272914     
    12959214          13  0.99656074212257073     
    12959214          14   1.1082884560929085     
    12959214          15   1.1450841234623179     
    12959214          16   1.0191515143520249     
    12959214          17   1.1502848058294952     
    12959214          18   1.0549135080840069     
    12959214          19  0.97633211954579147     
    12959214          20   1.1049821883928979     
    12959214          21  0.93831567446800457     
    12959214          22   1.0393354634293785     
    12959214          23   1.0638004115422102     
    12959214          24   1.0333915172182209     
    12959214          25  0.96710015255147719     
    12959254           1  0.89929462768166457     
    12959254           2   1.0512366800359088     
    12959254           3   1.0361606457107015     
    12959254           4   1.0145318069708380     
    12959254           5   1.0358534094280476     
    12959254           6   1.0267823993326408     
    12959254           7  0.99414623763836596     
    12959254           8   1.0810573923403306     
    12959254           9   1.1088647076191378     
    12959254          10   1.1838601751279580     
    12959254          11  0.91991009136303303     
    12959254          12  0.86375104765125510     
    12959254          13  0.94727072772918808     
    12959254          14   1.2011747180332193     
    12959254          15   1.0823699254701502     
    12959254          16   1.0470623182184888     
    12959254          17  0.82846067578659843     
    12959254          18   1.0169536714299670     
    12959254          19   1.0742227027312019     
    12959254          20  0.92500363757533699     
    12959254          21   1.1403178193874464     
    12959254          22  0.61761504326161187     
    12959254          23   1.0483292661572992     
    12959254          24   1.0554329079600422     
    12959254          25  0.80033736535956157     
    12959261           1   1.0498512127465542     
    12959261           2  0.94459333845285642     
    12959261           3  0.91605625526699141     
    12959261           4  0.99667920232108198     
    12959261           5  0.96099228882770460     
    12959261           6  0.59633956737778859     
    12959261           7   1.0238807166826540     
    12959261           8   1.1329786029332323     
    12959261           9   1.0732342322714934     
    12959261          10   1.0172991880915758     
    12959261          11  0.81577134205980006     
    12959261          12   1.0061421173293590     
    12959261          13  0.93748393277334108     
    12959261          14  0.84790087520092206     
    12959261          15   1.1145363816930018     
    12959261          16  0.98184394591227953     
    12959261          17   1.0635944653358249     
    12959261          18   1.1085499243215826     
    12959261          19  0.97879665162885843     
    12959261          20   1.0622946244309579     
    12959261          21   1.0918312564737738     
    12959261          22   1.0306162405577550     
    12959261          23   1.0509529742082402     
    12959261          24   1.0486299159783494     
    12959261          25   1.1491507471240254     
    12959262           1  0.96363162914269129     
    12959262           2  0.77520421481248059     
    12959262           3  0.79289171703767447     
    12959262           4  0.93320062128534909     
    12959262           5   1.0637053275504025     
    12959262           6  0.99314136745190640     
    12959262           7   1.2695113991833564     
    12959262           8   1.0837225875379146     
    12959262           9   1.0631846893616235     
    12959262          10   1.2248291873005202     
    12959262          11  0.61856708737575683     
    12959262          12   1.1027013355690607     
    12959262          13  0.74681736557030476     
    12959262          14  0.79380668723904202     
    12959262          15   1.1120288106968637     
    12959262          16   1.0121431146325959     
    12959262          17   1.0528914073585793     
    12959262          18  0.99177993304228707     
    12959262          19   1.0049947178053587     
    12959262          20   1.0694232369691354     
    12959262          21  0.98515357684782090     
    12959262          22   1.0747603942444151     
    12959262          23   1.1247985060400458     
    12959262          24   1.0606593722374207     
    12959262          25   1.0864517137073979     
    12959275           1  0.74976851476299000     
    12959275           2  0.84123240513240793     
    12959275           3   1.0508215643066874     
    12959275           4  0.57410411460013788     
    12959275           5   1.1450778139398681     
    12959275           6  0.98396304299906934     
    12959275           7   1.0254396453735102     
    12959275           8   1.0357385462369115     
    12959275           9   1.0182457346324336     
    12959275          10   1.0989810214814264     
    12959275          11  0.83274637065431056     
    12959275          12   1.0761059912901609     
    12959275          13  0.73725837525199955     
    12959275          14   1.1201627260219407     
    12959275          15   1.1665842789137586     
    12959275          16   1.2101411118729914     
    12959275          17   1.0030645242861400     
    12959275          18  0.97753644142541740     
    12959275          19   1.0266755820148643     
    12959275          20   1.2230594423389887     
    12959275          21  0.89786015359825311     
    12959275          22   1.0618675796450667     
    12959275          23   1.0252703423929468     
    12959275          24   1.0896040913657132     
    12959275          25   1.0286905854620088     
    12959373           1  0.98197030840248245     
    12959373           2  0.99399677061053060     
    12959373           3  0.97100935820166545     
    12959373           4  0.96610212203906687     
    12959373           5   1.0180449357799868     
    12959373           6  0.72531943951456457     
    12959373           7   1.0422148447039983     
    12959373           8   1.0767551362473824     
    12959373           9  0.97996189165064607     
    12959373          10  0.98964829986449976     
    12959373          11   1.0515619715104292     
    12959373          12   1.0501179563901231     
    12959373          13   1.0266668483501555     
    12959373          14  0.69010931556524602     
    12959373          15   1.1246354061135622     
    12959373          16  0.99481715013094973     
    12959373          17   1.0901053753325913     
    12959373          18   1.1705987876006616     
    12959373          19  0.92702305738111712     
    12959373          20   1.0644239346226441     
    12959373          21  0.92688664531347009     
    12959373          22  0.94794637978945950     
    12959373          23   1.0313019561633769     
    12959373          24   1.0914695607931200     
    12959373          25   1.0673125479282688     
    12959377           1  0.53407914313883287     
    12959377           2  0.92347491896800782     
    12959377           3  0.88491320585309052     
    12959377           4   1.0555840071023550     
    12959377           5  0.93262456028828522     
    12959377           6  0.98280332660298342     
    12959377           7   1.1808040996979057     
    12959377           8   1.0077396719475322     
    12959377           9   1.1672994072136167     
    12959377          10   1.0258777068727813     
    12959377          11  0.93702247307720110     
    12959377          12   1.0104368442345790     
    12959377          13   1.1049895433963228     
    12959377          14   1.1010348478572658     
    12959377          15  0.68660994044344692     
    12959377          16   1.0780080127194580     
    12959377          17  0.90509728070930140     
    12959377          18  0.84814784361647610     
    12959377          19   1.0298497110440950     
    12959377          20   1.1395584332551474     
    12959377          21   1.1977653983047549     
    12959377          22   1.0635489433437848     
    12959377          23   1.1822750373770361     
    12959377          24   1.0623867030507210     
    12959377          25  0.95806893988501096     
    12959387           1   1.0397089047724442     
    12959387           2   1.0565684340979469     
    12959387           3  0.77746312938144158     
    12959387           4   1.0848313044404023     
    12959387           5   1.0296685175679858     
    12959387           6   1.0620799552251485     
    12959387           7  0.94008184959937935     
    12959387           8  0.78952437699048605     
    12959387           9   1.0827933050494962     
    12959387          10   1.0818909812769750     
    12959387          11  0.99130304559875748     
    12959387          12   1.0327894255376502     
    12959387          13   1.0797262737127051     
    12959387          14   1.0141175440283723     
    12959387          15   1.0418247030300338     
    12959387          16   1.0788247021955433     
    12959387          17   1.0111517569531145     
    12959387          18  0.87229753630415474     
    12959387          19  0.69636269950525675     
    12959387          20  0.93234361777417174     
    12959387          21   1.1575799238374993     
    12959387          22   1.0191124441482011     
    12959387          23   1.0535217215427497     
    12959387          24   1.0944286395398140     
    12959387          25  0.98000520789027046     
    12959409           1   1.0214175815627291     
    12959409           2  0.81710573422290622     
    12959409           3   1.0487297259437809     
    12959409           4   1.0770625534264180     
    12959409           5   1.0300594195344746     
    12959409           6   1.0017556310291480     
    12959409           7  0.92391336031750815     
    12959409           8  0.72153049360268495     
    12959409           9   1.0675023352169370     
    12959409          10   1.0297576678495974     
    12959409          11   1.1214200423108804     
    12959409          12   1.0187548724959583     
    12959409          13   1.0225027178549695     
    12959409          14   1.1012532790118787     
    12959409          15   1.0880133546488746     
    12959409          16   1.0926578990062739     
    12959409          17   1.1337719536188975     
    12959409          18  0.98206628748448177     
    12959409          19   1.2041791731003721     
    12959409          20  0.87773036055670695     
    12959409          21  0.88313133079150807     
    12959409          22   1.0480098803000182     
    12959409          23  0.99324094247013850     
    12959409          24  0.81574888738046170     
    12959409          25  0.87868451626239497     
    12959431           1  0.92098676155764991     
    12959431           2  0.94845000911164534     
    12959431           3   1.0346954959485659     
    12959431           4   1.0465640141807113     
    12959431           5   1.0577085111906197     
    12959431           6  0.73751930464643822     
    12959431           7   1.0626812384406723     
    12959431           8   1.1159126295403035     
    12959431           9   1.0566257901863469     
    12959431          10   1.0883602896341231     
    12959431          11   1.0202661173208076     
    12959431          12   1.0442704251283172     
    12959431          13  0.83573162482115737     
    12959431          14  0.76829535832184437     
    12959431          15   1.0607556781193268     
    12959431          16   1.0034942488717293     
    12959431          17  0.92093735710442093     
    12959431          18   1.1338615994436068     
    12959431          19  0.71531141928946806     
    12959431          20   1.0979085780875604     
    12959431          21   1.0913877286750178     
    12959431          22   1.0997743922293997     
    12959431          23   1.0486484439175883     
    12959431          24  0.99426036964902942     
    12959431          25   1.0955926145836445     
    12959433           1  0.86793149068588904     
    12959433           2   1.1011326159230457     
    12959433           3   1.1368450417801015     
    12959433           4   1.0937829617745511     
    12959433           5   1.0677063409380683     
    12959433           6  0.89015965654860207     
    12959433           7   1.0560835870538539     
    12959433           8  0.99825987631645297     
    12959433           9   1.0932003427761394     
    12959433          10   1.0460621557437284     
    12959433          11   1.0306972792994886     
    12959433          12  0.86981030848065166     
    12959433          13   1.3193224727197745     
    12959433          14   1.0009428334644712     
    12959433          15  0.74938510309020134     
    12959433          16   1.0827651377900129     
    12959433          17   1.0069559776552195     
    12959433          18   1.0253421691572389     
    12959433          19   1.1061663099722328     
    12959433          20  0.81922504999298928     
    12959433          21  0.79537474950855136     
    12959433          22  0.77867978341766575     
    12959433          23  0.90606078114629729     
    12959433          24   1.1427780619825036     
    12959433          25   1.0153299127822750     
    12959438           1  0.75088573102340306     
    12959438           2  0.84248591005198603     
    12959438           3   1.0523873741737595     
    12959438           4  0.57495957657189600     
    12959438           5   1.1467840733092365     
    12959438           6  0.98767788783481913     
    12959438           7   1.0269676341104681     
    12959438           8   1.0372818811764402     
    12959438           9   1.0197630038554377     
    12959438          10   1.1006185928690064     
    12959438          11  0.81754157043052933     
    12959438          12   1.0777094770163882     
    12959438          13  0.73835695038384208     
    12959438          14   1.1218318598774957     
    12959438          15   1.1683225846706449     
    12959438          16   1.1376891852198172     
    12959438          17   1.0045591722670972     
    12959438          18  0.97201089253907069     
    12959438          19   1.0412740371491471     
    12959438          20   1.2248819006971721     
    12959438          21  0.89919803848328850     
    12959438          22   1.0634498489762347     
    12959438          23   1.0267980788546500     
    12959438          24   1.0912276903623594     
    12959438          25   1.0753370480958122     
    12959454           1  0.97552073417949448     
    12959454           2  0.82199501275084175     
    12959454           3  0.79583955182515786     
    12959454           4  0.93667010040338550     
    12959454           5   1.0676600006801704     
    12959454           6  0.92851610283142016     
    12959454           7   1.2742312238267532     
    12959454           8   1.0177740122111474     
    12959454           9   1.0039714015938830     
    12959454          10   1.2293828911789499     
    12959454          11  0.67257642970902598     
    12959454          12   1.1468204623843925     
    12959454          13  0.74959390385771418     
    12959454          14  0.84941760291960555     
    12959454          15   1.1161631422107594     
    12959454          16   1.0159060883389837     
    12959454          17   1.0630190212931856     
    12959454          18  0.95863679113902456     
    12959454          19   1.0087311150040232     
    12959454          20   1.0733991683009172     
    12959454          21  0.98881620810306414     
    12959454          22   1.0651583767003494     
    12959454          23   1.1289803130809895     
    12959454          24   1.0667170375480606     
    12959454          25   1.0445033079287016     
    12959477           1   1.0425807712992765     
    12959477           2  0.73532619817681000     
    12959477           3   1.0871315560324735     
    12959477           4   1.0084966899020433     
    12959477           5  0.99661404136708642     
    12959477           6   1.1024569510662450     
    12959477           7   1.0330659792826291     
    12959477           8  0.92097032346562135     
    12959477           9   1.0308798572167870     
    12959477          10  0.78493054609680579     
    12959477          11   1.0000204664342949     
    12959477          12   1.1039841783202897     
    12959477          13   1.2204131036360515     
    12959477          14   1.0286305603081283     
    12959477          15  0.99437165561228558     
    12959477          16  0.93671302606290208     
    12959477          17   1.0100071030337445     
    12959477          18  0.99139164834644788     
    12959477          19  0.96691717145355827     
    12959477          20   1.0385537654545376     
    12959477          21  0.86240624416997513     
    12959477          22   1.0333520097188367     
    12959477          23   1.0621994626927498     
    12959477          24   1.0374013156560138     
    12959477          25  0.97118537519441028     
    12959478           1  0.96387557982522465     
    12959478           2   1.1141930989915683     
    12959478           3   1.0145984966548962     
    12959478           4  0.93921975759794574     
    12959478           5   1.0339922441257567     
    12959478           6  0.64019216605747553     
    12959478           7   1.0236928554174705     
    12959478           8   1.1164245340646601     
    12959478           9   1.1162310608534314     
    12959478          10  0.93801751545177603     
    12959478          11  0.99141001733988354     
    12959478          12   1.0209367995518941     
    12959478          13   1.0659250460850971     
    12959478          14   1.0375599977947012     
    12959478          15   1.0423313018591580     
    12959478          16   1.0516347310558551     
    12959478          17  0.65817973880889924     
    12959478          18   1.1886761843979627     
    12959478          19   1.0384693895317898     
    12959478          20   1.0973229154881072     
    12959478          21  0.92522962026768762     
    12959478          22   1.0166095070859134     
    12959478          23   1.0400050664789720     
    12959478          24  0.91000757023112266     
    12959478          25   1.0152648049827497     
    12959495           1  0.96428119230885745     
    12959495           2  0.77572676314834943     
    12959495           3  0.79342618813489685     
    12959495           4  0.93382967156960528     
    12959495           5   1.0644223482246267     
    12959495           6  0.98534053727055415     
    12959495           7   1.2703671492635726     
    12959495           8   1.0844531014126337     
    12959495           9   1.0639013590849447     
    12959495          10   1.2256548180715063     
    12959495          11  0.61060237785515903     
    12959495          12   1.1034446426059055     
    12959495          13  0.74732077894721871     
    12959495          14  0.79434177509781823     
    12959495          15   1.1127784051822449     
    12959495          16   1.0128253783382186     
    12959495          17   1.0536011386039117     
    12959495          18  0.99244847036917028     
    12959495          19   1.0056721629318319     
    12959495          20   1.0701441119619950     
    12959495          21  0.98581764749181433     
    12959495          22   1.0754848668991539     
    12959495          23   1.1255567082998996     
    12959495          24   1.0613743396992790     
    12959495          25   1.0871840672268340     
    12959501           1  0.75032425783462453     
    12959501           2  0.84185594302654643     
    12959501           3   1.0516004537804233     
    12959501           4  0.57452965178635429     
    12959501           5   1.1459265679873498     
    12959501           6  0.98469237563057344     
    12959501           7   1.0261997212730374     
    12959501           8   1.0365062558829716     
    12959501           9   1.0190004782647695     
    12959501          10   1.0997956076857285     
    12959501          11  0.81693025548133857     
    12959501          12   1.0769036220751675     
    12959501          13  0.73780484556381343     
    12959501          14   1.1209930125194825     
    12959501          15   1.1674489739732583     
    12959501          16   1.1368384805809189     
    12959501          17   1.0038080153087665     
    12959501          18  0.97128407348683288     
    12959501          19   1.0404954267296447     
    12959501          20   1.2239659978929942     
    12959501          21  0.91946633945300582     
    12959501          22   1.0626546566411814     
    12959501          23   1.0260302928017968     
    12959501          24   1.0904117272062130     
    12959501          25   1.0745329671332093     
    12959524           1  0.96032443939764844     
    12959524           2  0.63441134404220967     
    12959524           3   1.0173932150802139     
    12959524           4   1.0466559682520082     
    12959524           5   1.0741064333754742     
    12959524           6   1.0829930253893245     
    12959524           7  0.94703588161480134     
    12959524           8   1.0537394102249877     
    12959524           9   1.0537267469912799     
    12959524          10  0.96680619128906475     
    12959524          11  0.81515121849452221     
    12959524          12  0.93121846690876386     
    12959524          13  0.97529147637496083     
    12959524          14   1.0772932980944152     
    12959524          15   1.0155495802969057     
    12959524          16   1.0275986881255676     
    12959524          17  0.74743666766596639     
    12959524          18  0.97164216052532804     
    12959524          19   1.0795291971677610     
    12959524          20   1.0395990184781636     
    12959524          21  0.97904062394650948     
    12959524          22   1.2445610404223848     
    12959524          23   1.0114946212869782     
    12959524          24   1.0702446641684220     
    12959524          25   1.1771566223863370     
    12959552           1  0.99500370404268057     
    12959552           2  0.88120321130568069     
    12959552           3   1.1657628810764955     
    12959552           4   1.0187873342155536     
    12959552           5   1.0274237195121498     
    12959552           6   1.0470684819086791     
    12959552           7   1.0587193500762901     
    12959552           8  0.75524465097243010     
    12959552           9  0.96821072284100806     
    12959552          10   1.0506439076748721     
    12959552          11   1.0634257179992030     
    12959552          12   1.0167752058265205     
    12959552          13   1.0915606838815701     
    12959552          14   1.0707533380877157     
    12959552          15   1.0683054699959311     
    12959552          16   1.0371017876721691     
    12959552          17  0.95739058817768108     
    12959552          18   1.0204472119442487     
    12959552          19  0.99771448094985649     
    12959552          20  0.98253993908337744     
    12959552          21  0.92405574796285250     
    12959552          22   1.0666981165922427     
    12959552          23  0.64658220216577467     
    12959552          24   1.1011753602366172     
    12959552          25  0.98740618579839801     
    12959574           1  0.92563083391242273     
    12959574           2  0.77812362101543431     
    12959574           3  0.95643107130496874     
    12959574           4  0.91906751960566169     
    12959574           5   1.2089074049665571     
    12959574           6   1.0036052568037845     
    12959574           7   1.0622694500919094     
    12959574           8  0.99324688064159472     
    12959574           9   1.0435821577869151     
    12959574          10   1.0501496213687045     
    12959574          11   1.0831978865763665     
    12959574          12   1.0971834954614632     
    12959574          13  0.97793481406325111     
    12959574          14  0.97630742096237322     
    12959574          15   1.0570056632550069     
    12959574          16  0.96742735463830976     
    12959574          17  0.63850847238885322     
    12959574          18  0.98412045295855033     
    12959574          19   1.0160836475631729     
    12959574          20   1.0210514616490287     
    12959574          21  0.95503124755265478     
    12959574          22   1.0159373688848914     
    12959574          23   1.1830739659213148     
    12959574          24   1.0377994842599212     
    12959574          25   1.0483234463668949     
    12959606           1   1.0843835846698020     
    12959606           2  0.58404058543471815     
    12959606           3  0.96801837459459295     
    12959606           4   1.0394779084077796     
    12959606           5   1.0835406477547236     
    12959606           6  0.98844346548930262     
    12959606           7  0.99600245379304997     
    12959606           8  0.83651824893348947     
    12959606           9   1.0174483548322295     
    12959606          10  0.99725596963263463     
    12959606          11   1.0643354872965132     
    12959606          12  0.90564663611990814     
    12959606          13   1.0402457001174956     
    12959606          14   1.0567159111962747     
    12959606          15   1.0853047510893299     
    12959606          16   1.0629818922287466     
    12959606          17   1.1161592372116602     
    12959606          18   1.0152178954781843     
    12959606          19   1.1902251001271202     
    12959606          20   1.0233044034240322     
    12959606          21   1.0216702924855146     
    12959606          22   1.0358655028908463     
    12959606          23   1.0710159036502109     
    12959606          24  0.80361382789565317     
    12959606          25  0.91256786524618405     
    12959609           1  0.90306213885557884     
    12959609           2   1.0510800080956701     
    12959609           3   1.0010674682650003     
    12959609           4  0.99476036366423304     
    12959609           5   1.0356990301464459     
    12959609           6   1.0266293719566357     
    12959609           7   1.0019016228370239     
    12959609           8   1.0808962760452245     
    12959609           9   1.1268102164527272     
    12959609          10   1.1836837375339027     
    12959609          11  0.95794356806199876     
    12959609          12  0.84573666576273243     
    12959609          13  0.98892246384930516     
    12959609          14   1.2475251905560076     
    12959609          15   1.0822086135605684     
    12959609          16  0.93445794761000034     
    12959609          17  0.82833720545498646     
    12959609          18   1.0168021088866677     
    12959609          19   1.0740626050497939     
    12959609          20   1.0131554239425267     
    12959609          21   1.0840682523608089     
    12959609          22  0.61752299648567111     
    12959609          23   1.0481730275259269     
    12959609          24   1.0552756106314558     
    12959609          25  0.80021808640910497     
    12959638           1   1.0448699108101127     
    12959638           2  0.86074382929025661     
    12959638           3  0.98138705020494488     
    12959638           4  0.73241356876819019     
    12959638           5   1.0156267673597996     
    12959638           6   1.0192795259064122     
    12959638           7   1.0136680785391974     
    12959638           8   1.0701344683385572     
    12959638           9   1.0801139589758841     
    12959638          10   1.0175270412613764     
    12959638          11   1.0888241040012336     
    12959638          12   1.2101334974386244     
    12959638          13   1.0183783827647537     
    12959638          14  0.96185088771121818     
    12959638          15   1.0350006183163825     
    12959638          16  0.75263246836295306     
    12959638          17  0.98350122810431717     
    12959638          18   1.0500737199976951     
    12959638          19  0.99507568764745780     
    12959638          20   1.0874645672970999     
    12959638          21   1.0366064426629309     
    12959638          22   1.0903230371551200     
    12959638          23   1.1140310001621843     
    12959638          24   1.0625607551767229     
    12959638          25  0.67777940374657097     
    12959653           1   1.0402005954033089     
    12959653           2   1.0570680977995164     
    12959653           3  0.77783080088526813     
    12959653           4   1.0853443339874360     
    12959653           5   1.0301554599810598     
    12959653           6   1.0625822253902075     
    12959653           7  0.90730686743726152     
    12959653           8  0.78989775240087612     
    12959653           9   1.0833053708025278     
    12959653          10   1.0824026203104287     
    12959653          11  0.99177184452664136     
    12959653          12   1.0332778438649937     
    12959653          13   1.0802368890303637     
    12959653          14   1.0359938946726501     
    12959653          15   1.0423173942469042     
    12959653          16   1.0793348911493745     
    12959653          17   1.0116299425712181     
    12959653          18  0.87271005611999775     
    12959653          19  0.69669201765715372     
    12959653          20  0.93278453409171203     
    12959653          21   1.1581273570665651     
    12959653          22   1.0195943944693777     
    12959653          23   1.0540199444179386     
    12959653          24   1.0949462077800605     
    12959653          25  0.98046866393715670     
    12959671           1   1.0069308496217262     
    12959671           2  0.90495725527735660     
    12959671           3  0.94725638185121230     
    12959671           4   1.0501254534012738     
    12959671           5   1.0347953237075125     
    12959671           6   1.1626038237390945     
    12959671           7   1.0050177771272566     
    12959671           8   1.0525993265139668     
    12959671           9   1.0462213568283694     
    12959671          10   1.0041097735314322     
    12959671          11   1.0411242941139820     
    12959671          12  0.87700973323257703     
    12959671          13   1.0752019414571310     
    12959671          14   1.0163343137915113     
    12959671          15   1.0498412107752142     
    12959671          16  0.96846108337765802     
    12959671          17   1.0090753525183263     
    12959671          18   1.0151052218981234     
    12959671          19  0.97465590303054739     
    12959671          20  0.91446120184852109     
    12959671          21  0.86788138568042383     
    12959671          22   1.0510447979047055     
    12959671          23   1.0059570356097693     
    12959671          24   1.0509851084074262     
    12959671          25  0.86824409475488507     
    12959714           1  0.99827035183697188     
    12959714           2   1.0043208248521034     
    12959714           3  0.94244109962219247     
    12959714           4   1.1103699383438310     
    12959714           5   1.0596250454381944     
    12959714           6   1.0224356913642740     
    12959714           7  0.91061241455640651     
    12959714           8   1.0198796516746029     
    12959714           9  0.95428217128603821     
    12959714          10  0.92164085487750780     
    12959714          11  0.99773565106368767     
    12959714          12   1.0235024263155219     
    12959714          13   1.1816301484888050     
    12959714          14   1.0953659402285643     
    12959714          15  0.92881266972623566     
    12959714          16  0.95997866634882556     
    12959714          17   1.0230872938587225     
    12959714          18   1.0687242858382684     
    12959714          19   1.0521982014740421     
    12959714          20  0.62241988060465803     
    12959714          21   1.0622632824815432     
    12959714          22   1.1577605374823514     
    12959714          23  0.99873653678683505     
    12959714          24   1.0422729870632126     
    12959714          25  0.84163344838661025     
    12959731           1   1.0114477927674279     
    12959731           2   1.0904173483465964     
    12959731           3  0.92873740861513310     
    12959731           4   1.0829223428140116     
    12959731           5   1.0470373873689849     
    12959731           6   1.0253578409106017     
    12959731           7  0.99782266861680791     
    12959731           8   1.1206845118695234     
    12959731           9   1.0602520876113202     
    12959731          10  0.99673224251794268     
    12959731          11   1.0004014576758107     
    12959731          12  0.94146585060265919     
    12959731          13   1.0653251668613151     
    12959731          14   1.0312085688819008     
    12959731          15  0.87324343882231226     
    12959731          16  0.98153716863026130     
    12959731          17   1.0840490893207928     
    12959731          18  0.99406072066175344     
    12959731          19  0.97589779512401753     
    12959731          20   1.0340119269158394     
    12959731          21  0.91098882239978018     
    12959731          22   1.0913284607186933     
    12959731          23   1.1680551802209367     
    12959731          24   1.0234614318606519     
    12959731          25  0.46355328986492644     
    12959738           1  0.89166319085218626     
    12959738           2   1.0068526511159994     
    12959738           3   1.0289012525778607     
    12959738           4   1.0952410279441898     
    12959738           5   1.0641422467985762     
    12959738           6  0.83621175728917196     
    12959738           7   1.0078552747723284     
    12959738           8  0.97485904680971047     
    12959738           9   1.0925121824647102     
    12959738          10   1.0029751302738219     
    12959738          11  0.98843787427849361     
    12959738          12   1.1332903759612130     
    12959738          13   1.0220260561558667     
    12959738          14   1.0363403210548687     
    12959738          15   1.0378712902502027     
    12959738          16   1.1104110787986821     
    12959738          17   1.0128980017906690     
    12959738          18   1.0732313731972731     
    12959738          19   1.0991857214096528     
    12959738          20   1.0690257118413136     
    12959738          21  0.72295427671663182     
    12959738          22  0.75499357913039489     
    12959738          23   1.0693265204424758     
    12959738          24  0.97322002393935836     
    12959738          25  0.89557403413434766     
    12959780           1  0.96751965851857469     
    12959780           2  0.96627853934440955     
    12959780           3  0.84891437027618555     
    12959780           4   1.0335111309495870     
    12959780           5   1.0911846116857435     
    12959780           6  0.89798676863210380     
    12959780           7   1.0624361612361177     
    12959780           8   1.1036195874994474     
    12959780           9   1.1678501554908824     
    12959780          10  0.77132439365135053     
    12959780          11  0.96634699809511548     
    12959780          12   1.0065706502154832     
    12959780          13   1.0703175494009098     
    12959780          14   1.0276972335954671     
    12959780          15   1.0122062048134297     
    12959780          16  0.93017918004757283     
    12959780          17   1.0742743817902491     
    12959780          18  0.97118723179539312     
    12959780          19   1.0120442933035039     
    12959780          20   1.0218616320945595     
    12959780          21  0.81156437736716769     
    12959780          22   1.0724348771130408     
    12959780          23  0.98488110131397510     
    12959780          24   1.1060728336119114     
    12959780          25   1.0217360781578180     
    12959790           1  0.96330411589650111     
    12959790           2   1.0285053630138059     
    12959790           3   1.1745538291363331     
    12959790           4   1.0464829123323718     
    12959790           5  0.98141254796041399     
    12959790           6  0.98105083258213999     
    12959790           7   1.0084704364832842     
    12959790           8   1.0011101277719883     
    12959790           9   1.0610093289402527     
    12959790          10   1.0178214895416247     
    12959790          11   1.0267667829186882     
    12959790          12  0.93521459910824800     
    12959790          13   1.1992254956130499     
    12959790          14   1.1039520960796405     
    12959790          15  0.95313433834597516     
    12959790          16   1.0163763198739160     
    12959790          17   1.1099692052156296     
    12959790          18  0.99663208107212142     
    12959790          19  0.95049617819267440     
    12959790          20  0.76898381174398278     
    12959790          21  0.88845244936148038     
    12959790          22  0.77791205812234698     
    12959790          23  0.81494734743688957     
    12959790          24   1.0677213897045374     
    12959790          25   1.1264948635521017     
    12959862           1  0.91686477712451342     
    12959862           2  0.72379179320443487     
    12959862           3  0.95439193144130274     
    12959862           4  0.54381825344181567     
    12959862           5   1.0384176389831083     
    12959862           6   1.0121112692466876     
    12959862           7   1.0242581956722123     
    12959862           8   1.1375855150081458     
    12959862           9   1.0446000848356358     
    12959862          10   1.1312383116545526     
    12959862          11  0.94175009770311913     
    12959862          12  0.94085415085469415     
    12959862          13  0.99548602283277987     
    12959862          14   1.1070932464764043     
    12959862          15   1.1438492323574394     
    12959862          16   1.0254937087151248     
    12959862          17   1.1490443061616624     
    12959862          18   1.0537758595210263     
    12959862          19  0.97527921537470874     
    12959862          20   1.1037905443489917     
    12959862          21  0.93730376830650364     
    12959862          22   1.0382146146703433     
    12959862          23   1.0626531790911939     
    12959862          24   1.0322770785788911     
    12959862          25  0.96605720439470655     
    12959865           1  0.94403760062225250     
    12959865           2  0.98034768882201995     
    12959865           3  0.90343691126629821     
    12959865           4   1.0267025111419219     
    12959865           5  0.86184884968667363     
    12959865           6  0.99883265148222822     
    12959865           7   1.0545701213440257     
    12959865           8   1.0275080857894241     
    12959865           9   1.0752687636024585     
    12959865          10   1.1099629306564522     
    12959865          11  0.77039561364817311     
    12959865          12   1.1794321448300760     
    12959865          13  0.93412049444104517     
    12959865          14  0.87235951450341565     
    12959865          15   1.0843474827193584     
    12959865          16  0.95140080857564624     
    12959865          17   1.0100341643566531     
    12959865          18   1.0382794979556533     
    12959865          19   1.1051763614636536     
    12959865          20   1.1123447728769367     
    12959865          21   1.0724551192937324     
    12959865          22  0.88421624097831475     
    12959865          23   1.0700294042700018     
    12959865          24  0.90399570587551636     
    12959865          25   1.0288965597980695     
    12959871           1   1.0306413496677502     
    12959871           2   1.0386202242300306     
    12959871           3  0.98920054643846544     
    12959871           4   1.0139262968421567     
    12959871           5   1.1834963058778285     
    12959871           6   1.0144594324789815     
    12959871           7   1.0134388682694928     
    12959871           8   1.0313858695724623     
    12959871           9   1.0885993120187654     
    12959871          10   1.0795819862999414     
    12959871          11  0.96179082888881084     
    12959871          12  0.86178595075156039     
    12959871          13   1.0026663505821896     
    12959871          14   1.1186289570951184     
    12959871          15   1.1269191590604821     
    12959871          16   1.0268002581872320     
    12959871          17  0.99244121475641800     
    12959871          18  0.98349496565667049     
    12959871          19   1.0613303793257671     
    12959871          20   1.0747524301957794     
    12959871          21   1.1141789951088816     
    12959871          22  0.47302235395642811     
    12959871          23  0.94366724865607332     
    12959871          24  0.88171879845085732     
    12959871          25  0.89345191763185650     
    12959875           1  0.87510499678963127     
    12959875           2   1.0503292865933682     
    12959875           3   1.0003524676295650     
    12959875           4   1.0136560959855034     
    12959875           5   1.0349592943262840     
    12959875           6   1.0258961140328939     
    12959875           7  0.99328812281599455     
    12959875           8   1.0801242586251085     
    12959875           9   1.1079075715303135     
    12959875          10   1.1828383053814047     
    12959875          11  0.95725936816380175     
    12959875          12  0.86300548573212632     
    12959875          13  0.98821613764006977     
    12959875          14   1.2001379029342147     
    12959875          15   1.0814356588188561     
    12959875          16   1.0461585279498216     
    12959875          17  0.82774557537306870     
    12959875          18   1.0160758699696988     
    12959875          19   1.0732954684986091     
    12959875          20  0.92420520440514642     
    12959875          21   1.1393335339916126     
    12959875          22  0.61708193796675970     
    12959875          23   1.0474243823002196     
    12959875          24   1.0545218924695139     
    12959875          25  0.79964654007640790     
    12959898           1  0.71659496003733880     
    12959898           2  0.80259615397816664     
    12959898           3   1.0631581910658683     
    12959898           4  0.64329234547638237     
    12959898           5   1.1584569532598119     
    12959898           6  0.93409461067153365     
    12959898           7   1.0135347840307609     
    12959898           8   1.0533096596784988     
    12959898           9   1.1038890209139685     
    12959898          10   1.1114273555355798     
    12959898          11  0.88864638531016227     
    12959898          12   1.0940143686530037     
    12959898          13  0.80776805625735904     
    12959898          14   1.0015462977437719     
    12959898          15   1.1300915315838198     
    12959898          16   1.1312612652539751     
    12959898          17  0.91967897651419495     
    12959898          18  0.99774244352089014     
    12959898          19   1.0561949180307177     
    12959898          20   1.2233856572945612     
    12959898          21  0.89306301538481880     
    12959898          22   1.0501846999726967     
    12959898          23   1.0143278942595089     
    12959898          24   1.1002758757293203     
    12959898          25   1.0914645798432832     
    12959905           1  0.92727057116048250     
    12959905           2  0.99690359188466371     
    12959905           3  0.98254205489314073     
    12959905           4   1.0042384939722850     
    12959905           5  0.99429130867552018     
    12959905           6   1.1931064303109555     
    12959905           7  0.95556040729348701     
    12959905           8  0.83539169031827631     
    12959905           9  0.99903630058489723     
    12959905          10   1.0163959061786580     
    12959905          11  0.99604370285370469     
    12959905          12  0.99346393696124691     
    12959905          13   1.1691141225674451     
    12959905          14   1.0734217988035890     
    12959905          15  0.99235463945592028     
    12959905          16  0.99745046769017254     
    12959905          17  0.93506646645079750     
    12959905          18   1.0262562978423375     
    12959905          19  0.96593763514024966     
    12959905          20   1.0203260182788858     
    12959905          21  0.84929233016344274     
    12959905          22  0.97320374064006665     
    12959905          23   1.0407327121036016     
    12959905          24   1.0429859950970488     
    12959905          25   1.0196133806791290     
    12959933           1   1.0307504148888349     
    12959933           2   1.0523209696404130     
    12959933           3   1.0647862049510228     
    12959933           4  0.95912348552822979     
    12959933           5   1.0206017079663996     
    12959933           6  0.91682194715433851     
    12959933           7   1.0117969478700533     
    12959933           8  0.66071686807170027     
    12959933           9   1.1164658431430454     
    12959933          10   1.0869967840430619     
    12959933          11   1.0063956854524512     
    12959933          12  0.88378614341809192     
    12959933          13   1.0839469901671581     
    12959933          14   1.1701385674111948     
    12959933          15   1.0144680230410139     
    12959933          16   1.0063740423097218     
    12959933          17   1.0773708724503857     
    12959933          18   1.0009840729822901     
    12959933          19   1.1080540312346530     
    12959933          20  0.95438161020108736     
    12959933          21   1.0175023966509118     
    12959933          22  0.61254401481669041     
    12959933          23   1.0442685602460242     
    12959933          24   1.0875974155916368     
    12959933          25   1.0118064007695884     
    12959956           1   1.0655445477810381     
    12959956           2  0.89647518344283028     
    12959956           3   1.1660122842838323     
    12959956           4   1.1046161055910102     
    12959956           5   1.0180249565202801     
    12959956           6   1.0911813392992857     
    12959956           7  0.98767162545470699     
    12959956           8  0.96426553352476774     
    12959956           9   1.0391269497114273     
    12959956          10  0.97325611198632966     
    12959956          11  0.88671719249684688     
    12959956          12  0.92763371346806189     
    12959956          13   1.0750506521855068     
    12959956          14   1.0368596583104708     
    12959956          15   1.0431884423328510     
    12959956          16   1.0521660501097296     
    12959956          17  0.97786299730119430     
    12959956          18   1.0662367770563346     
    12959956          19   1.1862091527637164     
    12959956          20  0.74579056004001598     
    12959956          21  0.75686409859373460     
    12959956          22  0.83534436066990858     
    12959956          23   1.0236437930328524     
    12959956          24   1.0394351902665881     
    12959956          25   1.0408227237766772     
    12959981           1  0.91394337717066154     
    12959981           2  0.72148558037564969     
    12959981           3  0.95135095897291588     
    12959981           4  0.54208548906898057     
    12959981           5   1.0351089359788133     
    12959981           6   1.0088863860479422     
    12959981           7   1.0209946088050696     
    12959981           8   1.1339608340803102     
    12959981           9   1.0412716827465041     
    12959981          10   1.1276338547772498     
    12959981          11  0.93874940582290711     
    12959981          12  0.93785631372378320     
    12959981          13  0.99231411254270996     
    12959981          14   1.1035657228547540     
    12959981          15   1.1402045933899543     
    12959981          16   1.0148086190479324     
    12959981          17   1.1453831141661293     
    12959981          18   1.1374931154315444     
    12959981          19  0.97217168989671610     
    12959981          20   1.1002735441044884     
    12959981          21  0.93431724373516656     
    12959981          22   1.0349065585610242     
    12959981          23   1.0592672545515975     
    12959981          24   1.0289879412001157     
    12959981          25  0.96297906294707869     
    12959997           1   1.0300991421485297     
    12959997           2   1.0380738191247301     
    12959997           3  0.98868014040733820     
    12959997           4   1.0133928829030976     
    12959997           5   1.1828736832785860     
    12959997           6   1.0139257380639342     
    12959997           7   1.0238300697132683     
    12959997           8   1.0308432703706347     
    12959997           9   1.0802430261848277     
    12959997          10   1.0790140317241079     
    12959997          11  0.96128484276715065     
    12959997          12  0.86133257594507995     
    12959997          13   1.0021388603599795     
    12959997          14   1.1180404603964846     
    12959997          15   1.1263263009903168     
    12959997          16   1.0262600714181813     
    12959997          17  0.99191910385023430     
    12959997          18  0.98297756126020741     
    12959997          19   1.0607720266920082     
    12959997          20   1.0841984320053046     
    12959997          21   1.1135928394795733     
    12959997          22  0.47277350281421715     
    12959997          23  0.94317079712322094     
    12959997          24  0.88125493722259163     
    12959997          25  0.89298188375638821     
    12960000           1   1.0058890741796711     
    12960000           2  0.94219870453510790     
    12960000           3  0.91894993776966805     
    12960000           4  0.99415252578649838     
    12960000           5  0.95855608201166786     
    12960000           6  0.62220045490641274     
    12960000           7   1.0212850817230501     
    12960000           8   1.1301063944597838     
    12960000           9   1.0705134814577140     
    12960000          10   1.0147202379326725     
    12960000          11  0.93895983577892694     
    12960000          12   1.0035914514055673     
    12960000          13  0.93510732187489831     
    12960000          14  0.84921998827996503     
    12960000          15   1.1217965592600894     
    12960000          16  0.97935487816311595     
    12960000          17   1.0608981522477032     
    12960000          18   1.1057396448709080     
    12960000          19  0.94807805403111423     
    12960000          20   1.0596016065631093     
    12960000          21   1.0890633604355775     
    12960000          22   1.0280035304047652     
    12960000          23   1.0482887085019841     
    12960000          24   1.0459715394455649     
    12960000          25   1.1077533939744642     
    12960008           1   1.0398236764527260     
    12960008           2  0.91878927503066776     
    12960008           3  0.73514338248386524     
    12960008           4   1.0065475408340985     
    12960008           5   1.1384386564843887     
    12960008           6  0.88891638413203222     
    12960008           7   1.0161686692604874     
    12960008           8   1.1317439811900976     
    12960008           9   1.1528586875540545     
    12960008          10  0.88519013898943477     
    12960008          11   1.0001211060251372     
    12960008          12  0.93590793516068094     
    12960008          13  0.99467857499273415     
    12960008          14  0.95076411847024678     
    12960008          15   1.1118670476019401     
    12960008          16  0.90245221103667350     
    12960008          17   1.0916115017423362     
    12960008          18  0.96202948618864803     
    12960008          19   1.0301835922549207     
    12960008          20  0.98440079928336732     
    12960008          21  0.84967591966632139     
    12960008          22   1.1009083167446712     
    12960008          23   1.0333164030219439     
    12960008          24   1.1615593625813023     
    12960008          25  0.97690323281722424     
    12960011           1  0.97781525461191265     
    12960011           2  0.99185558825311060     
    12960011           3  0.91958085802661405     
    12960011           4   1.0408888666999541     
    12960011           5  0.92558047841028346     
    12960011           6  0.94456600638458388     
    12960011           7  0.99670849069432255     
    12960011           8  0.97807996382281692     
    12960011           9  0.84925239319834800     
    12960011          10   1.0913606710116686     
    12960011          11  0.65023565062597388     
    12960011          12   1.1826197016886253     
    12960011          13  0.88840864568291855     
    12960011          14  0.97462020606915978     
    12960011          15   1.1380628182863690     
    12960011          16   1.0460399659660404     
    12960011          17   1.0575505173963284     
    12960011          18   1.0128897119322691     
    12960011          19   1.1247704454907133     
    12960011          20   1.0076630636648320     
    12960011          21   1.0857714656011734     
    12960011          22  0.94404106094097961     
    12960011          23   1.1071207282913946     
    12960011          24   1.0104890425506821     
    12960011          25   1.0540284046989254     
    12960023           1  0.89867880666496147     
    12960023           2   1.0505168117956589     
    12960023           3   1.0005310699986016     
    12960023           4   1.0138370735768922     
    12960023           5   1.0351440753787675     
    12960023           6   1.0260792769502465     
    12960023           7  0.99346546392086654     
    12960023           8   1.0803171034050105     
    12960023           9   1.1081053767273334     
    12960023          10   1.1830494886696601     
    12960023          11  0.91928015324230949     
    12960023          12  0.86315956624797541     
    12960023          13  0.94662205352978013     
    12960023          14   1.2003521748829236     
    12960023          15   1.0816287377354137     
    12960023          16   1.0463453085072010     
    12960023          17  0.82789336060427976     
    12960023          18   1.0162572795861788     
    12960023          19   1.1255266820974712     
    12960023          20  0.92437021148447485     
    12960023          21   1.1395369499623613     
    12960023          22  0.61719211143019082     
    12960023          23   1.0476113888625254     
    12960023          24   1.0547101662173084     
    12960023          25  0.79978930852160202     
    12960039           1  0.90012091401477212     
    12960039           2   1.0522025731646314     
    12960039           3   1.0021366193885037     
    12960039           4   1.0154639750732584     
    12960039           5   1.0368051681609112     
    12960039           6   1.0277258234758841     
    12960039           7  0.99505967515259686     
    12960039           8   1.0820506852179923     
    12960039           9   1.1098835503042463     
    12960039          10   1.1849479248519168     
    12960039          11  0.92075531951494638     
    12960039          12  0.87655034219610817     
    12960039          13  0.94814109527279633     
    12960039          14   1.2022783766370118     
    12960039          15   1.0833644243243110     
    12960039          16   1.0480243758765961     
    12960039          17  0.82922187874817310     
    12960039          18   1.0178880647803110     
    12960039          19   1.0752097157863880     
    12960039          20  0.92585354575923617     
    12960039          21   1.1413655616963132     
    12960039          22  0.61818251787300171     
    12960039          23   1.0492924879075005     
    12960039          24   1.0564026566503102     
    12960039          25  0.80107272817227704     
    12960040           1  0.89770658303756101     
    12960040           2   1.0493803242565796     
    12960040           3  0.99944865886462730     
    12960040           4   1.0127402675212069     
    12960040           5   1.0340242186286328     
    12960040           6   1.0249692268308506     
    12960040           7  0.99239069661816959     
    12960040           8   1.0791483768196881     
    12960040           9   1.1069065877707964     
    12960040          10   1.1817696224296437     
    12960040          11  0.95639449359682505     
    12960040          12  0.86222576863496925     
    12960040          13  0.98732329393172324     
    12960040          14   1.1990535899636312     
    12960040          15   1.0804585921760628     
    12960040          16   1.0452133338530689     
    12960040          17  0.82699771526338817     
    12960040          18   1.0151578552630458     
    12960040          19   1.0715207791490116     
    12960040          20  0.92337019395495790     
    12960040          21   1.1383041571794084     
    12960040          22  0.61652441041295591     
    12960040          23   1.0464780445163226     
    12960040          24   1.0535691421539264     
    12960040          25  0.79892406717294639     
    12960043           1  0.98095746733984612     
    12960043           2   1.1139810299520885     
    12960043           3   1.0144053838732450     
    12960043           4  0.93904099196743329     
    12960043           5   1.0337954400509157     
    12960043           6  0.64007031560097838     
    12960043           7   1.0234980116684227     
    12960043           8   1.1162120403067965     
    12960043           9   1.0992505150010994     
    12960043          10  0.93783897864904686     
    12960043          11  0.99122131811862846     
    12960043          12   1.0207424803745035     
    12960043          13   1.0657221641063044     
    12960043          14   1.0373625146543604     
    12960043          15   1.0421329105765296     
    12960043          16   1.0767140699692668     
    12960043          17  0.58549531955587442     
    12960043          18   1.1884499386808556     
    12960043          19   1.0382717333031106     
    12960043          20   1.0971140574213170     
    12960043          21  0.92505351743861264     
    12960043          22   1.0164160115402234     
    12960043          23   1.0398071179584671     
    12960043          24  0.96137510651223101     
    12960043          25   1.0150715653798434     
    12960044           1  0.95457441771475615     
    12960044           2   1.0422549233288727     
    12960044           3  0.99266229910882142     
    12960044           4   1.0174745784098074     
    12960044           5   1.1876380054674414     
    12960044           6   1.0180095797792390     
    12960044           7   1.0169854440585031     
    12960044           8   1.0349952517154613     
    12960044           9   1.0845939775093543     
    12960044          10   1.0833600329633786     
    12960044          11  0.96515665999577616     
    12960044          12  0.86480181020193214     
    12960044          13   1.0061752274515978     
    12960044          14   1.1225436504232851     
    12960044          15   1.1308628643305596     
    12960044          16   1.0303935927729229     
    12960044          17  0.99591430829414784     
    12960044          18  0.98693675138546089     
    12960044          19   1.0650445536537019     
    12960044          20   1.0785135756061790     
    12960044          21   1.1180781155910322     
    12960044          22  0.47467771737372744     
    12960044          23  0.94696965546298850     
    12960044          24  0.88480441381573949     
    12960044          25  0.89657859358531455     
    12960053           1   1.0505401446134628     
    12960053           2   1.0346990447794948     
    12960053           3   1.0213067298948071     
    12960053           4   1.0118487633150164     
    12960053           5   1.1661872236603168     
    12960053           6  0.97063121918019668     
    12960053           7  0.95658912320019052     
    12960053           8  0.98425406583891151     
    12960053           9   1.1358813767699985     
    12960053          10   1.1275118139083269     
    12960053          11  0.96735303625519076     
    12960053          12  0.92578640037271576     
    12960053          13   1.0067634867017834     
    12960053          14   1.1541179231619054     
    12960053          15   1.0957196653308308     
    12960053          16  0.96255078021584084     
    12960053          17  0.94825330635046390     
    12960053          18   1.0314186604472375     
    12960053          19   1.0573234605535788     
    12960053          20   1.0922950959904405     
    12960053          21   1.0447978308482548     
    12960053          22  0.56874313255786801     
    12960053          23   1.0476642409316639     
    12960053          24  0.77050451863646108     
    12960053          25  0.86725895648504514     
    12960054           1  0.99855376664656315     
    12960054           2   1.0813896914711965     
    12960054           3   1.0398681683224333     
    12960054           4  0.88364245637540573     
    12960054           5   1.1568787526827753     
    12960054           6   1.0006399143221671     
    12960054           7  0.94300706432691661     
    12960054           8   1.0355730475478948     
    12960054           9   1.1627313751381465     
    12960054          10  0.98502363189728392     
    12960054          11  0.82119213818580006     
    12960054          12  0.62111492420610559     
    12960054          13   1.0133371549386205     
    12960054          14  0.94033200558120311     
    12960054          15   1.0608265677659821     
    12960054          16  0.89732265479300521     
    12960054          17   1.0325715604421131     
    12960054          18   1.0719361051093144     
    12960054          19  0.80299743105574117     
    12960054          20   1.0406865427681418     
    12960054          21   1.1311614113522328     
    12960054          22   1.0592304669855293     
    12960054          23   1.0243304258300279     
    12960054          24   1.1498580680136341     
    12960054          25   1.0457946742417645     
    12960060           1   1.0691457327951586     
    12960060           2  0.89950497042158040     
    12960060           3   1.1699530167226475     
    12960060           4   1.1577234056461214     
    12960060           5   1.0214655411725655     
    12960060           6   1.0948691681140976     
    12960060           7  0.99100962597647435     
    12960060           8  0.96752442926609883     
    12960060           9   1.0426388520592569     
    12960060          10  0.97654539288283004     
    12960060          11  0.88971400072230544     
    12960060          12  0.93076880588112954     
    12960060          13   1.0728060359774940     
    12960060          14   1.0403638979699290     
    12960060          15   1.0467140711704777     
    12960060          16   1.0350881617623018     
    12960060          17  0.98116784793280543     
    12960060          18   1.0698403015744180     
    12960060          19   1.1902181438785795     
    12960060          20  0.74831108327302542     
    12960060          21  0.71266278383667869     
    12960060          22  0.77757287184677493     
    12960060          23   1.0271033674776222     
    12960060          24   1.0429481343646387     
    12960060          25   1.0443403572749914     
    12960070           1  0.97999662186176684     
    12960070           2  0.98362063062179950     
    12960070           3  0.96905770234731559     
    12960070           4   1.0227867321779582     
    12960070           5   1.0159987419486667     
    12960070           6  0.72386160193715532     
    12960070           7   1.0401200711717182     
    12960070           8   1.0745909393242441     
    12960070           9  0.97799224187670164     
    12960070          10  0.98765918113782225     
    12960070          11   1.0494484109555535     
    12960070          12   1.0480072981971449     
    12960070          13   1.0246033251223665     
    12960070          14  0.68872224769150403     
    12960070          15   1.1223749734454200     
    12960070          16  0.99281764240359205     
    12960070          17   1.0879143454319462     
    12960070          18   1.1682459719891345     
    12960070          19  0.92515981068655806     
    12960070          20   1.0622845224882813     
    12960070          21  0.92502367279691777     
    12960070          22  0.94604107878890864     
    12960070          23   1.0292291167171368     
    12960070          24   1.0892757889821953     
    12960070          25   1.0651673298981941     
    12960072           1   1.0444794151126391     
    12960072           2  0.74319808681503485     
    12960072           3   1.0891113312786638     
    12960072           4   1.0103332631957296     
    12960072           5  0.99842897516985907     
    12960072           6   1.1044646353889012     
    12960072           7   1.0349472957085171     
    12960072           8  0.92264750249584582     
    12960072           9   1.0327571924958421     
    12960072          10  0.78635998309228061     
    12960072          11   1.0018416036776618     
    12960072          12   1.1059946438764554     
    12960072          13   1.1705753124868854     
    12960072          14   1.0305037993926462     
    12960072          15  0.99618250580642298     
    12960072          16  0.93841887412838476     
    12960072          17   1.0118464269407426     
    12960072          18  0.99319707164943716     
    12960072          19  0.96867802428736449     
    12960072          20   1.0404450756876693     
    12960072          21  0.86397677215703739     
    12960072          22   1.0352338470347440     
    12960072          23   1.0641338341044586     
    12960072          24   1.0392905271628496     
    12960072          25  0.97295400085392925     
    12960077           1  0.91767249007729490     
    12960077           2   1.0402733486611884     
    12960077           3  0.96943200045190958     
    12960077           4  0.67515443799200636     
    12960077           5   1.0817605757663264     
    12960077           6  0.91740847294928185     
    12960077           7  0.95510896633992015     
    12960077           8   1.0126817317490713     
    12960077           9   1.0781484797651584     
    12960077          10   1.0368978284883963     
    12960077          11  0.99627175966331993     
    12960077          12  0.96362460490415147     
    12960077          13   1.0317747350436195     
    12960077          14  0.94903004217697884     
    12960077          15  0.98177069602344269     
    12960077          16  0.87780984730758638     
    12960077          17   1.1314707285970262     
    12960077          18  0.90857893511568066     
    12960077          19   1.0014023374937318     
    12960077          20   1.0506268025131860     
    12960077          21   1.1057795357677809     
    12960077          22   1.0945201352087273     
    12960077          23   1.1534959941478642     
    12960077          24   1.0444969404910598     
    12960077          25   1.0248085733052872     
    12960080           1  0.89877157963714793     
    12960080           2   1.0506252594036800     
    12960080           3   1.0006343574472878     
    12960080           4   1.0139417346392550     
    12960080           5   1.0352509360188560     
    12960080           6   1.0261852018073985     
    12960080           7  0.99356802196849048     
    12960080           8   1.0804286273753585     
    12960080           9   1.1082197693540790     
    12960080          10   1.1831716179738048     
    12960080          11  0.95752911475566493     
    12960080          12  0.86324867247573800     
    12960080          13  0.98849460755534890     
    12960080          14   1.2004760903887846     
    12960080          15   1.0817403971092165     
    12960080          16   1.0464533254799877     
    12960080          17  0.82797882620906216     
    12960080          18   1.0163621904927609     
    12960080          19   1.0735979129607043     
    12960080          20  0.92446563664781922     
    12960080          21   1.1396545873529178     
    12960080          22  0.58679107682288911     
    12960080          23   1.0477195365361107     
    12960080          24   1.0548190467163137     
    12960080          25  0.79987187287131656     
    12960081           1  0.98184934704298932     
    12960081           2  0.72773464537675470     
    12960081           3  0.98313519403660943     
    12960081           4   1.0109023398733297     
    12960081           5   1.1244817873174846     
    12960081           6  0.97083171522893463     
    12960081           7  0.98756934296624710     
    12960081           8   1.0393830277949569     
    12960081           9   1.1019544796727541     
    12960081          10  0.96036925984504407     
    12960081          11  0.70240669468409345     
    12960081          12  0.94411541993495240     
    12960081          13  0.86666691372905336     
    12960081          14   1.0344495126766116     
    12960081          15   1.0006387731951580     
    12960081          16   1.1594228456946487     
    12960081          17  0.96975066469374283     
    12960081          18   1.0307375641592147     
    12960081          19   1.0609247663869501     
    12960081          20  0.92812128218381329     
    12960081          21   1.0844558853786477     
    12960081          22   1.1037443421707509     
    12960081          23  0.92227109394009410     
    12960081          24   1.1197544679688889     
    12960081          25   1.1843286340482784     
    12960090           1  0.99362443717038873     
    12960090           2   1.0990854426324912     
    12960090           3   1.0718018952896029     
    12960090           4   1.0363416508088905     
    12960090           5   1.0495477576659327     
    12960090           6  0.88726587144146074     
    12960090           7   1.1371071663899268     
    12960090           8   1.0629687045962581     
    12960090           9   1.0881264451719908     
    12960090          10  0.96992627245386609     
    12960090          11  0.84039538013273651     
    12960090          12   1.0992307488886690     
    12960090          13   1.2128949795250561     
    12960090          14   1.2227292354686601     
    12960090          15  0.79789123397497097     
    12960090          16   1.0591299279806177     
    12960090          17  0.89123375965920548     
    12960090          18  0.99424907379989058     
    12960090          19  0.97560851520195613     
    12960090          20  0.90486642483159196     
    12960090          21  0.97353093876902652     
    12960090          22  0.55469047864160959     
    12960090          23   1.1106871515710479     
    12960090          24  0.93361604195007764     
    12960090          25   1.0334504659840649     
    12960098           1  0.99069362376927361     
    12960098           2   1.0483799638099982     
    12960098           3  0.79604090583512610     
    12960098           4   1.0032011699666528     
    12960098           5  0.96043157317087713     
    12960098           6  0.98381176132113557     
    12960098           7   1.0553542394269839     
    12960098           8   1.0276874929999431     
    12960098           9   1.0672965055863426     
    12960098          10  0.97714202119205540     
    12960098          11  0.99831858465056400     
    12960098          12  0.98212339445548547     
    12960098          13  0.94395743103434160     
    12960098          14   1.0415476633114358     
    12960098          15   1.1063347938286048     
    12960098          16  0.93471855889312372     
    12960098          17   1.0815224727733972     
    12960098          18  0.52481260699329324     
    12960098          19  0.96499345900052214     
    12960098          20   1.1281359981472219     
    12960098          21   1.1163015674234711     
    12960098          22   1.0791793039234219     
    12960098          23   1.0843015451042730     
    12960098          24   1.0698923264923592     
    12960098          25   1.0338210368900933     
    12960114           1   1.0355995089902177     
    12960114           2   1.0224244369587669     
    12960114           3   1.0219666555177136     
    12960114           4   1.0380998541990771     
    12960114           5  0.97186138147780043     
    12960114           6   1.1307590150897782     
    12960114           7  0.99350873224155389     
    12960114           8  0.99061690544386072     
    12960114           9   1.0516595550371339     
    12960114          10   1.0070368619621390     
    12960114          11   1.0015067514293940     
    12960114          12  0.83950101367012364     
    12960114          13   1.0309179678659874     
    12960114          14   1.0046956766424824     
    12960114          15   1.0550089426570266     
    12960114          16  0.88571374098761124     
    12960114          17   1.0574794097690219     
    12960114          18  0.97882976192795357     
    12960114          19  0.96478738923011642     
    12960114          20  0.93421870285319564     
    12960114          21  0.84365146520913947     
    12960114          22   1.0064678523585271     
    12960114          23   1.0748552201492720     
    12960114          24   1.0389496647942391     
    12960114          25   1.0198835335378618     
    12960122           1  0.90107919524700131     
    12960122           2   1.0495635875565947     
    12960122           3  0.95752790387090403     
    12960122           4   1.0972860383114778     
    12960122           5  0.98646980182299526     
    12960122           6   1.0979224699681087     
    12960122           7  0.98439174367290427     
    12960122           8  0.96262474995388814     
    12960122           9  0.96374202271038867     
    12960122          10   1.0463290033406250     
    12960122          11   1.0093957043639550     
    12960122          12  0.96956944654953070     
    12960122          13   1.0651582304726697     
    12960122          14   1.0047206948127627     
    12960122          15   1.0058620983110478     
    12960122          16   1.0068318674536265     
    12960122          17   1.0611195294289177     
    12960122          18   1.0392741807652974     
    12960122          19  0.96157185863041716     
    12960122          20  0.75872575244448726     
    12960122          21   1.1130855284852263     
    12960122          22   1.1513962707037986     
    12960122          23  0.99931564959527153     
    12960122          24  0.95937286476743622     
    12960122          25  0.84766380676066333     
    12960124           1   1.0353735632319341     
    12960124           2   1.0222013657206188     
    12960124           3   1.0170499773402852     
    12960124           4   1.0378733629187176     
    12960124           5  0.97164934202154518     
    12960124           6   1.1305123075538219     
    12960124           7  0.99329196979437340     
    12960124           8  0.99040077393170189     
    12960124           9   1.0514301053188249     
    12960124          10   1.0068171479651546     
    12960124          11   1.0012882439847561     
    12960124          12  0.78083635733215428     
    12960124          13   1.0306930435202770     
    12960124          14   1.0205178638900116     
    12960124          15   1.0547787621736688     
    12960124          16  0.88552049711187342     
    12960124          17   1.0572486902823524     
    12960124          18  0.97861620211948575     
    12960124          19  0.96457689316831885     
    12960124          20  0.93401487622776158     
    12960124          21  0.89605567748018444     
    12960124          22   1.0062482625073204     
    12960124          23   1.0746207096308205     
    12960124          24   1.0387229881033055     
    12960124          25   1.0196610166707278     
    12960125           1  0.91982318203564528     
    12960125           2   1.0427113726290460     
    12960125           3  0.97170399795655726     
    12960125           4  0.67673675547033862     
    12960125           5   1.0842958307688657     
    12960125           6  0.90664336385051392     
    12960125           7  0.95734739584005968     
    12960125           8  0.99763674571924310     
    12960125           9   1.0806752693228832     
    12960125          10   1.0393279414594991     
    12960125          11  0.99860665984285890     
    12960125          12  0.96588299197693095     
    12960125          13   1.0341928413391461     
    12960125          14  0.95125422488051736     
    12960125          15  0.98407161096173823     
    12960125          16  0.88229844608208829     
    12960125          17   1.1034337377024321     
    12960125          18  0.91070831507466288     
    12960125          19   1.0037492618895361     
    12960125          20   1.0530890912271063     
    12960125          21   1.1083710825134874     
    12960125          22   1.0970852939974010     
    12960125          23   1.1561993709902867     
    12960125          24   1.0469448630284854     
    12960125          25   1.0272103534406716     
    12960132           1   1.0184295636510090     
    12960132           2   1.0869910313471267     
    12960132           3  0.92581912345027695     
    12960132           4   1.0795195766732162     
    12960132           5   1.0437473791855469     
    12960132           6   1.0221359543492967     
    12960132           7  0.99468730326598864     
    12960132           8   1.1499677131818580     
    12960132           9   1.0960673323475620     
    12960132          10  0.99360030351161888     
    12960132          11   1.0209275068938295     
    12960132          12  0.93850757003858754     
    12960132          13   1.1206986768850711     
    12960132          14   1.0279682981223457     
    12960132          15  0.87049952719650270     
    12960132          16  0.97845297569111855     
    12960132          17   1.0806427827092628     
    12960132          18  0.99093717613004451     
    12960132          19  0.97283132226364999     
    12960132          20   1.0307628474251120     
    12960132          21  0.91216656789318118     
    12960132          22   1.0878992808155710     
    12960132          23   1.1130908677677125     
    12960132          24   1.0202455042090939     
    12960132          25  0.42340381499541968     
    12960135           1  0.92547533446950780     
    12960135           2  0.77799290174253000     
    12960135           3   1.0063111354077139     
    12960135           4  0.91891312275319759     
    12960135           5   1.2087043170603198     
    12960135           6  0.96428946482614819     
    12960135           7   1.0620909963264740     
    12960135           8  0.99308002218036151     
    12960135           9   1.0434068433546095     
    12960135          10   1.0499732036488996     
    12960135          11   1.0830159169814069     
    12960135          12   1.0969991763829832     
    12960135          13  0.97777052792106300     
    12960135          14  0.97614340821073253     
    12960135          15  0.99408663366789640     
    12960135          16  0.96726483367509697     
    12960135          17  0.63840120747489915     
    12960135          18  0.98395512767271331     
    12960135          19   1.0159129526863793     
    12960135          20   1.0208799322145534     
    12960135          21  0.95487080904788602     
    12960135          22   1.0718144377367158     
    12960135          23   1.1828752178503907     
    12960135          24   1.0376251412759290     
    12960135          25   1.0481473354315931     
    12960136           1  0.91658166893806869     
    12960136           2  0.72356830181611875     
    12960136           3  0.95409723567415239     
    12960136           4  0.54365033402411234     
    12960136           5   1.0380969978789025     
    12960136           6   1.0117987509854722     
    12960136           7   1.0239419267005354     
    12960136           8   1.1372342529898909     
    12960136           9   1.0442775347246966     
    12960136          10   1.1308890095166149     
    12960136          11  0.94145930546319789     
    12960136          12  0.94056363526395148     
    12960136          13  0.99517863809122720     
    12960136          14   1.1067513998169460     
    12960136          15   1.1434960362375552     
    12960136          16   1.0177380797694668     
    12960136          17   1.1486895059143649     
    12960136          18   1.0534504761275842     
    12960136          19  0.97497807006208381     
    12960136          20   1.1034497174931432     
    12960136          21  0.93701434899777492     
    12960136          22   1.0530524787528965     
    12960136          23   1.0623250545717904     
    12960136          24   1.0319583335480902     
    12960136          25  0.96575890664136088     
    12960138           1   1.0363371801754031     
    12960138           2   1.0043820663526701     
    12960138           3   1.0038969439527745     
    12960138           4  0.99778179415220325     
    12960138           5  0.94919232253820529     
    12960138           6   1.2115533715307794     
    12960138           7   1.0452778036718899     
    12960138           8   1.0742658111428918     
    12960138           9   1.0634845555980228     
    12960138          10   1.0616246341251898     
    12960138          11  0.98386723887907945     
    12960138          12  0.83754818998847580     
    12960138          13  0.98468592135287381     
    12960138          14  0.94665437958142251     
    12960138          15   1.0048449416971621     
    12960138          16   1.0273555217154073     
    12960138          17  0.97641024377565355     
    12960138          18  0.95107401416720250     
    12960138          19  0.94531721658217782     
    12960138          20   1.0803568949046909     
    12960138          21   1.1043977191312149     
    12960138          22   1.0450967269481350     
    12960138          23  0.95670321188764040     
    12960138          24  0.97875678520777365     
    12960138          25  0.72913451094105541     
    12960148           1  0.92382212168465261     
    12960148           2   1.0090007292444809     
    12960148           3   1.0462126069487834     
    12960148           4   1.0355950338427291     
    12960148           5  0.94950805487589152     
    12960148           6  0.96320337947141987     
    12960148           7   1.1574412444954862     
    12960148           8   1.0040834681286637     
    12960148           9   1.0259829686251156     
    12960148          10  0.96597056899984601     
    12960148          11   1.0339703399149043     
    12960148          12  0.94738822547706014     
    12960148          13   1.0667717753357289     
    12960148          14   1.1536376102090473     
    12960148          15  0.96636918772633040     
    12960148          16   1.0358971974880866     
    12960148          17  0.98348960332495972     
    12960148          18  0.94867574232717611     
    12960148          19  0.88420849754787401     
    12960148          20   1.0096092861529646     
    12960148          21   1.0565420405615882     
    12960148          22   1.1198692888730328     
    12960148          23  0.68814944004715883     
    12960148          24   1.0222522581331357     
    12960148          25   1.0023493305638809     
    12960153           1  0.90073669565616232     
    12960153           2   1.0455183340803740     
    12960153           3  0.99848965502704956     
    12960153           4   1.0117685099482610     
    12960153           5   1.0330320384050486     
    12960153           6   1.0239857351695114     
    12960153           7  0.99143846512734479     
    12960153           8   1.0781128984832005     
    12960153           9   1.1058444745185576     
    12960153          10   1.1806356756350875     
    12960153          11  0.95547680164590520     
    12960153          12  0.86139843467074273     
    12960153          13  0.98637592478032921     
    12960153          14   1.1979030586341450     
    12960153          15   1.0794218566448774     
    12960153          16   1.0442104173056683     
    12960153          17  0.84835188424858488     
    12960153          18   1.0141837779352014     
    12960153          19   1.0712968246309336     
    12960153          20  0.92248418990497127     
    12960153          21   1.1372119169273620     
    12960153          22  0.61593283497753726     
    12960153          23   1.0454739144374727     
    12960153          24   1.0525582079338265     
    12960153          25  0.79815747327184250     
    12960156           1   1.0658390283331778     
    12960156           2  0.99820346619655731     
    12960156           3  0.95257706755911531     
    12960156           4   1.0445820492404354     
    12960156           5   1.0884659443668496     
    12960156           6   1.0320162678198401     
    12960156           7  0.90534183288538816     
    12960156           8  0.86420502444556357     
    12960156           9   1.1379202057626412     
    12960156          10   1.1285764336855273     
    12960156          11   1.0185993187583378     
    12960156          12  0.74696008249346713     
    12960156          13   1.0677063558182036     
    12960156          14   1.0865579928264553     
    12960156          15   1.0542613703886508     
    12960156          16   1.0477559538591561     
    12960156          17  0.96409289380445629     
    12960156          18   1.0005159116085480     
    12960156          19  0.91784083993232368     
    12960156          20   1.1063956472595124     
    12960156          21   1.0881356597161027     
    12960156          22  0.57821372544288474     
    12960156          23   1.0840121375783549     
    12960156          24   1.0603664339429695     
    12960156          25  0.96085835627547900     
    12960164           1   1.0399870590186180     
    12960164           2  0.85672142946288521     
    12960164           3  0.97680086443515102     
    12960164           4  0.72899087770457049     
    12960164           5   1.0108805736669906     
    12960164           6   1.0145162622621875     
    12960164           7   1.0089310381267322     
    12960164           8   1.1040438377418869     
    12960164           9   1.0750664058546395     
    12960164          10   1.0127719672709066     
    12960164          11   1.0837358469159826     
    12960164          12   1.2044783412753706     
    12960164          13   1.0136193303130976     
    12960164          14   1.0352748909038547     
    12960164          15   1.0301638873788190     
    12960164          16  0.74911529100100382     
    12960164          17  0.97890516242771708     
    12960164          18   1.0451665499358094     
    12960164          19  0.99042553258620691     
    12960164          20   1.0823826635541767     
    12960164          21   1.0317622074397084     
    12960164          22   1.0852277753046249     
    12960164          23   1.1088249470366758     
    12960164          24   1.0575952311116610     
    12960164          25  0.67461202727072211     
    12960165           1  0.80096175876925146     
    12960165           2  0.87385312950242022     
    12960165           3  0.92477077309967182     
    12960165           4  0.53813409365653631     
    12960165           5   1.0715476315322610     
    12960165           6   1.0517919739591817     
    12960165           7   1.0526353651036942     
    12960165           8   1.0407030896380050     
    12960165           9   1.1059898138225042     
    12960165          10   1.0852810689834618     
    12960165          11  0.94574257168505094     
    12960165          12   1.0615109827351792     
    12960165          13  0.70719905751788514     
    12960165          14   1.0798567280601488     
    12960165          15   1.0901026242090206     
    12960165          16   1.1635542307481006     
    12960165          17  0.90894711721563248     
    12960165          18  0.98576756797459264     
    12960165          19   1.1725488791351777     
    12960165          20   1.3800519986192059     
    12960165          21  0.91389584181988770     
    12960165          22  0.99718957206597858     
    12960165          23   1.0421596751746400     
    12960165          24   1.0780849834919815     
    12960165          25  0.92771947148052991     
    12960180           1   1.0193686444911880     
    12960180           2   1.1191781030625843     
    12960180           3   1.0959614080436928     
    12960180           4  0.90553657529024623     
    12960180           5   1.0830291086053345     
    12960180           6   1.1124430098157545     
    12960180           7  0.98897491768204582     
    12960180           8   1.0196985872658981     
    12960180           9   1.1198743544518766     
    12960180          10   1.0760262931239220     
    12960180          11  0.52289410529362124     
    12960180          12  0.92641217458072023     
    12960180          13   1.0384452279586902     
    12960180          14  0.68381465391575336     
    12960180          15   1.0148527739298356     
    12960180          16  0.96987684259415141     
    12960180          17   1.0522242919597098     
    12960180          18   1.0442502667992786     
    12960180          19  0.99209982477124226     
    12960180          20   1.0478367737949326     
    12960180          21   1.1163570125290081     
    12960180          22   1.0278776698583665     
    12960180          23   1.1515368223701725     
    12960180          24  0.85722913887443397     
    12960180          25   1.0142014189375410     
    12960181           1   1.0342684183770126     
    12960181           2   1.0422753724708091     
    12960181           3  0.96458549346913813     
    12960181           4   1.0174945413589906     
    12960181           5   1.1876613070394455     
    12960181           6   1.0180295532252008     
    12960181           7   1.0170053974108233     
    12960181           8   1.0350155584219416     
    12960181           9   1.0846152573476098     
    12960181          10   1.0833812885915233     
    12960181          11  0.96517559646236351     
    12960181          12  0.86481877769670512     
    12960181          13   1.0061949687064276     
    12960181          14   1.1225656748377766     
    12960181          15   1.1308850519688289     
    12960181          16   1.0304138091944119     
    12960181          17  0.99593384822875608     
    12960181          18  0.92483468638740463     
    12960181          19   1.0650654499303793     
    12960181          20   1.0885866724809639     
    12960181          21   1.1181000523913005     
    12960181          22  0.47468703059624079     
    12960181          23  0.94698823509879604     
    12960181          24  0.88482177376352100     
    12960181          25  0.89659618454363665     
    12960196           1  0.92453494808231973     
    12960196           2  0.95210400033293208     
    12960196           3   1.0386817558701005     
    12960196           4   1.0505959986644404     
    12960196           5   1.0617834308779428     
    12960196           6  0.74036066585558802     
    12960196           7  0.98154622957542892     
    12960196           8   1.1202117859669900     
    12960196           9   1.0606965385910438     
    12960196          10   1.0925532981276809     
    12960196          11   1.0241967867290542     
    12960196          12   1.0482935733484771     
    12960196          13  0.83895135806077059     
    12960196          14  0.77125528711903302     
    12960196          15   1.0648423372985583     
    12960196          16   1.0073603031083922     
    12960196          17  0.92448535329387371     
    12960196          18   1.1382299059339001     
    12960196          19  0.71806722257004152     
    12960196          20   1.1021383722438858     
    12960196          21   1.0955924006569746     
    12960196          22   1.0929256530429814     
    12960196          23   1.0526884588593139     
    12960196          24  0.99809084951351246     
    12960196          25   1.0998134862767608     
    12960204           1  0.93720647272349156     
    12960204           2  0.86251556282554853     
    12960204           3  0.90179975377083355     
    12960204           4   1.0708718076489034     
    12960204           5   1.1109166004836077     
    12960204           6   1.0377858775097728     
    12960204           7  0.97188870889747037     
    12960204           8   1.0358991645016720     
    12960204           9  0.93198409653283099     
    12960204          10   1.0668677352358791     
    12960204          11  0.92118598082487857     
    12960204          12  0.94086526201680420     
    12960204          13  0.98912333855775458     
    12960204          14  0.96433545372769203     
    12960204          15   1.1386073010474760     
    12960204          16  0.82062401675490904     
    12960204          17  0.87520536718992148     
    12960204          18  0.98110842950647148     
    12960204          19   1.0939862538590555     
    12960204          20   1.1127500608465648     
    12960204          21   1.0585972926712441     
    12960204          22   1.0024992780805013     
    12960204          23   1.0506033680141047     
    12960204          24  0.98844603270717279     
    12960204          25   1.1343267840654458     
    12960209           1  0.86023216924850887     
    12960209           2  0.99708736811037579     
    12960209           3  0.99873548504519494     
    12960209           4  0.55943682652306770     
    12960209           5   1.0980917453438592     
    12960209           6   1.1410194678852210     
    12960209           7  0.91779898660899240     
    12960209           8   1.0018938961352106     
    12960209           9   1.0158523988755239     
    12960209          10   1.1201578665793661     
    12960209          11   1.1283124762290466     
    12960209          12   1.0292582032700650     
    12960209          13  0.98464728036004623     
    12960209          14   1.0816617626579872     
    12960209          15   1.1449426085887282     
    12960209          16  0.57859249264684209     
    12960209          17   1.0562069350330294     
    12960209          18  0.93438246983174755     
    12960209          19   1.0419015592825047     
    12960209          20   1.0054018011934158     
    12960209          21   1.1588547240180627     
    12960209          22   1.0208911771906617     
    12960209          23   1.0459270469270818     
    12960209          24   1.1042910090962619     
    12960209          25  0.97442224331919769     
    12960210           1  0.90231460086674775     
    12960210           2  0.81236867697422954     
    12960210           3   1.0598192326683948     
    12960210           4   1.0736155551432360     
    12960210           5  0.93839738874772083     
    12960210           6   1.0312254414196180     
    12960210           7  0.94641595623128116     
    12960210           8   1.0874893081435153     
    12960210           9   1.0216717940196858     
    12960210          10   1.0027967180212038     
    12960210          11  0.87612982294902875     
    12960210          12  0.88159290621021813     
    12960210          13  0.99533943601263497     
    12960210          14  0.98773927653619709     
    12960210          15   1.0129612368610590     
    12960210          16   1.1236007072456020     
    12960210          17  0.99698464338518733     
    12960210          18  0.79760753795643080     
    12960210          19   1.2026548650148812     
    12960210          20   1.0336101762737868     
    12960210          21   1.0347209609092276     
    12960210          22   1.0213085791334537     
    12960210          23  0.98813138914982412     
    12960210          24   1.0359008400264897     
    12960210          25   1.1356029501003448     
    12960213           1  0.71580744582110578     
    12960213           2  0.72866503427825946     
    12960213           3   1.0619898152939744     
    12960213           4  0.68449535310121334     
    12960213           5   1.1571838472927558     
    12960213           6  0.95381605922071522     
    12960213           7  0.99601497636083003     
    12960213           8   1.0467464931943120     
    12960213           9   1.1026758833040309     
    12960213          10   1.1102059335446290     
    12960213          11  0.91117523658643218     
    12960213          12   1.0928120829600758     
    12960213          13  0.80688034581673818     
    12960213          14   1.0004456314096861     
    12960213          15   1.0225545764523571     
    12960213          16   1.1555749120855079     
    12960213          17   1.0070408516434182     
    12960213          18  0.99664595749708296     
    12960213          19   1.0550341946661286     
    12960213          20   1.2220411968241653     
    12960213          21  0.88238375052281526     
    12960213          22   1.0490305816394394     
    12960213          23   1.0132131813725951     
    12960213          24   1.0990667088467210     
    12960213          25   1.1284999502650097     
    12960216           1  0.98088048772106451     
    12960216           2  0.72701653877803429     
    12960216           3  0.98216506587965413     
    12960216           4   1.0099048119343526     
    12960216           5   1.1233721826054599     
    12960216           6  0.96987372777377912     
    12960216           7  0.98659483932486713     
    12960216           8   1.0142915372777443     
    12960216           9   1.1008671042284630     
    12960216          10  0.95942159642530134     
    12960216          11  0.70171358094319558     
    12960216          12  0.94804638076404180     
    12960216          13  0.86581171295828430     
    12960216          14   1.0334287490977228     
    12960216          15  0.99965137303421769     
    12960216          16   1.1582787622000810     
    12960216          17  0.96879374398664975     
    12960216          18   1.0297204634191661     
    12960216          19   1.0598778778262248     
    12960216          20  0.97107795931078722     
    12960216          21   1.0833857770194280     
    12960216          22   1.1026552005441315     
    12960216          23  0.92136102464138070     
    12960216          24   1.1186495280330160     
    12960216          25   1.1831599742729515     
    12960221           1  0.95878211721083573     
    12960221           2  0.63339245224758278     
    12960221           3   1.0157592379950164     
    12960221           4   1.0449749939316968     
    12960221           5   1.0723813724322868     
    12960221           6   1.0812536921986904     
    12960221           7  0.94551490142102601     
    12960221           8   1.0520470595934364     
    12960221           9   1.0520344166974243     
    12960221          10  0.96525345913105765     
    12960221          11  0.81384205071922322     
    12960221          12  0.96606382932847246     
    12960221          13  0.97372511648562399     
    12960221          14   1.0755631189099744     
    12960221          15   1.0139185641681454     
    12960221          16   1.0259483206134905     
    12960221          17  0.74623625235996671     
    12960221          18  0.97389179334343812     
    12960221          19   1.0777954270336298     
    12960221          20   1.0379293779214855     
    12960221          21  0.97746824276557154     
    12960221          22   1.2425622220785653     
    12960221          23   1.0098701175960891     
    12960221          24   1.0685258053920066     
    12960221          25   1.1752660584252670     
    12960226           1  0.92787849857169247     
    12960226           2  0.99755717136695210     
    12960226           3  0.98318621881509993     
    12960226           4   1.0048968822861877     
    12960226           5  0.99494317552007583     
    12960226           6   1.1938886422413624     
    12960226           7  0.95618688179049782     
    12960226           8  0.83593938106080246     
    12960226           9  0.99969127829130633     
    12960226          10   1.0170622650077044     
    12960226          11  0.99669671858456099     
    12960226          12  0.99411526137303263     
    12960226          13   1.1372409009908757     
    12960226          14   1.0741255443505509     
    12960226          15  0.99300523660170448     
    12960226          16  0.99810440570944370     
    12960226          17  0.93567950492515262     
    12960226          18   1.0269291212379992     
    12960226          19  0.96657091304659615     
    12960226          20   1.0209949537268275     
    12960226          21  0.84984913429774267     
    12960226          22  0.99009124827309125     
    12960226          23   1.0414150263742237     
    12960226          24   1.0436697866414459     
    12960226          25   1.0202818489150782     
    12960241           1   1.0498852321659742     
    12960241           2  0.94462394709203512     
    12960241           3  0.91608593918941961     
    12960241           4  0.99671149875261378     
    12960241           5  0.96102342885910730     
    12960241           6  0.59635889118826113     
    12960241           7   1.0239138945531123     
    12960241           8   1.1330153160158283     
    12960241           9   1.0689813576967118     
    12960241          10   1.0173321526939263     
    12960241          11  0.81579777634601081     
    12960241          12   1.0061747203975557     
    12960241          13  0.93751431103906235     
    12960241          14  0.85140590134252447     
    12960241          15   1.1145724971731454     
    12960241          16  0.98187576162158718     
    12960241          17   1.0636289300921351     
    12960241          18   1.1085858458163296     
    12960241          19  0.97882836859352396     
    12960241          20   1.0623290470671727     
    12960241          21   1.0918666362161591     
    12960241          22   1.0306496366863902     
    12960241          23   1.0509870293291814     
    12960241          24   1.0486638958228216     
    12960241          25   1.1491879842494093     
    12960247           1  0.53361247084474939     
    12960247           2  0.92266799706420422     
    12960247           3  0.88413997873657513     
    12960247           4   1.0083355003796379     
    12960247           5  0.93180964353173412     
    12960247           6   1.0128168756448965     
    12960247           7   1.1797723264763742     
    12960247           8   1.0068591204588844     
    12960247           9   1.1662794342391150     
    12960247          10   1.0249813065750619     
    12960247          11  0.97350226771478343     
    12960247          12   1.0095539359873968     
    12960247          13   1.1040240160736785     
    12960247          14   1.1000727761027020     
    12960247          15  0.68600998846972994     
    12960247          16   1.0770660615521095     
    12960247          17  0.90430641697724312     
    12960247          18  0.84740674165623808     
    12960247          19   1.0289498400542085     
    12960247          20   1.1385627000288621     
    12960247          21   1.1967188044929922     
    12960247          22   1.0626196263471626     
    12960247          23   1.1812419788668538     
    12960247          24   1.0614584016064770     
    12960247          25  0.95723179011833304     
    12960252           1  0.96446079011307206     
    12960252           2  0.96322359480773567     
    12960252           3  0.84623047923236838     
    12960252           4   1.0302436267522690     
    12960252           5   1.0877347695002455     
    12960252           6  0.92316129277232961     
    12960252           7   1.0590772089111131     
    12960252           8   1.1001304314309652     
    12960252           9   1.1641579308300811     
    12960252          10  0.76888580772975157     
    12960252          11  0.96329183712220934     
    12960252          12   1.0033883198796172     
    12960252          13   1.0669336796191522     
    12960252          14   1.0244481103651641     
    12960252          15   1.0090060573513118     
    12960252          16  0.92723836568762441     
    12960252          17   1.0708780022579403     
    12960252          18   1.0191421290786078     
    12960252          19   1.0088446577338293     
    12960252          20   1.0186309584501652     
    12960252          21  0.80899857044934143     
    12960252          22   1.0690443132793477     
    12960252          23  0.98176734372004792     
    12960252          24   1.1025759214663737     
    12960252          25   1.0185058014593324     
    12960267           1   1.0462376402328799     
    12960267           2  0.73790536672106233     
    12960267           3   1.0909446875647584     
    12960267           4   1.0120340083683608     
    12960267           5   1.0001096812513002     
    12960267           6   1.1063238366697126     
    12960267           7   1.0366894749291997     
    12960267           8  0.92420064178470462     
    12960267           9   1.0344956850048206     
    12960267          10  0.78768370269442900     
    12960267          11   1.0035280544095784     
    12960267          12   1.1078564206980750     
    12960267          13   1.1725458012200944     
    12960267          14   1.0322384986508411     
    12960267          15  0.99785943029216262     
    12960267          16  0.93999856216620292     
    12960267          17   1.0135497192985736     
    12960267          18  0.95932898701339642     
    12960267          19  0.97030864908578973     
    12960267          20   1.0421965095999477     
    12960267          21  0.86543114803283894     
    12960267          22   1.0369765086217928     
    12960267          23   1.0659251445040214     
    12960267          24   1.0410400175650985     
    12960267          25  0.97459182362036045     
    12960273           1  0.94089430851468137     
    12960273           2  0.86590949559876440     
    12960273           3  0.90534826683090441     
    12960273           4   1.0750856063100966     
    12960273           5   1.1152879723419187     
    12960273           6   1.0418694855663306     
    12960273           7  0.97571301663545462     
    12960273           8   1.0399753484868417     
    12960273           9  0.87095627995760661     
    12960273          10   1.0710657781783646     
    12960273          11  0.92481077720571903     
    12960273          12  0.94456749486403346     
    12960273          13  0.99301546324532142     
    12960273          14  0.96813003998426772     
    12960273          15   1.1430876336946789     
    12960273          16  0.82385310949826618     
    12960273          17  0.87864923337277567     
    12960273          18  0.98496901613991394     
    12960273          19   1.0982910060982576     
    12960273          20   1.1171286472311781     
    12960273          21   1.0627627920547738     
    12960273          22   1.0064440360670779     
    12960273          23   1.0210594266690507     
    12960273          24  0.99233549224801887     
    12960273          25   1.1387902732057049     
    12960276           1   1.0644980020444810     
    12960276           2  0.89559469253973756     
    12960276           3   1.1648670621648400     
    12960276           4   1.1035311849480902     
    12960276           5   1.0170250830938958     
    12960276           6   1.0901096138788589     
    12960276           7  0.98670156415516730     
    12960276           8  0.96331846098320129     
    12960276           9   1.0381063505433994     
    12960276          10  0.97230020916959770     
    12960276          11  0.88584628559833023     
    12960276          12  0.92672261959597724     
    12960276          13   1.0681423933607952     
    12960276          14   1.0358412860077149     
    12960276          15   1.0421638540891944     
    12960276          16   1.0511326443303228     
    12960276          17  0.97690256974056955     
    12960276          18   1.0651895514330489     
    12960276          19   1.1850440938892892     
    12960276          20  0.74505806703200450     
    12960276          21  0.75612072948994091     
    12960276          22  0.83452391061830200     
    12960276          23   1.0226384009546117     
    12960276          24   1.0688209112681517     
    12960276          25   1.0398004590704775     
    12960277           1   1.0977042103924071     
    12960277           2  0.83153106682095601     
    12960277           3   1.1676652060675119     
    12960277           4   1.1343976435923095     
    12960277           5   1.0194680936549763     
    12960277           6   1.0868704790696486     
    12960277           7  0.98907173415582528     
    12960277           8  0.96563246209584508     
    12960277           9   1.0911211568276684     
    12960277          10  0.96382804382229892     
    12960277          11  0.98012618826450959     
    12960277          12  0.93126575152815860     
    12960277          13   1.0707081935471385     
    12960277          14   1.0383294952400988     
    12960277          15   1.0446672508531865     
    12960277          16   1.1055826463735210     
    12960277          17   1.0195304377966317     
    12960277          18   1.0148320845279053     
    12960277          19   1.1111297197744194     
    12960277          20  0.67652110654492847     
    12960277          21  0.75793701795548840     
    12960277          22  0.80974679024783092     
    12960277          23   1.0507921883728841     
    12960277          24   1.0409086782322574     
    12960277          25   1.0006323542415987     
    12960282           1  0.95840936943631438     
    12960282           2  0.63314620690911039     
    12960282           3   1.0153643391033751     
    12960282           4   1.0445687367681282     
    12960282           5   1.0719644604323268     
    12960282           6   1.0808333308879972     
    12960282           7  0.94514731157036558     
    12960282           8   1.0516380530077734     
    12960282           9   1.0516254150269670     
    12960282          10  0.96487819547909592     
    12960282          11  0.81352565160437540     
    12960282          12  0.92936143980390851     
    12960282          13  0.97334655928931191     
    12960282          14   1.0751449699356306     
    12960282          15   1.0135243808792049     
    12960282          16   1.0255494604904052     
    12960282          17  0.74594613649595420     
    12960282          18  0.97351317134780746     
    12960282          19   1.0773764102000818     
    12960282          20   1.0375258598971235     
    12960282          21  0.97708823034604908     
    12960282          22   1.2420791485056755     
    12960282          23   1.0555236225280673     
    12960282          24   1.0681103923290918     
    12960282          25   1.1748091477258655     
    12960283           1  0.96670770738776979     
    12960283           2  0.96546762977189038     
    12960283           3  0.84820195376161289     
    12960283           4   1.0326437991862625     
    12960283           5   1.0902688798227531     
    12960283           6  0.92531199405259545     
    12960283           7   1.0615445553292728     
    12960283           8   1.1026934200937941     
    12960283           9   1.1668700852194283     
    12960283          10  0.77067709133751272     
    12960283          11  0.96553603107140185     
    12960283          12   1.0057259271439862     
    12960283          13   1.0694193293627898     
    12960283          14   1.0268347809066809     
    12960283          15   1.0113567523342271     
    12960283          16  0.92939856537949750     
    12960283          17   1.0733728411430805     
    12960283          18  0.97037220280436787     
    12960283          19   1.0111949767018849     
    12960283          20   1.0139054758450965     
    12960283          21  0.81088330529992603     
    12960283          22   1.0715348801946114     
    12960283          23  0.98405458030545656     
    12960283          24   1.1051446074202298     
    12960283          25   1.0208786281238675     
    12960287           1   1.0685920094280681     
    12960287           2   1.0007817497818288     
    12960287           3  0.95503750162908696     
    12960287           4   1.0472801251760839     
    12960287           5   1.0912773690638418     
    12960287           6   1.0346818872983936     
    12960287           7  0.90768026193901796     
    12960287           8  0.86643720025369519     
    12960287           9   1.1408593670531200     
    12960287          10   1.1314914607238353     
    12960287          11   1.0212302832785574     
    12960287          12  0.74888942353942056     
    12960287          13   1.0704641600778755     
    12960287          14   1.0893644894298224     
    12960287          15   1.0366330375404249     
    12960287          16   1.0504622277488860     
    12960287          17  0.96658307237721175     
    12960287          18  0.95887848041405677     
    12960287          19  0.92021155296992330     
    12960287          20   1.1092533830145426     
    12960287          21   1.0909462313129781     
    12960287          22  0.57970720749095694     
    12960287          23   1.0868120584313676     
    12960287          24   1.0631052797430398     
    12960287          25  0.96334018028396040     
    12960290           1   1.0362386488491322     
    12960290           2   1.0579240560901395     
    12960290           3   1.0704556625869905     
    12960290           4  0.96423034166853272     
    12960290           5   1.0260359051034464     
    12960290           6  0.92170356861501090     
    12960290           7   1.0171842640331270     
    12960290           8  0.66423485719992537     
    12960290           9   1.1224104691818431     
    12960290          10   1.0927845019801559     
    12960290          11   1.0117542425760906     
    12960290          12  0.81985571360711895     
    12960290          13   1.0435399063150226     
    12960290          14   1.1763689740461631     
    12960290          15   1.0198695613525846     
    12960290          16  0.99343461748510098     
    12960290          17   1.0831073371896747     
    12960290          18   1.0063138159576066     
    12960290          19   1.1139538685533914     
    12960290          20  0.95946321821067893     
    12960290          21   1.0229200914947074     
    12960290          22  0.61580550742996909     
    12960290          23   1.0498287716155545     
    12960290          24   1.0933883315933786     
    12960290          25   1.0171937672646567     
    12960293           1   1.0307213749859558     
    12960293           2   1.0522913220183363     
    12960293           3   1.0647562061389613     
    12960293           4  0.95909646361054091     
    12960293           5   1.0205729539886670     
    12960293           6  0.91679611702134189     
    12960293           7   1.0117684419537081     
    12960293           8  0.66069825332907961     
    12960293           9   1.1164343883318861     
    12960293          10   1.0869661594800422     
    12960293          11   1.0063673317088664     
    12960293          12  0.87801863786303480     
    12960293          13   1.0839164515276718     
    12960293          14   1.1701056004486188     
    12960293          15   1.0144394418709872     
    12960293          16  0.98814524630027534     
    12960293          17   1.0773405190835095     
    12960293          18   1.0009558717030638     
    12960293          19   1.1326702013076579     
    12960293          20  0.95435472187888104     
    12960293          21   1.0174737299917953     
    12960293          22  0.61252675727457118     
    12960293          23   1.0442391394889414     
    12960293          24   1.0875667741066914     
    12960293          25   1.0117778945869216     
    12960294           1  0.90013108635192540     
    12960294           2   1.0484592444771417     
    12960294           3  0.94258178145929994     
    12960294           4   1.0961314820206953     
    12960294           5  0.98543184556036545     
    12960294           6   1.0967672440286229     
    12960294           7  0.98335597392776031     
    12960294           8  0.96161188327927660     
    12960294           9  0.96272798044960861     
    12960294          10   1.0452280636668694     
    12960294          11   1.0083336256354627     
    12960294          12  0.96854927271629143     
    12960294          13   1.1141737571852024     
    12960294          14  0.99004373875985807     
    12960294          15   1.0048037376168284     
    12960294          16   1.0057724863754551     
    12960294          17   1.0600030272725067     
    12960294          18   1.0381806641239149     
    12960294          19  0.96428705231421641     
    12960294          20  0.75792742679385605     
    12960294          21   1.1119143480872060     
    12960294          22   1.1501847800248775     
    12960294          23  0.99826417702619274     
    12960294          24  0.95836341970247607     
    12960294          25  0.84677190114408407     
    12960295           1  0.90962240768594427     
    12960295           2   1.0287863621023305     
    12960295           3  0.67855669247100925     
    12960295           4   1.1266635790430641     
    12960295           5   1.0075559047708678     
    12960295           6  0.95951331819155872     
    12960295           7   1.0908816538524406     
    12960295           8   1.0874004846453655     
    12960295           9   1.0251369892453226     
    12960295          10   1.0794416146700987     
    12960295          11   1.0299570981439157     
    12960295          12  0.99546600518428208     
    12960295          13  0.98945399487671426     
    12960295          14   1.0229002228125343     
    12960295          15   1.0419226259492254     
    12960295          16  0.83032989094235699     
    12960295          17   1.0497092802067511     
    12960295          18   1.0112217168308870     
    12960295          19  0.99610574001162822     
    12960295          20   1.0327681473589669     
    12960295          21   1.0410224087132938     
    12960295          22   1.0275953697783837     
    12960295          23   1.0173973781057148     
    12960295          24  0.91422797112275755     
    12960295          25   1.0063631432845845     
    12960299           1  0.97697695932584283     
    12960299           2  0.99100525598413347     
    12960299           3  0.91879248793849388     
    12960299           4   1.0399964974858702     
    12960299           5  0.92478696476006184     
    12960299           6  0.94375621616419281     
    12960299           7  0.99666191503118806     
    12960299           8  0.97724144159767801     
    12960299           9  0.84852431672935880     
    12960299          10   1.0904250315832633     
    12960299          11  0.63357979917928942     
    12960299          12   1.1816058245615677     
    12960299          13  0.88764699998730578     
    12960299          14  0.97378464994482794     
    12960299          15   1.1738104830911380     
    12960299          16   1.0451431806393909     
    12960299          17   1.0566438639059756     
    12960299          18   1.0120213468021317     
    12960299          19   1.1238061633751313     
    12960299          20   1.0067991794165216     
    12960299          21   1.0848406178801244     
    12960299          22  0.94323172076397732     
    12960299          23   1.1061715775359124     
    12960299          24   1.0096227355494360     
    12960299          25   1.0531247707671829     
    12960302           1  0.92069009141562030     
    12960302           2   1.0436941009263891     
    12960302           3  0.97261980365360834     
    12960302           4  0.67737456222771220     
    12960302           5   1.0853177513343826     
    12960302           6  0.92042520611465084     
    12960302           7  0.95824967081372558     
    12960302           8  0.99857699235529529     
    12960302           9   1.0816937776035831     
    12960302          10   1.0403074809611319     
    12960302          11  0.99954782059769820     
    12960302          12  0.96679331152753201     
    12960302          13   1.0351675411427277     
    12960302          14  0.95215075719933184     
    12960302          15  0.92022581979343776     
    12960302          16  0.88069636749716684     
    12960302          17   1.1351913670838603     
    12960302          18  0.91156663393004578     
    12960302          19   1.0046952694127966     
    12960302          20   1.0540816002538018     
    12960302          21   1.1094156933764117     
    12960302          22   1.0981192682987382     
    12960302          23   1.1572890587687732     
    12960302          24   1.0479315812802124     
    12960302          25   1.0281784724313610     
    12960309           1   1.0086984231056242     
    12960309           2   1.0874533195576801     
    12960309           3  0.92621286659399515     
    12960309           4   1.0799786873364747     
    12960309           5   1.0441912762318692     
    12960309           6   1.0225706602370657     
    12960309           7  0.99511033547161520     
    12960309           8   1.1504567848494156     
    12960309           9   1.0573700555930716     
    12960309          10  0.99402287342532514     
    12960309          11  0.99768211473292634     
    12960309          12  0.93890670947270627     
    12960309          13   1.0624293449368729     
    12960309          14   1.0284054844572281     
    12960309          15  0.87086974337778700     
    12960309          16  0.97886910357276480     
    12960309          17   1.0811023710626710     
    12960309          18  0.99135861343790932     
    12960309          19  0.97324505930302785     
    12960309          20   1.0312012222584819     
    12960309          21  0.93085145206998321     
    12960309          22   1.0883619552970409     
    12960309          23   1.1776789021582295     
    12960309          24   1.0206794061042015     
    12960309          25  0.46229323535603595     
    12960311           1  0.78893794544326667     
    12960311           2  0.92177158140553206     
    12960311           3   1.0272837191607069     
    12960311           4  0.53926483164983330     
    12960311           5   1.1171556904571398     
    12960311           6   1.0271558857252800     
    12960311           7   1.0182529813112962     
    12960311           8   1.0520983906668426     
    12960311           9   1.0356015975635364     
    12960311          10   1.0875265696017027     
    12960311          11  0.93751263612533731     
    12960311          12   1.0816746104342392     
    12960311          13  0.72731406939756205     
    12960311          14   1.0979914172895231     
    12960311          15   1.1474652799936289     
    12960311          16   1.1287845283224840     
    12960311          17  0.75041548750762188     
    12960311          18  0.98783888227117456     
    12960311          19   1.1025766032770616     
    12960311          20   1.2243426648211444     
    12960311          21   1.0659136838932386     
    12960311          22  0.97377823510536032     
    12960311          23   1.0077531661101169     
    12960311          24   1.0803502769666145     
    12960311          25   1.0712392654997629     
    12960314           1  0.89635771875203774     
    12960314           2   1.0765010029061999     
    12960314           3  0.99794692029366239     
    12960314           4   1.0112185574177250     
    12960314           5   1.0324705279626303     
    12960314           6   1.0234291418966905     
    12960314           7  0.99089956310834904     
    12960314           8   1.0775268840827774     
    12960314           9   1.1052433864621880     
    12960314          10   1.1651959980246134     
    12960314          11  0.95495744679371630     
    12960314          12  0.86093021665022795     
    12960314          13  0.94417713885029753     
    12960314          14   1.1972519316105672     
    12960314          15   1.0788351307527975     
    12960314          16   1.0436428307917942     
    12960314          17  0.82575509578904538     
    12960314          18   1.0136325125720085     
    12960314          19   1.0707145151462361     
    12960314          20  0.92198276837462179     
    12960314          21   1.2011173152722412     
    12960314          22  0.61559804118043293     
    12960314          23   1.0449056411425433     
    12960314          24   1.0519860839308575     
    12960314          25  0.79772363023573689     
    12960318           1  0.71750012512768757     
    12960318           2  0.73038811809382076     
    12960318           3   1.0645011166148020     
    12960318           4  0.68611398828922365     
    12960318           5   1.1599202551963876     
    12960318           6  0.95607156063405463     
    12960318           7  0.99837026611001345     
    12960318           8   1.0492217484303548     
    12960318           9   1.1052833955064147     
    12960318          10   1.1128312521561163     
    12960318          11  0.91332990468417807     
    12960318          12   1.0953962701037108     
    12960318          13  0.80878838641093020     
    12960318          14   1.0028113983872913     
    12960318          15   1.0513268067204260     
    12960318          16   1.1111607721082231     
    12960318          17   1.0094222144252822     
    12960318          18  0.99900273933568007     
    12960318          19   1.0575290479391328     
    12960318          20   1.2249309737575167     
    12960318          21  0.88447033501378935     
    12960318          22   1.0515112380895490     
    12960318          23   1.0156091399439646     
    12960318          24   1.1016656863866707     
    12960318          25   1.0928432605347791     
    12960319           1  0.97163892512069727     
    12960319           2  0.81872411591084160     
    12960319           3  0.79267273324982279     
    12960319           4  0.93294288646168633     
    12960319           5   1.0634115494508465     
    12960319           6  0.92482133541856582     
    12960319           7   1.2691607807963310     
    12960319           8   1.0137240681740964     
    12960319           9   1.0870571937973388     
    12960319          10   1.2244909094132086     
    12960319          11  0.66990010189137694     
    12960319          12   1.1422570144701438     
    12960319          13  0.74661110676846376     
    12960319          14  0.84603758563223497     
    12960319          15   1.1117216864377322     
    12960319          16   1.0118635771770672     
    12960319          17   1.0587890375296929     
    12960319          18  0.95482216695979605     
    12960319          19   1.0047171546206934     
    12960319          20   1.0691278796760570     
    12960319          21  0.98488149346337128     
    12960319          22   1.0609198799766413     
    12960319          23   1.1244878549988888     
    12960319          24   1.0624723385740193     
    12960319          25   1.0527466240303831     
    12960324           1  0.92618929859737109     
    12960324           2  0.95758699909937139     
    12960324           3  0.94560061625660552     
    12960324           4  0.97009676653979260     
    12960324           5  0.85608498718565429     
    12960324           6  0.99457898155218272     
    12960324           7   1.0277985683318875     
    12960324           8   1.0359919984518824     
    12960324           9   1.0326341900010645     
    12960324          10   1.0915248693859885     
    12960324          11  0.75122175054528073     
    12960324          12   1.2234525348013241     
    12960324          13  0.88152208707046809     
    12960324          14  0.84759008719545614     
    12960324          15   1.0260524420009216     
    12960324          16  0.97884433657078340     
    12960324          17   1.0032792698681359     
    12960324          18   1.0205851088251701     
    12960324          19   1.1787848613958520     
    12960324          20   1.1592922046520759     
    12960324          21   1.0745046646108252     
    12960324          22  0.89375650541967966     
    12960324          23   1.1144160283959039     
    12960324          24  0.97378082352999273     
    12960324          25   1.0348300197163323     
    12960326           1  0.97992015619032957     
    12960326           2  0.99192150961668724     
    12960326           3  0.96898209020109127     
    12960326           4   1.0227069277455056     
    12960326           5   1.0094925013318685     
    12960326           6  0.72380512157570809     
    12960326           7   1.0400389142801094     
    12960326           8   1.0745070927926716     
    12960326           9  0.97791593259994769     
    12960326          10  0.98758211758397707     
    12960326          11   1.0493665262065734     
    12960326          12   1.0479255258930980     
    12960326          13   1.0245233789475894     
    12960326          14  0.68866850912962674     
    12960326          15   1.1222873984946147     
    12960326          16  0.99274017635325307     
    12960326          17   1.0878294593221025     
    12960326          18   1.1681548178864984     
    12960326          19  0.92508762373761066     
    12960326          20   1.0622016361829028     
    12960326          21  0.92495149647032859     
    12960326          22  0.94596726254844099     
    12960326          23   1.0291488096081969     
    12960326          24   1.0891907966437253     
    12960326          25   1.0650842186575462     
    12960328           1  0.90374846555004384     
    12960328           2  0.81365960893367073     
    12960328           3   1.0615033873600526     
    12960328           4   1.0753216335182048     
    12960328           5  0.93988859245131839     
    12960328           6  0.99158190732769591     
    12960328           7  0.94791990220981714     
    12960328           8   1.0892174332463467     
    12960328           9   1.0232953287623991     
    12960328          10   1.0043902584527946     
    12960328          11  0.87752207750182254     
    12960328          12  0.88299384212774057     
    12960328          13  0.99692112610589012     
    12960328          14  0.99086373530244953     
    12960328          15   1.0145709296906860     
    12960328          16   1.1253862168347168     
    12960328          17  0.99856894787118955     
    12960328          18  0.79887501304628072     
    12960328          19   1.2045659992639366     
    12960328          20   1.0352526822541077     
    12960328          21   1.0363652320331667     
    12960328          22   1.0229315366927796     
    12960328          23  0.98970162496336100     
    12960328          24   1.0375469860918245     
    12960328          25   1.1374075324077038     
    12960329           1  0.92220801086223114     
    12960329           2  0.94970767530447819     
    12960329           3   1.0360675256102554     
    12960329           4   1.0479517817663782     
    12960329           5   1.0591110566317252     
    12960329           6  0.73849727194793491     
    12960329           7   1.0640903778307349     
    12960329           8   1.1173923549605631     
    12960329           9   1.0580268999148790     
    12960329          10   1.0898034800276544     
    12960329          11   1.0216190132996363     
    12960329          12   1.0456551513629546     
    12960329          13  0.83683982388354472     
    12960329          14  0.76931413536753901     
    12960329          15   1.0621622641727930     
    12960329          16   1.0048249049731408     
    12960329          17  0.92215854089757820     
    12960329          18   1.1132723796063808     
    12960329          19  0.71625993843201119     
    12960329          20   1.0993644297278331     
    12960329          21   1.0928349335212835     
    12960329          22   1.0901748977728529     
    12960329          23   1.0500389755042949     
    12960329          24  0.99557878141746026     
    12960329          25   1.0970453952038586     
    12960330           1  0.99133878490490246     
    12960330           2   1.1130821863076019     
    12960330           3   1.0391503696383999     
    12960330           4  0.81118380181607808     
    12960330           5   1.0179315024193523     
    12960330           6   1.0067159333856812     
    12960330           7  0.96759741571064140     
    12960330           8   1.0187642405590653     
    12960330           9  0.93376577060652266     
    12960330          10  0.93247102802105730     
    12960330          11  0.97873234289169131     
    12960330          12  0.98731699657048078     
    12960330          13   1.0125705806430882     
    12960330          14  0.97748512590207159     
    12960330          15   1.0687522355593004     
    12960330          16   1.0126254256781351     
    12960330          17   1.0409633807244634     
    12960330          18  0.89605802556170067     
    12960330          19  0.93178066021065464     
    12960330          20   1.0556522675735873     
    12960330          21   1.1346564234357199     
    12960330          22   1.0858267365713277     
    12960330          23   1.0408380613510373     
    12960330          24  0.92831439096288004     
    12960330          25   1.0164263129945570     
    12960333           1   1.0292930783394096     
    12960333           2  0.94494800874890084     
    12960333           3   1.0841967033312110     
    12960333           4   1.0572335426667625     
    12960333           5   1.0160718294672351     
    12960333           6  0.99796793521585270     
    12960333           7   1.0379631191935510     
    12960333           8  0.96060977292306127     
    12960333           9   1.0120507586991971     
    12960333          10  0.97647830057116192     
    12960333          11   1.0526619052509365     
    12960333          12  0.95021191298000718     
    12960333          13   1.0933610400281464     
    12960333          14   1.0423568442068272     
    12960333          15   1.0676882560676566     
    12960333          16   1.0056885171296295     
    12960333          17   1.0332854218553160     
    12960333          18   1.0012272561309992     
    12960333          19  0.99936005267557859     
    12960333          20  0.97783258497191006     
    12960333          21  0.98598333050656317     
    12960333          22   1.0684574658790988     
    12960333          23  0.60970262002554609     
    12960333          24  0.99146820879738329     
    12960333          25   1.0039015343380568     
    12960335           1  0.91588094312932555     
    12960335           2  0.72301513454182842     
    12960335           3  0.95336782925054153     
    12960335           4  0.54323471386401900     
    12960335           5   1.0373033737174733     
    12960335           6   1.0110252318086257     
    12960335           7   1.0231591240774753     
    12960335           8   1.1363648384918026     
    12960335           9   1.0434791855487633     
    12960335          10   1.1300244459510895     
    12960335          11  0.94073956072513898     
    12960335          12  0.93984457526490262     
    12960335          13  0.99441782497478293     
    12960335          14   1.1059052894309365     
    12960335          15   1.1755577341745709     
    12960335          16   1.0169600199814488     
    12960335          17   1.1478113338863782     
    12960335          18   1.0526451142467268     
    12960335          19  0.97423270026056596     
    12960335          20   1.1026061312401108     
    12960335          21  0.93629800242467998     
    12960335          22   1.0371005672582299     
    12960335          23   1.0628363384794599     
    12960335          24   1.0311694023896669     
    12960335          25  0.96502058488145559     
    12960336           1  0.66363083628255859     
    12960336           2  0.79704531790111821     
    12960336           3   1.0558052816190349     
    12960336           4  0.68050917121827137     
    12960336           5   1.1504449479468175     
    12960336           6  0.98862967130083979     
    12960336           7  0.99021464939597836     
    12960336           8   1.0406507295221408     
    12960336           9   1.0962544129333858     
    12960336          10   1.1037406116712514     
    12960336          11  0.89754587142090203     
    12960336          12   1.0864480547649689     
    12960336          13  0.80218145078169589     
    12960336          14  0.99461950237502439     
    12960336          15   1.1222757043925358     
    12960336          16   1.1877627756630882     
    12960336          17  0.96014139062546244     
    12960336          18  0.99084195599220359     
    12960336          19   1.0332875907437491     
    12960336          20   1.2149245985055366     
    12960336          21  0.87724515885203080     
    12960336          22   1.0819054588352559     
    12960336          23   1.0073127000780957     
    12960336          24   1.0926662566258245     
    12960336          25   1.0839159005522290     
    12960337           1   1.0028432067639428     
    12960337           2   1.0905074130144512     
    12960337           3   1.1741289013356548     
    12960337           4   1.0650813456947446     
    12960337           5   1.0133682566229489     
    12960337           6   1.0622825736681065     
    12960337           7  0.98879415299546736     
    12960337           8   1.0203921533780000     
    12960337           9   1.0769425710298122     
    12960337          10   1.1069211931138274     
    12960337          11   1.0203988482511290     
    12960337          12  0.95413648028808817     
    12960337          13   1.1984370980309422     
    12960337          14   1.1239055272852947     
    12960337          15  0.93517922465019954     
    12960337          16  0.87520898148777992     
    12960337          17  0.99551308967245333     
    12960337          18  0.99139212090378404     
    12960337          19   1.0291145509577164     
    12960337          20  0.81757753430301427     
    12960337          21  0.84204638015490696     
    12960337          22  0.68283021213582207     
    12960337          23  0.79294770217375399     
    12960337          24   1.0693767617484082     
    12960337          25   1.0706737203397465     
    12960338           1  0.99145790464291295     
    12960338           2   1.0966889593407563     
    12960338           3   1.0694649019727236     
    12960338           4   1.0340819762154905     
    12960338           5   1.0472592880278491     
    12960338           6  0.88533124674918640     
    12960338           7   1.1346277792381523     
    12960338           8   1.0606509714688857     
    12960338           9   1.1198882843047586     
    12960338          10  0.96781141221098721     
    12960338          11  0.83856295345431964     
    12960338          12   1.0968339487662295     
    12960338          13   1.2306267655329186     
    12960338          14   1.2200631550444685     
    12960338          15  0.79615148478289466     
    12960338          16   1.0568205650523792     
    12960338          17  0.88929048324846738     
    12960338          18  0.99208117929345674     
    12960338          19  0.97348126520367040     
    12960338          20  0.90289342329390720     
    12960338          21  0.97140821878907757     
    12960338          22  0.55348101265053506     
    12960338          23   1.1082653715184347     
    12960338          24  0.93158035376912041     
    12960338          25   1.0311970954284195     
    12960339           1   1.0078847425385029     
    12960339           2  0.90581454584117149     
    12960339           3   1.0125300736491998     
    12960339           4   1.0511202657382908     
    12960339           5   1.0357756133966893     
    12960339           6   1.1637051898884172     
    12960339           7   1.0059698577385483     
    12960339           8   1.0226787365566348     
    12960339           9   1.0472124707087653     
    12960339          10   1.0050609939662789     
    12960339          11   1.0655501226937099     
    12960339          12  0.87784054835040659     
    12960339          13   1.0102531147176990     
    12960339          14   1.0172971148650578     
    12960339          15   1.0508357538414783     
    12960339          16  0.96937853284099984     
    12960339          17   1.0100312769808879     
    12960339          18   1.0160668586195680     
    12960339          19  0.97557922101464212     
    12960339          20  0.91532749575881112     
    12960339          21  0.86870355326692095     
    12960339          22   1.0520404811617168     
    12960339          23  0.99229609480111469     
    12960339          24   1.0519807351189570     
    12960339          25  0.86906660594553031     
    12960341           1  0.93964070200425309     
    12960341           2   1.0495084704745024     
    12960341           3  0.99957070762300515     
    12960341           4   1.0128639393988108     
    12960341           5   1.0120936687556550     
    12960341           6   1.0250943920611009     
    12960341           7   1.0004036149966407     
    12960341           8   1.0792801581956777     
    12960341           9   1.1070417588708616     
    12960341          10   1.1819139355104875     
    12960341          11  0.95651128474905422     
    12960341          12  0.86447208105779405     
    12960341          13  0.98744386198799416     
    12960341          14   1.2456599350519424     
    12960341          15   1.0805905335504238     
    12960341          16  0.93306077916539376     
    12960341          17  0.82709870498750648     
    12960341          18   1.0152818223670019     
    12960341          19   1.0724567046632163     
    12960341          20   1.0116405898171013     
    12960341          21   1.0824473918845592     
    12960341          22  0.61659969796087877     
    12960341          23   1.0466058363192035     
    12960341          24   1.0536977998938957     
    12960341          25  0.79902162865304027     
    12960343           1  0.53382802621292613     
    12960343           2  0.92304071331556403     
    12960343           3  0.88449713140644182     
    12960343           4   1.0550876855097500     
    12960343           5  0.87574231721735085     
    12960343           6   1.0132260079767921     
    12960343           7   1.1802489012794251     
    12960343           8   1.0072658461264254     
    12960343           9   1.1667505585223357     
    12960343          10   1.0253953527883435     
    12960343          11  0.97389551871846780     
    12960343          12   1.0099617502388545     
    12960343          13   1.1044699919761607     
    12960343          14   1.1005171558824676     
    12960343          15  0.68628710556072192     
    12960343          16   1.0775011476569769     
    12960343          17  0.90467171597849683     
    12960343          18  0.84774905575527704     
    12960343          19   1.0293654893760040     
    12960343          20   1.1390226280017006     
    12960343          21   1.1972022249087448     
    12960343          22   1.0630488767438531     
    12960343          23   1.1817191473431778     
    12960343          24   1.0618871829207523     
    12960343          25  0.95761846858299260     
    12960344           1  0.86909593848017297     
    12960344           2   1.1026099346510623     
    12960344           3   1.1383702735703403     
    12960344           4   1.0952504199448465     
    12960344           5   1.0691388137852809     
    12960344           6  0.89135392644173550     
    12960344           7   1.0575004664005780     
    12960344           8  0.99959917731379344     
    12960344           9   1.0946670192840400     
    12960344          10   1.0474655899813512     
    12960344          11   1.0320800994717423     
    12960344          12  0.87097727696379224     
    12960344          13   1.3210925227292443     
    12960344          14   1.0022857340126594     
    12960344          15  0.75039050482954028     
    12960344          16   1.0635929819240033     
    12960344          17   1.0083069456517777     
    12960344          18   1.0267178047230343     
    12960344          19   1.1076503820834318     
    12960344          20  0.80740809339237374     
    12960344          21  0.79644185259518141     
    12960344          22  0.77972448794329330     
    12960344          23  0.90727638455441784     
    12960344          24   1.1443112537239162     
    12960344          25   1.0166921155483892     
    12960345           1  0.91904343608341788     
    12960345           2   1.0418274527757219     
    12960345           3  0.97088027196881588     
    12960345           4  0.67616307701114431     
    12960345           5   1.0833766592350631     
    12960345           6  0.89883414852198962     
    12960345           7  0.95653584012874393     
    12960345           8  0.99679103620739296     
    12960345           9   1.0797591669856255     
    12960345          10   1.0384468897843322     
    12960345          11  0.99776012812232051     
    12960345          12  0.96506420053089181     
    12960345          13   1.0333161427544548     
    12960345          14  0.95044783442866088     
    12960345          15  0.98323740078924493     
    12960345          16  0.87912124098813627     
    12960345          17   1.1331610759629851     
    12960345          18  0.90993629591249325     
    12960345          19   1.0028983707190424     
    12960345          20   1.0521963740481353     
    12960345          21   1.1074315020788619     
    12960345          22   1.0961552806709816     
    12960345          23   1.1552192458998294     
    12960345          24   1.0460573543908525     
    12960345          25   1.0263395740008570     
    12960347           1   1.0427648287256848     
    12960347           2   1.1042865611369064     
    12960347           3   1.0768739019366076     
    12960347           4  0.94436917435685686     
    12960347           5   1.0545144527488819     
    12960347           6  0.86922805738676212     
    12960347           7   1.1424882122078461     
    12960347           8   1.0679989106063095     
    12960347           9   1.0670588083674393     
    12960347          10  0.92253535010723764     
    12960347          11  0.82702976305876608     
    12960347          12   1.0644220382926843     
    12960347          13   1.2186346702508384     
    12960347          14   1.2285154640963938     
    12960347          15  0.80166703401795780     
    12960347          16   1.0641419680398558     
    12960347          17  0.89545127744200892     
    12960347          18  0.99895408312414513     
    12960347          19  0.98022531322752926     
    12960347          20  0.90914845543964296     
    12960347          21   1.0411313676164031     
    12960347          22  0.55731539823455356     
    12960347          23   1.1448698023155182     
    12960347          24  0.93803412218610960     
    12960347          25   1.0383409850770591     
    12960348           1   1.0957485707664041     
    12960348           2  0.83004963394574982     
    12960348           3   1.1655849258560749     
    12960348           4   1.1323766319550665     
    12960348           5   1.0176518373424632     
    12960348           6   1.0849341405213599     
    12960348           7  0.98730963116126436     
    12960348           8  0.96391211786362763     
    12960348           9   1.0891772453888122     
    12960348          10  0.96211091429204232     
    12960348          11  0.97838002240843802     
    12960348          12  0.92960663408214195     
    12960348          13   1.0688006492821509     
    12960348          14   1.0364796359733539     
    12960348          15   1.0428061004153779     
    12960348          16   1.1036129707426912     
    12960348          17   1.0177140704135108     
    12960348          18   1.0130240876017276     
    12960348          19   1.1091501616302053     
    12960348          20  0.67531583515099469     
    12960348          21  0.75658669821334357     
    12960348          22  0.80830416764053370     
    12960348          23   1.0489201259148730     
    12960348          24   1.0467550298821851     
    12960348          25   1.0356881615556104     
    12960349           1  0.99541971342712554     
    12960349           2   1.0446940896649439     
    12960349           3   1.0387038119526233     
    12960349           4   1.0828064194224145     
    12960349           5   1.1148931106923752     
    12960349           6   1.1076515353213165     
    12960349           7  0.85934988142881985     
    12960349           8  0.63037035742642278     
    12960349           9   1.0632233817352841     
    12960349          10   1.0893282132536077     
    12960349          11   1.0637812535211040     
    12960349          12  0.95825366552351987     
    12960349          13  0.99977623117946268     
    12960349          14   1.0490452258593106     
    12960349          15   1.1045341375791524     
    12960349          16  0.89086804575320366     
    12960349          17   1.0489925198052206     
    12960349          18  0.88397293432654633     
    12960349          19  0.78523170052496327     
    12960349          20  0.89621065859143800     
    12960349          21   1.1356169360511645     
    12960349          22  0.92357681582553464     
    12960349          23   1.1022841067684443     
    12960349          24   1.1459675103882079     
    12960349          25  0.98544774397779344     
    12960350           1  0.98623246415320731     
    12960350           2  0.74705150316536462     
    12960350           3  0.97680829301920513     
    12960350           4  0.89169081892313451     
    12960350           5   1.0507294432527117     
    12960350           6   1.0535371083945155     
    12960350           7   1.1391831426666250     
    12960350           8   1.0911217038019814     
    12960350           9   1.0990781521377946     
    12960350          10   1.0301525035289563     
    12960350          11   1.0525950455669368     
    12960350          12  0.97947057391383074     
    12960350          13  0.57370590840716285     
    12960350          14   1.0932353483279593     
    12960350          15  0.97250850068497285     
    12960350          16  0.87409727958406158     
    12960350          17   1.0196102525916502     
    12960350          18  0.90786533976393613     
    12960350          19   1.0227065200202532     
    12960350          20   1.0856936197263767     
    12960350          21   1.1142733586236255     
    12960350          22   1.0828241018180265     
    12960350          23   1.1182420424201915     
    12960350          24   1.0525200334305047     
    12960350          25  0.98506694207701084     
    12960351           1  0.96380241306054149     
    12960351           2  0.77534160384054474     
    12960351           3  0.79303224081229085     
    12960351           4  0.93336601193196489     
    12960351           5   1.0638938474762574     
    12960351           6  0.98485130175965507     
    12960351           7   1.2697363940091293     
    12960351           8   1.1060325384119527     
    12960351           9   1.0633731170150509     
    12960351          10   1.2250462631217971     
    12960351          11  0.60059417537609816     
    12960351          12   1.1028967667365439     
    12960351          13  0.74694972361227174     
    12960351          14  0.79394737317333730     
    12960351          15   1.1122258949677712     
    12960351          16   1.0123224962150539     
    12960351          17   1.0530780107391466     
    12960351          18  0.99195570566897107     
    12960351          19   1.0051728324812732     
    12960351          20   1.0696127702770160     
    12960351          21  0.98532817508894333     
    12960351          22   1.0749508734538227     
    12960351          23   1.1249978534772243     
    12960351          24   1.0608473523302457     
    12960351          25   1.0866442649630963     
    12960352           1  0.95752330793520024     
    12960352           2   1.0709265391964871     
    12960352           3  0.94223351823399093     
    12960352           4   1.0479373074843565     
    12960352           5   1.0361974652757768     
    12960352           6   1.0071072527958540     
    12960352           7   1.0345464906060930     
    12960352           8  0.91540132331365920     
    12960352           9   1.0173086933233071     
    12960352          10  0.97891602018606649     
    12960352          11   1.1035667304924894     
    12960352          12  0.92336737922717216     
    12960352          13   1.0696061131446482     
    12960352          14   1.0370878610332044     
    12960352          15  0.99395632775945975     
    12960352          16  0.92242627057428972     
    12960352          17   1.0523600544156539     
    12960352          18   1.0185134826631133     
    12960352          19  0.95605639968751854     
    12960352          20   1.0698320339293479     
    12960352          21   1.1735265670170600     
    12960352          22   1.0396693639024595     
    12960352          23   1.0948125019304731     
    12960352          24   1.0476363181159476     
    12960352          25  0.48948467775637433     
    12960353           1   1.0684787551072852     
    12960353           2  0.89894382171472087     
    12960353           3   1.1692231512477380     
    12960353           4   1.1570011695125348     
    12960353           5   1.0208283083763288     
    12960353           6   1.0941861430746922     
    12960353           7  0.99039139285004540     
    12960353           8  0.96692084718463100     
    12960353           9   1.0419884104688337     
    12960353          10  0.97593618314811459     
    12960353          11  0.88915896003059458     
    12960353          12  0.93018815349011441     
    12960353          13   1.0721367748398734     
    12960353          14   1.0397148755907246     
    12960353          15   1.0460610872884502     
    12960353          16   1.0550634168496651     
    12960353          17  0.98055575451788901     
    12960353          18   1.0691728905855791     
    12960353          19   1.1894756361723628     
    12960353          20  0.74784425561724210     
    12960353          21  0.71221819507649720     
    12960353          22  0.77206284564014460     
    12960353          23   1.0264626175702583     
    12960353          24   1.0422974998310175     
    12960353          25   1.0436888542146678     
    12960354           1  0.72138977085911815     
    12960354           2   1.0387147333743505     
    12960354           3  0.81263912905107649     
    12960354           4   1.1811370220509569     
    12960354           5   1.0711238529348019     
    12960354           6  0.99164872875296961     
    12960354           7   1.1384592657765751     
    12960354           8   1.0175598543329840     
    12960354           9  0.87603813356627913     
    12960354          10  0.67204327672341180     
    12960354          11  0.98948279835981545     
    12960354          12  0.98483617135892243     
    12960354          13   1.0021740599509059     
    12960354          14  0.95182586478364684     
    12960354          15   1.0496172414555105     
    12960354          16   1.0767217705691183     
    12960354          17   1.0188964654358859     
    12960354          18   1.0211024583724575     
    12960354          19   1.0635339025829711     
    12960354          20   1.0460450436158735     
    12960354          21  0.92780734678656385     
    12960354          22   1.0838108121638907     
    12960354          23   1.1068691116941358     
    12960354          24   1.1155467935446342     
    12960354          25   1.0409763919031438     
