    11323868           1  0.74649672978512427     
    11323868           2  0.44698659943036156     
    11323868           3   1.2358374993084660     
    11323868           4   1.0008888947452943     
    11323868           5   1.1006864338975104     
    11323868           6  0.99397326567225586     
    11323868           7   1.2125765083309030     
    11323868           8  0.81120097014906600     
    11323868           9   1.2906842360817834     
    11323868          10   1.1606688625992361     
    11355211           1  0.73460146381256919     
    11355211           2   1.2031702756920135     
    11355211           3   1.0632553015331658     
    11355211           4   1.0652887307392225     
    11355211           5   1.2368117712566713     
    11355211           6  0.72292219122699730     
    11355211           7   1.2433283405302284     
    11355211           8  0.53035597805659862     
    11355211           9   1.1761793352860874     
    11355211          10   1.0240866118664453     
    11651869           1  0.87322151612071630     
    11651869           2   1.3685304820156088     
    11651869           3  0.50842791031502610     
    11651869           4   1.1276307328339588     
    11651869           5   1.2755126215679959     
    11651869           6  0.90612924248524984     
    11651869           7   1.2984510181970366     
    11651869           8   1.2997422002266776     
    11651869           9  0.58625368767901875     
    11651869          10  0.75610058855871320     
    11798084           1   1.1281453626831810     
    11798084           2   1.0221573583622612     
    11798084           3   1.2051558818457422     
    11798084           4  0.48760140431387411     
    11798084           5   1.0705086890440689     
    11798084           6   1.0745652632904772     
    11798084           7  0.76757418238863473     
    11798084           8  0.91919295345441876     
    11798084           9   1.1132933652418768     
    11798084          10   1.2118055393754641     
    11822189           1   1.2131492673388797     
    11822189           2   1.0777570780575201     
    11822189           3   1.0472518164417097     
    11822189           4  0.59348149452602328     
    11822189           5   1.0225822330777039     
    11822189           6   1.2725278984760353     
    11822189           7  0.57986466881936471     
    11822189           8   1.2503855249335989     
    11822189           9  0.75081121675461193     
    11822189          10   1.1921888015745548     
    12036832           1   1.1552877240970680     
    12036832           2  0.93473187809060310     
    12036832           3   1.2012773339838305     
    12036832           4   1.4457125354567764     
    12036832           5  0.90546024127629865     
    12036832           6  0.50381163328010836     
    12036832           7  0.89772402214501446     
    12036832           8  0.90729248206049273     
    12036832           9  0.81401271517254969     
    12036832          10   1.2346894344372574     
    12047355           1  0.83662231896139339     
    12047355           2   1.1159915534408067     
    12047355           3   1.1251972096376681     
    12047355           4  0.74736030294350009     
    12047355           5  0.84169856563129586     
    12047355           6  0.56623648229369750     
    12047355           7   1.2370791564475470     
    12047355           8   1.2709270367107923     
    12047355           9   1.3901506150035698     
    12047355          10  0.86873675892972924     
    12096780           1   1.0769813552024412     
    12096780           2  0.68241766453831454     
    12096780           3   1.1925044272880603     
    12096780           4  0.83720285482602519     
    12096780           5   1.2094581207643358     
    12096780           6   1.1628944584211078     
    12096780           7  0.89787139221797285     
    12096780           8  0.39680233220577893     
    12096780           9   1.3123590496414452     
    12096780          10   1.2315083448945177     
    12098573           1  0.90497605824567562     
    12098573           2   1.1441780902371788     
    12098573           3   1.3038208851660489     
    12098573           4  0.61834868464289683     
    12098573           5   1.1079688883678795     
    12098573           6   1.2357982494541120     
    12098573           7  0.76731895004583361     
    12098573           8   1.0976473743554640     
    12098573           9   1.1786035263746306     
    12098573          10  0.64133929311027993     
    12103041           1  0.78062154769093262     
    12103041           2   1.1293925687411008     
    12103041           3   1.0598088383260751     
    12103041           4   1.0776071488138697     
    12103041           5   1.1855425256031198     
    12103041           6  0.60399214695042924     
    12103041           7   1.2227939950194535     
    12103041           8  0.69398255990172109     
    12103041           9   1.2648288379324530     
    12103041          10  0.98142983102084380     
    12130389           1   1.1357211416606547     
    12130389           2   1.3487003440534049     
    12130389           3  0.89707410323709358     
    12130389           4   1.4025378316787551     
    12130389           5   1.1372634007088869     
    12130389           6  0.42421053931263469     
    12130389           7   1.4167992920430692     
    12130389           8  0.34675192183057663     
    12130389           9  0.61450754016357956     
    12130389          10   1.2764338853113451     
    12130867           1   1.2825683194022925     
    12130867           2   1.0674866470635831     
    12130867           3  0.95191833394059777     
    12130867           4  0.89511027917611996     
    12130867           5   1.1533447454239210     
    12130867           6   1.0633675315705475     
    12130867           7  0.97507989043787291     
    12130867           8   1.2333113821772466     
    12130867           9  0.48755302429928998     
    12130867          10  0.89025984650852830     
    12157790           1  0.94455922006959947     
    12157790           2   1.2814844386730759     
    12157790           3   1.4794378117476978     
    12157790           4  0.50836722012079361     
    12157790           5  0.83550948791688373     
    12157790           6  0.56526902316767447     
    12157790           7   1.2956237459968714     
    12157790           8   1.2769782834738455     
    12157790           9   1.2275802131910640     
    12157790          10  0.58519055564249489     
    12219267           1  0.67224843731296136     
    12219267           2  0.93323860675188208     
    12219267           3   1.0237591096755043     
    12219267           4   1.0315599952565946     
    12219267           5  0.91637613468816048     
    12219267           6   1.0841071090859298     
    12219267           7   1.1866159042371385     
    12219267           8  0.94812946463087144     
    12219267           9   1.1890960711689895     
    12219267          10   1.0148691671919694     
    12219630           1  0.82368744623141743     
    12219630           2   1.2300745283773713     
    12219630           3  0.46826208969945454     
    12219630           4   1.1838625659279556     
    12219630           5   1.2836515051512083     
    12219630           6  0.94779419668050946     
    12219630           7   1.1675724564728487     
    12219630           8   1.3928322990122972     
    12219630           9  0.63431463853010339     
    12219630          10  0.86794827391683271     
    12266955           1   1.1523156291746430     
    12266955           2  0.77032904895538368     
    12266955           3  0.83219337441712860     
    12266955           4   1.0568272739836675     
    12266955           5   1.3165095874320998     
    12266955           6  0.72932994284968578     
    12266955           7   1.3306384176693262     
    12266955           8   1.2277247023957010     
    12266955           9  0.96101691056977701     
    12266955          10  0.62311511255258634     
    12278419           1   1.1336500211702849     
    12278419           2  0.83355096251693517     
    12278419           3  0.92351664099836794     
    12278419           4  0.62383995104831047     
    12278419           5  0.69860631683243235     
    12278419           6   1.3541686199651282     
    12278419           7  0.46096674775586688     
    12278419           8   1.3630269477448427     
    12278419           9   1.0453158609843962     
    12278419          10   1.5633579309834351     
    12283945           1   1.0306521850557497     
    12283945           2   1.1874051240795100     
    12283945           3   1.1836176965309266     
    12283945           4  0.72495597505413456     
    12283945           5   1.1575940742299331     
    12283945           6  0.98025823530363076     
    12283945           7  0.84840158597329363     
    12283945           8  0.72778218008965601     
    12283945           9   1.2845829921132572     
    12283945          10  0.87474995156990731     
    12296756           1   1.2203833829296209     
    12296756           2   1.1082764445414777     
    12296756           3   1.1250470287515071     
    12296756           4   1.0675126330868574     
    12296756           5   1.0298175944740113     
    12296756           6  0.82343255390540071     
    12296756           7   1.1973542277418623     
    12296756           8   1.2080634008440108     
    12296756           9  0.38021421281664142     
    12296756          10  0.83989852090861017     
    12317646           1   1.1975082780873152     
    12317646           2   1.0461832692302433     
    12317646           3  0.54776573350486346     
    12317646           4   1.0464749773952344     
    12317646           5  0.89515480341859299     
    12317646           6  0.92143115979031798     
    12317646           7   1.1674396774765625     
    12317646           8   1.2255358278612785     
    12317646           9  0.74124584549073258     
    12317646          10   1.2112604277448609     
    12318785           1   1.3341493026723563     
    12318785           2  0.77047476085852074     
    12318785           3   1.2323960979169681     
    12318785           4   1.0142853590733587     
    12318785           5  0.43158346579733753     
    12318785           6   1.0744654354254699     
    12318785           7   1.2664433686813530     
    12318785           8  0.91560442603549652     
    12318785           9  0.76839177618776455     
    12318785          10   1.1922060073513723     
    12329545           1  0.94662367776617584     
    12329545           2   1.2802486190252922     
    12329545           3   1.3391439929461866     
    12329545           4  0.28363856255735331     
    12329545           5   1.1910685559478718     
    12329545           6   1.2523248085853289     
    12329545           7  0.72116349225073406     
    12329545           8   1.3836561786189858     
    12329545           9   1.3219550751995206     
    12329545          10  0.28017703710254938     
    12338631           1  0.80566939844879826     
    12338631           2   1.2041603564221897     
    12338631           3   1.2172221347085721     
    12338631           4  0.37820540163517735     
    12338631           5   1.3669219569634947     
    12338631           6  0.97906170451106567     
    12338631           7   1.2813041487446619     
    12338631           8  0.60023037425856096     
    12338631           9   1.2519636051074985     
    12338631          10  0.91526091919998065     
    12339004           1   1.0777392896483784     
    12339004           2  0.68289792155666607     
    12339004           3   1.1933436620417617     
    12339004           4  0.83075446131956787     
    12339004           5   1.2103092868186205     
    12339004           6   1.1637128549168032     
    12339004           7  0.89850327656109197     
    12339004           8  0.39708158509567737     
    12339004           9   1.3132826330668739     
    12339004          10   1.2323750289745585     
    12341824           1  0.67894089682194059     
    12341824           2   1.2500486151282120     
    12341824           3   1.0177189477438189     
    12341824           4  0.98310697409061287     
    12341824           5  0.77918490239662719     
    12341824           6   1.1105035656493165     
    12341824           7   1.1715241834831052     
    12341824           8   1.1387486365861665     
    12341824           9   1.2485795094040457     
    12341824          10  0.62164376869615479     
    12352016           1  0.98784164655486695     
    12352016           2   1.0270106390742793     
    12352016           3  0.85227079161129626     
    12352016           4   1.0710396479121753     
    12352016           5   1.1072115111965228     
    12352016           6  0.69751783849508686     
    12352016           7   1.4000328071143644     
    12352016           8  0.95138942938994053     
    12352016           9   1.1736370914284888     
    12352016          10  0.73204859722297921     
    12378074           1  0.70417084568970356     
    12378074           2   1.0996462905819164     
    12378074           3   1.2290823472435537     
    12378074           4  0.71136733397704499     
    12378074           5   1.2220782339365144     
    12378074           6  0.66972917171428670     
    12378074           7  0.68749913327790135     
    12378074           8   1.1453204319693846     
    12378074           9   1.2853172625332676     
    12378074          10   1.2457889490764262     
    12378836           1   1.1569865022060242     
    12378836           2   1.0508277514687705     
    12378836           3  0.78255584568306735     
    12378836           4  0.98397449936842896     
    12378836           5  0.98998106496586036     
    12378836           6  0.81356243791826766     
    12378836           7   1.3684015737269597     
    12378836           8  0.97546961524346965     
    12378836           9   1.0131362782975095     
    12378836          10  0.86510443112164126     
    12384068           1  0.54975256071227252     
    12384068           2   1.0253463060697061     
    12384068           3  0.93912319624106577     
    12384068           4   1.1725722394284792     
    12384068           5   1.2235247364878954     
    12384068           6   1.2453765159700190     
    12384068           7  0.72530823350501772     
    12384068           8   1.1540367504287463     
    12384068           9   1.0928395764932399     
    12384068          10  0.87211988466355661     
    12387537           1  0.81613238826018075     
    12387537           2   1.1657053253616132     
    12387537           3  0.88648019797292255     
    12387537           4   1.0340247838540508     
    12387537           5   1.0305933077601623     
    12387537           6  0.73160581796406265     
    12387537           7  0.72792976064028536     
    12387537           8   1.1869692875273024     
    12387537           9   1.0538088748413845     
    12387537          10   1.3667502558180353     
    12388363           1   1.4448019798368168     
    12388363           2  0.90543144938182885     
    12388363           3   1.0726385049023512     
    12388363           4   1.1920668797787872     
    12388363           5   1.1612038129856157     
    12388363           6  0.49505851099553422     
    12388363           7   1.4711856905065848     
    12388363           8  0.42041798713061318     
    12388363           9  0.71200949896097154     
    12388363          10   1.1251856855208973     
    12394086           1  0.76339917349907971     
    12394086           2   1.1458274310281800     
    12394086           3  0.93637324312956172     
    12394086           4   1.0071916157057887     
    12394086           5   1.0993781767281958     
    12394086           6  0.85562747870912470     
    12394086           7  0.67612130622880617     
    12394086           8   1.0528076490492182     
    12394086           9   1.3546295470308343     
    12394086          10   1.1086443788912110     
    12395239           1   1.2232789005606057     
    12395239           2   1.0749667645862402     
    12395239           3   1.2807752141884048     
    12395239           4   1.0015703540602827     
    12395239           5   1.1872572672430184     
    12395239           6  0.61055777401373268     
    12395239           7   1.1647418480372271     
    12395239           8  0.99956996840595391     
    12395239           9  0.99665023226903271     
    12395239          10  0.46063167663550220     
    12426507           1  0.74597445459224687     
    12426507           2   1.4542098012964892     
    12426507           3   1.0938466766160968     
    12426507           4  0.26387606605675018     
    12426507           5   1.3475199775763971     
    12426507           6  0.87330921321442612     
    12426507           7   1.2717094504115243     
    12426507           8  0.85331580784147232     
    12426507           9   1.2086913091820104     
    12426507          10  0.88754724321258682     
    12433853           1  0.93212975159434408     
    12433853           2   1.0630314269168095     
    12433853           3  0.97615286820699831     
    12433853           4  0.44087325028520552     
    12433853           5   1.1896444042373591     
    12433853           6   1.0406318580966440     
    12433853           7   1.3543674667411194     
    12433853           8   1.1561465657773879     
    12433853           9   1.2396934909864339     
    12433853          10  0.60732891715769821     
    12448707           1   1.1645415081093160     
    12448707           2  0.93020666094158277     
    12448707           3   1.0038126825584495     
    12448707           4   1.0560839653368350     
    12448707           5   1.1105556708902700     
    12448707           6  0.19791653209999091     
    12448707           7   1.3748481056920263     
    12448707           8  0.69388346459796424     
    12448707           9   1.3279937152097692     
    12448707          10   1.1401576945637952     
    12450798           1  0.47189854087205124     
    12450798           2   1.0107114324298461     
    12450798           3   1.2096485162567912     
    12450798           4   1.0952693301570045     
    12450798           5   1.2408418722599051     
    12450798           6   1.0218464452312792     
    12450798           7   1.2009958688162676     
    12450798           8  0.71125737924613253     
    12450798           9   1.2289721253337915     
    12450798          10  0.80855848939693120     
    12451055           1  0.82636352864099716     
    12451055           2  0.92644296543236482     
    12451055           3   1.0349251027195332     
    12451055           4  0.93225889810208218     
    12451055           5   1.1666149991508943     
    12451055           6   1.0836406305206565     
    12451055           7  0.57988119283064654     
    12451055           8   1.0022008313108772     
    12451055           9   1.1485425632405495     
    12451055          10   1.2991292880514000     
    12453807           1  0.97434681185749805     
    12453807           2   1.3734319968516784     
    12453807           3  0.90773287126385271     
    12453807           4   1.3188236207689656     
    12453807           5   1.0849603626564375     
    12453807           6  0.49325941944579937     
    12453807           7   1.4855582293311942     
    12453807           8  0.42405748925541187     
    12453807           9  0.59222740549440311     
    12453807          10   1.3456017930747581     
    12459703           1   1.2759117623839438     
    12459703           2  0.65469926406570245     
    12459703           3   1.0569495543595424     
    12459703           4   1.0314702292312281     
    12459703           5  0.52474880253692657     
    12459703           6   1.1399122187102324     
    12459703           7   1.0142497922035674     
    12459703           8   1.1289187034170998     
    12459703           9  0.97867704770277297     
    12459703          10   1.1944626253889834     
    12462752           1  0.87776914501357706     
    12462752           2  0.67541001333353712     
    12462752           3  0.86558686328738688     
    12462752           4   1.1003224556247879     
    12462752           5   1.0034981537773837     
    12462752           6  0.98764854844877648     
    12462752           7   1.2023236707559672     
    12462752           8   1.0751342893273745     
    12462752           9   1.1562104353160154     
    12462752          10   1.0560964251151947     
    12467216           1  0.88448640749127516     
    12467216           2  0.76094668868498594     
    12467216           3  0.81770703844839943     
    12467216           4   1.1289755192125421     
    12467216           5   1.0580885806536704     
    12467216           6   1.2345816023501932     
    12467216           7   1.1771948152980813     
    12467216           8   1.2808401180994846     
    12467216           9  0.62718852068011177     
    12467216          10   1.0299907090812555     
    12471391           1   1.1870426030318395     
    12471391           2   1.0686514667064182     
    12471391           3   1.2876347046818650     
    12471391           4  0.94033898461496024     
    12471391           5  0.49501948146249275     
    12471391           6  0.95322592837999665     
    12471391           7   1.2957351957140084     
    12471391           8  0.53172535682893218     
    12471391           9   1.0960983832900886     
    12471391          10   1.1445278952893980     
    12476237           1  0.93555065178103469     
    12476237           2   1.0204125894357237     
    12476237           3   1.1038295839240995     
    12476237           4  0.93075793262996420     
    12476237           5   1.2591335672467165     
    12476237           6  0.82008735473435646     
    12476237           7   1.2026245193948697     
    12476237           8  0.41422523000969802     
    12476237           9   1.0721841735832849     
    12476237          10   1.2411943972602508     
    12486081           1  0.10511795947341734     
    12486081           2  0.86879218482473120     
    12486081           3   1.2891506581007928     
    12486081           4   1.2096702203805727     
    12486081           5   1.1651685384844543     
    12486081           6   1.0446293208032129     
    12486081           7   1.0293304712036531     
    12486081           8  0.92309552123345606     
    12486081           9   1.1905732458526317     
    12486081          10   1.1744718796430778     
    12503391           1   1.2282538863725250     
    12503391           2  0.66343528211182945     
    12503391           3   1.0614167905407528     
    12503391           4   1.0180772593884140     
    12503391           5   1.0683720104471830     
    12503391           6   1.0220911411413054     
    12503391           7   1.1186677156020848     
    12503391           8   1.0336653208388908     
    12503391           9   1.0119631545855385     
    12503391          10  0.77405743897147694     
    12513926           1  0.87093348312324881     
    12513926           2   1.0598556629447837     
    12513926           3   1.1396163014747653     
    12513926           4  0.76743956215526032     
    12513926           5   1.1343865144500220     
    12513926           6  0.64775432760770024     
    12513926           7  0.72057590776281188     
    12513926           8   1.1809483066822524     
    12513926           9   1.2258527980285139     
    12513926          10   1.2526371357706390     
    12520771           1  0.78266295150735277     
    12520771           2   1.3989019470629189     
    12520771           3  0.39791529793300390     
    12520771           4   1.1526559681784418     
    12520771           5   1.3038197638000779     
    12520771           6  0.92623874898009506     
    12520771           7   1.3272672267017485     
    12520771           8   1.3285870636209942     
    12520771           9  0.59926427357256484     
    12520771          10  0.78268675864280235     
    12535158           1   1.2137551803872682     
    12535158           2   1.0761109907484314     
    12535158           3  0.88419508930404667     
    12535158           4  0.78381362505987739     
    12535158           5  0.82511464889502795     
    12535158           6   1.2654901614164107     
    12535158           7   1.1404264573370082     
    12535158           8  0.74596538907500731     
    12535158           9  0.95316501875631210     
    12535158          10   1.1119634390206101     
    12536163           1   1.1469086477638226     
    12536163           2   1.1360208657417206     
    12536163           3  0.27812508597920921     
    12536163           4   1.0527815303447456     
    12536163           5  0.94700861166942929     
    12536163           6   1.0901208127811022     
    12536163           7   1.3353062897686823     
    12536163           8   1.1255907329799573     
    12536163           9   1.2977861762358527     
    12536163          10  0.59035124673547834     
    12541269           1  0.62174139278097595     
    12541269           2   1.1210451041860159     
    12541269           3  0.87147791059984758     
    12541269           4   1.1253463377226351     
    12541269           5  0.80797659161546287     
    12541269           6   1.3978498011040856     
    12541269           7   1.1281475283353035     
    12541269           8   1.0523515313389031     
    12541269           9   1.0728720012704775     
    12541269          10  0.80119180104629284     
    12546206           1   1.1401296634390876     
    12546206           2   1.0436756634634354     
    12546206           3  0.10435694465699646     
    12546206           4   1.0426787204673773     
    12546206           5  0.96169388868583305     
    12546206           6   1.0865755541419473     
    12546206           7   1.1540342240747303     
    12546206           8   1.2425458753610801     
    12546206           9   1.3980804222182865     
    12546206          10  0.82622904349122606     
    12554402           1  0.57102711804755701     
    12554402           2   1.4768453651914231     
    12554402           3   1.0118114424158851     
    12554402           4  0.90224224505929584     
    12554402           5   1.1840989288271335     
    12554402           6  0.93176738274075777     
    12554402           7  0.34102283085068708     
    12554402           8   1.1072709044730167     
    12554402           9   1.0657683345772757     
    12554402          10   1.4081454478169682     
    12564096           1  0.48485243789214921     
    12564096           2  0.96634556606538502     
    12564096           3   1.0741103107065753     
    12564096           4   1.0457511492384002     
    12564096           5  0.82022317091653141     
    12564096           6   1.4306571783076032     
    12564096           7   1.0585060727613569     
    12564096           8   1.1571716159953722     
    12564096           9   1.1356944755572822     
    12564096          10  0.82668802255934304     
    12567513           1  0.94132002909080581     
    12567513           2  0.67798909424382614     
    12567513           3   1.2814366929481711     
    12567513           4  0.52605323936316117     
    12567513           5  0.95535990937934956     
    12567513           6   1.2610837316711048     
    12567513           7  0.51563919215125065     
    12567513           8   1.1354256127298159     
    12567513           9   1.3314827387409276     
    12567513          10   1.3742097596815885     
    12579877           1  0.90195328337233005     
    12579877           2   1.0467216450275356     
    12579877           3  0.97881755674699877     
    12579877           4   1.0924946314293822     
    12579877           5  0.80725695017892052     
    12579877           6   1.0445996579082519     
    12579877           7   1.1730885725589177     
    12579877           8   1.1076983250850929     
    12579877           9   1.1755675227676272     
    12579877          10  0.67180185492494315     
    12582495           1  0.31283764533864150     
    12582495           2   1.2181626417264071     
    12582495           3  0.95103573496554905     
    12582495           4   1.0056693669530565     
    12582495           5   1.1832214655980866     
    12582495           6  0.59682274772259047     
    12582495           7  0.86273576402882912     
    12582495           8   1.2705056125076750     
    12582495           9   1.3608571040359436     
    12582495          10   1.2381519171232211     
    12597498           1   1.1898804334426554     
    12597498           2  0.90072760669906538     
    12597498           3   1.0810375580629541     
    12597498           4   1.0120322633972472     
    12597498           5  0.82282738672314792     
    12597498           6   1.1454151539768676     
    12597498           7   1.2447995467843309     
    12597498           8   1.1337043714968704     
    12597498           9  0.37776295971115309     
    12597498          10   1.0918127197057084     
    12601537           1  0.68308780902488286     
    12601537           2   1.2607701350804559     
    12601537           3   1.3611344881864655     
    12601537           4  0.87558159015151138     
    12601537           5   1.1268135510358845     
    12601537           6  0.53720099325947901     
    12601537           7   1.2380945597810724     
    12601537           8  0.78356264014719446     
    12601537           9   1.0879487952672291     
    12601537          10   1.0458054380658282     
    12601985           1  0.84792468871425319     
    12601985           2  0.87888172117818808     
    12601985           3  0.80219124452879853     
    12601985           4   1.0700253360538519     
    12601985           5  0.83124729184201362     
    12601985           6   1.0737345029088472     
    12601985           7   1.1269893394147723     
    12601985           8   1.1637277983143304     
    12601985           9   1.1850131184203156     
    12601985          10   1.0202649586246284     
    12603795           1  0.67991906037270688     
    12603795           2   1.2811803088334592     
    12603795           3   1.1854137232893511     
    12603795           4  0.33109194662162439     
    12603795           5  0.87379085872593176     
    12603795           6   1.0431699276409738     
    12603795           7   1.2028618039909809     
    12603795           8   1.2645622516841857     
    12603795           9   1.1141465112836846     
    12603795          10   1.0238636075571015     
    12605212           1   1.1596184807560597     
    12605212           2   1.2350502371697034     
    12605212           3  0.96947221114234561     
    12605212           4  0.71632887309695958     
    12605212           5   1.0805620480936393     
    12605212           6  0.38848655042604802     
    12605212           7   1.0874654907273469     
    12605212           8  0.94571154577756888     
    12605212           9   1.1327448639849262     
    12605212          10   1.2845596988254024     
    12605481           1  0.79742895214556353     
    12605481           2   1.2245384708577927     
    12605481           3   1.1547856910798497     
    12605481           4   1.2191358451526264     
    12605481           5   1.3073258323836643     
    12605481           6  0.42122665784896157     
    12605481           7   1.6017913031166651     
    12605481           8  0.13667232080781144     
    12605481           9  0.97918413407146976     
    12605481          10   1.1579107925355958     
    12611093           1  0.42614002468568662     
    12611093           2   1.0544861666469900     
    12611093           3   1.1942255532671762     
    12611093           4   1.1526006238204907     
    12611093           5   1.1974064621710312     
    12611093           6   1.1697601591515199     
    12611093           7  0.92768798562555976     
    12611093           8  0.81009290218506280     
    12611093           9   1.1720143485569543     
    12611093          10  0.89558577388952931     
    12613800           1   1.0209373983524697     
    12613800           2   1.0737225299646043     
    12613800           3   1.1865587748058499     
    12613800           4  0.40770192035824443     
    12613800           5   1.1529580973085944     
    12613800           6   1.1204250590955787     
    12613800           7   1.2637440182919601     
    12613800           8   1.2916971335767695     
    12613800           9  0.25639348284508262     
    12613800          10   1.2258615854008474     
    12615739           1  0.97738914840686020     
    12615739           2  0.94072323494647314     
    12615739           3   1.2434219587079234     
    12615739           4  0.77439317416413511     
    12615739           5   1.0229639158844501     
    12615739           6   1.1956447372044330     
    12615739           7  0.69981537841799857     
    12615739           8   1.0733891926407646     
    12615739           9   1.1846131699022477     
    12615739          10  0.88764608972471437     
    12624841           1  0.49778862924658090     
    12624841           2   1.1388136268736377     
    12624841           3   1.2446203088718286     
    12624841           4  0.47435179506671898     
    12624841           5  0.80591213531025319     
    12624841           6   1.1834715088386303     
    12624841           7  0.84588616921943494     
    12624841           8   1.3557107014383378     
    12624841           9   1.2174015356608541     
    12624841          10   1.2360435894737232     
    12627350           1  0.68104966670572542     
    12627350           2   1.2311473620015210     
    12627350           3  0.22844480603082062     
    12627350           4   1.1821626853465359     
    12627350           5   1.1816547767355767     
    12627350           6  0.52043217863668756     
    12627350           7   1.1238494664029564     
    12627350           8   1.2803983554676361     
    12627350           9   1.2263193521531093     
    12627350          10   1.3445413505194319     
    12628845           1   1.0440755573827090     
    12628845           2  0.67038260200175659     
    12628845           3  0.88953312716572064     
    12628845           4   1.1912927366149428     
    12628845           5  0.86085706137479279     
    12628845           6   1.2177679108589425     
    12628845           7   1.3111439155465510     
    12628845           8  0.71446173947908298     
    12628845           9   1.1844201816744759     
    12628845          10  0.91606516790102521     
    12629295           1  0.46554183233362623     
    12629295           2  0.98630194810526206     
    12629295           3   1.3166188291116780     
    12629295           4  0.64521986425753775     
    12629295           5   1.2174401588015935     
    12629295           6   1.0636929982408605     
    12629295           7   1.1483719635427070     
    12629295           8   1.0780431670123756     
    12629295           9   1.1174478344073957     
    12629295          10  0.96132140418696355     
    12631071           1  0.75745532047195030     
    12631071           2   1.0397542843695076     
    12631071           3   1.1603450050827859     
    12631071           4   1.2009808409928693     
    12631071           5  0.82644671481026710     
    12631071           6  0.99154839802962669     
    12631071           7   1.1550732668415880     
    12631071           8   1.1873901444897934     
    12631071           9  0.76292560949188304     
    12631071          10  0.91808041541972851     
    12643873           1  0.93655923838851340     
    12643873           2   1.2943977755047225     
    12643873           3   1.1087086254400553     
    12643873           4   1.2799571650261270     
    12643873           5   1.0483655384122610     
    12643873           6  0.79210358561871497     
    12643873           7  0.85441178548291874     
    12643873           8  0.92835624801318872     
    12643873           9  0.40421649193315123     
    12643873          10   1.3529235461803486     
    12652061           1  0.90942535748306208     
    12652061           2  0.54920288167754450     
    12652061           3   1.3196095075833105     
    12652061           4  0.46018822654163627     
    12652061           5   1.1334704380351157     
    12652061           6   1.3523988244590444     
    12652061           7  0.47998894091531463     
    12652061           8   1.0558559113518935     
    12652061           9   1.3417937490078005     
    12652061          10   1.3980661629452797     
    12653251           1   1.0092138058504267     
    12653251           2   1.2715944913170687     
    12653251           3   1.1954641742874246     
    12653251           4  0.67128278751274462     
    12653251           5  0.84435347423870621     
    12653251           6   1.1726984760326069     
    12653251           7  0.91245542196711282     
    12653251           8   1.2186801033601264     
    12653251           9  0.88584472865927799     
    12653251          10  0.81841253677450487     
    12656602           1   1.2684004344388542     
    12656602           2   1.0606894981713915     
    12656602           3  0.84519972290906176     
    12656602           4   1.1136752836768935     
    12656602           5  0.78024276085090438     
    12656602           6  0.58417587341459953     
    12656602           7   1.1802216265508207     
    12656602           8  0.70883724312982777     
    12656602           9   1.0894812813835091     
    12656602          10   1.3690762754741372     
    12664592           1  0.37021708295256478     
    12664592           2   1.1846562765973299     
    12664592           3   1.4159168915526035     
    12664592           4  0.60090585410489550     
    12664592           5   1.1815628736658554     
    12664592           6   1.2361011140380569     
    12664592           7  0.87253589564083700     
    12664592           8  0.89068844612061471     
    12664592           9  0.86346168204826734     
    12664592          10   1.3839538832789742     
    12667594           1   1.0332312999651929     
    12667594           2  0.75653836946874409     
    12667594           3   1.2650678170731653     
    12667594           4  0.42944182355415006     
    12667594           5  0.22483261360266832     
    12667594           6   1.3582587183090824     
    12667594           7   1.2287765658704954     
    12667594           8   1.0668324591140017     
    12667594           9   1.3109260203944448     
    12667594          10   1.3260943126480547     
    12669255           1   1.1789035079200010     
    12669255           2   1.1411153354994708     
    12669255           3  0.93585311084078104     
    12669255           4   1.1154970108107642     
    12669255           5  0.94105376511128391     
    12669255           6  0.39162910469892392     
    12669255           7   1.0622501832630744     
    12669255           8   1.3552463133759909     
    12669255           9   1.3162648018724903     
    12669255          10  0.56218686660721828     
    12673144           1   1.2032291882626998     
    12673144           2   1.2401891667968961     
    12673144           3  0.37526537038061519     
    12673144           4   1.1683382845238832     
    12673144           5  0.74911952607417609     
    12673144           6   1.0526211927476019     
    12673144           7   1.0279708170572013     
    12673144           8   1.1707171245593970     
    12673144           9   1.2517011558884319     
    12673144          10  0.76084817370909497     
    12673543           1  0.70461823193769857     
    12673543           2  0.99757995047082859     
    12673543           3  0.98423631558525193     
    12673543           4   1.0649220981486847     
    12673543           5   1.0035344917889910     
    12673543           6   1.2490764026725523     
    12673543           7   1.1817006383825071     
    12673543           8  0.81872997719210483     
    12673543           9   1.0433024493793159     
    12673543          10  0.95229944444206405     
    12676896           1  0.99463280738429816     
    12676896           2  0.85962635013464239     
    12676896           3   1.2220899209567246     
    12676896           4  0.20856367389487784     
    12676896           5   1.1613999216279123     
    12676896           6   1.3324662796263382     
    12676896           7   1.1463961420077244     
    12676896           8  0.51726394000831022     
    12676896           9   1.3968005162400536     
    12676896          10   1.1607604481191172     
    12677811           1  0.76407786345037565     
    12677811           2   1.4347774374271036     
    12677811           3  0.52779805472429220     
    12677811           4  0.97455532906672149     
    12677811           5   1.2067637557164261     
    12677811           6  0.58643905007089769     
    12677811           7  0.74337371738452362     
    12677811           8   1.2195825157452764     
    12677811           9   1.2625859674761586     
    12677811          10   1.2800463089382237     
    12678220           1  0.67975264301840665     
    12678220           2   1.1560206703956966     
    12678220           3   1.1364377353347870     
    12678220           4  0.13611866655224977     
    12678220           5   1.4071843417192127     
    12678220           6   1.1143448490382324     
    12678220           7   1.2827563074498467     
    12678220           8  0.87183176018078401     
    12678220           9   1.1109174070026440     
    12678220          10   1.1046356193081412     
    12678564           1  0.71440147467292647     
    12678564           2   1.2707870626629441     
    12678564           3  0.71187549058276578     
    12678564           4  0.94116054621810075     
    12678564           5   1.1255256216906113     
    12678564           6  0.78353549885806850     
    12678564           7   1.3373531616535455     
    12678564           8   1.2030413243327411     
    12678564           9   1.0955770193989678     
    12678564          10  0.81674279992932952     
    12685400           1  0.45638564549209171     
    12685400           2   1.2536206502681535     
    12685400           3   1.2025099164959929     
    12685400           4  0.52568825646690054     
    12685400           5   1.1846105330858738     
    12685400           6   1.0035590350213148     
    12685400           7  0.85929015250508078     
    12685400           8   1.2243305200973980     
    12685400           9   1.1049101018650636     
    12685400          10   1.1850951887021302     
    12690179           1   1.0827454169144266     
    12690179           2   1.0053626494360306     
    12690179           3  0.49211800353630170     
    12690179           4   1.2417710761105363     
    12690179           5  0.97356491416954782     
    12690179           6  0.82731512199675949     
    12690179           7  0.96308028858695471     
    12690179           8   1.2590172578820618     
    12690179           9   1.0865784890904187     
    12690179          10   1.0684467822769619     
    12693448           1  0.72373180863195496     
    12693448           2  0.51403014434988781     
    12693448           3   1.1176708630353795     
    12693448           4   1.2870766111586014     
    12693448           5  0.80589835827544509     
    12693448           6   1.1508402658086294     
    12693448           7   1.2221902734679309     
    12693448           8  0.83471059975164319     
    12693448           9   1.1574489562852919     
    12693448          10   1.1864021192352361     
    12695661           1   1.2204480451431337     
    12695661           2   1.1164023109411862     
    12695661           3  0.41419011471708977     
    12695661           4   1.2238060724054534     
    12695661           5   1.4033540247616954     
    12695661           6   1.1499907489825509     
    12695661           7   1.1882801109707508     
    12695661           8   1.3486972179023988     
    12695661           9  0.55147881887852557     
    12695661          10  0.38335253529721702     
    12696028           1  0.91848123551289429     
    12696028           2  0.55467173546436765     
    12696028           3   1.3327499183375859     
    12696028           4  0.37456493847392558     
    12696028           5   1.1721163743453673     
    12696028           6   1.3658657447524096     
    12696028           7  0.48476857595499229     
    12696028           8   1.0663699159060915     
    12696028           9   1.3551550660551230     
    12696028          10   1.3752564951972432     
    12702393           1   1.0143474227641003     
    12702393           2   1.1678943267553474     
    12702393           3  0.94054518046079538     
    12702393           4  0.66758495968699250     
    12702393           5   1.0593337542269763     
    12702393           6   1.0233579328107996     
    12702393           7   1.0834202829193962     
    12702393           8   1.0122646718834070     
    12702393           9   1.1359930093831203     
    12702393          10  0.89525845910906543     
    12702562           1   1.0688148197868395     
    12702562           2  0.82153193390384671     
    12702562           3   1.1523668858305829     
    12702562           4   1.1953931158626914     
    12702562           5  0.83232272154576581     
    12702562           6  0.79031157231256355     
    12702562           7   1.1530564579719260     
    12702562           8   1.0177224263120697     
    12702562           9   1.0277186794324811     
    12702562          10  0.94076138704123402     
    12703774           1  0.59934250606251060     
    12703774           2   1.3589011650443394     
    12703774           3   1.1991644623156046     
    12703774           4  0.31206572175207425     
    12703774           5   1.0502201702441378     
    12703774           6  0.74956740114033560     
    12703774           7   1.0757145064009344     
    12703774           8   1.3321709073871750     
    12703774           9   1.1113542922888422     
    12703774          10   1.2114988673640479     
    12704619           1   1.2691733413568358     
    12704619           2   1.2547250667674457     
    12704619           3  0.53145418954158130     
    12704619           4  0.85233308916271056     
    12704619           5  0.73374983009497763     
    12704619           6   1.1459779490350390     
    12704619           7   1.0062827066216511     
    12704619           8   1.1187294351842261     
    12704619           9   1.3368917787392434     
    12704619          10  0.75068261349628973     
    12706238           1  0.96746439520458982     
    12706238           2   1.0567011426371684     
    12706238           3   1.1010443202266176     
    12706238           4  0.94691706387395025     
    12706238           5   1.0032704749305190     
    12706238           6  0.99814641659351255     
    12706238           7   1.3132228622714657     
    12706238           8   1.1677897292956232     
    12706238           9  0.53732216195114135     
    12706238          10  0.90812143301541270     
    12706997           1  0.64058958888451101     
    12706997           2   1.1241015109153152     
    12706997           3  0.98977643278800154     
    12706997           4   1.1645299084692908     
    12706997           5   1.2255222344837005     
    12706997           6   1.1542471305526631     
    12706997           7   1.0821007016284117     
    12706997           8   1.2351627150269686     
    12706997           9  0.84227134602590725     
    12706997          10  0.54169843122523020     
    12708156           1   1.1544578313095168     
    12708156           2  0.69288377425323355     
    12708156           3   1.0327414396178576     
    12708156           4  0.94618839394594556     
    12708156           5  0.58077732833395868     
    12708156           6   1.2461520259850676     
    12708156           7   1.0524817480575683     
    12708156           8  0.89883586593397613     
    12708156           9   1.1614822033644290     
    12708156          10   1.2339993891984480     
    12709262           1  0.71269363851362055     
    12709262           2  0.76770407076218616     
    12709262           3  0.90722280212256856     
    12709262           4   1.1752129820099491     
    12709262           5   1.1916939131190665     
    12709262           6   1.0524844191995766     
    12709262           7   1.0121363784940798     
    12709262           8  0.90699116478257336     
    12709262           9   1.3898596061566701     
    12709262          10  0.88400102483970810     
    12710020           1  0.42385318361215113     
    12710020           2   1.2775932416248967     
    12710020           3   1.3154381334736907     
    12710020           4  0.67077010164871365     
    12710020           5   1.3592681302477392     
    12710020           6  0.80070299342937301     
    12710020           7   1.2278916119586973     
    12710020           8  0.96633366689928346     
    12710020           9  0.57739430767689137     
    12710020          10   1.3807546294285633     
    12711726           1   1.2580432367090417     
    12711726           2   1.1447473545300997     
    12711726           3   1.3144450155329026     
    12711726           4   1.3882803194718263     
    12711726           5  0.84910421134678660     
    12711726           6  0.27725079054405299     
    12711726           7   1.2093004277610182     
    12711726           8  0.79168666413998712     
    12711726           9  0.30793925287476637     
    12711726          10   1.4592027270895189     
    12712211           1  0.96920252352564940     
    12712211           2   1.1269161627870772     
    12712211           3   1.1873904420720081     
    12712211           4   5.5685385301555736E-002
    12712211           5   1.2712081723867565     
    12712211           6   1.0875450646161662     
    12712211           7   1.0917134493671523     
    12712211           8   1.1184510479687793     
    12712211           9   1.1069841115449632     
    12712211          10  0.98490364042989365     
    12713864           1  0.73477215208834668     
    12713864           2   1.0817816141401748     
    12713864           3   1.1312228344241939     
    12713864           4   1.0142078843923759     
    12713864           5   1.1910774367074610     
    12713864           6   1.0448063820314017     
    12713864           7  0.91957895601363759     
    12713864           8   1.0723085758203250     
    12713864           9   1.0957278965507613     
    12713864          10  0.71451626783132260     
    12714885           1  0.82754575727986412     
    12714885           2   1.2311420350742026     
    12714885           3  0.78110695708421629     
    12714885           4  0.93342558498560158     
    12714885           5   1.3276294980194661     
    12714885           6  0.88280596938049405     
    12714885           7  0.25114784645978411     
    12714885           8   1.2866207088324138     
    12714885           9   1.2432944506025627     
    12714885          10   1.2352811922813951     
    12721798           1  0.94645205367045671     
    12721798           2   1.2732176410029918     
    12721798           3   1.2831629796235227     
    12721798           4  0.22030274514625570     
    12721798           5   1.2020816270379631     
    12721798           6   1.2520977604796577     
    12721798           7  0.80638287611934845     
    12721798           8   1.3834053199662613     
    12721798           9   1.3527707563097804     
    12721798          10  0.28012624064376274     
    12723281           1   1.2617340168939550     
    12723281           2  0.65117258698909453     
    12723281           3   1.0859503264149903     
    12723281           4  0.80012823413360012     
    12723281           5  0.97500078716282212     
    12723281           6   1.1217520591073988     
    12723281           7   1.2877109671768208     
    12723281           8   1.2385830214497953     
    12723281           9  0.65681875333879025     
    12723281          10  0.92114924733273273     
    12732082           1  0.82193511081241466     
    12732082           2  0.91869348244936111     
    12732082           3  0.82890412644126843     
    12732082           4  0.68929626721215576     
    12732082           5   1.0140999440131822     
    12732082           6   1.0402937132773493     
    12732082           7   1.2621597958407393     
    12732082           8   1.2469092710932763     
    12732082           9   1.0287665345620707     
    12732082          10   1.1489417542981821     
    12734871           1  0.56378025973429202     
    12734871           2   1.0672866391025055     
    12734871           3   1.3649701109458783     
    12734871           4  0.70980866754471716     
    12734871           5   1.1263823251105318     
    12734871           6   1.0710211431441825     
    12734871           7  0.92752953725463760     
    12734871           8   1.0840634939231191     
    12734871           9  0.78700747199066023     
    12734871          10   1.2981503512494761     
    12736570           1   1.0801496871214606     
    12736570           2  0.62513147754287601     
    12736570           3   1.2093996625664678     
    12736570           4  0.83875069425546267     
    12736570           5   1.3229093011251831     
    12736570           6  0.93547240001450271     
    12736570           7   1.0317996659295503     
    12736570           8  0.41256374396826395     
    12736570           9   1.3121383012425443     
    12736570          10   1.2316850662336873     
    12738004           1   1.0993426680973044     
    12738004           2  0.92897517604128654     
    12738004           3   1.3929774570379099     
    12738004           4   1.1178043934055077     
    12738004           5  0.54226151970736258     
    12738004           6  0.93131614996355483     
    12738004           7   1.2932643466096281     
    12738004           8   1.0091053888479982     
    12738004           9  0.33794143377834890     
    12738004          10   1.3470114665111006     
    12741151           1   1.3337668710526398     
    12741151           2  0.76865932349655508     
    12741151           3  0.81741556221035649     
    12741151           4  0.72579388675342682     
    12741151           5  0.85860122161650976     
    12741151           6   1.3713789976500794     
    12741151           7  0.95361506182805567     
    12741151           8   1.2159972515449391     
    12741151           9  0.84596949448905145     
    12741151          10   1.1088023293583849     
    12741280           1  0.64022906216014686     
    12741280           2   1.1889977557347831     
    12741280           3  0.73003229991966789     
    12741280           4   1.0050081333322667     
    12741280           5  0.88443417201914165     
    12741280           6  0.86327931955131787     
    12741280           7   1.4270512310150465     
    12741280           8   1.1737001281815516     
    12741280           9   1.0553885078524765     
    12741280          10   1.0318793902336003     
    12747006           1   1.2299286352745804     
    12747006           2  0.97859976068020194     
    12747006           3   1.2178507369585725     
    12747006           4  0.23406943305902733     
    12747006           5   1.2102917331010559     
    12747006           6   1.2771060529643348     
    12747006           7  0.42817894338848539     
    12747006           8   1.1145698209052191     
    12747006           9   1.1044365229902571     
    12747006          10   1.2049683606782664     
    12747045           1   1.2736909094080016     
    12747045           2   1.1175996703896782     
    12747045           3   1.1082848957189215     
    12747045           4   1.0340285151286412     
    12747045           5   1.1175919965209897     
    12747045           6  0.80757239045208107     
    12747045           7   1.0591461072068487     
    12747045           8   1.1363487816229030     
    12747045           9  0.78724691714543349     
    12747045          10  0.55848981640650075     
    12752548           1   1.0073820184957540     
    12752548           2   1.2751952671659676     
    12752548           3  0.29547898748578294     
    12752548           4   1.0055926274830036     
    12752548           5   1.3961461442076895     
    12752548           6  0.72151644938366233     
    12752548           7  0.75480215710071963     
    12752548           8   1.1143289294473571     
    12752548           9   1.2195070835635078     
    12752548          10   1.2100503356665575     
    12753286           1   1.0779669925017854     
    12753286           2   1.1695644172889905     
    12753286           3   1.1950993173793611     
    12753286           4  0.79468140169566504     
    12753286           5   1.2437817982486210     
    12753286           6  0.16333348598357708     
    12753286           7   1.3076766577295071     
    12753286           8  0.56914587734919686     
    12753286           9   1.2571038947732938     
    12753286          10   1.2216461570500008     
    12753711           1   1.0098167645124627     
    12753711           2   1.1875337837634403     
    12753711           3  0.38477619719044326     
    12753711           4  0.93670464540181875     
    12753711           5   1.1720331892140925     
    12753711           6   1.0909335465954213     
    12753711           7   1.2463306300204753     
    12753711           8   1.0258201056288394     
    12753711           9   1.0681278037922259     
    12753711          10  0.87792333388078081     
    12754247           1   1.0090115922451572     
    12754247           2   1.1319951080823114     
    12754247           3   1.1854060104166080     
    12754247           4  0.69889070165178369     
    12754247           5   1.0863604259357256     
    12754247           6  0.52593132234179962     
    12754247           7   1.3281147782895044     
    12754247           8   1.1334770215783512     
    12754247           9   1.2639902676151200     
    12754247          10  0.63682277184363778     
    12755385           1  0.93246738417589481     
    12755385           2  0.98329361279431438     
    12755385           3  0.84149334775567364     
    12755385           4   1.0231615715291689     
    12755385           5   1.0607279751357106     
    12755385           6  0.98172106469437559     
    12755385           7   1.2812181133439997     
    12755385           8  0.66757537677007328     
    12755385           9   1.0530546168511208     
    12755385          10   1.1752869369496681     
    12755687           1  0.90975896791432032     
    12755687           2   1.2736851237595432     
    12755687           3   1.2903482825943955     
    12755687           4  0.51073892751571093     
    12755687           5   1.0081769059417924     
    12755687           6  0.51161058401019921     
    12755687           7   1.2110591081586901     
    12755687           8   1.3352427448017874     
    12755687           9   1.2778642954890578     
    12755687          10  0.67151505981450188     
    12757884           1   1.1683346451230654     
    12757884           2  0.55313382311685966     
    12757884           3   1.1237451491832775     
    12757884           4  0.46149400572420712     
    12757884           5  0.97717295926698022     
    12757884           6   1.3065689909275315     
    12757884           7   1.0094949980051791     
    12757884           8  0.84963013993578040     
    12757884           9   1.2408766425259019     
    12757884          10   1.3095486461912187     
    12757986           1  0.82846944132007405     
    12757986           2   1.2836931574064578     
    12757986           3   1.3222139675811699     
    12757986           4  0.53109962753067563     
    12757986           5  0.88538689765102518     
    12757986           6  0.89949963407704203     
    12757986           7   1.1237453389338519     
    12757986           8   1.2993805734339916     
    12757986           9   1.1412194856149425     
    12757986          10  0.68529187645077028     
    12763551           1  0.37553256725965289     
    12763551           2   1.3432105970309569     
    12763551           3   1.3783660969345817     
    12763551           4  0.45238212145421758     
    12763551           5   1.1069795936722278     
    12763551           6   1.2425016735390213     
    12763551           7  0.89903583485143912     
    12763551           8   1.0638518189599535     
    12763551           9  0.79151658932312041     
    12763551          10   1.3466231069748296     
    12763647           1  0.62980760886806375     
    12763647           2   1.0891668442890179     
    12763647           3   1.2433538387508229     
    12763647           4  0.50036729160112015     
    12763647           5   1.2291053382532848     
    12763647           6   1.1452367028810577     
    12763647           7   1.2463700815760308     
    12763647           8   1.1309947983213056     
    12763647           9  0.52823891822336422     
    12763647          10   1.2573585772359319     
    12766646           1  0.59577407402557092     
    12766646           2   1.3508103882291986     
    12766646           3   1.1920247436378837     
    12766646           4  0.31020771016793564     
    12766646           5   1.0439672526495554     
    12766646           6  0.74510454342372334     
    12766646           7   1.1288489094176166     
    12766646           8   1.3242392801514729     
    12766646           9   1.1047373875626150     
    12766646          10   1.2042857107344276     
    12766946           1  0.98735509719604087     
    12766946           2   1.1026039012856790     
    12766946           3  0.93646323566494549     
    12766946           4   1.0960797264489213     
    12766946           5   1.0624759253167646     
    12766946           6  0.65247695399386318     
    12766946           7   1.3964793823773816     
    12766946           8  0.90107313508565778     
    12766946           9  0.92102191611757744     
    12766946          10  0.94397072651316860     
    12768642           1  0.66036316206499501     
    12768642           2   1.1533648502566913     
    12768642           3   1.1667993226767392     
    12768642           4   1.1833609835648005     
    12768642           5   1.3175359720271129     
    12768642           6  0.59420310062751969     
    12768642           7   1.4957962557571367     
    12768642           8  0.34486577301838217     
    12768642           9   1.0954679112180616     
    12768642          10  0.98824266878856148     
    12770337           1   1.3106875040580050     
    12770337           2   1.0182208526300343     
    12770337           3   1.1787254604459150     
    12770337           4  0.94247012560062582     
    12770337           5   1.0403558977389606     
    12770337           6  0.58834400622203364     
    12770337           7   1.2932719751405126     
    12770337           8  0.41823134562267855     
    12770337           9  0.89259524869102391     
    12770337          10   1.3170975838502119     
    12772804           1   1.2150109474862669     
    12772804           2   1.1531585006904439     
    12772804           3  0.57043332062509633     
    12772804           4  0.79782235116230615     
    12772804           5  0.95235437258539235     
    12772804           6  0.79257352561337036     
    12772804           7   1.0437240824755736     
    12772804           8   1.1796277602507244     
    12772804           9   1.1318746937532020     
    12772804          10   1.1634204453576253     
    12772913           1   1.0534063025662688     
    12772913           2  0.56266102039913546     
    12772913           3  0.51142642446026054     
    12772913           4   1.0743043434069284     
    12772913           5  0.76940174019024943     
    12772913           6   1.3084958060179652     
    12772913           7   1.4519461326008201     
    12772913           8   1.2668823771953586     
    12772913           9   1.1235984312094243     
    12772913          10  0.87787742195359020     
    12776385           1  0.48139417434847259     
    12776385           2   1.2473294232993430     
    12776385           3   1.2956292934193285     
    12776385           4  0.63899790754360908     
    12776385           5   1.2227649347857070     
    12776385           6  0.81913938846666390     
    12776385           7  0.92606867869800957     
    12776385           8   1.2417428584709320     
    12776385           9  0.97234272800677379     
    12776385          10   1.1545906129611612     
    12778414           1  0.88492067885766712     
    12778414           2   1.2998061061842838     
    12778414           3  0.75557522814644196     
    12778414           4   1.0499141538669818     
    12778414           5   1.1715706875539129     
    12778414           6  0.97182396548064365     
    12778414           7  0.11593720279032094     
    12778414           8   1.2749654138112356     
    12778414           9   1.2179509477958561     
    12778414          10   1.2575356155126569     
    12781953           1  0.47308105197722622     
    12781953           2   1.0132441325538324     
    12781953           3   1.2126797246203278     
    12781953           4   1.0980139204320132     
    12781953           5   1.2439512467686753     
    12781953           6   1.0244070481249363     
    12781953           7   1.1789468069980671     
    12781953           8  0.71303968979967214     
    12781953           9   1.2320517559329285     
    12781953          10  0.81058462279231847     
    12783189           1   1.1407330063424053     
    12783189           2  0.98880855773438248     
    12783189           3   1.1927870798899389     
    12783189           4  0.78190252894417289     
    12783189           5   5.7532580739077403E-002
    12783189           6   1.2344360472480425     
    12783189           7   1.3669373738311139     
    12783189           8  0.72784402247506796     
    12783189           9   1.2062359183453912     
    12783189          10   1.3027828844504068     
    12783774           1   1.4607162659013988     
    12783774           2   1.0282430425160920     
    12783774           3   1.1118343841674880     
    12783774           4  0.81677207290459908     
    12783774           5   1.0514910133816779     
    12783774           6   1.0839228525290092     
    12783774           7  0.52036246306049083     
    12783774           8   1.4462433656937126     
    12783774           9  0.43853305778389562     
    12783774          10   1.0418814820616362     
    12784630           1   1.0163581918463216     
    12784630           2   1.2422410349901252     
    12784630           3  0.82792867426695549     
    12784630           4  0.99502167643219563     
    12784630           5  0.93794033013720224     
    12784630           6  0.58659925911718047     
    12784630           7   1.2230452019080578     
    12784630           8   1.2727362892589345     
    12784630           9   1.3015841518734903     
    12784630          10  0.59654519016953456     
    12784729           1  0.61518700569185158     
    12784729           2   1.1722881167801755     
    12784729           3   1.0357740204949946     
    12784729           4  0.89633216953633221     
    12784729           5   1.0676940655766223     
    12784729           6  0.53861995339721991     
    12784729           7   1.0855513446894232     
    12784729           8   1.2277888326734792     
    12784729           9   1.3977072665420607     
    12784729          10  0.96305722461784093     
    12785953           1   1.1722430263786756     
    12785953           2  0.90648434628854546     
    12785953           3  0.99730633209715314     
    12785953           4  0.52043211531714406     
    12785953           5  0.99207155741553743     
    12785953           6   1.1724895162496471     
    12785953           7   1.2315544297088876     
    12785953           8   1.3603361457268399     
    12785953           9  0.97689184439769727     
    12785953          10  0.67019068641987245     
    12787678           1  0.90788723224962475     
    12787678           2  0.56518716164530369     
    12787678           3   1.3173776315253181     
    12787678           4  0.45940990304587026     
    12787678           5   1.1315533818767938     
    12787678           6   1.3501114913200953     
    12787678           7  0.47917712816375907     
    12787678           8   1.0540701258481562     
    12787678           9   1.3395243523976934     
    12787678          10   1.3957015919273872     
    12791310           1  0.80931325329585801     
    12791310           2   1.3158806837590922     
    12791310           3   1.2764487837681511     
    12791310           4  0.16613061952718736     
    12791310           5   1.1971668346429172     
    12791310           6  0.92369027723799502     
    12791310           7   1.0066878682621714     
    12791310           8   1.1899300867038278     
    12791310           9   1.0787524046455346     
    12791310          10   1.0359991881572652     
    12792264           1   1.0229609311073897     
    12792264           2  0.88417926961829141     
    12792264           3  0.43217362994922603     
    12792264           4  0.95186455853367402     
    12792264           5  0.88726016928144991     
    12792264           6   1.2820331258467115     
    12792264           7   1.3316544241436756     
    12792264           8   1.3781942583315798     
    12792264           9   1.0495540618023826     
    12792264          10  0.78012557138562111     
    12793709           1   1.1987373937240011     
    12793709           2  0.98618001218769924     
    12793709           3   1.1594236144330559     
    12793709           4  0.86061323053765815     
    12793709           5  0.74973552198083637     
    12793709           6   1.2696014152917214     
    12793709           7   1.0275379763141512     
    12793709           8  0.60736019738276392     
    12793709           9  0.95819017440101717     
    12793709          10   1.1826204637470941     
    12796158           1   1.0143057574838152     
    12796158           2  0.92695712139143294     
    12796158           3   1.3471503113161059     
    12796158           4   1.2584632263726752     
    12796158           5   1.0996437628997369     
    12796158           6  0.38820639231299708     
    12796158           7   1.4390439105045938     
    12796158           8  0.62234395732168946     
    12796158           9  0.57275228383679599     
    12796158          10   1.3311332765601578     
    12797039           1  0.85796157637543413     
    12797039           2   1.0901142912563586     
    12797039           3  0.97529810633389769     
    12797039           4   1.1066476691001375     
    12797039           5  0.94102303880865867     
    12797039           6   1.1525920349979200     
    12797039           7  0.60579262629626252     
    12797039           8   1.2012103862066954     
    12797039           9   1.0338092897378255     
    12797039          10   1.0355509808868086     
    12797453           1  0.48890555869409980     
    12797453           2   1.2348709352052538     
    12797453           3   1.2099542901996054     
    12797453           4  0.54833127524806868     
    12797453           5   1.1767897856025116     
    12797453           6   1.1437421681520579     
    12797453           7   1.0403397252284086     
    12797453           8  0.87559514119227555     
    12797453           9   1.0468293862732616     
    12797453          10   1.2346417342044587     
    12798162           1  0.97894237310526533     
    12798162           2   1.2263142187315870     
    12798162           3  0.81808695940535958     
    12798162           4   1.0496649979547785     
    12798162           5   1.3270484495617068     
    12798162           6  0.58192352942322423     
    12798162           7  0.15216403456595703     
    12798162           8   1.1300053410441990     
    12798162           9   1.2264471323618824     
    12798162          10   1.5094029638460398     
    12799582           1  0.86208585724255860     
    12799582           2   1.2473114661364089     
    12799582           3   1.1717792623032128     
    12799582           4  0.14604097648531353     
    12799582           5  0.86472451404441808     
    12799582           6   1.0782559095855437     
    12799582           7   1.1291329965855024     
    12799582           8   1.2535696502838791     
    12799582           9   1.1966245317272655     
    12799582          10   1.0504748356058984     
    12802031           1  0.45718081595267746     
    12802031           2   1.0652674155340036     
    12802031           3  0.98624924537857428     
    12802031           4  0.85545797554371750     
    12802031           5   1.2680659819673155     
    12802031           6  0.93093314534436578     
    12802031           7  0.65960878851946658     
    12802031           8   1.2683760161957556     
    12802031           9   1.2409666845484397     
    12802031          10   1.2678939310156818     
    12803064           1  0.63185902197667998     
    12803064           2  0.68772581779121655     
    12803064           3   1.4166728923594674     
    12803064           4  0.73288681860201454     
    12803064           5   1.1706456171324977     
    12803064           6   1.2163041654570852     
    12803064           7   1.2528431638067374     
    12803064           8  0.20908971518206437     
    12803064           9   1.3979677508495323     
    12803064          10   1.2840050368427061     
    12803580           1  0.92358491137315013     
    12803580           2  0.99310937081207773     
    12803580           3  0.87477949627773155     
    12803580           4  0.63981225354562798     
    12803580           5  0.98149778344963579     
    12803580           6   1.0327213313515351     
    12803580           7   1.2649791542584889     
    12803580           8   1.2507618728147800     
    12803580           9  0.96730246007159770     
    12803580          10   1.0714513660453753     
    12808951           1   1.2271585789518853     
    12808951           2   1.0828497350032442     
    12808951           3   1.2636780729830841     
    12808951           4  0.89328345930111430     
    12808951           5   1.0217588783624705     
    12808951           6   1.0350559555358463     
    12808951           7  0.83067469319872878     
    12808951           8  0.65500232109985546     
    12808951           9   1.0585478648699329     
    12808951          10  0.93199044069383785     
    12809799           1   1.3349831778945760     
    12809799           2  0.77095632601104047     
    12809799           3   1.2331663749526451     
    12809799           4   1.0149193116808346     
    12809799           5  0.43185321578538399     
    12809799           6   1.0688867628559531     
    12809799           7   1.2672349260755460     
    12809799           8  0.91617670069973112     
    12809799           9  0.76887203942504756     
    12809799          10   1.1929511646192434     
    12811575           1   1.1953400248674928     
    12811575           2   1.0860629861386308     
    12811575           3   1.0206299280911295     
    12811575           4  0.94171674024186858     
    12811575           5  0.76200519817820433     
    12811575           6  0.60260201325794027     
    12811575           7   1.1294146172466151     
    12811575           8  0.90638004650914894     
    12811575           9   1.2458626425507775     
    12811575          10   1.1099858029181899     
    12811592           1   1.0087786678836275     
    12811592           2   1.3303796941741757     
    12811592           3   1.2336457058851635     
    12811592           4  0.62830833908128125     
    12811592           5   1.0729447706152779     
    12811592           6  0.41530824933867472     
    12811592           7   1.2692041962792400     
    12811592           8   1.0516324901594067     
    12811592           9   1.2829097394924895     
    12811592          10  0.70688814709066461     
    12811620           1   1.1114660358928685     
    12811620           2   1.2482684974167118     
    12811620           3  0.72581535203749736     
    12811620           4  0.78422412201557934     
    12811620           5   1.0622851333059562     
    12811620           6  0.38481350310097040     
    12811620           7   1.1045217286489581     
    12811620           8  0.97453875600449824     
    12811620           9   1.3314700510364867     
    12811620          10   1.2725968205404723     
    12812618           1  0.50340140922562682     
    12812618           2   1.1830840727401168     
    12812618           3   1.1132462252315392     
    12812618           4  0.83722606882047124     
    12812618           5   1.3520521812821826     
    12812618           6  0.40208646508524171     
    12812618           7   1.2214522764854276     
    12812618           8   1.1632927196834311     
    12812618           9   1.2171055426400657     
    12812618          10   1.0070530388058976     
    12812820           1  0.59288522781042818     
    12812820           2   1.0808410189851541     
    12812820           3   1.0317265772149560     
    12812820           4  0.92357235089660106     
    12812820           5   1.1925197356754307     
    12812820           6   1.2677080425308476     
    12812820           7  0.78150270101907682     
    12812820           8  0.90040076067129815     
    12812820           9   1.2930931557181771     
    12812820          10  0.93575042947803122     
    12815038           1  0.82523887776323657     
    12815038           2   1.2246042625358715     
    12815038           3   1.1449568595563968     
    12815038           4  0.94726454071698973     
    12815038           5  0.65044320457483606     
    12815038           6   1.1484602552731993     
    12815038           7  0.87859498062064856     
    12815038           8   1.1005801038153971     
    12815038           9   1.1760207867395527     
    12815038          10  0.90383612840387095     
    12817584           1   1.0237802451584990     
    12817584           2   1.2819059777145856     
    12817584           3   1.1264804120982199     
    12817584           4  0.88968987149662648     
    12817584           5   1.2129150352041038     
    12817584           6  0.65101728687984584     
    12817584           7   1.4788719110645658     
    12817584           8  0.75832428089905790     
    12817584           9  0.67287638434456709     
    12817584          10  0.90413859513992911     
    12821574           1  0.83399874230603621     
    12821574           2   1.1460483793107168     
    12821574           3   1.1648337515891298     
    12821574           4  0.33092985592321600     
    12821574           5   1.5093947562018613     
    12821574           6  0.90167565528833005     
    12821574           7   1.2079837590079134     
    12821574           8  0.75459158052952158     
    12821574           9   1.2072102606149704     
    12821574          10  0.94333325922830236     
    12822899           1   1.2018116013679812     
    12822899           2   1.0376182593099179     
    12822899           3   1.2032046152840561     
    12822899           4   1.1807079941515042     
    12822899           5  0.96862026942395230     
    12822899           6  0.97739472008579098     
    12822899           7   1.2359523314829290     
    12822899           8   1.1550572083817803     
    12822899           9   5.7999745892762494E-002
    12822899          10  0.98163325461932471     
    12822906           1   1.2074776969202146     
    12822906           2   1.2757232945408599     
    12822906           3  0.63252778854999059     
    12822906           4   1.0357032696071007     
    12822906           5   1.3342885466356451     
    12822906           6  0.59806756151674989     
    12822906           7   2.7498063512459550E-002
    12822906           8   1.0428911521138129     
    12822906           9   1.3445150319695214     
    12822906          10   1.5013075946336460     
    12823660           1   1.2230330646824603     
    12823660           2   1.2073429969556466     
    12823660           3   1.0105490267198891     
    12823660           4  0.74851600872095125     
    12823660           5   1.0320959102838654     
    12823660           6  0.34594832887427518     
    12823660           7  0.69390284460289919     
    12823660           8   1.1454684256874947     
    12823660           9   1.3025403044799324     
    12823660          10   1.2906030889925868     
    12825104           1   1.1567687667948729     
    12825104           2   1.2320151528190859     
    12825104           3  0.96708977369337223     
    12825104           4  0.71456852482350453     
    12825104           5   1.0779066120123058     
    12825104           6  0.38753186096149189     
    12825104           7   1.0847930897242049     
    12825104           8  0.94338749917087750     
    12825104           9   1.1545357729587398     
    12825104          10   1.2814029470415451     
    12826187           1   1.1366155124067789     
    12826187           2  0.91962437617802939     
    12826187           3   1.2549807860346067     
    12826187           4   1.4223463644655183     
    12826187           5  0.89082583899745071     
    12826187           6  0.51515341657742209     
    12826187           7  0.91151722000403768     
    12826187           8  0.89262846639003968     
    12826187           9  0.84157411767233370     
    12826187          10   1.2147339012737812     
    12826224           1  0.96080741113487711     
    12826224           2   1.0494301332771854     
    12826224           3   1.0934681918066707     
    12826224           4  0.94040146305102279     
    12826224           5  0.99636711434967484     
    12826224           6  0.99127831392488797     
    12826224           7   1.3198036848872416     
    12826224           8   1.1597543352664184     
    12826224           9  0.58681657292483369     
    12826224          10  0.90187277937718768     
    12829367           1  0.44122958881508245     
    12829367           2   1.2201481035697834     
    12829367           3   1.2821378141721820     
    12829367           4  0.59907823573620289     
    12829367           5   1.2149651605784917     
    12829367           6  0.99917989405713004     
    12829367           7  0.88386077254035655     
    12829367           8   1.2243893639331875     
    12829367           9  0.99655598585122129     
    12829367          10   1.1384550807463634     
    12829479           1   1.3407752027195274     
    12829479           2  0.99473057535996789     
    12829479           3  0.70649704698362470     
    12829479           4   1.2863128643117423     
    12829479           5  0.99674077897154778     
    12829479           6  0.77862734076379714     
    12829479           7   1.3245689855465750     
    12829479           8  0.50645096237139198     
    12829479           9   1.0022308855767339     
    12829479          10   1.0630653573950901     
    12829832           1   1.2620392020370297     
    12829832           2   1.1247687632323378     
    12829832           3   1.3595176883862192     
    12829832           4   1.3926899612554022     
    12829832           5  0.80275504565293621     
    12829832           6  0.27813143161730369     
    12829832           7   1.2131415696545951     
    12829832           8  0.79420132529647447     
    12829832           9  0.30891737074997788     
    12829832          10   1.4638376421177246     
    12830359           1  0.83301837655696198     
    12830359           2   1.1447011991282245     
    12830359           3   1.1173567763865528     
    12830359           4  0.33054084778730908     
    12830359           5   1.5076204622542217     
    12830359           6  0.90061573530958461     
    12830359           7   1.2338401307020415     
    12830359           8  0.80926627483353730     
    12830359           9   1.1808158263168038     
    12830359          10  0.94222437072476239     
    12831305           1  0.98892096647851502     
    12831305           2  0.88817732728394783     
    12831305           3  0.70457533858053767     
    12831305           4   1.0015184810978059     
    12831305           5   1.0597616025061380     
    12831305           6   1.0274806289009482     
    12831305           7   1.4938055011977807     
    12831305           8  0.86212038888987785     
    12831305           9   1.0291770430918703     
    12831305          10  0.94446272197257874     
    12831839           1   1.0277463826366682     
    12831839           2   1.0803888467504743     
    12831839           3   1.1463758599256291     
    12831839           4   1.1403876124536323     
    12831839           5  0.92572421635757962     
    12831839           6  0.73674759195941075     
    12831839           7  0.59895695699310392     
    12831839           8  0.80540424169956115     
    12831839           9   1.2810186411151641     
    12831839          10   1.2572496501087751     
    12832410           1   1.1109896048979095     
    12832410           2   1.0102507475558382     
    12832410           3   1.2106903135097651     
    12832410           4  0.49117615347605992     
    12832410           5  0.96856892335732458     
    12832410           6   1.1748781272479827     
    12832410           7   1.2265792999945797     
    12832410           8  0.45835942811097502     
    12832410           9   1.0911659756692804     
    12832410          10   1.2573414261802840     
    12832986           1   1.1489637579540044     
    12832986           2   1.0749301308202504     
    12832986           3  0.87687695336555438     
    12832986           4  0.97783555813480372     
    12832986           5  0.82787242937395300     
    12832986           6   1.0413956718866135     
    12832986           7  0.83396382516647405     
    12832986           8   1.2682221025482907     
    12832986           9  0.83133295371503424     
    12832986          10   1.1186066170350213     
    12835155           1  0.72472960657212782     
    12835155           2  0.51473882982301711     
    12835155           3   1.1192117787055584     
    12835155           4   1.2888510839344853     
    12835155           5  0.80700943797691060     
    12835155           6   1.1524269116254857     
    12835155           7   1.2238752884456070     
    12835155           8  0.83586140244835894     
    12835155           9   1.1452578668346709     
    12835155          10   1.1880377936337778     
    12836190           1  0.75998143745807556     
    12836190           2   1.4270852114525139     
    12836190           3  0.52496838804569668     
    12836190           4  0.96933047703018194     
    12836190           5   1.2002939721355235     
    12836190           6  0.58329499331631252     
    12836190           7  0.79300096915946860     
    12836190           8   1.2130440073598963     
    12836190           9   1.2558169060727475     
    12836190          10   1.2731836379695824     
    12837382           1  0.83303263266411265     
    12837382           2   1.1649955921670929     
    12837382           3   1.2188245659079222     
    12837382           4  0.87706819087536458     
    12837382           5   1.2479479416121431     
    12837382           6  0.16972969444244965     
    12837382           7   1.4049256816100368     
    12837382           8  0.53677191899479837     
    12837382           9   1.3074394041411934     
    12837382          10   1.2392643775848873     
    12839283           1  0.58859281336781089     
    12839283           2   1.4985355759009520     
    12839283           3   1.2998301959226661     
    12839283           4  0.19712107102673135     
    12839283           5  0.99206734576245914     
    12839283           6  0.87569017708345132     
    12839283           7   1.0598859973054555     
    12839283           8   1.2059844851170367     
    12839283           9   1.1179325858347453     
    12839283          10   1.1643597526786940     
    12840031           1  0.75223864543414642     
    12840031           2  0.89034431836334837     
    12840031           3   1.1592465763539805     
    12840031           4  0.75178690488473909     
    12840031           5   1.2057317776114351     
    12840031           6   1.0668413426214707     
    12840031           7  0.82407060767990226     
    12840031           8  0.87284095415115870     
    12840031           9   1.2371248608353103     
    12840031          10   1.2397740120645082     
    12840361           1  0.99636616273111334     
    12840361           2  0.80258496889944997     
    12840361           3   1.2242196678171262     
    12840361           4  0.20892713964486431     
    12840361           5   1.1634239034923739     
    12840361           6   1.3759007519729816     
    12840361           7   1.1483939766533993     
    12840361           8  0.51816538042880667     
    12840361           9   1.3992347327924173     
    12840361          10   1.1627833155674672     
    12841602           1  0.97150156842994617     
    12841602           2   1.3070922887509675     
    12841602           3   1.2644690113397277     
    12841602           4  0.11112714989258950     
    12841602           5   1.0214030064588351     
    12841602           6   1.2054831479120578     
    12841602           7   1.1601924973475832     
    12841602           8   1.1217620626500406     
    12841602           9   1.2208237586338979     
    12841602          10  0.61614550858435424     
    12844371           1  0.71564756283816133     
    12844371           2   1.2730036212444376     
    12844371           3  0.71311717282361231     
    12844371           4  0.94280215679675372     
    12844371           5   1.1100464018296019     
    12844371           6  0.78490217340561952     
    12844371           7   1.3396858275375834     
    12844371           8   1.2051397180366816     
    12844371           9   1.0974879694828843     
    12844371          10  0.81816739600466470     
    12844932           1   1.0152578217379107     
    12844932           2   1.0896354029062580     
    12844932           3   1.1029116994080792     
    12844932           4   1.0914247956871150     
    12844932           5   1.2895912631518114     
    12844932           6  0.74357011302676712     
    12844932           7   1.2944129974672174     
    12844932           8  0.41524591537216887     
    12844932           9   1.1372283458047860     
    12844932          10  0.82072164543788817     
    12845096           1  0.96924071912000054     
    12845096           2   1.0775975753937523     
    12845096           3   1.1908410442268693     
    12845096           4  0.45452808474606937     
    12845096           5   1.1571191024847849     
    12845096           6   1.1244686531180441     
    12845096           7   1.2537048635695083     
    12845096           8   1.2963588454563510     
    12845096           9  0.25731880234433441     
    12845096          10   1.2188223095402855     
    12846978           1   1.2450418079544274     
    12846978           2  0.93625865836082345     
    12846978           3   1.1426611122260915     
    12846978           4  0.74431336374197377     
    12846978           5   1.0166070370213562     
    12846978           6   1.2838979325255100     
    12846978           7   1.2517490942170069     
    12846978           8  0.21030422386783318     
    12846978           9  0.89339914370368667     
    12846978          10   1.2757676263812900     
    12848348           1  0.85069858824234179     
    12848348           2  0.88175689349486941     
    12848348           3  0.80481553173761822     
    12848348           4   1.0735258152995066     
    12848348           5  0.83396663295951523     
    12848348           6   1.0772471163172710     
    12848348           7   1.0979621859284856     
    12848348           8   1.1675348156515217     
    12848348           9   1.1888897685211037     
    12848348          10   1.0236026518477679     
    12849481           1  0.68515471475151146     
    12849481           2   1.3692253443064946     
    12849481           3   1.2806313180503845     
    12849481           4  0.30082509094908261     
    12849481           5   1.1177227159838941     
    12849481           6  0.60984373610393106     
    12849481           7   1.1006512796835264     
    12849481           8   1.2976145477713148     
    12849481           9   1.0034367358519252     
    12849481          10   1.2348945165479353     
    12850154           1   1.2149499213744757     
    12850154           2  0.70743661833001514     
    12850154           3   1.2829302280877757     
    12850154           4   1.0996845175130201     
    12850154           5  0.68710377407829681     
    12850154           6   1.0735119619179314     
    12850154           7   1.4839373654538788     
    12850154           8  0.85978454242738445     
    12850154           9  0.36573384722788055     
    12850154          10   1.2249272235893418     
    12851503           1   1.1336281557875032     
    12851503           2   1.2615578865564727     
    12851503           3  0.67545207602007562     
    12851503           4  0.89116683912360894     
    12851503           5   1.0831395555023764     
    12851503           6  0.36180027737304277     
    12851503           7  0.99975103130154475     
    12851503           8   1.0390453955368908     
    12851503           9   1.3554088682946253     
    12851503          10   1.1990499145038598     
    12853670           1  0.98995937018301638     
    12853670           2   1.1525820468097654     
    12853670           3   1.2270104140770672     
    12853670           4  0.22178115442115701     
    12853670           5  0.95064886431384688     
    12853670           6   1.2599498275462087     
    12853670           7   1.1193005313426674     
    12853670           8   1.2451962000381178     
    12853670           9   1.2532434461829149     
    12853670          10  0.58032814508523989     
    12854549           1   1.2647835211217164     
    12854549           2  0.99465171682268316     
    12854549           3   1.3159310837615055     
    12854549           4  0.69732331574475970     
    12854549           5   1.0221518423558229     
    12854549           6  0.92833727852678427     
    12854549           7   1.2057504077604468     
    12854549           8   1.3255736841749333     
    12854549           9  0.84573263780989094     
    12854549          10  0.39976451192145701     
    12854610           1  0.78997094482175845     
    12854610           2  0.95812243331465330     
    12854610           3   1.4169337757673957     
    12854610           4  0.89277240925438173     
    12854610           5  0.95150353553626743     
    12854610           6   1.1369298058925832     
    12854610           7   1.2631502464256985     
    12854610           8  0.26448998683508884     
    12854610           9   1.2420380006784588     
    12854610          10   1.0840888614737143     
    12856863           1  0.87975831534652948     
    12856863           2   1.1427915418699306     
    12856863           3   1.1919588324091921     
    12856863           4  0.48319705722246481     
    12856863           5   1.2056098754218927     
    12856863           6  0.98912613305872976     
    12856863           7   1.1717120622551691     
    12856863           8  0.83563560331558684     
    12856863           9   1.1355494592056652     
    12856863          10  0.96466111989483938     
    12857976           1   1.3853719613953761     
    12857976           2  0.56692429313520032     
    12857976           3  0.89099647011657468     
    12857976           4   1.1961838092120065     
    12857976           5  0.70239688393394328     
    12857976           6   1.2896991048079798     
    12857976           7   1.3222650582755364     
    12857976           8  0.88926158741386341     
    12857976           9  0.44185974621778051     
    12857976          10   1.3150410854917380     
    12858444           1   1.2594274124209344     
    12858444           2   1.1868620988531244     
    12858444           3   1.0366247536594260     
    12858444           4  0.41623928546526029     
    12858444           5  0.92310299196588996     
    12858444           6   1.1223254811489694     
    12858444           7  0.68490622612326546     
    12858444           8   1.1771028661347973     
    12858444           9  0.96272115567143668     
    12858444          10   1.2306877285568976     
    12858714           1  0.85453154899430372     
    12858714           2  0.84851120700249794     
    12858714           3   1.1044797565728499     
    12858714           4  0.95043262487408053     
    12858714           5   1.1684159630951507     
    12858714           6  0.65830801075389256     
    12858714           7   1.0279981566050354     
    12858714           8   1.0627418999975586     
    12858714           9   1.1593521349742240     
    12858714          10   1.1652286971304087     
    12859290           1  0.41066220935071140     
    12859290           2   1.2521329941603330     
    12859290           3   1.2926256377327789     
    12859290           4  0.54599616998768974     
    12859290           5   1.0831743879532241     
    12859290           6   1.1623282854968311     
    12859290           7  0.87451907460145784     
    12859290           8   1.0009051015685020     
    12859290           9   1.0171639300002859     
    12859290          10   1.3604922091481859     
    12860593           1  0.42408675026180664     
    12860593           2   1.0941113953560253     
    12860593           3   1.4589569812262051     
    12860593           4  0.79780248424249645     
    12860593           5   1.4477179536240725     
    12860593           6  0.65079436273980140     
    12860593           7   1.1900074654891162     
    12860593           8   1.0090670252330247     
    12860593           9  0.69313794929469696     
    12860593          10   1.2343176325327554     
    12860848           1   1.0325565214088626     
    12860848           2   1.2253697074414147     
    12860848           3  0.74749010834284890     
    12860848           4   1.0247869032517383     
    12860848           5   1.0048025860139482     
    12860848           6  0.54948954478966305     
    12860848           7   1.1763854471875503     
    12860848           8   1.2424377386837726     
    12860848           9   1.3684191572914066     
    12860848          10  0.62826228558879282     
    12862633           1   1.1444227219665843     
    12862633           2  0.81078783346568195     
    12862633           3  0.86979805961891576     
    12862633           4  0.61624591416737995     
    12862633           5  0.70524494135066906     
    12862633           6   1.3101416160523995     
    12862633           7  0.46534716213233446     
    12862633           8   1.4371873867313250     
    12862633           9   1.0508760420522874     
    12862633          10   1.5899483224624229     
    12862863           1  0.71893604161285551     
    12862863           2   1.0816796110833691     
    12862863           3  0.94171462225626068     
    12862863           4   1.1286796119190929     
    12862863           5   1.2260258194015734     
    12862863           6   1.1418108432924978     
    12862863           7   1.1496930518335282     
    12862863           8   1.2576440120393289     
    12862863           9   6.5925386591736995E-002
    12862863          10   1.2878909999697552     
    12863298           1  0.75044926053930483     
    12863298           2   1.4629330311967255     
    12863298           3   1.1004082305454024     
    12863298           4  0.26545895429428701     
    12863298           5   1.3672577293878194     
    12863298           6  0.87854785005628488     
    12863298           7   1.2793379328301908     
    12863298           8  0.78679395210444070     
    12863298           9   1.2159417706759517     
    12863298          10  0.89287128836959351     
    12864432           1  0.81463225345425760     
    12864432           2  0.95499144153743787     
    12864432           3   1.4123034614708827     
    12864432           4  0.88985497096559218     
    12864432           5  0.94839417326463260     
    12864432           6   1.1332145000509215     
    12864432           7   1.2590224722525540     
    12864432           8  0.26362567561019495     
    12864432           9   1.2379792179677149     
    12864432          10   1.0859818334258122     
    12864783           1   1.4691542775223561     
    12864783           2  0.63044377016805719     
    12864783           3   1.1282863696203660     
    12864783           4   1.1230777645499750     
    12864783           5  0.70409943436077482     
    12864783           6   1.1214082235484355     
    12864783           7   1.3520939367022706     
    12864783           8  0.71441972576146506     
    12864783           9  0.41493751073610796     
    12864783          10   1.3420789870301932     
    12865528           1  0.77908107204928922     
    12865528           2   1.2998943423934739     
    12865528           3  0.56716002103154295     
    12865528           4   1.1158190148630280     
    12865528           5   1.1762046368406396     
    12865528           6  0.43183880577305728     
    12865528           7  0.87454994905903327     
    12865528           8   1.3634815558594391     
    12865528           9   1.3532619664020984     
    12865528          10   1.0387086357283979     
    12867208           1   1.1930947849503841     
    12867208           2  0.64435372976538685     
    12867208           3  0.93896351238317532     
    12867208           4  0.56928865171054421     
    12867208           5  0.82383931348987394     
    12867208           6   1.3762945386619481     
    12867208           7  0.44180071204706023     
    12867208           8   1.2276560289329193     
    12867208           9   1.1934314678133271     
    12867208          10   1.5912772602453809     
    12868695           1  0.28465345366683958     
    12868695           2   1.2568845451127717     
    12868695           3  0.93270026992115052     
    12868695           4   1.0392385887054387     
    12868695           5   1.2187053018157570     
    12868695           6  0.63497812445315671     
    12868695           7  0.70737012915583297     
    12868695           8   1.3150241141755066     
    12868695           9   1.3725126090004918     
    12868695          10   1.2379328639930531     
    12869274           1  0.54010368532008590     
    12869274           2   1.0988170839149622     
    12869274           3  0.58111221378933908     
    12869274           4  0.98697581333035256     
    12869274           5  0.90780460328491963     
    12869274           6   1.1974279483544223     
    12869274           7   1.2315233862063619     
    12869274           8   1.2025282975699823     
    12869274           9   1.2785476003210201     
    12869274          10  0.97515936790855262     
    12869672           1   1.1237316342180523     
    12869672           2   1.0487095532692050     
    12869672           3  0.91565374813836797     
    12869672           4  0.95348050072962021     
    12869672           5  0.90003030289821095     
    12869672           6  0.82992627353523785     
    12869672           7   1.4622968295162837     
    12869672           8  0.60579753529731384     
    12869672           9   1.0586048065275624     
    12869672          10   1.1017688158701453     
    12870798           1   1.0819948168229800     
    12870798           2   1.0378190765530504     
    12870798           3   1.1732446967972738     
    12870798           4  0.85680794376543168     
    12870798           5  0.89330388454111864     
    12870798           6   1.1679993922104444     
    12870798           7  0.51643784074225207     
    12870798           8  0.71488222094730314     
    12870798           9   1.2279136018076002     
    12870798          10   1.3295965258125455     
    12870860           1   1.2452222377263957     
    12870860           2  0.78865882601615267     
    12870860           3  0.77801168128592813     
    12870860           4  0.59876058710769997     
    12870860           5  0.94056638787866342     
    12870860           6   1.3158945276110365     
    12870860           7  0.34446361737806885     
    12870860           8   1.2946464810923299     
    12870860           9   1.0717921381030862     
    12870860          10   1.6219835158006408     
    12870862           1  0.50894122929300867     
    12870862           2   1.0213960825384123     
    12870862           3   1.2168295382714651     
    12870862           4  0.68795745122696950     
    12870862           5   1.3254203563887701     
    12870862           6  0.60599220541948740     
    12870862           7   1.0901367949814411     
    12870862           8   1.2667862850606035     
    12870862           9   1.2677188674535029     
    12870862          10   1.0088211893663406     
    12872002           1   1.3462715688597138     
    12872002           2   1.1468660863710529     
    12872002           3  0.99220212050745049     
    12872002           4  0.74251497784002274     
    12872002           5   1.1362854902657737     
    12872002           6  0.60062152815433878     
    12872002           7  0.74883587217660563     
    12872002           8  0.78373487389999019     
    12872002           9   1.2205187846868015     
    12872002          10   1.2821486972382505     
    12872750           1   1.1476531731868829     
    12872750           2  0.99355604349451110     
    12872750           3   1.2599615009012795     
    12872750           4   1.3341100094150105     
    12872750           5  0.77256650287334372     
    12872750           6  0.64967925023132389     
    12872750           7  0.92697254456659228     
    12872750           8   1.0846957365140413     
    12872750           9  0.92218113416810432     
    12872750          10  0.90862410464891108     
    12872916           1  0.69265327293908929     
    12872916           2   1.1579766237906719     
    12872916           3   1.2471805689036399     
    12872916           4   1.1782702274338424     
    12872916           5   1.1707906945217696     
    12872916           6   1.1621334808157058     
    12872916           7   1.0161954752988134     
    12872916           8  0.80405324256894950     
    12872916           9   1.0173481651147627     
    12872916          10  0.55339824861275377     
    12874632           1   1.2071602076545116     
    12874632           2   1.1033083925251923     
    12874632           3  0.85271473636524042     
    12874632           4  0.94917200075117680     
    12874632           5   1.1945835605443829     
    12874632           6   1.0023465692778939     
    12874632           7   1.1382934771602560     
    12874632           8   1.3754318283616336     
    12874632           9   1.1004693470562015     
    12874632          10   7.6519880303509827E-002
    12875498           1  0.62438757307424320     
    12875498           2  0.62038278853325146     
    12875498           3   1.4226849906266730     
    12875498           4  0.72422076141836567     
    12875498           5   1.1568032589369857     
    12875498           6   1.2109863295014185     
    12875498           7   1.2380288565711359     
    12875498           8  0.31765463281481932     
    12875498           9   1.3950829394732027     
    12875498          10   1.2897678690499068     
    12875607           1  0.37036482644657859     
    12875607           2  0.98506885052157711     
    12875607           3   1.1550571355562322     
    12875607           4   1.2119024297018801     
    12875607           5   1.2581086883992283     
    12875607           6   1.0262690454327177     
    12875607           7   1.1561865077125271     
    12875607           8  0.64823259234744179     
    12875607           9   1.3224476225558637     
    12875607          10  0.86636230132595249     
    12876024           1   1.0706045248537064     
    12876024           2  0.87179947223873788     
    12876024           3   1.1609422945673336     
    12876024           4  0.61156723942197244     
    12876024           5   1.1910599111276210     
    12876024           6   1.0414130325326689     
    12876024           7   1.2099109479011281     
    12876024           8  0.97464017888887000     
    12876024           9  0.90748630612370473     
    12876024          10  0.96057609234425501     
    12880165           1  0.77932961673003043     
    12880165           2   1.2612686901002237     
    12880165           3   1.2134888668931541     
    12880165           4   1.2377160978202784     
    12880165           5   1.0425459810878586     
    12880165           6  0.89496225133465868     
    12880165           7  0.78869523487341664     
    12880165           8  0.93669398757400746     
    12880165           9  0.46483091328423504     
    12880165          10   1.3804683603021375     
    12881122           1  0.74294343173194000     
    12881122           2   1.2406545492705980     
    12881122           3   1.2137352548686722     
    12881122           4  0.39396277637949684     
    12881122           5   1.3630062438996720     
    12881122           6  0.97625706399218881     
    12881122           7   1.2606941170432311     
    12881122           8  0.65181264163919106     
    12881122           9   1.2442948774375315     
    12881122          10  0.91263904373747884     
    12881130           1  0.98644307847621027     
    12881130           2   1.1745429828521923     
    12881130           3   1.2309260658655476     
    12881130           4  0.17896943574249166     
    12881130           5  0.95368258748608847     
    12881130           6   1.2639705960246390     
    12881130           7   1.1228724579352347     
    12881130           8   1.2491698865461951     
    12881130           9   1.2572428131688411     
    12881130          10  0.58218009590255859     
    12882185           1  0.87047572497898640     
    12882185           2  0.96015626482814076     
    12882185           3   1.1806102951141699     
    12882185           4  0.64378889953639928     
    12882185           5  0.92838825729074981     
    12882185           6   1.1797488828255545     
    12882185           7  0.78253548508347137     
    12882185           8   1.1585599642725293     
    12882185           9   1.0373920780747370     
    12882185          10   1.2583441479952628     
    12882603           1  0.71512244798881608     
    12882603           2   1.0987998618904926     
    12882603           3  0.90089157880848170     
    12882603           4   1.1933853849509577     
    12882603           5   1.2347555642053554     
    12882603           6   1.1329829636855002     
    12882603           7   1.2244036086864565     
    12882603           8   1.2692497649473462     
    12882603           9   8.6523343835875538E-002
    12882603          10   1.1438854810007160     
    12882649           1   1.3293380773627961     
    12882649           2   1.1339768406761346     
    12882649           3   1.0293167463866457     
    12882649           4  0.94365418198288586     
    12882649           5   1.0122582185523210     
    12882649           6  0.10029414977878669     
    12882649           7  0.97352073314473186     
    12882649           8  0.91069684112403004     
    12882649           9   1.2592741630433837     
    12882649          10   1.3076700479482846     
    12883381           1  0.98260179038540640     
    12883381           2  0.97745001574755797     
    12883381           3   1.0834041525512250     
    12883381           4   1.0078024820480180     
    12883381           5  0.99009601697218474     
    12883381           6   1.0236714041420489     
    12883381           7  0.90596894461736610     
    12883381           8   1.2356627101167044     
    12883381           9  0.34442482008525777     
    12883381          10   1.4489176633342307     
    12883971           1   1.3363800385549478     
    12883971           2  0.98172990156744322     
    12883971           3   1.1178415370951760     
    12883971           4   1.2351370954497713     
    12883971           5   1.0496951114112147     
    12883971           6  0.53730885646382220     
    12883971           7   1.3958459887259516     
    12883971           8  0.45781532738424957     
    12883971           9  0.76727999432251448     
    12883971          10   1.1209661490249094     
    12885015           1   1.0468006190205654     
    12885015           2   1.3703813903858111     
    12885015           3  0.34671409279751519     
    12885015           4  0.98420622794915902     
    12885015           5  0.96253866326877702     
    12885015           6  0.50870688240243200     
    12885015           7   1.0939364683012618     
    12885015           8   1.1383020460693605     
    12885015           9   1.2797797901660437     
    12885015          10   1.2686338196390761     
    12887179           1   1.2807911032920283     
    12887179           2   1.2241837061691567     
    12887179           3   1.0093959463989253     
    12887179           4  0.71042879951312321     
    12887179           5   1.0246321504349003     
    12887179           6  0.34344655048222800     
    12887179           7  0.70220410517057463     
    12887179           8   1.1371847951075111     
    12887179           9   1.2864629485932992     
    12887179          10   1.2812698948382530     
    12888085           1  0.59617468560110798     
    12888085           2   1.0868377629477541     
    12888085           3   1.0374508234401567     
    12888085           4  0.92869653365981986     
    12888085           5   1.1991360977486500     
    12888085           6   1.2747415658861367     
    12888085           7  0.78583865008260534     
    12888085           8  0.90539638234981845     
    12888085           9   1.3002675212709514     
    12888085          10  0.88545997701299894     
    12893373           1  0.71746341929633295     
    12893373           2   1.0794639681855178     
    12893373           3  0.93978567463329965     
    12893373           4   1.1263676972444756     
    12893373           5   1.2235145070208042     
    12893373           6   1.1599553878431947     
    12893373           7   1.1473380945810268     
    12893373           8   1.2550679349877247     
    12893373           9   6.5790349272836460E-002
    12893373          10   1.2852529669347870     
    12894713           1  0.40896981798515314     
    12894713           2   1.2795788928165790     
    12894713           3   1.3174826036635878     
    12894713           4  0.67181262082327464     
    12894713           5   1.3613807215598295     
    12894713           6  0.80194745590873329     
    12894713           7   1.2298000162638434     
    12894713           8  0.96783555461653592     
    12894713           9  0.57829170103946970     
    12894713          10   1.3829006153229928     
    12895727           1  0.99239650651422895     
    12895727           2  0.89129880611231260     
    12895727           3  0.70024385338970951     
    12895727           4   1.0050382948094696     
    12895727           5   1.0634861103310034     
    12895727           6   1.0310916859850972     
    12895727           7   1.4707183749384951     
    12895727           8  0.86515029120640152     
    12895727           9   1.0327940621847518     
    12895727          10  0.94778201452852884     
    12896231           1   1.2089054000646258     
    12896231           2   1.1521169490863692     
    12896231           3  0.10669153092406779     
    12896231           4   1.3561420730087597     
    12896231           5   1.0606189478717878     
    12896231           6  0.80055281249065036     
    12896231           7   1.0517444540321033     
    12896231           8   1.1935611664231986     
    12896231           9   1.3471811356722689     
    12896231          10  0.72248553042616936     
    12897423           1   1.1762589534569003     
    12897423           2  0.55688549048592006     
    12897423           3   1.1313670262610063     
    12897423           4  0.46462411986645280     
    12897423           5  0.98380070060550906     
    12897423           6   1.2728247836502578     
    12897423           7   1.0163419657460140     
    12897423           8  0.85539281352136198     
    12897423           9   1.2492929718376065     
    12897423          10   1.2932111745689712     
    12897643           1   1.2807659809734251     
    12897643           2   1.2501859992211233     
    12897643           3   1.0534965636541429     
    12897643           4  0.87404752794139773     
    12897643           5   1.0727412091083866     
    12897643           6  0.26407424316403155     
    12897643           7  0.50404302990195438     
    12897643           8   1.1452249225878248     
    12897643           9   1.3091309455782645     
    12897643          10   1.2462895778694496     
    12898403           1  0.36913199561808502     
    12898403           2   1.1811841096427531     
    12898403           3   1.4410764000896303     
    12898403           4  0.59914462978130723     
    12898403           5   1.1780997733170511     
    12898403           6   1.2324781648962129     
    12898403           7  0.86997853755868670     
    12898403           8  0.88807788384146458     
    12898403           9  0.86093092002203420     
    12898403          10   1.3798975852327748     
    12898757           1   1.2663889732325537     
    12898757           2   1.0590074301749026     
    12898757           3  0.85971763468898310     
    12898757           4   1.1119091894934563     
    12898757           5  0.77900543232094155     
    12898757           6  0.58324947266990879     
    12898757           7   1.1783500015086124     
    12898757           8  0.70771315125992285     
    12898757           9   1.0877535546554249     
    12898757          10   1.3669051599952933     
    12899025           1  0.51606437060487576     
    12899025           2   1.2557799090254691     
    12899025           3  0.71834965544604745     
    12899025           4   1.2502264233546792     
    12899025           5   1.0300989336915827     
    12899025           6  0.88418344219242317     
    12899025           7   1.3520516549095827     
    12899025           8   1.1217403560720702     
    12899025           9  0.89681423287640916     
    12899025          10  0.97469102182686140     
    12899328           1  0.75237740960861399     
    12899328           2  0.89050855865474987     
    12899328           3   1.1594604205843302     
    12899328           4  0.75192558572740131     
    12899328           5   1.2059541968872396     
    12899328           6   1.0651934581449123     
    12899328           7  0.82422262257340950     
    12899328           8  0.87300196562694421     
    12899328           9   1.2373530711394061     
    12899328          10   1.2400027110529936     
    12900044           1   1.0261075935677055     
    12900044           2  0.48331645276148666     
    12900044           3   1.2392386597005480     
    12900044           4  0.38060364304682204     
    12900044           5  0.86641371302076475     
    12900044           6   1.2929293499907075     
    12900044           7  0.96799741440369313     
    12900044           8   1.0903044549918219     
    12900044           9   1.2231828491344972     
    12900044          10   1.4299058693819529     
    12900108           1   1.0094907912204494     
    12900108           2   1.1623025223107575     
    12900108           3  0.93604190940283072     
    12900108           4  0.66438860496619312     
    12900108           5   1.0847137623521896     
    12900108           6   1.0184581595128197     
    12900108           7   1.0956602733597951     
    12900108           8   1.0074180124197336     
    12900108           9   1.1305539464359275     
    12900108          10  0.89097201801930437     
    12900528           1   1.1004304963154705     
    12900528           2   1.0769075601542948     
    12900528           3   1.0597628144709328     
    12900528           4   1.0258049828727658     
    12900528           5  0.90000439377673080     
    12900528           6   1.0743140296891320     
    12900528           7  0.76918469130072720     
    12900528           8   1.2444617987022162     
    12900528           9  0.32592848716634731     
    12900528          10   1.4232007455513815     
    12900646           1  0.60532927105438517     
    12900646           2   1.2164030340796825     
    12900646           3   1.0854223308850515     
    12900646           4  0.96162564526445593     
    12900646           5   1.0505853739510320     
    12900646           6  0.56550723417831972     
    12900646           7   1.0716887502432060     
    12900646           8   1.2081147882099939     
    12900646           9   1.3679733769641653     
    12900646          10  0.86735019516970746     
    12901003           1  0.68054418483295176     
    12901003           2   1.2530005480095536     
    12901003           3  0.99650770006375566     
    12901003           4  0.98542853644232720     
    12901003           5  0.78102491206200619     
    12901003           6   1.1131259692507565     
    12901003           7   1.1742906844948726     
    12901003           8   1.1414377396364321     
    12901003           9   1.2515279730591182     
    12901003          10  0.62311175214822800     
    12901348           1   1.0215966221547825     
    12901348           2   1.0744158373603119     
    12901348           3   1.1873249410648756     
    12901348           4  0.40796517529491588     
    12901348           5   1.1537025674612615     
    12901348           6   1.1146914782071597     
    12901348           7   1.2645600234047445     
    12901348           8   1.2925311881399653     
    12901348           9  0.25655903725314144     
    12901348          10   1.2266531296588414     
    12901567           1   1.0153166681286678     
    12901567           2   1.2792840076606733     
    12901567           3   1.2026933195606599     
    12901567           4  0.67534213190359149     
    12901567           5  0.84945940217742588     
    12901567           6   1.1797899538261549     
    12901567           7  0.86577278400624036     
    12901567           8   1.2383500782198378     
    12901567           9  0.89120156023210617     
    12901567          10  0.80279009428464265     
    12902321           1  0.98710332741687767     
    12902321           2   1.0622509549935670     
    12902321           3   1.2548719584781700     
    12902321           4   1.3454084639601245     
    12902321           5  0.86521745148484108     
    12902321           6  0.64884955560250879     
    12902321           7   1.0045584731453507     
    12902321           8   1.0710017289851930     
    12902321           9  0.69602038259439725     
    12902321          10   1.0647177033389714     
    12903113           1  0.18828641555790121     
    12903113           2   1.1345438877878773     
    12903113           3   1.2753154705821121     
    12903113           4  0.45055057818301786     
    12903113           5   1.0867806928783013     
    12903113           6   1.1955550795321599     
    12903113           7   1.0859832010191430     
    12903113           8   1.1836670031777372     
    12903113           9   1.1826826210838117     
    12903113          10   1.2166350501979388     
    12903239           1   1.2157520850152239     
    12903239           2   1.0778814392312415     
    12903239           3  0.88564979227411644     
    12903239           4  0.78510317758301262     
    12903239           5  0.82647215104010374     
    12903239           6   1.2511198968017414     
    12903239           7   1.1423027194591380     
    12903239           8  0.74719267260121514     
    12903239           9  0.95473319302070758     
    12903239          10   1.1137928729735012     
    12904052           1   1.3133069248905078     
    12904052           2   1.0907123667218046     
    12904052           3  0.72237566450579793     
    12904052           4  0.74079057246992497     
    12904052           5   1.1055554393073019     
    12904052           6  0.60608651906500255     
    12904052           7   1.0576469044569607     
    12904052           8   1.1596321371125549     
    12904052           9   1.0539603790869261     
    12904052          10   1.1499330923832194     
    12905115           1  0.51280112048707593     
    12905115           2   1.2577271484422323     
    12905115           3  0.71380728683608463     
    12905115           4   1.2423208174735625     
    12905115           5   1.0235852686176414     
    12905115           6  0.93193788144412748     
    12905115           7   1.3435021735396835     
    12905115           8   1.1146472111901584     
    12905115           9  0.89114337218969220     
    12905115          10  0.96852771977974095     
    12905248           1  0.90618860067723961     
    12905248           2   1.1263262969019370     
    12905248           3   1.3115540443096965     
    12905248           4  0.61917718613837813     
    12905248           5   1.1094534130442597     
    12905248           6   1.2374540477491744     
    12905248           7  0.76834705104032552     
    12905248           8   1.0991180696342773     
    12905248           9   1.1801826916715452     
    12905248          10  0.64219859883316610     
    12905261           1  0.74010661502289643     
    12905261           2   1.2081482068384541     
    12905261           3   1.2471444440676263     
    12905261           4  0.47016802024679893     
    12905261           5   1.0099622571141358     
    12905261           6  0.98349683418342249     
    12905261           7   1.3056203856569635     
    12905261           8   1.4086970091174611     
    12905261           9  0.86574663430100174     
    12905261          10  0.76090959345124043     
    12905762           1  0.96952888411579474     
    12905762           2   1.0021868226259310     
    12905762           3   1.2572096276715878     
    12905762           4  0.73856087068563736     
    12905762           5   1.0156359034348732     
    12905762           6   1.1901223606530305     
    12905762           7  0.62561971176440434     
    12905762           8   1.1140318950805899     
    12905762           9   1.1440416121245824     
    12905762          10  0.94306231184356815     
    12909041           1  0.68166512415715730     
    12909041           2   1.2581442961046152     
    12909041           3   1.3582996177441917     
    12909041           4  0.87375799344504135     
    12909041           5   1.1244667069455248     
    12909041           6  0.53608215068325393     
    12909041           7   1.2355159478197080     
    12909041           8  0.78193069371757828     
    12909041           9   1.0856828958214515     
    12909041          10   1.0644545735614783     
    12909152           1  0.89839360258820233     
    12909152           2   1.0425906162981939     
    12909152           3  0.97495452069828936     
    12909152           4   1.0881829534101821     
    12909152           5  0.80407100129844045     
    12909152           6   1.0404770038884568     
    12909152           7   1.1684588196362333     
    12909152           8   1.1033266436298483     
    12909152           9   1.1709279863322206     
    12909152          10  0.70861685221993287     
    12909979           1  0.93307008924609069     
    12909979           2   1.1407070795174781     
    12909979           3  0.97816473993370368     
    12909979           4  0.93216046879745518     
    12909979           5   1.1786862864708412     
    12909979           6   1.2134196662579415     
    12909979           7  0.40186464989922055     
    12909979           8   1.1593599197008222     
    12909979           9   1.0274746791672853     
    12909979          10   1.0350924210091608     
    12910592           1  0.87715504353697904     
    12910592           2   1.0654396886700435     
    12910592           3   1.1409461502170870     
    12910592           4  0.75782080968992549     
    12910592           5  0.85347948775087545     
    12910592           6  0.57416187051645562     
    12910592           7   1.1960013244729366     
    12910592           8   1.2887157000761955     
    12910592           9   1.4096080036680727     
    12910592          10  0.83667192140142854     
    12911891           1   1.2593263037307123     
    12911891           2   1.0299477740983851     
    12911891           3   1.0654874746515626     
    12911891           4  0.73569959583902389     
    12911891           5   1.0390499669601636     
    12911891           6   1.2878465419088838     
    12911891           7  0.63017434959923591     
    12911891           8   1.3000573558843536     
    12911891           9  0.61972247718843121     
    12911891          10   1.0326881601392479     
    12912771           1   1.0808612118571053     
    12912771           2  0.62554326908862656     
    12912771           3   1.2101963278670795     
    12912771           4  0.83930320273934900     
    12912771           5   1.3237807383916913     
    12912771           6  0.93608862178455843     
    12912771           7   1.0324793411572450     
    12912771           8  0.41283551121715872     
    12912771           9   1.3130026433509132     
    12912771          10   1.2259091325462728     
    12912782           1  0.69997288536778413     
    12912782           2   1.2622893713810279     
    12912782           3  0.99172954617504250     
    12912782           4  0.82363890192598876     
    12912782           5   1.1727681193958712     
    12912782           6  0.98465464705854822     
    12912782           7  0.36157730583486808     
    12912782           8   1.1344889436567573     
    12912782           9   1.2028305524684015     
    12912782          10   1.3660497267357103     
    12914335           1  0.77870962203508443     
    12914335           2   1.2992745792015936     
    12914335           3  0.56688961066550181     
    12914335           4   1.1152870150445360     
    12914335           5   1.1756438463854011     
    12914335           6  0.43163291381098373     
    12914335           7  0.87413298142542573     
    12914335           8   1.3675992722484649     
    12914335           9   1.3526167586122073     
    12914335          10   1.0382134005708024     
    12914511           1   1.1784703356326396     
    12914511           2   1.2837169772325128     
    12914511           3  0.68079396165370520     
    12914511           4   1.0926964082517394     
    12914511           5   1.1861636354310647     
    12914511           6   1.0617531636134991     
    12914511           7   1.0286704900404977     
    12914511           8  0.82680438905403730     
    12914511           9  0.98246558544423745     
    12914511          10  0.67846505364606613     
    12915113           1  0.98850478707599987     
    12915113           2   1.1038877884611353     
    12915113           3  0.93755366636009785     
    12915113           4   1.0973560167853009     
    12915113           5   1.0637130869240787     
    12915113           6  0.65323670714958559     
    12915113           7   1.3981054622123368     
    12915113           8  0.90212235706005472     
    12915113           9  0.92209436672748257     
    12915113          10  0.93342576124392751     
    12916263           1   1.0274121565295773     
    12916263           2   1.1431157225600446     
    12916263           3  0.64634346563856915     
    12916263           4  0.97513699756066274     
    12916263           5   1.0700935780905687     
    12916263           6   1.0414209416277032     
    12916263           7   1.1975508944764146     
    12916263           8  0.90240354873945605     
    12916263           9   1.0083650262447439     
    12916263          10  0.98815766853226117     
    12916599           1   1.0833458183422786     
    12916599           2   1.0449883419055810     
    12916599           3  0.91240466823622013     
    12916599           4  0.95009719744679211     
    12916599           5  0.89683666078795266     
    12916599           6  0.85718128995069420     
    12916599           7   1.4247175142259458     
    12916599           8  0.60364794043057846     
    12916599           9   1.0548484831267151     
    12916599          10   1.1719320855472435     
    12916636           1  0.98483111966776071     
    12916636           2   1.1717306561300596     
    12916636           3  0.94363470750222733     
    12916636           4  0.66977785996254946     
    12916636           5   1.0628134810360408     
    12916636           6   1.0267194853147781     
    12916636           7   1.0869791297784863     
    12916636           8   1.0155897849580791     
    12916636           9   1.1397245484886074     
    12916636          10  0.89819922716141254     
    12917268           1   1.2136768960018931     
    12917268           2   1.1092644511324481     
    12917268           3  0.85731799958653954     
    12917268           4  0.95429597524746534     
    12917268           5   1.2301685727038474     
    12917268           6   1.0077575993687071     
    12917268           7   1.0613185562301812     
    12917268           8   1.3828569079092086     
    12917268           9   1.1064100794669771     
    12917268          10   7.6932962352731601E-002
    12917908           1  0.97704032922178574     
    12917908           2  0.93056166097509152     
    12917908           3  0.49324167190923196     
    12917908           4   1.2300691999201099     
    12917908           5   1.1058888315715982     
    12917908           6  0.84031838041548002     
    12917908           7  0.97362297369564199     
    12917908           8   1.3592564973159758     
    12917908           9   1.0646304831041091     
    12917908          10   1.0253699718709759     
    12918720           1  0.81775627571918519     
    12918720           2   1.2851926254928401     
    12918720           3   1.3237584314090853     
    12918720           4  0.53171999925858970     
    12918720           5  0.88642110850544065     
    12918720           6  0.90055032986616346     
    12918720           7   1.1250579737042641     
    12918720           8   1.3008983658212827     
    12918720           9   1.1425525317470060     
    12918720          10  0.68609235847614070     
    12918742           1  0.49821198026083297     
    12918742           2   1.1397821461921902     
    12918742           3   1.2456788129017762     
    12918742           4  0.47475521391109421     
    12918742           5  0.80659753409165569     
    12918742           6   1.1844780080516870     
    12918742           7  0.84660556445396018     
    12918742           8   1.3568636837821793     
    12918742           9   1.2184368911201664     
    12918742          10   1.2285901652344571     
    12918773           1   1.0372280373059577     
    12918773           2  0.72078288252413059     
    12918773           3   1.2699613426402543     
    12918773           4  0.43110298710188893     
    12918773           5  0.22570230938350441     
    12918773           6   1.3635127242011496     
    12918773           7   1.2335297098997529     
    12918773           8   1.0709591721992755     
    12918773           9   1.3159969343097193     
    12918773          10   1.3312239004343662     
    12920274           1  0.79957958826890796     
    12920274           2   1.2278410054130857     
    12920274           3   1.1579001049913029     
    12920274           4   1.1954541822348397     
    12920274           5   1.3108516413633118     
    12920274           6  0.42236269042471419     
    12920274           7   1.6061112744812274     
    12920274           8  0.13704092095632592     
    12920274           9  0.98182495713724116     
    12920274          10   1.1610336347290442     
    12920324           1   1.2718395105941009     
    12920324           2   1.0635653975027377     
    12920324           3  0.86341785885967548     
    12920324           4   1.1166948459608463     
    12920324           5  0.78235827122230639     
    12920324           6  0.58575977804138990     
    12920324           7   1.1834216191900326     
    12920324           8  0.71075914822746922     
    12920324           9   1.0924352452853356     
    12920324          10   1.3297483251161055     
    12920635           1  0.70006267637456276     
    12920635           2   1.2611685167726800     
    12920635           3  0.99185676309481841     
    12920635           4  0.82374455654172019     
    12920635           5   1.1729185595519969     
    12920635           6  0.98478095642557772     
    12920635           7  0.36162368818909624     
    12920635           8   1.1346344734430671     
    12920635           9   1.2029848489683774     
    12920635          10   1.3662249606381047     
    12921111           1   1.0816458637603319     
    12921111           2   1.0963659247977089     
    12921111           3   1.1124308474272890     
    12921111           4  0.48398463296485489     
    12921111           5   1.2498764191836791     
    12921111           6   1.1571243426721316     
    12921111           7   1.0436346416617188     
    12921111           8   1.2583534571413353     
    12921111           9  0.31195794698591450     
    12921111          10   1.2046259234050369     
    12922137           1  0.68832723507172056     
    12922137           2   1.2704405051229917     
    12922137           3   1.3715746737620707     
    12922137           4  0.88229748367056016     
    12922137           5   1.1354564461237868     
    12922137           6  0.46461935011365169     
    12922137           7   1.2475910034289619     
    12922137           8  0.78957272911654186     
    12922137           9   1.0962935895678125     
    12922137          10   1.0538269840219017     
    12923312           1  0.51175503526085853     
    12923312           2   1.2452936653424813     
    12923312           3  0.71235116042119628     
    12923312           4   1.2397865534061456     
    12923312           5   1.0214972126745150     
    12923312           6  0.95940221346985199     
    12923312           7   1.3407615052396686     
    12923312           8   1.1132751858590373     
    12923312           9  0.88932549021001983     
    12923312          10  0.96655197811622551     
    12924024           1  0.99445488688208750     
    12924024           2   1.3027646039915626     
    12924024           3   1.2658313820994722     
    12924024           4  0.42872564934472318     
    12924024           5  0.93328978449481614     
    12924024           6  0.52339076650132366     
    12924024           7   1.1443111121070326     
    12924024           8   1.2922645343293218     
    12924024           9   1.3726827524006411     
    12924024          10  0.74228452784901955     
    12924783           1   1.0202341299660473     
    12924783           2  0.93237496216589355     
    12924783           3   1.3550240799269127     
    12924783           4   1.2658186403650362     
    12924783           5   1.1060709154384396     
    12924783           6  0.33202777722748239     
    12924783           7   1.4474547750361355     
    12924783           8  0.62598140763077748     
    12924783           9  0.57609988277684032     
    12924783          10   1.3389134294664362     
    12925425           1   1.2147676596538357     
    12925425           2   1.0791948514787115     
    12925425           3   1.0486488945566483     
    12925425           4  0.59427322388338122     
    12925425           5   1.0106059789486397     
    12925425           6   1.2742255043905806     
    12925425           7  0.58063823275662885     
    12925425           8   1.2520535919874773     
    12925425           9  0.75181283060040338     
    12925425          10   1.1937792317436939     
    12925915           1   1.1719705369531446     
    12925915           2   1.1265752671475826     
    12925915           3   1.0936525923704383     
    12925915           4  0.82429063289923998     
    12925915           5   1.0636096473098788     
    12925915           6   1.1700534622037653     
    12925915           7   1.3931783241910551     
    12925915           8  0.18369055519474045     
    12925915           9  0.77063603506554068     
    12925915          10   1.2023429466646143     
    12926743           1  0.91235251710732101     
    12926743           2   1.1753173639438468     
    12926743           3   1.1654923986368733     
    12926743           4   1.2292381496263423     
    12926743           5   1.2497421402874016     
    12926743           6  0.24445338594769914     
    12926743           7   1.6166424665683155     
    12926743           8  0.17574159845762716     
    12926743           9   1.0269866988565832     
    12926743          10   1.2040332805679894     
    12927740           1   1.1785911564439340     
    12927740           2   1.2828233540716731     
    12927740           3  0.68086375898019214     
    12927740           4   1.0928084352264977     
    12927740           5   1.1862852449857793     
    12927740           6   1.0618620181809357     
    12927740           7   1.0287759528590374     
    12927740           8  0.82688915586915923     
    12927740           9  0.98256631117785420     
    12927740          10  0.67853461220493505     
    12927807           1   1.2031986961633905     
    12927807           2   1.2401577380619508     
    12927807           3  0.37550927932748718     
    12927807           4   1.1683086766259483     
    12927807           5  0.74910054197105891     
    12927807           6   1.0525945173392446     
    12927807           7   1.0279447663359036     
    12927807           8   1.1706874563771643     
    12927807           9   1.2516694354179487     
    12927807          10  0.76082889237990325     
    12928251           1   1.1510923693872834     
    12928251           2  0.93133745806402657     
    12928251           3   1.2648607947653756     
    12928251           4   1.4404625213104185     
    12928251           5  0.90217211935781294     
    12928251           6  0.47035062021662621     
    12928251           7  0.89446399381974484     
    12928251           8  0.90399770647483546     
    12928251           9  0.81105667919364000     
    12928251          10   1.2302057374102366     
    12929534           1  0.37631092976147568     
    12929534           2   1.3252677583935049     
    12929534           3   1.3812230222113071     
    12929534           4  0.45331976923908074     
    12929534           5   1.1092740189261678     
    12929534           6   1.2450769940183930     
    12929534           7  0.90089925720851916     
    12929534           8   1.0660568537174366     
    12929534           9  0.79315715764238892     
    12929534          10   1.3494142388817263     
    12929889           1   1.1378224905817274     
    12929889           2  0.68487037679228924     
    12929889           3  0.83251286134832847     
    12929889           4   1.0125260251078689     
    12929889           5   1.0026691889024439     
    12929889           6   1.1482275458948228     
    12929889           7   1.1762279274973095     
    12929889           8   1.1519726484798927     
    12929889           9  0.65153957771485183     
    12929889          10   1.2016313576804667     
    12929912           1   1.3127129125885162     
    12929912           2   1.0197943117455566     
    12929912           3   1.1805469477152497     
    12929912           4  0.94392652693674395     
    12929912           5   1.0419635621925578     
    12929912           6  0.58925317562006929     
    12929912           7   1.2952704714125918     
    12929912           8  0.41887763951998713     
    12929912           9  0.89397457826073079     
    12929912          10   1.3036798740079947     
    12931449           1  0.66754992061470186     
    12931449           2  0.92671596283944591     
    12931449           3   1.0166037947579536     
    12931449           4   1.0243501579495082     
    12931449           5  0.90997134691665049     
    12931449           6   1.1464225706068172     
    12931449           7   1.1783223414246111     
    12931449           8  0.94150274469458395     
    12931449           9   1.1807851738338409     
    12931449          10   1.0077759863618885     
    12931756           1   1.2233877717916435     
    12931756           2   1.1190914197787090     
    12931756           3  0.41518778579586185     
    12931756           4   1.2267538876262452     
    12931756           5   1.4067343220552206     
    12931756           6   1.1286734891956138     
    12931756           7   1.1911423538347683     
    12931756           8   1.3519458618475606     
    12931756           9  0.55280718102093518     
    12931756          10  0.38427592705344282     
    12931953           1  0.96661751534205143     
    12931953           2   1.0294293059136537     
    12931953           3  0.85427793644837002     
    12931953           4   1.0735620055017672     
    12931953           5   1.1098190555241245     
    12931953           6  0.69916053157114000     
    12931953           7   1.4033299617842090     
    12931953           8  0.95363000409934284     
    12931953           9   1.1764010716702678     
    12931953          10  0.73377261214507372     
    12932156           1  0.98557711397453285     
    12932156           2   1.1735118919042833     
    12932156           3   1.2298454781453969     
    12932156           4  0.17881232462111032     
    12932156           5  0.95284538229437421     
    12932156           6   1.2716396562213428     
    12932156           7   1.1218867267666555     
    12932156           8   1.2480732832024071     
    12932156           9   1.2561391228800156     
    12932156          10  0.58166901998988296     
    12932244           1  0.86938736924013649     
    12932244           2   1.0579741673009400     
    12932244           3   1.1375932117448670     
    12932244           4  0.76607717457401492     
    12932244           5   1.1323727088347906     
    12932244           6  0.64660440975729361     
    12932244           7  0.70801397867359428     
    12932244           8   1.2078869546446442     
    12932244           9   1.2236766180257803     
    12932244          10   1.2504134072039386     
    12932597           1   1.1887527778666236     
    12932597           2   1.0701910751761130     
    12932597           3   1.2894898027741468     
    12932597           4  0.94169373301535253     
    12932597           5  0.49573265709558523     
    12932597           6  0.95459924302802646     
    12932597           7   1.2976019642011667     
    12932597           8  0.53249141469572048     
    12932597           9   1.0832705130540925     
    12932597          10   1.1461768190931714     
    12932949           1  0.82048898136305470     
    12932949           2   1.2175557054028963     
    12932949           3   1.1959245716572289     
    12932949           4  0.94181229100698216     
    12932949           5  0.64669939424405432     
    12932949           6   1.1418499665686004     
    12932949           7  0.87353797803858502     
    12932949           8   1.0942454029014099     
    12932949           9   1.1692518655798834     
    12932949          10  0.89863384323730666     
    12933217           1  0.73511119472635544     
    12933217           2   1.0776665203940574     
    12933217           3   1.1317448095328977     
    12933217           4   1.0146758658144213     
    12933217           5   1.1916270302584226     
    12933217           6   1.0452884823817832     
    12933217           7  0.92000327323118325     
    12933217           8   1.0728033663853624     
    12933217           9   1.0962334933885436     
    12933217          10  0.71484596388697352     
    12933633           1  0.36804781988987678     
    12933633           2   1.1777148597337181     
    12933633           3   1.4368438218411510     
    12933633           4  0.59738488510188026     
    12933633           5   1.1746395823967293     
    12933633           6   1.2582292091920055     
    12933633           7  0.86742332797057209     
    12933633           8  0.88546951475439251     
    12933633           9  0.85840228414589193     
    12933633          10   1.3758446949737837     
    12934554           1  0.72917528743576221     
    12934554           2   1.0423303209759833     
    12934554           3  0.58664316050551846     
    12934554           4  0.96544520746459273     
    12934554           5   1.0094598661958389     
    12934554           6   1.1475708240132569     
    12934554           7   1.1387071551654659     
    12934554           8   1.3445256584718916     
    12934554           9   1.2136897606096506     
    12934554          10  0.82245275916203697     
    12934887           1   1.0813132419118698     
    12934887           2   1.1731950054875457     
    12934887           3   1.1988091715897315     
    12934887           4  0.79714826959619101     
    12934887           5   1.2476427737122611     
    12934887           6  0.16384050946845310     
    12934887           7   1.3117359770546313     
    12934887           8  0.57091263279679338     
    12934887           9   1.2299639998247054     
    12934887          10   1.2254384185578167     
    12935071           1  0.79152804392425791     
    12935071           2  0.96001097312839989     
    12935071           3   1.4197266712846435     
    12935071           4  0.87482129851953216     
    12935071           5  0.95337902894639903     
    12935071           6   1.1391707900603740     
    12935071           7   1.2656400216863257     
    12935071           8  0.26501131882055057     
    12935071           9   1.2444861619289502     
    12935071          10   1.0862256917005668     
    12935720           1  0.96956934781897863     
    12935720           2   1.3044926113620334     
    12935720           3   1.2619541074373193     
    12935720           4  0.12933151876761251     
    12935720           5   1.0193715368191374     
    12935720           6   1.2030855610627293     
    12935720           7   1.1593486110823887     
    12935720           8   1.1195309887655622     
    12935720           9   1.2183956608258795     
    12935720          10  0.61492005605835798     
    12936333           1   1.2037934368810106     
    12936333           2   1.0516741940904220     
    12936333           3  0.55064069869702226     
    12936333           4   1.0519674332946318     
    12936333           5  0.89985305076049138     
    12936333           6  0.92626731939164542     
    12936333           7   1.1210817146985312     
    12936333           8   1.2319680901064913     
    12936333           9  0.74513629696345007     
    12936333          10   1.2176177651163029     
    12936747           1   1.0692352440913708     
    12936747           2  0.87068445897451330     
    12936747           3   1.1594574736897552     
    12936747           4  0.61078505773267910     
    12936747           5   1.1895365704493075     
    12936747           6   1.0400810870775652     
    12936747           7   1.2083634971416364     
    12936747           8  0.98618342505429746     
    12936747           9  0.90632565014644006     
    12936747          10  0.95934753564243636     
    12937035           1   1.3478397923601106     
    12937035           2   1.0195178834790337     
    12937035           3   1.0546976869590430     
    12937035           4  0.72824944496120947     
    12937035           5   1.0285279018846583     
    12937035           6   1.2748050082462881     
    12937035           7  0.62379281288180899     
    12937035           8   1.2868921679381715     
    12937035           9  0.61344678262024099     
    12937035          10   1.0222305186694360     
    12937949           1  0.88095463088932102     
    12937949           2  0.67786112370809559     
    12937949           3  0.83243743647567270     
    12937949           4   1.1043156030953596     
    12937949           5   1.0071399190562755     
    12937949           6  0.99123279439676315     
    12937949           7   1.2066869878001163     
    12937949           8   1.0790360271734085     
    12937949           9   1.1604064041900752     
    12937949          10   1.0599290732149136     
    12938331           1   1.0576879889647948     
    12938331           2  0.56494801833350772     
    12938331           3  0.51350517371410842     
    12938331           4   1.0786709722032788     
    12938331           5  0.73188295287807736     
    12938331           6   1.3138143319101179     
    12938331           7   1.4578477282075715     
    12938331           8   1.2720317607046037     
    12938331           9   1.1281654212764045     
    12938331          10  0.88144565180753609     
    12938884           1   1.2792811104717208     
    12938884           2  0.98168111367484778     
    12938884           3   1.1304797425763164     
    12938884           4   1.2271384568073860     
    12938884           5   1.0323362429748046     
    12938884           6  0.49940652465958363     
    12938884           7   1.4795761795661828     
    12938884           8  0.38956385924510123     
    12938884           9  0.82374094909540974     
    12938884          10   1.1567958209286473     
    12939445           1  0.93492073979828205     
    12939445           2  0.98588069407387935     
    12939445           3  0.81343637432040361     
    12939445           4   1.0258535468590515     
    12939445           5   1.0635187890406093     
    12939445           6  0.98430400854266098     
    12939445           7   1.2885496539608770     
    12939445           8  0.66933179188094993     
    12939445           9   1.0558252418711218     
    12939445          10   1.1783791596521620     
    12939535           1  0.99615844641542495     
    12939535           2   1.2970467421492573     
    12939535           3   1.2679998254818909     
    12939535           4  0.47737357259744778     
    12939535           5  0.93488856462121017     
    12939535           6  0.52428736557454014     
    12939535           7   1.1462713841413390     
    12939535           8   1.2944782592514776     
    12939535           9   1.3619244016670617     
    12939535          10  0.69957143810035149     
    12940554           1  0.94607376048874359     
    12940554           2   1.2874487592106949     
    12940554           3   1.2826501044024952     
    12940554           4  0.22021469100122185     
    12940554           5   1.1903766345509048     
    12940554           6   1.2515973019051418     
    12940554           7  0.80606056803971227     
    12940554           8   1.3833338459865405     
    12940554           9   1.3522300591328360     
    12940554          10  0.28001427528171030     
    12941543           1   1.2011037253096186     
    12941543           2   1.0977729484657128     
    12941543           3  0.86977349734490539     
    12941543           4  0.94440987934561305     
    12941543           5   1.2174245553333023     
    12941543           6  0.99731766403250721     
    12941543           7   1.1325825083062353     
    12941543           8   1.3685311050506308     
    12941543           9   1.0949481468631537     
    12941543          10   7.6135969948320101E-002
    12941623           1  0.94383262196438711     
    12941623           2   1.2843989430833440     
    12941623           3   1.2796116557293586     
    12941623           4  0.21969302805247126     
    12941623           5   1.1875567709783144     
    12941623           6   1.2486324137035800     
    12941623           7  0.80415110445722671     
    12941623           8   1.3795765620873899     
    12941623           9   1.3731959458596918     
    12941623          10  0.27935095408423899     
    12941727           1   1.2110012023574215     
    12941727           2  0.70513737259238018     
    12941727           3   1.2787605657008085     
    12941727           4   1.0961104235601178     
    12941727           5  0.68487061228976553     
    12941727           6   1.0700229316093695     
    12941727           7   1.5116154926621284     
    12941727           8  0.85699014941288776     
    12941727           9  0.36454517255716218     
    12941727          10   1.2209460772579583     
    12942178           1  0.67927012369017137     
    12942178           2   1.2458056550928147     
    12942178           3   1.0182124522940281     
    12942178           4  0.98358369486517627     
    12942178           5  0.77956273882744098     
    12942178           6   1.1110420626124384     
    12942178           7   1.1720922701012337     
    12942178           8   1.1393008299347780     
    12942178           9   1.2491849611061634     
    12942178          10  0.62194521147575610     
    12942436           1  0.97582428965196844     
    12942436           2  0.93921708052217290     
    12942436           3   1.2414311654386505     
    12942436           4  0.77315332416140647     
    12942436           5   1.0213260891883800     
    12942436           6   1.1937304381375726     
    12942436           7  0.71470553281649241     
    12942436           8   1.0716706320467084     
    12942436           9   1.1827165330374911     
    12942436          10  0.88622491499915568     
    12942627           1   1.0937634369248348     
    12942627           2   1.2507545763025472     
    12942627           3  0.72726090179337910     
    12942627           4  0.78578599995733667     
    12942627           5   1.0644008036494073     
    12942627           6  0.38557990610402909     
    12942627           7   1.1067215183209904     
    12942627           8  0.97647966874061631     
    12942627           9   1.3341218359592453     
    12942627          10   1.2751313522476126     
    12942714           1   1.1941705296560401     
    12942714           2   1.0750684809079911     
    12942714           3   1.2953666644871020     
    12942714           4  0.94598551092083261     
    12942714           5  0.46823805936588503     
    12942714           6  0.95887567909205595     
    12942714           7   1.3035157971649201     
    12942714           8  0.50469853773209561     
    12942714           9   1.1026802101167259     
    12942714          10   1.1514005305563519     
    12943087           1  0.82168547862142149     
    12943087           2   1.2270848392969327     
    12943087           3  0.46712398137832334     
    12943087           4   1.1809851947569878     
    12943087           5   1.2805315975362594     
    12943087           6  0.96979553092467818     
    12943087           7   1.1647346783194041     
    12943087           8   1.3894470281045805     
    12943087           9  0.63277294044220178     
    12943087          10  0.86583873061921013     
    12943228           1   1.0453126396723071     
    12943228           2   1.3684334557255897     
    12943228           3  0.34622125452396174     
    12943228           4  0.98280722367364981     
    12943228           5  0.96117045844847027     
    12943228           6  0.50798377876495049     
    12943228           7   1.0923814874925364     
    12943228           8   1.1508985456380043     
    12943228           9   1.2779606415493119     
    12943228          10   1.2668305145112180     
    12943336           1  0.93255126121864562     
    12943336           2   1.0171411301249211     
    12943336           3   1.1002906883761088     
    12943336           4  0.92777390760290190     
    12943336           5   1.2550967646094704     
    12943336           6  0.84951830355508506     
    12943336           7   1.1987688856815013     
    12943336           8  0.41289721720437395     
    12943336           9   1.0687467337340726     
    12943336          10   1.2372151078929190     
    12943337           1   1.0783410788175669     
    12943337           2  0.68327923879804475     
    12943337           3   1.1813846807274713     
    12943337           4  0.83825985036903872     
    12943337           5   1.2109851005587073     
    12943337           6   1.1643626500934854     
    12943337           7  0.89900498374158389     
    12943337           8  0.39730330791815399     
    12943337           9   1.3140159451695819     
    12943337          10   1.2330631638063667     
    12943345           1  0.53367780683232935     
    12943345           2   1.1567320252305284     
    12943345           3   1.2497029467633411     
    12943345           4  0.37188810048494092     
    12943345           5   1.2217077810996140     
    12943345           6   1.0258101449326200     
    12943345           7   1.1831276380734945     
    12943345           8   1.0677151287095779     
    12943345           9   1.0501642928901662     
    12943345          10   1.1394741349833897     
    12943792           1  0.66191667385764952     
    12943792           2   1.1046447304784999     
    12943792           3   1.2346691384629354     
    12943792           4  0.71460085269459139     
    12943792           5   1.2276331879736184     
    12943792           6  0.67277342425301079     
    12943792           7  0.69062415913946662     
    12943792           8   1.1505264835793969     
    12943792           9   1.2911596694415963     
    12943792          10   1.2514516801192339     
    12944306           1  0.52614802591733512     
    12944306           2   1.1569290266375925     
    12944306           3   1.2499157819175120     
    12944306           4  0.37195143622517107     
    12944306           5   1.2219158484364283     
    12944306           6   1.0259848492180761     
    12944306           7   1.1833291348803199     
    12944306           8   1.0678969697739829     
    12944306           9   1.0503431448963656     
    12944306          10   1.1455857820972166     
    12944536           1  0.59145752497771309     
    12944536           2   1.5058290259136560     
    12944536           3   1.3061565365924666     
    12944536           4  0.19808046945617455     
    12944536           5  0.99689578875167828     
    12944536           6  0.87995220638451355     
    12944536           7   1.0163740009036812     
    12944536           8   1.2118540738673800     
    12944536           9   1.1233736214454324     
    12944536          10   1.1700267517073026     
    12944916           1  0.76273749393218104     
    12944916           2   1.4322605055350628     
    12944916           3  0.52687217470845160     
    12944916           4  0.97284573333131252     
    12944916           5   1.2046468126256786     
    12944916           6  0.58541030016909523     
    12944916           7  0.74206966773320959     
    12944916           8   1.2349854013880732     
    12944916           9   1.2603710992986366     
    12944916          10   1.2778008112782986     
    12945075           1   1.1472957530103469     
    12945075           2  0.84358440555237002     
    12945075           3  0.87198165557443419     
    12945075           4  0.63479602583824646     
    12945075           5  0.70701543277054857     
    12945075           6   1.3134306782690039     
    12945075           7  0.46651539902353806     
    12945075           8   1.3679265932581184     
    12945075           9   1.0535142276055891     
    12945075          10   1.5939398290978057     
    12945332           1   1.0833483393137022     
    12945332           2  0.62698268223693132     
    12945332           3   1.1899704544512921     
    12945332           4  0.84123449050973365     
    12945332           5   1.3268268384689725     
    12945332           6  0.93824261869693548     
    12945332           7   1.0348551389836369     
    12945332           8  0.41378547086391321     
    12945332           9   1.3160239423752824     
    12945332          10   1.2287300240996017     
    12945965           1   1.1981022676359385     
    12945965           2  0.98565750520948570     
    12945965           3   1.1588093179336745     
    12945965           4  0.86015725250835162     
    12945965           5  0.74933829020042286     
    12945965           6   1.2689287433749907     
    12945965           7   1.0269935566784170     
    12945965           8  0.60703840020831334     
    12945965           9  0.96298078937107323     
    12945965          10   1.1819938768793323     
    12946163           1   1.1489325168036428     
    12946163           2   1.1380255218782378     
    12946163           3  0.27861587376061459     
    12946163           4   1.0546392998794978     
    12946163           5  0.94867973117257176     
    12946163           6   1.0920444723218625     
    12946163           7   1.3376626108791816     
    12946163           8   1.1275769837946392     
    12946163           9   1.3000762882404238     
    12946163          10  0.57374670126932859     
    12946514           1   1.2740026926254022     
    12946514           2   1.1178732444714481     
    12946514           3   1.1085561896631835     
    12946514           4   1.0342816320622312     
    12946514           5   1.1178655687242949     
    12946514           6  0.80777007382747401     
    12946514           7   1.0594053726051986     
    12946514           8   1.1366269452469084     
    12946514           9  0.78499175321509995     
    12946514          10  0.55862652755875797     
    12946819           1   1.0140253463964681     
    12946819           2   1.0883126366724103     
    12946819           3   1.1015728163734406     
    12946819           4   1.1022393878346586     
    12946819           5   1.2880257598891489     
    12946819           6  0.74266745381122878     
    12946819           7   1.2928416408454184     
    12946819           8  0.41474182632170986     
    12946819           9   1.1358478039721758     
    12946819          10  0.81972532788333952     
    12948177           1   1.3471658045366328     
    12948177           2  0.99947180790180778     
    12948177           3  0.70986445809256782     
    12948177           4   1.2924438796462765     
    12948177           5   1.0014915928442676     
    12948177           6  0.73467506542875971     
    12948177           7   1.3308823428854832     
    12948177           8  0.50886488413384756     
    12948177           9   1.0070078672105938     
    12948177          10   1.0681322973197629     
    12948391           1  0.98715781393705482     
    12948391           2   1.1493202731153298     
    12948391           3   1.2235380102664120     
    12948391           4  0.22115352019987550     
    12948391           5  0.94795855565699527     
    12948391           6   1.2563842061527695     
    12948391           7   1.1161329433697273     
    12948391           8   1.2699720403470129     
    12948391           9   1.2496968036538230     
    12948391          10  0.57868583330099943     
    12948893           1   1.0044793768879974     
    12948893           2   1.2715209561573027     
    12948893           3  0.32344131553719146     
    12948893           4   1.0026951417751051     
    12948893           5   1.3921233288166250     
    12948893           6  0.71943749261432366     
    12948893           7  0.75262729184940569     
    12948893           8   1.1111181340827836     
    12948893           9   1.2159932308872499     
    12948893          10   1.2065637313920139     
    12949074           1   1.2019875633837733     
    12949074           2   1.1105986021446987     
    12949074           3   1.1274043255475041     
    12949074           4   1.0697493787920165     
    12949074           5   1.0319753582419926     
    12949074           6  0.82515788171075910     
    12949074           7   1.1998630288964787     
    12949074           8   1.2105946407934476     
    12949074           9  0.38101087084315949     
    12949074          10  0.84165834964616759     
    12949246           1   1.0210804534151317     
    12949246           2   1.1945202589060502     
    12949246           3   1.0664918257721998     
    12949246           4  0.99201357286837732     
    12949246           5  0.89931232170848041     
    12949246           6  0.21359785564294098     
    12949246           7   1.3121069216543089     
    12949246           8   1.1875426922036270     
    12949246           9   1.3109220514873978     
    12949246          10  0.80241204634148766     
    12949378           1  0.86790197762369892     
    12949378           2   1.0561665657482628     
    12949378           3   1.1356495770896742     
    12949378           4  0.76476829357008336     
    12949378           5   1.1304379936688043     
    12949378           6  0.64549965392187758     
    12949378           7  0.70680430153144580     
    12949378           8   1.2229087176359297     
    12949378           9   1.2215859055839435     
    12949378          10   1.2482770136262802     
    12949489           1  0.91226234418912588     
    12949489           2  0.90821343985001779     
    12949489           3  0.74213538702193627     
    12949489           4   1.1581356622602177     
    12949489           5   1.0314801602844366     
    12949489           6   1.1474239190974103     
    12949489           7   1.1441417229585438     
    12949489           8   1.2749641788359081     
    12949489           9  0.64589374346401018     
    12949489          10   1.0353494420383957     
    12949822           1  0.82703611592497073     
    12949822           2  0.92439497894123646     
    12949822           3  0.83404838190763542     
    12949822           4  0.63151318103215071     
    12949822           5   1.0203935418057635     
    12949822           6   1.0467498720180832     
    12949822           7   1.2699928759546704     
    12949822           8   1.2546477050439242     
    12949822           9   1.0351511545684369     
    12949822          10   1.1560721928031286     
    12950870           1  0.76031297419091892     
    12950870           2   1.4233453356873309     
    12950870           3  0.52519740193424747     
    12950870           4  0.96975334085758669     
    12950870           5   1.2008175922166986     
    12950870           6  0.58354945178968631     
    12950870           7  0.79334691043842420     
    12950870           8   1.2135731895572148     
    12950870           9   1.2563647476561965     
    12950870          10   1.2737390556716961     
    12950909           1  0.71511922398711858     
    12950909           2  0.76750356786398233     
    12950909           3  0.90698586082178645     
    12950909           4   1.1749060491462666     
    12950909           5   1.1913826758956987     
    12950909           6   1.0522095396145896     
    12950909           7   1.0118720366923435     
    12950909           8  0.90675428397900593     
    12950909           9   1.3894966135795250     
    12950909          10  0.88377014841968404     
    12950984           1  0.31200249270520009     
    12950984           2   1.2303866971427602     
    12950984           3  0.94849684615089380     
    12950984           4   1.0142046008127878     
    12950984           5   1.1800627328251527     
    12950984           6  0.59522946732016735     
    12950984           7  0.86043260117094222     
    12950984           8   1.2671138656258722     
    12950984           9   1.3572241544497685     
    12950984          10   1.2348465417964551     
    12951806           1  0.81640804411470413     
    12951806           2   1.1660990525340762     
    12951806           3  0.88677961441565345     
    12951806           4   1.0309964472809716     
    12951806           5   1.0309413996665777     
    12951806           6  0.73185292422994086     
    12951806           7  0.72817562528564039     
    12951806           8   1.1873701967890262     
    12951806           9   1.0541648080086958     
    12951806          10   1.3672118876747135     
    12952042           1  0.71189755641933139     
    12952042           2  0.76684654176035405     
    12952042           3  0.90620943005177690     
    12952042           4   1.1739002636673166     
    12952042           5   1.1903627855000716     
    12952042           6   1.0624788355340686     
    12952042           7   1.0110058174726875     
    12952042           8  0.90597805145176302     
    12952042           9   1.3883071265409623     
    12952042          10  0.88301359160166792     
    12952169           1   1.3319221257113782     
    12952169           2  0.76918856025641269     
    12952169           3   1.2303387837988389     
    12952169           4   1.0125921505403550     
    12952169           5  0.44755660824499260     
    12952169           6   1.0726717646133999     
    12952169           7   1.2643292173735039     
    12952169           8  0.91407595161441690     
    12952169           9  0.76710905283925879     
    12952169          10   1.1902157850074455     
    12952216           1  0.81672711546338950     
    12952216           2   1.2196801419799526     
    12952216           3  0.46430517734714410     
    12952216           4   1.1738586802545181     
    12952216           5   1.2728043821221910     
    12952216           6  0.96394341529592376     
    12952216           7   1.1577062256229411     
    12952216           8   1.4414063844969558     
    12952216           9  0.62895454749633628     
    12952216          10  0.86061392992064811     
    12952273           1  0.68345299487311395     
    12952273           2   1.2614441559092877     
    12952273           3   1.3618621648424647     
    12952273           4  0.87604968517746629     
    12952273           5   1.1011879656680230     
    12952273           6  0.53748818649847729     
    12952273           7   1.2387564580114763     
    12952273           8  0.78398154088528960     
    12952273           9   1.0885304240100973     
    12952273          10   1.0672464241243038     
    12952438           1  0.95991443087796102     
    12952438           2   1.0484547865228109     
    12952438           3   1.0924519158126129     
    12952438           4  0.93952744820647904     
    12952438           5  0.99544108468811787     
    12952438           6  0.99035701382542429     
    12952438           7   1.3278711121840348     
    12952438           8   1.1586764525271060     
    12952438           9  0.58627118202965511     
    12952438          10  0.90103457332579739     
    12952672           1   1.1719594520047609     
    12952672           2  0.75604363026985077     
    12952672           3  0.82559260655157862     
    12952672           4   1.0863661882762294     
    12952672           5   1.3060673339288240     
    12952672           6  0.76745966627827267     
    12952672           7   1.3200840975100605     
    12952672           8   1.2160975304611787     
    12952672           9  0.93215678898929966     
    12952672          10  0.61817270572994554     
    12953152           1   1.4450405368734844     
    12953152           2  0.90558094879177198     
    12953152           3   1.0728156125383568     
    12953152           4   1.1906125666939127     
    12953152           5   1.1613955439940575     
    12953152           6  0.49514025208739892     
    12953152           7   1.4714286038633029     
    12953152           8  0.42048740402688778     
    12953152           9  0.71212706169864892     
    12953152          10   1.1253714694321770     
    12953586           1  0.62084908268505767     
    12953586           2   1.1337879924458749     
    12953586           3  0.87022718393595322     
    12953586           4   1.1237312644619293     
    12953586           5  0.80681700070140250     
    12953586           6   1.3958436366366962     
    12953586           7   1.1265284348650808     
    12953586           8   1.0508412186803417     
    12953586           9   1.0713322380675170     
    12953586          10  0.80004194752014623     
    12953620           1  0.97592757584615042     
    12953620           2  0.92950184225674681     
    12953620           3  0.49267991788638810     
    12953620           4   1.2286682714082169     
    12953620           5   1.1046293323538035     
    12953620           6  0.83936133996745621     
    12953620           7  0.97251411235371676     
    12953620           8   1.3577084371075017     
    12953620           9   1.0634179731099496     
    12953620          10   1.0355911977100707     
    12953648           1   1.1522642431640222     
    12953648           2  0.74782385991943046     
    12953648           3  0.87575786781834708     
    12953648           4  0.62046839708913992     
    12953648           5  0.71007724068450606     
    12953648           6   1.3191186339468592     
    12953648           7  0.46853569515076116     
    12953648           8   1.4470349152200794     
    12953648           9   1.0580765865726478     
    12953648          10   1.6008425604342060     
    12954030           1   1.1811672380495837     
    12954030           2  0.75325143650083515     
    12954030           3  0.92957655380003457     
    12954030           4  0.56359738796601855     
    12954030           5  0.81560326873104760     
    12954030           6   1.3625355164398465     
    12954030           7  0.43738396429137588     
    12954030           8   1.2153829681100472     
    12954030           9   1.1815005550436211     
    12954030          10   1.5600011110675909     
    12954078           1  0.68981566046252252     
    12954078           2   1.2731876808977980     
    12954078           3   1.2549724997656206     
    12954078           4  0.88420534654453042     
    12954078           5   1.1379117350015897     
    12954078           6  0.54249197990431697     
    12954078           7   1.2502887698868681     
    12954078           8  0.79128008578938858     
    12954078           9   1.0986641934482708     
    12954078          10   1.0771820482990955     
    12954166           1  0.42507719925013260     
    12954166           2   1.0518561984336570     
    12954166           3   1.1912470644600355     
    12954166           4   1.1497259507340201     
    12954166           5   1.1944200399366240     
    12954166           6   1.1668426888867613     
    12954166           7  0.95031501760940518     
    12954166           8  0.80807246924816811     
    12954166           9   1.1690912561734135     
    12954166          10  0.89335211526778346     
    12954261           1  0.49795757317712069     
    12954261           2   1.1392001275668486     
    12954261           3   1.2450427191774411     
    12954261           4  0.47451278479611170     
    12954261           5  0.80618565293562583     
    12954261           6   1.1838731659208495     
    12954261           7  0.84277936468370018     
    12954261           8   1.3561708145890190     
    12954261           9   1.2178147082172281     
    12954261          10   1.2364630889360557     
    12954270           1   1.1384343295788817     
    12954270           2  0.92109596317382458     
    12954270           3   1.2409869675945877     
    12954270           4   1.4246224094113504     
    12954270           5  0.89225134244662552     
    12954270           6  0.51597776735401357     
    12954270           7  0.91297583389265180     
    12954270           8  0.89405685441154414     
    12954270           9  0.84292080829912142     
    12954270          10   1.2166777238373971     
    12954451           1  0.59660811693253801     
    12954451           2   1.3527014302736224     
    12954451           3   1.1936934966530035     
    12954451           4  0.31064197972015678     
    12954451           5   1.0454287353157865     
    12954451           6  0.74614763876218348     
    12954451           7   1.1304292205909034     
    12954451           8   1.3260931244640908     
    12954451           9   1.0922846290238224     
    12954451          10   1.2059716282638915     
    12954965           1   1.1624795828279522     
    12954965           2   1.0298888203206595     
    12954965           3  0.88719208755115686     
    12954965           4  0.98933831796319338     
    12954965           5  0.83761109928057675     
    12954965           6   1.0197987163535920     
    12954965           7  0.84377415115293464     
    12954965           8   1.2570395571274748     
    12954965           9  0.84111233146874398     
    12954965          10   1.1317653359537165     
    12955004           1   1.4635469256287363     
    12955004           2  0.62803754222960373     
    12955004           3   1.1239800154082640     
    12955004           4   1.1187912901299080     
    12955004           5  0.70141208330652216     
    12955004           6   1.1171281213004676     
    12955004           7   1.3851005808524375     
    12955004           8  0.71169298503492695     
    12955004           9  0.41335381005051092     
    12955004          10   1.3369566460586226     
    12955435           1   1.3311342710211556     
    12955435           2  0.76873357208318149     
    12955435           3   1.2522099247630540     
    12955435           4   1.0119931849854735     
    12955435           5  0.43060813432063738     
    12955435           6   1.0720372609404702     
    12955435           7   1.2635813450432345     
    12955435           8  0.91353526007412555     
    12955435           9  0.76665529473018856     
    12955435          10   1.1895117520384804     
    12955470           1   1.2263452671338950     
    12955470           2   1.0776613603589733     
    12955470           3   1.2839857055186199     
    12955470           4   1.0040809686495482     
    12955470           5   1.1902333391727316     
    12955470           6  0.58702146371654473     
    12955470           7   1.1676614810560717     
    12955470           8   1.0020755686720741     
    12955470           9  0.99914851369617930     
    12955470          10  0.46178633202536140     
    12956131           1  0.74535391236827719     
    12956131           2  0.44630230430816681     
    12956131           3   1.2339455464542197     
    12956131           4  0.99935662646386059     
    12956131           5   1.0990013848183169     
    12956131           6  0.99245158457900096     
    12956131           7   1.2107201659014069     
    12956131           8  0.82526817118589246     
    12956131           9   1.2887083179487344     
    12956131          10   1.1588919859721243     
    12956268           1  0.59832229628716416     
    12956268           2   1.0547297199040535     
    12956268           3   1.0411880510153788     
    12956268           4  0.93204199372037266     
    12956268           5   1.2034557670666521     
    12956268           6   1.2793335901283212     
    12956268           7  0.78866949064526981     
    12956268           8  0.90865790786040013     
    12956268           9   1.3049514981167607     
    12956268          10  0.88864968525562715     
    12956276           1   1.0070329638902777     
    12956276           2   1.1594726412161425     
    12956276           3  0.93376290952772056     
    12956276           4  0.68711820391858658     
    12956276           5   1.0820727881563783     
    12956276           6   1.0159784991525103     
    12956276           7   1.0929926474756686     
    12956276           8   1.0049652317253810     
    12956276           9   1.1278013642311666     
    12956276          10  0.88880275070616876     
    12956311           1   1.0552808126987860     
    12956311           2  0.56366226159290966     
    12956311           3  0.51233649497374845     
    12956311           4   1.0762160410797235     
    12956311           5  0.77077087131700417     
    12956311           6   1.2930294919862879     
    12956311           7   1.4545298343793258     
    12956311           8   1.2691367626561014     
    12956311           9   1.1255978464768777     
    12956311          10  0.87943958283923451     
    12956899           1   1.1767262165980754     
    12956899           2   1.1390078343336776     
    12956899           3  0.93412470402619308     
    12956899           4   1.1134368235732546     
    12956899           5  0.95778453645135253     
    12956899           6  0.39090581339870645     
    12956899           7   1.0602883364366000     
    12956899           8   1.3527433383510108     
    12956899           9   1.3138338209557150     
    12956899          10  0.56114857587541445     
    12957191           1   1.2628142224913788     
    12957191           2  0.65173007395856386     
    12957191           3   1.0868800387041186     
    12957191           4  0.80081324617702232     
    12957191           5  0.97583551246441824     
    12957191           6   1.1227124222560063     
    12957191           7   1.2888134123641453     
    12957191           8   1.2310821286032261     
    12957191           9  0.65738107414836633     
    12957191          10  0.92193786883275453     
    12957228           1   1.0417898934992162     
    12957228           2  0.66891501731338554     
    12957228           3  0.88758578367361762     
    12957228           4   1.1886847885948075     
    12957228           5  0.85897249480284221     
    12957228           6   1.2151020040549330     
    12957228           7   1.3082735923475877     
    12957228           8  0.71289765785441739     
    12957228           9   1.2037190267248332     
    12957228          10  0.91405974113435917     
    12957615           1  0.99251607160115041     
    12957615           2  0.89140619083054395     
    12957615           3  0.70032821958472047     
    12957615           4   1.0051593829937684     
    12957615           5   1.0636142403761888     
    12957615           6   1.0300111014655871     
    12957615           7   1.4708955688012126     
    12957615           8  0.86525452552110260     
    12957615           9   1.0329184944162304     
    12957615          10  0.94789620440949462     
    12957659           1   1.2277071699208162     
    12957659           2   1.0833338139116435     
    12957659           3   1.2642429896860798     
    12957659           4  0.89368279419301266     
    12957659           5   1.0222156471148622     
    12957659           6   1.0355186686352649     
    12957659           7  0.83104603936590260     
    12957659           8  0.65529513440381415     
    12957659           9   1.0545506635508923     
    12957659          10  0.93240707921771238     
    12957703           1  0.45637426742172987     
    12957703           2   1.2535893964719251     
    12957703           3   1.2024799369324903     
    12957703           4  0.52567515062531778     
    12957703           5   1.1845809997687549     
    12957703           6   1.0035340154672918     
    12957703           7  0.85951803793668735     
    12957703           8   1.2242999965282599     
    12957703           9   1.1048825555453958     
    12957703          10   1.1850656433021471     
    12957711           1  0.77858930132139570     
    12957711           2   1.2600705620865245     
    12957711           3   1.2123361267853969     
    12957711           4   1.2365403433268507     
    12957711           5   1.0510550138385475     
    12957711           6  0.89411209200465724     
    12957711           7  0.78794602270110958     
    12957711           8  0.93580418565028978     
    12957711           9  0.46438935238352402     
    12957711          10   1.3791569999017046     
    12957750           1   1.0255853409541282     
    12957750           2   1.1815676585053678     
    12957750           3   1.1777988505310821     
    12957750           4  0.77055351299321817     
    12957750           5   1.1519031643457545     
    12957750           6  0.97543913558247164     
    12957750           7  0.84423071374886549     
    12957750           8  0.72420429135093167     
    12957750           9   1.2782677852461797     
    12957750          10  0.87044954674200115     
    12958129           1  0.38845978611000365     
    12958129           2   1.0586363516754391     
    12958129           3   1.1989257164068412     
    12958129           4   1.1571369619954819     
    12958129           5   1.2021191445460613     
    12958129           6   1.1743640328228300     
    12958129           7  0.93133912578347910     
    12958129           8  0.81328121848606438     
    12958129           9   1.1766270941351871     
    12958129          10  0.89911056803861422     
    12958326           1  0.95084901813049905     
    12958326           2   1.2939470892379576     
    12958326           3   1.2891242134715200     
    12958326           4  0.22132621309384087     
    12958326           5   1.1963849981247658     
    12958326           6   1.1835752620945037     
    12958326           7  0.81012911644259888     
    12958326           8   1.3898322530603737     
    12958326           9   1.3834042037071452     
    12958326          10  0.28142763263679521     
    12958445           1   1.3395481702441294     
    12958445           2   1.0029718957627718     
    12958445           3  0.70585048459295441     
    12958445           4   1.2851356739409543     
    12958445           5  0.99582859525658129     
    12958445           6  0.77791476714861374     
    12958445           7   1.3233567844573288     
    12958445           8  0.50598747544474998     
    12958445           9   1.0013136775004245     
    12958445          10   1.0620924756514922     
    12958506           1  0.93311795402256326     
    12958506           2  0.98397964341132194     
    12958506           3  0.81186784400264267     
    12958506           4   1.0238754174802474     
    12958506           5   1.0614680306570634     
    12958506           6   1.0016887640622731     
    12958506           7   1.2860649738285597     
    12958506           8  0.66804113505596630     
    12958506           9   1.0537893187744742     
    12958506          10   1.1761069187048889     
    12958877           1   1.0454148701759738     
    12958877           2  0.67124255125436993     
    12958877           3  0.89067419697510541     
    12958877           4   1.1928208957518844     
    12958877           5  0.86196134627766119     
    12958877           6   1.2065022934357237     
    12958877           7   1.3128258166383693     
    12958877           8  0.71537823229535136     
    12958877           9   1.1859395248778493     
    12958877          10  0.91724027231771110     
    12959136           1   1.1573887375463214     
    12959136           2  0.91824572503283908     
    12959136           3   1.2034619844240104     
    12959136           4   1.4483417172765025     
    12959136           5  0.90710691690956780     
    12959136           6  0.50472786825372851     
    12959136           7  0.89935662864199650     
    12959136           8  0.90894248981826176     
    12959136           9  0.81549308376538432     
    12959136          10   1.2369348483313860     
    12959432           1  0.62997731779438559     
    12959432           2   1.0894603328609676     
    12959432           3   1.2436888747872910     
    12959432           4  0.50050212134059702     
    12959432           5   1.2267419194965590     
    12959432           6   1.1455453001232849     
    12959432           7   1.2467059303739265     
    12959432           8   1.1312995579180396     
    12959432           9  0.52838125829419036     
    12959432          10   1.2576973870107580     
    12959582           1   1.0224746071681565     
    12959582           2   1.1772517642022995     
    12959582           3  0.94808104435752760     
    12959582           4  0.67293380363433153     
    12959582           5   1.0446298667080811     
    12959582           6   1.0315573114897965     
    12959582           7   1.0921008949353335     
    12959582           8   1.0203751688092924     
    12959582           9   1.0881640632968403     
    12959582          10  0.90243147539834012     
    12959782           1  0.81410872396135459     
    12959782           2   1.1628148675341585     
    12959782           3  0.88428210075970148     
    12959782           4   1.0314608382622730     
    12959782           5   1.0280378707826281     
    12959782           6  0.72979174392910917     
    12959782           7  0.72612480167792737     
    12959782           8   1.2088218887398448     
    12959782           9   1.0511958730435405     
    12959782          10   1.3633612913094626     
    12959796           1   1.1989349032696481     
    12959796           2   1.0351345801126504     
    12959796           3   1.2242609310375676     
    12959796           4   1.1778818103822710     
    12959796           5  0.96630174621791309     
    12959796           6  0.97505519404910501     
    12959796           7   1.2329939129441496     
    12959796           8   1.1522924232265732     
    12959796           9   5.7860915681335348E-002
    12959796          10  0.97928358307878571     
    12959814           1  0.78726968749275350     
    12959814           2  0.95484619225535816     
    12959814           3   1.4120886573847571     
    12959814           4  0.92391401697764775     
    12959814           5  0.94824992739309533     
    12959814           6   1.1330421439591125     
    12959814           7   1.2588309814158167     
    12959814           8  0.26358557950204714     
    12959814           9   1.2377909277016264     
    12959814          10   1.0803818859177852     
    12959900           1   1.0800833138527677     
    12959900           2  0.62509306433031653     
    12959900           3   1.2165223673808145     
    12959900           4  0.83869915452364585     
    12959900           5   1.3228280107118757     
    12959900           6  0.93541491690665080     
    12959900           7   1.0317362636832872     
    12959900           8  0.41253839266320141     
    12959900           9   1.3120576726879380     
    12959900          10   1.2250268432595024     
    12960076           1  0.99221026829597236     
    12960076           2  0.86358691706381074     
    12960076           3   1.2191133847103963     
    12960076           4  0.20805569381553185     
    12960076           5   1.1768730347441598     
    12960076           6   1.3292209094532392     
    12960076           7   1.1436039663986943     
    12960076           8  0.51600408601561221     
    12960076           9   1.3933984528614245     
    12960076          10   1.1579332866411580     
    12960283           1  0.67301894786874639     
    12960283           2  0.93430825624105407     
    12960283           3   1.0249325109908560     
    12960283           4   1.0327423377079179     
    12960283           5  0.91742645692865388     
    12960283           6   1.0853496794286608     
    12960283           7   1.1879759670191834     
    12960283           8  0.93775448804486372     
    12960283           9   1.1904589766423594     
    12960283          10   1.0160323791277053     
    12960313           1   1.0857317458158455     
    12960313           2   1.0472897920540893     
    12960313           3  0.91441412018415547     
    12960313           4  0.93016597016540081     
    12960313           5  0.89881182623563050     
    12960313           6  0.85906911963064847     
    12960313           7   1.4278552682115246     
    12960313           8  0.60497739606796597     
    12960313           9   1.0571716489466503     
    12960313          10   1.1745131126880879     
    12960717           1  0.77855015940723316     
    12960717           2   1.2600072147303558     
    12960717           3   1.2122751791760087     
    12960717           4   1.2364781789021728     
    12960717           5   1.0510021742926381     
    12960717           6  0.89406714242893415     
    12960717           7  0.78790641039776443     
    12960717           8  0.93575714009360733     
    12960717           9  0.46486873484205854     
    12960717          10   1.3790876657292273     
    12961365           1  0.86261258166228161     
    12961365           2   1.2480735589171861     
    12961365           3   1.1724952057870259     
    12961365           4  0.14613020582128833     
    12961365           5  0.86525285065271973     
    12961365           6   1.0789147113899324     
    12961365           7   1.1298228836975808     
    12961365           8   1.2543355667422933     
    12961365           9   1.1912457718320923     
    12961365          10   1.0511166634975981     
    12961404           1   1.2132077544756787     
    12961404           2   1.0906502191236431     
    12961404           3   1.0473023054968493     
    12961404           4  0.59351010686111871     
    12961404           5   1.0093082414865742     
    12961404           6   1.2725892483158963     
    12961404           7  0.57989262467370450     
    12961404           8   1.2504458072675351     
    12961404           9  0.75084741411261779     
    12961404          10   1.1922462781863825     
    12961433           1   1.3294484116131309     
    12961433           2  0.76904235313145319     
    12961433           3  0.81782288750360765     
    12961433           4  0.72615555616789496     
    12961433           5  0.85902907008251528     
    12961433           6   1.3720623677474946     
    12961433           7  0.95409025651808266     
    12961433           8   1.2166031935651018     
    12961433           9  0.84639104845542379     
    12961433          10   1.1093548552152968     
    12961638           1   1.0823801075838817     
    12961638           2   1.1743525252786819     
    12961638           3   1.1999919633126932     
    12961638           4  0.79793476706183963     
    12961638           5   1.2488737465650988     
    12961638           6  0.16400216088310496     
    12961638           7   1.3130301867530054     
    12961638           8  0.53053667608865607     
    12961638           9   1.2622503827421978     
    12961638          10   1.2266474837308394     
    12961815           1  0.44991164157469760     
    12961815           2   1.0911607307946021     
    12961815           3   1.4550223794302479     
    12961815           4  0.79565092314253760     
    12961815           5   1.4438136619049422     
    12961815           6  0.64903926186884719     
    12961815           7   1.1867981827130190     
    12961815           8   1.0063457133774920     
    12961815           9  0.69126865372585233     
    12961815          10   1.2309888514677625     
    12961901           1   1.2222231776678925     
    12961901           2   1.0784947167813361     
    12961901           3   1.2585957971542494     
    12961901           4  0.88969084103023865     
    12961901           5   1.0176495560901133     
    12961901           6   1.0308931549169409     
    12961901           7  0.86755199713379705     
    12961901           8  0.65236802480594402     
    12961901           9   1.0542905842046182     
    12961901          10  0.92824215021486967     
    12961924           1  0.69048037328415079     
    12961924           2   1.1543439736545007     
    12961924           3   1.2432680800240055     
    12961924           4   1.1745739149054233     
    12961924           5   1.1671178457884681     
    12961924           6   1.1584877903409581     
    12961924           7   1.0130076021104613     
    12961924           8  0.83290154274555561     
    12961924           9   1.0141566758613443     
    12961924          10  0.55166220128513221     
    12961953           1   1.1320796927957362     
    12961953           2   1.0477232504197538     
    12961953           3  0.91479258319705103     
    12961953           4  0.95258376003355782     
    12961953           5  0.89918383168072880     
    12961953           6  0.82914573459014052     
    12961953           7   1.4609215511799709     
    12961953           8  0.60522778761704177     
    12961953           9   1.0576091972724868     
    12961953          10   1.1007326112135349     
    12962022           1  0.97011456848010347     
    12962022           2   1.3052261703649033     
    12962022           3   1.2626637456435126     
    12962022           4  0.11096849512934884     
    12962022           5   1.0199447628854181     
    12962022           6   1.2180389633930859     
    12962022           7   1.1585361058522721     
    12962022           8   1.1201605377784489     
    12962022           9   1.2190808046881534     
    12962022          10  0.61526584578475285     
    12962443           1   1.1157217918293774     
    12962443           2   1.0145538439700739     
    12962443           3   1.2158471690324339     
    12962443           4  0.49326828589951455     
    12962443           5  0.97269447879108439     
    12962443           6   1.1798824431257546     
    12962443           7   1.2318038336070041     
    12962443           8  0.41771743954511231     
    12962443           9   1.0958137251597888     
    12962443          10   1.2626969890398574     
    12962646           1   1.4589863199882853     
    12962646           2   1.0270252804560589     
    12962646           3   1.1105176237576471     
    12962646           4  0.81580475875711500     
    12962646           5   1.0620888528876988     
    12962646           6   1.0826391481213598     
    12962646           7  0.51974619079918782     
    12962646           8   1.4445305602309040     
    12962646           9  0.43801369718746230     
    12962646          10   1.0406475678142797     
    12963112           1  0.56940290225548662     
    12963112           2   1.4726446617768612     
    12963112           3   1.0089334702996247     
    12963112           4  0.89967592893107251     
    12963112           5   1.1807309063308455     
    12963112           6  0.92911708602147380     
    12963112           7  0.34005283371776962     
    12963112           8   1.1041214097602361     
    12963112           9   1.0911806481125950     
    12963112          10   1.4041401527940340     
    12963202           1  0.96172803605155988     
    12963202           2   1.0030525479059260     
    12963202           3   1.2582956508883736     
    12963202           4  0.73919886631891896     
    12963202           5   1.0165132465180424     
    12963202           6   1.1911504314584367     
    12963202           7  0.62616014473349735     
    12963202           8   1.1149942361855796     
    12963202           9   1.1450298767102087     
    12963202          10  0.94387696322945880     
    12963233           1  0.87184578229775944     
    12963233           2   1.3663744040478780     
    12963233           3  0.52338159218812164     
    12963233           4   1.1258541850619146     
    12963233           5   1.2735030903978353     
    12963233           6  0.90470166354469050     
    12963233           7   1.2964053482837228     
    12963233           8   1.2976944960955199     
    12963233           9  0.58533006290330758     
    12963233          10  0.75490937517925039     
    12963267           1  0.97176196703689133     
    12963267           2   1.0804006877564631     
    12963267           3   1.1939387323892394     
    12963267           4  0.45571043084877422     
    12963267           5   1.1341164627871698     
    12963267           6   1.1273936893792702     
    12963267           7   1.2569660769227198     
    12963267           8   1.2997310129418620     
    12963267           9  0.25798815566553673     
    12963267          10   1.2219927842720719     
    12963533           1  0.63267652139244335     
    12963533           2  0.68861559768624903     
    12963533           3   1.4185057842254545     
    12963533           4  0.73383502781512910     
    12963533           5   1.1721601988268098     
    12963533           6   1.2178778201966205     
    12963533           7   1.2544640927146624     
    12963533           8  0.19642223215303076     
    12963533           9   1.3997764419971246     
    12963533          10   1.2856662829924761     
    12963950           1   1.1375232475815535     
    12963950           2  0.92035881573540379     
    12963950           3   1.2559830512603714     
    12963950           4   1.4154959934851690     
    12963950           5  0.89153727918089831     
    12963950           6  0.51556483351791627     
    12963950           7  0.91224518494378970     
    12963950           8  0.89334134620568784     
    12963950           9  0.84224622395669491     
    12963950          10   1.2157040241325152     
    12964129           1   1.0957180554775274     
    12964129           2   1.1151194648180260     
    12964129           3   1.0552245273349732     
    12964129           4   1.0214121154365754     
    12964129           5  0.89615024989961878     
    12964129           6   1.0697134289940102     
    12964129           7  0.76589076463898642     
    12964129           8   1.2391325638063277     
    12964129           9  0.32453274366567703     
    12964129          10   1.4171060859282765     
    12964320           1  0.62060586737193524     
    12964320           2   1.1333438352274980     
    12964320           3  0.86988627568154564     
    12964320           4   1.1272085096412843     
    12964320           5  0.80650093314983351     
    12964320           6   1.3952968200968594     
    12964320           7   1.1260871215513168     
    12964320           8   1.0504295555512959     
    12964320           9   1.0709125476580330     
    12964320          10  0.79972853407039823     
    12964591           1   1.0884931715010273     
    12964591           2   1.0499534453393065     
    12964591           3  0.91673982047624014     
    12964591           4  0.93253173335819273     
    12964591           5  0.90109784400445536     
    12964591           6  0.86125405669400390     
    12964591           7   1.4314868431632164     
    12964591           8  0.60651608196058593     
    12964591           9   1.0344266605994481     
    12964591          10   1.1775003429035245     
    12964786           1  0.46383438969362401     
    12964786           2  0.98268454170878317     
    12964786           3   1.3117899373272679     
    12964786           4  0.64285342620214891     
    12964786           5   1.2129750192708044     
    12964786           6   1.0597917488687811     
    12964786           7   1.1441601417021066     
    12964786           8   1.0740892863011771     
    12964786           9   1.1500258913428001     
    12964786          10  0.95779561758250797     
    12964965           1   1.0310390959416305     
    12964965           2  0.48563928542454404     
    12964965           3   1.2451944760598483     
    12964965           4  0.38243283501555492     
    12964965           5  0.87057772204803163     
    12964965           6   1.2991432053395675     
    12964965           7  0.97264963759842393     
    12964965           8   1.0955444893135622     
    12964965           9   1.2290615008100760     
    12964965          10   1.3887177524487622     
    12965095           1   1.2581569771796846     
    12965095           2   1.0289914331763721     
    12965095           3   1.0644981339300938     
    12965095           4  0.73501647418227267     
    12965095           5   1.0380851743479458     
    12965095           6   1.2866507333637578     
    12965095           7  0.62958921165954551     
    12965095           8   1.2988502091904499     
    12965095           9  0.61914704416150379     
    12965095          10   1.0410146088083743     
    12965172           1  0.90519299691622612     
    12965172           2  0.56350991895832936     
    12965172           3   1.3134681973619036     
    12965172           4  0.48772244454619812     
    12965172           5   1.1281953975426326     
    12965172           6   1.3461049165443615     
    12965172           7  0.47775512782737772     
    12965172           8   1.0509420799014111     
    12965172           9   1.3355491958892851     
    12965172          10   1.3915597245122746     
    12965216           1  0.83193338535880568     
    12965216           2   1.2890604540602408     
    12965216           3   1.3277423250105431     
    12965216           4  0.53332022770854837     
    12965216           5  0.84727745372160312     
    12965216           6  0.90326056506604468     
    12965216           7   1.1284438718835403     
    12965216           8   1.3048134613196551     
    12965216           9   1.1459910803617341     
    12965216          10  0.68815717550928523     
    12965677           1  0.70650168475132502     
    12965677           2   1.0701856955925870     
    12965677           3   1.2331506683937976     
    12965677           4  0.71372199375789858     
    12965677           5   1.2261233711378801     
    12965677           6  0.67194600719348074     
    12965677           7  0.68977478817682791     
    12965677           8   1.1491114971877872     
    12965677           9   1.2895717239334048     
    12965677          10   1.2499125698750118     
    12965684           1  0.77871999843176465     
    12965684           2   1.2992918921871388     
    12965684           3  0.56689716453578631     
    12965684           4   1.1153018763742959     
    12965684           5   1.1756595119769895     
    12965684           6  0.43163866536998236     
    12965684           7  0.87414462934951687     
    12965684           8   1.3674842445003559     
    12965684           9   1.3526347823885245     
    12965684          10   1.0382272348856461     
    12965841           1  0.97717549976463858     
    12965841           2  0.94051760114935123     
    12965841           3   1.2431501576411532     
    12965841           4  0.77422389865041008     
    12965841           5   1.0227403050002628     
    12965841           6   1.1953833798166416     
    12965841           7  0.71569517547425754     
    12965841           8   1.0731545592360896     
    12965841           9   1.1705073651440718     
    12965841          10  0.88745205812312333     
    12965927           1   1.2051872068149012     
    12965927           2   1.1485734183330469     
    12965927           3  0.10636338305570402     
    12965927           4   1.3519710284412862     
    12965927           5   1.0573568347136399     
    12965927           6  0.82884726996595504     
    12965927           7   1.0485096358823882     
    12965927           8   1.1898901669621234     
    12965927           9   1.3430376519848397     
    12965927          10  0.72026340384611542     
    12966133           1  0.96356955619913665     
    12966133           2   1.0524470524113676     
    12966133           3   1.0966117122811392     
    12966133           4  0.94310494475764362     
    12966133           5  0.99923148703789211     
    12966133           6  0.99412805724533249     
    12966133           7   1.2948497127064145     
    12966133           8   1.1630884162443387     
    12966133           9  0.58850356293109884     
    12966133          10  0.90446549818563682     
    12966197           1  0.78365893919339535     
    12966197           2   1.3075324994663955     
    12966197           3  0.57049264368004515     
    12966197           4   1.1223755484385058     
    12966197           5   1.1831159953050092     
    12966197           6  0.43437628325957672     
    12966197           7  0.82092895958550038     
    12966197           8   1.3714933503184485     
    12966197           9   1.3612137107270699     
    12966197          10   1.0448120700260541     
    12966243           1  0.81908207052085025     
    12966243           2   1.2872762557291453     
    12966243           3   1.3259045868090902     
    12966243           4  0.53258205514478685     
    12966243           5  0.87164563581551380     
    12966243           6  0.90201035528134521     
    12966243           7   1.1268819841795088     
    12966243           8   1.3030074591319805     
    12966243           9   1.1444049054336369     
    12966243          10  0.68720469195414413     
    12966258           1  0.42895537763995872     
    12966258           2  0.99538639347551161     
    12966258           3   1.2021153693949569     
    12966258           4   1.1602154391004267     
    12966258           5   1.2053172934130019     
    12966258           6   1.1774883412726105     
    12966258           7  0.93381688448433287     
    12966258           8  0.81544489287658206     
    12966258           9   1.1797574232918207     
    12966258          10  0.90150258505079883     
    12966420           1  0.62326593125740937     
    12966420           2   1.3554429420008804     
    12966420           3   1.1961127479723164     
    12966420           4  0.31127155592324340     
    12966420           5   1.0475474993488081     
    12966420           6  0.74765985162464688     
    12966420           7   1.0729769558049738     
    12966420           8   1.3287807093004720     
    12966420           9   1.1085260431696984     
    12966420          10   1.2084157635975528     
    12966468           1   1.2071162247132368     
    12966468           2   1.0723973465165926     
    12966468           3   1.0420437888572445     
    12966468           4  0.59053008594803369     
    12966468           5   1.0174968883748912     
    12966468           6   1.2661995634058867     
    12966468           7  0.57698097729163922     
    12966468           8   1.2441673048237532     
    12966468           9  0.74707740081254936     
    12966468          10   1.2359904192561724     
    12966527           1  0.45904775564739642     
    12966527           2   1.2609330543653074     
    12966527           3   1.2095241902624410     
    12966527           4  0.52875461067827378     
    12966527           5   1.1915203992513808     
    12966527           6   1.0094128227663204     
    12966527           7  0.86430241584844392     
    12966527           8   1.2314720740511524     
    12966527           9   1.0530247952519665     
    12966527          10   1.1920078818773177     
    12966733           1  0.30285730550803258     
    12966733           2   1.2315481463134275     
    12966733           3  0.94939219952061138     
    12966733           4   1.0151619803872227     
    12966733           5   1.1811766776406794     
    12966733           6  0.59579134658363886     
    12966733           7  0.86124482446087680     
    12966733           8   1.2683099841728216     
    12966733           9   1.3585053344822378     
    12966733          10   1.2360122009304504     
    12966932           1  0.98764787222283423     
    12966932           2   1.1029308504123490     
    12966932           3  0.93674092000535303     
    12966932           4   1.0964047409975777     
    12966932           5   1.0627909755133811     
    12966932           6  0.65267042942963105     
    12966932           7   1.3968934727991082     
    12966932           8  0.90134032539238407     
    12966932           9  0.91832977621845457     
    12966932          10  0.94425063700892842     
    12967318           1  0.86576167496216871     
    12967318           2   1.0535619903814921     
    12967318           3   1.1328489914531881     
    12967318           4  0.76288232527368249     
    12967318           5   1.1276502601356135     
    12967318           6  0.64390780983933660     
    12967318           7  0.71629695829920748     
    12967318           8   1.1739355574784780     
    12967318           9   1.2779557507625674     
    12967318          10   1.2451986814142644     
    12967892           1  0.67943073824457156     
    12967892           2   1.2802601571104120     
    12967892           3   1.1845623517279182     
    12967892           4  0.33085415431161896     
    12967892           5  0.87316329665781689     
    12967892           6   1.0424207164645829     
    12967892           7   1.2019979011086943     
    12967892           8   1.2636540351538776     
    12967892           9   1.1205283869197802     
    12967892          10   1.0231282623007285     
    12967895           1   1.0254345872421113     
    12967895           2   1.2839774290989980     
    12967895           3   1.1283007089450405     
    12967895           4  0.89112753490412144     
    12967895           5   1.2148750030742337     
    12967895           6  0.65206927562443995     
    12967895           7   1.4812616426991783     
    12967895           8  0.75954966864886964     
    12967895           9  0.65780454330308658     
    12967895          10  0.90559960645991866     
    12968013           1   1.2059133841048992     
    12968013           2  0.55501393486462702     
    12968013           3   1.1275647790236132     
    12968013           4  0.46306263209530324     
    12968013           5  0.98049438761494490     
    12968013           6   1.2685471315665535     
    12968013           7   1.0129262895403217     
    12968013           8  0.85251804796199593     
    12968013           9   1.2450944044049295     
    12968013          10   1.2888650088228109     
    12968062           1  0.64728177796033648     
    12968062           2   1.1636215333564750     
    12968062           3   1.2532603302555068     
    12968062           4   1.1840140643484161     
    12968062           5   1.1764980701762318     
    12968062           6   1.1677986542465146     
    12968062           7   1.0211492294950442     
    12968062           8  0.80797284487105347     
    12968062           9   1.0223075384484048     
    12968062          10  0.55609595684201552     
    12968122           1  0.60565460630328716     
    12968122           2   1.2170567919644915     
    12968122           3   1.0860056929675874     
    12968122           4  0.95676795555576821     
    12968122           5   1.0511500128516618     
    12968122           6  0.56581116700560030     
    12968122           7   1.0722647311894082     
    12968122           8   1.2087640915629274     
    12968122           9   1.3687085965882069     
    12968122          10  0.86781635401105872     
    12968126           1   1.2339756516355094     
    12968126           2  0.98181979241918949     
    12968126           3   1.2218580116217406     
    12968126           4  0.23483962638408293     
    12968126           5   1.1813696540927943     
    12968126           6   1.2813083041704254     
    12968126           7  0.42958784398612987     
    12968126           8   1.1182372550727258     
    12968126           9   1.1080706140667294     
    12968126          10   1.2089332465506715     
    12968251           1  0.47069613316796022     
    12968251           2   1.0081361178066630     
    12968251           3   1.2065663056347757     
    12968251           4   1.0924785601787763     
    12968251           5   1.2376801802911042     
    12968251           6   1.0192427583542789     
    12968251           7   1.1730034440090351     
    12968251           8  0.70944508003703410     
    12968251           9   1.2762531556688756     
    12968251          10  0.80649826485149734     
    12968305           1  0.58173049814356304     
    12968305           2   1.4751689114053563     
    12968305           3   1.0106628759082439     
    12968305           4  0.90121805697344093     
    12968305           5   1.1827547886895826     
    12968305           6  0.93070967893957013     
    12968305           7  0.34063571583554075     
    12968305           8   1.1060139763316166     
    12968305           9   1.0645585184369510     
    12968305          10   1.4065469793361334     
    12968308           1  0.58724078159687287     
    12968308           2   1.4950933529201682     
    12968308           3   1.2968444107044328     
    12968308           4  0.19666827251357161     
    12968308           5  0.98978850963004650     
    12968308           6  0.89664924503040389     
    12968308           7   1.0574513778038515     
    12968308           8   1.2032142689300485     
    12968308           9   1.1153646299584801     
    12968308          10   1.1616851509121255     
    12968383           1  0.59038710385046822     
    12968383           2   1.5031037732365218     
    12968383           3   1.3037926516248852     
    12968383           4  0.19772198298766869     
    12968383           5  0.99509160456451873     
    12968383           6  0.89645768890439259     
    12968383           7   1.0145345650054047     
    12968383           8   1.2096608577038790     
    12968383           9   1.1213405373989827     
    12968383          10   1.1679092347232785     
    12968500           1   1.0339310082358266     
    12968500           2  0.75705070020648579     
    12968500           3   1.2591524868929600     
    12968500           4  0.42973264323383548     
    12968500           5  0.22498487112646892     
    12968500           6   1.3591785364165025     
    12968500           7   1.2296086981587153     
    12968500           8   1.0675549222208083     
    12968500           9   1.3118137846140245     
    12968500          10   1.3269923488943738     
    12968608           1  0.63474095787474838     
    12968608           2  0.69086256452329708     
    12968608           3   1.3775239720212118     
    12968608           4  0.73622954658133943     
    12968608           5   1.1759849816277237     
    12968608           6   1.2218517805349471     
    12968608           7   1.2585574348115716     
    12968608           8  0.21004338227415556     
    12968608           9   1.4043439412739587     
    12968608          10   1.2898614384770475     
    12968763           1  0.59423801686465350     
    12968763           2   1.3473276553270079     
    12968763           3   1.1889514005313537     
    12968763           4  0.30940791575701804     
    12968763           5   1.0412756394288585     
    12968763           6  0.74318347431471576     
    12968763           7   1.1259384496871545     
    12968763           8   1.3208250543270750     
    12968763           9   1.1018890934708081     
    12968763          10   1.2269633002913545     
    12968839           1   1.0445492631247681     
    12968839           2  0.67068676014979411     
    12968839           3  0.88993671572510280     
    12968839           4   1.1918332360125368     
    12968839           5  0.86124763936522830     
    12968839           6   1.2183204222627295     
    12968839           7   1.3117387924183141     
    12968839           8  0.71478589669747550     
    12968839           9   1.1849575629368785     
    12968839          10  0.91194371130717289     
    12968853           1  0.91641901871235842     
    12968853           2  0.55342636067887374     
    12968853           3   1.3522100314479737     
    12968853           4  0.37372394784815488     
    12968853           5   1.1694846841312407     
    12968853           6   1.3627990394380305     
    12968853           7  0.48368015099533812     
    12968853           8   1.0639756525601021     
    12968853           9   1.3521124088548486     
    12968853          10   1.3721687053330789     
    12968859           1  0.62156927523495631     
    12968859           2   1.1207347636898704     
    12968859           3  0.87400497223521056     
    12968859           4   1.1250348065099476     
    12968859           5  0.80775291831687779     
    12968859           6   1.3974628323735754     
    12968859           7   1.1278352216650709     
    12968859           8   1.0520602073813428     
    12968859           9   1.0725749966023053     
    12968859          10  0.80097000599084323     
    12968942           1  0.67947997000019078     
    12968942           2   1.2803529251464103     
    12968942           3   1.1846481854721593     
    12968942           4  0.33087812810313855     
    12968942           5  0.87968454637943916     
    12968942           6   1.0424962505831863     
    12968942           7   1.2020849982380868     
    12968942           8   1.2637455999052849     
    12968942           9   1.1134269976898032     
    12968942          10   1.0232023984823013     
    12968955           1   1.0903074135847792     
    12968955           2   1.0517034514729122     
    12968955           3  0.87612416262110238     
    12968955           4  0.93408602727513057     
    12968955           5  0.90259974559922285     
    12968955           6  0.86268954879938975     
    12968955           7   1.4338727687171842     
    12968955           8  0.60752699046159908     
    12968955           9   1.0616269540981826     
    12968955          10   1.1794629373704992     
    12969046           1  0.72507024956622013     
    12969046           2  0.51498077133413578     
    12969046           3   1.1012442354272867     
    12969046           4   1.2894568796522112     
    12969046           5  0.80738875477136796     
    12969046           6   1.1529685842025252     
    12969046           7   1.2244505437392657     
    12969046           8  0.83625428046547623     
    12969046           9   1.1595894965295339     
    12969046          10   1.1885962043119789     
    12969055           1  0.59216950498466359     
    12969055           2   1.0916081040294392     
    12969055           3   1.0304810911973876     
    12969055           4  0.92245742716132273     
    12969055           5   1.1910801423866086     
    12969055           6   1.2661776829605891     
    12969055           7  0.78055928179512069     
    12969055           8  0.89931380935843075     
    12969055           9   1.2915321515912817     
    12969055          10  0.93462080453515683     
    12969109           1  0.98861493984721727     
    12969109           2   1.1771289856218448     
    12969109           3   1.2336362078203664     
    12969109           4  0.17936347449907200     
    12969109           5  0.95578231976376093     
    12969109           6   1.2667534924446080     
    12969109           7   1.1253446972049597     
    12969109           8   1.2519201960993889     
    12969109           9   1.2379937991867029     
    12969109          10  0.58346188751207861     
    12969437           1   1.0030353866893142     
    12969437           2   1.2638097744168693     
    12969437           3   1.2493656494108722     
    12969437           4  0.66717318614497612     
    12969437           5  0.83918433202746545     
    12969437           6   1.1655192017375808     
    12969437           7  0.90686935880580666     
    12969437           8   1.2112193289848474     
    12969437           9  0.88042157648518837     
    12969437          10  0.81340220529708185     
    12969446           1   1.0818144647985877     
    12969446           2   1.0435112082208435     
    12969446           3  0.91111494698717177     
    12969446           4  0.94875419626884194     
    12969446           5  0.89556894555302324     
    12969446           6  0.85596962920144226     
    12969446           7   1.4368390261203046     
    12969446           8  0.60279465942181010     
    12969446           9   1.0533574117298043     
    12969446          10   1.1702755116981709     
    12969485           1  0.82703140341807935     
    12969485           2   1.2272642614971119     
    12969485           3   1.1474438540494409     
    12969485           4  0.94932212190579701     
    12969485           5  0.63013475708308386     
    12969485           6   1.1509548595951919     
    12969485           7  0.88050340263688620     
    12969485           8   1.1029707062511982     
    12969485           9   1.1785752561031058     
    12969485          10  0.90579937746010664     
    12969524           1   1.2656828873071497     
    12969524           2  0.65321057291022777     
    12969524           3   1.0893490436222317     
    12969524           4  0.77991596540175778     
    12969524           5  0.97805226370995280     
    12969524           6   1.1252628256063906     
    12969524           7   1.2917411380931514     
    12969524           8   1.2338787093866459     
    12969524           9  0.65887441016278236     
    12969524          10  0.92403218379970953     
    12969529           1   1.1288757719153713     
    12969529           2   1.0535102602905613     
    12969529           3  0.91984536188319921     
    12969529           4  0.95784527505661055     
    12969529           5  0.85837311737642508     
    12969529           6  0.83372545022448252     
    12969529           7   1.4689908265671179     
    12969529           8  0.60857071159970955     
    12969529           9   1.0634508113262178     
    12969529          10   1.1068124137603053     
    12969545           1  0.81569258899905628     
    12969545           2   1.1650771474481307     
    12969545           3  0.88600248952552096     
    12969545           4   1.0300929386889883     
    12969545           5   1.0388013894160817     
    12969545           6  0.73121156857168057     
    12969545           7  0.72753749220996056     
    12969545           8   1.1863296508419543     
    12969545           9   1.0532409959393971     
    12969545          10   1.3660137383592297     
    12969593           1  0.87719117553928605     
    12969593           2   1.0654835765431996     
    12969593           3   1.1405812257302530     
    12969593           4  0.75785202604494251     
    12969593           5  0.85351464450343317     
    12969593           6  0.57418552154392555     
    12969593           7   1.1960505904754903     
    12969593           8   1.2887687851938052     
    12969593           9   1.4096660686133931     
    12969593          10  0.83670638581227241     
    12969600           1  0.90349125983301726     
    12969600           2   1.1423008319421075     
    12969600           3   1.3016817001975114     
    12969600           4  0.63374120343301943     
    12969600           5   1.1061510386781181     
    12969600           6   1.2337706695392219     
    12969600           7  0.76606000628853765     
    12969600           8   1.0958464592215753     
    12969600           9   1.1766697861069522     
    12969600          10  0.64028704475994058     
    12969608           1   1.2655746092721978     
    12969608           2   1.0583264249678832     
    12969608           3  0.84331673187326639     
    12969608           4   1.1111941652866357     
    12969608           5  0.77850448516930604     
    12969608           6  0.60515306016042991     
    12969608           7   1.1775922518801831     
    12969608           8  0.70725804931507186     
    12969608           9   1.0870540639686108     
    12969608          10   1.3660261581064161     
    12969821           1  0.63843687468572474     
    12969821           2   1.1856694049758310     
    12969821           3  0.75598163740261159     
    12969821           4   1.0021948230739457     
    12969821           5  0.88195838336984866     
    12969821           6  0.86086274949089703     
    12969821           7   1.4230564992967540     
    12969821           8   1.1704145999342750     
    12969821           9   1.0524341682633920     
    12969821          10   1.0289908595067205     
    12969848           1  0.97261766597481125     
    12969848           2  0.92634938771067454     
    12969848           3  0.49100896794708665     
    12969848           4   1.2245011781312294     
    12969848           5   1.1008829236839197     
    12969848           6  0.83651460169144232     
    12969848           7  0.96921577942393422     
    12969848           8   1.3531036972993389     
    12969848           9   1.0598113349395870     
    12969848          10   1.0659944631979765     
    12969883           1  0.80287287284519493     
    12969883           2   1.1999806453967214     
    12969883           3   1.2129970854867211     
    12969883           4  0.41160321344079731     
    12969883           5   1.3621772909030287     
    12969883           6  0.97566332407183798     
    12969883           7   1.2768566671040951     
    12969883           8  0.59814693952353648     
    12969883           9   1.2476179662099511     
    12969883          10  0.91208399501811610     
    12969887           1   1.2242406683161049     
    12969887           2  0.66126756216159932     
    12969887           3   1.0579486989055893     
    12969887           4   1.0147507760892036     
    12969887           5   1.0975553666885889     
    12969887           6   1.0187515428152218     
    12969887           7   1.1150125613011710     
    12969887           8   1.0302879048372713     
    12969887           9   1.0086566486184303     
    12969887          10  0.77152827026682003     
    12969941           1   1.0288613687291175     
    12969941           2   1.2977872765632767     
    12969941           3   1.2609951613129966     
    12969941           4  0.42708766507100637     
    12969941           5  0.92972406830274879     
    12969941           6  0.52139110577225811     
    12969941           7   1.1399391702632555     
    12969941           8   1.2873273233461471     
    12969941           9   1.3674382965005307     
    12969941          10  0.73944856413866455     
    12970020           1  0.18278167825044428     
    12970020           2  0.86197314123820312     
    12970020           3   1.2790322722764955     
    12970020           4   1.2001756667897572     
    12970020           5   1.1560232731513187     
    12970020           6   1.0364301530450919     
    12970020           7   1.0212513822446574     
    12970020           8  0.91585025740193382     
    12970020           9   1.1812285820789110     
    12970020          10   1.1652535935231889     
    12970030           1   1.2108415134526123     
    12970030           2   1.1509283560255497     
    12970030           3   1.3215422903809677     
    12970030           4   1.3957762640545341     
    12970030           5  0.85368890366283190     
    12970030           6  0.27874779120903459     
    12970030           7   1.2158299800878785     
    12970030           8  0.79596133351189036     
    12970030           9  0.30960195423414882     
    12970030          10   1.4670816133805533     
    12970087           1   1.2527159466004139     
    12970087           2  0.94202953184222959     
    12970087           3   1.1497042008553859     
    12970087           4  0.74890113253248614     
    12970087           5   1.0228731586091968     
    12970087           6   1.2918115709901363     
    12970087           7   1.2594645749644298     
    12970087           8  0.21160048858881464     
    12970087           9  0.89890584143157415     
    12970087          10   1.2219935535853346     
    12970111           1   1.2274198032556356     
    12970111           2  0.66977556003591154     
    12970111           3   1.0606960032224342     
    12970111           4   1.0173859030954144     
    12970111           5   1.0676464999754816     
    12970111           6   1.0213970590999566     
    12970111           7   1.1179080503037737     
    12970111           8   1.0329633789991854     
    12970111           9   1.0112759502611568     
    12970111          10  0.77353179175105125     
    12970114           1   1.1453935013625083     
    12970114           2   1.1345201028606466     
    12970114           3  0.27775766332182644     
    12970114           4   1.0513907324375347     
    12970114           5  0.94575754717289573     
    12970114           6   1.1018913852787304     
    12970114           7   1.3335422569282811     
    12970114           8   1.1241037490324977     
    12970114           9   1.2960717100850978     
    12970114          10  0.58957135151998175     
    12970126           1  0.76176760331077675     
    12970126           2   1.1433785183985836     
    12970126           3  0.95574442367018664     
    12970126           4   1.0050390016198159     
    12970126           5   1.0970285374816677     
    12970126           6  0.85379879414275839     
    12970126           7  0.67467627012552744     
    12970126           8   1.0505575423765416     
    12970126           9   1.3517343733630409     
    12970126          10   1.1062749355111015     
    12970189           1   1.1314909520349989     
    12970189           2   1.2591794997500187     
    12970189           3  0.67417866136101223     
    12970189           4  0.88948674225678481     
    12970189           5   1.0810975367763178     
    12970189           6  0.36111818341964974     
    12970189           7  0.99786622309105766     
    12970189           8   1.0559392823982092     
    12970189           9   1.3528535463359144     
    12970189          10   1.1967893725760375     
    12970226           1   1.2458903914763837     
    12970226           2  0.78371626077650769     
    12970226           3  0.77842914204645453     
    12970226           4  0.59908186640990024     
    12970226           5  0.94107107125174638     
    12970226           6   1.3166006022670893     
    12970226           7  0.34464844756396867     
    12970226           8   1.2953411546012370     
    12970226           9   1.0723672337884866     
    12970226          10   1.6228538298182249     
    12970250           1  0.75780560014021248     
    12970250           2   1.0402351111271522     
    12970250           3   1.1608815981364817     
    12970250           4   1.2015362257914211     
    12970250           5  0.82220447224535786     
    12970250           6  0.99200693232800796     
    12970250           7   1.1556074220185240     
    12970250           8   1.1879392443702332     
    12970250           9  0.76327841885525916     
    12970250          10  0.91850497498734884     
    12970341           1  0.71483601871757096     
    12970341           2   1.0755108966023772     
    12970341           3  0.93634411460524214     
    12970341           4   1.1222428609670505     
    12970341           5   1.2190339124184717     
    12970341           6   1.1923282415742489     
    12970341           7   1.1431364632606531     
    12970341           8   1.2504717895535693     
    12970341           9   6.5549420471301273E-002
    12970341          10   1.2805462818295144     
    12970346           1   1.2582402061291684     
    12970346           2  0.64936945434489657     
    12970346           3   1.0829432703400561     
    12970346           4  0.79791263512446231     
    12970346           5  0.97230095645345382     
    12970346           6   1.1463364150913145     
    12970346           7   1.2841452248105085     
    12970346           8   1.2351533170624347     
    12970346           9  0.65499998614998289     
    12970346          10  0.91859853449372342     
    12970427           1  0.90607510345800668     
    12970427           2  0.56405905686324553     
    12970427           3   1.3147481662671656     
    12970427           4  0.45849292802640551     
    12970427           5   1.1292948189300820     
    12970427           6   1.3474166897870314     
    12970427           7  0.47822069807047668     
    12970427           8   1.0719260627056189     
    12970427           9   1.3368506826292150     
    12970427          10   1.3929157932627538     
    12970488           1  0.99492393532544932     
    12970488           2  0.75977041349181373     
    12970488           3   1.2704723742535504     
    12970488           4  0.43127646266181224     
    12970488           5  0.22579313184511504     
    12970488           6   1.3640614008291716     
    12970488           7   1.2340260814478727     
    12970488           8   1.0713901254694007     
    12970488           9   1.3165264906149805     
    12970488          10   1.3317595840608325     
    12970522           1   1.0357360160257079     
    12970522           2  0.71974605806462300     
    12970522           3   1.2825192402150414     
    12970522           4  0.43048285844396528     
    12970522           5  0.22537764341180894     
    12970522           6   1.3615513522296747     
    12970522           7   1.2317553145779958     
    12970522           8   1.0694186296977919     
    12970522           9   1.3141039123703648     
    12970522          10   1.3293089749630260     
    12970525           1   1.1973413862032161     
    12970525           2   1.0878813846055098     
    12970525           3   1.0223387717955725     
    12970525           4  0.94329345936271658     
    12970525           5  0.76328102573314893     
    12970525           6  0.60361095158935540     
    12970525           7   1.1313055994775569     
    12970525           8  0.90789760129926456     
    12970525           9   1.2312055645057656     
    12970525          10   1.1118442554278920     
    12970547           1   1.3276257063774157     
    12970547           2   1.1325161219371369     
    12970547           3   1.0279908442995143     
    12970547           4  0.94243862510613863     
    12970547           5   1.0109542902043116     
    12970547           6  0.10016495706625618     
    12970547           7  0.98514808472662818     
    12970547           8  0.90952373785272977     
    12970547           9   1.2576520440533729     
    12970547          10   1.3059855883764955     
    12970619           1   1.3432212196122300     
    12970619           2   1.1669253010168654     
    12970619           3  0.98995401317038090     
    12970619           4  0.74083260553395214     
    12970619           5   1.1337109223477313     
    12970619           6  0.59926065456181399     
    12970619           7  0.74713917814249076     
    12970619           8  0.78195910655993373     
    12970619           9   1.2177533630270672     
    12970619          10   1.2792436360275352     
    12970669           1   1.1594244765082307     
    12970669           2  0.55794795094381244     
    12970669           3   1.1335255179963839     
    12970669           4  0.46551055839569228     
    12970669           5  0.98567765621074155     
    12970669           6   1.2752531572127901     
    12970669           7   1.0182810055822997     
    12970669           8  0.85702478464623133     
    12970669           9   1.2516764499593691     
    12970669          10   1.2956784425444487     
    12970718           1   1.1934161270078085     
    12970718           2  0.90340409142261646     
    12970718           3   1.0842498283300372     
    12970718           4   1.0150394865272789     
    12970718           5  0.82527239330927304     
    12970718           6   1.1191040240664363     
    12970718           7   1.2484984308266014     
    12970718           8   1.1370731396003091     
    12970718           9  0.37888547087132024     
    12970718          10   1.0950570080383157     
    12970743           1  0.81835592639563648     
    12970743           2   1.2221125680761209     
    12970743           3  0.46523114801034759     
    12970743           4   1.1761997239337485     
    12970743           5   1.2753427546740026     
    12970743           6  0.94592267437657940     
    12970743           7   1.1600150562236677     
    12970743           8   1.4442810025088080     
    12970743           9  0.63020888082683579     
    12970743          10  0.86233026497425225     
    12970868           1  0.53788626407742379     
    12970868           2   1.1340080367673899     
    12970868           3   1.2393682334652765     
    12970868           4  0.47235011521370263     
    12970868           5  0.80251133004013708     
    12970868           6   1.1784774704466643     
    12970868           7  0.84231668066583187     
    12970868           8   1.3499898444165865     
    12970868           9   1.2122643186158111     
    12970868          10   1.2308277062911759     
    12970925           1  0.99463898208404578     
    12970925           2   1.3030057740195242     
    12970925           3   1.2660657149857668     
    12970925           4  0.42695379854703946     
    12970925           5  0.93346255670764211     
    12970925           6  0.52348765750174331     
    12970925           7   1.1445229489515847     
    12970925           8   1.2925037605662975     
    12970925           9   1.3729368657966949     
    12970925          10  0.74242194083966140     
    12970985           1  0.74678242585177634     
    12970985           2   1.4557848682676711     
    12970985           3   1.0950314312301415     
    12970985           4  0.25333078763680195     
    12970985           5   1.3489794878945067     
    12970985           6  0.87425510183114186     
    12970985           7   1.2730868497045955     
    12970985           8  0.85424004143123378     
    12970985           9   1.2100004529917618     
    12970985          10  0.88850855316036836     
    12971058           1  0.90979351675442777     
    12971058           2   1.2737334929927577     
    12971058           3   1.2903972846246810     
    12971058           4  0.51075832324377268     
    12971058           5   1.0082151922835070     
    12971058           6  0.51163001284012843     
    12971058           7   1.2111050991177947     
    12971058           8   1.3352934517359554     
    12971058           9   1.2775330652594308     
    12971058          10  0.67154056114754668     
    12971108           1  0.94518211826228515     
    12971108           2   1.2823295252741527     
    12971108           3   1.4804134405061156     
    12971108           4  0.50870246752075077     
    12971108           5  0.83606047226909486     
    12971108           6  0.56564179498063327     
    12971108           7   1.2898835656864456     
    12971108           8   1.2778203984497769     
    12971108           9   1.2283897521590041     
    12971108          10  0.58557646489174187     
    12971160           1   1.0069738821418455     
    12971160           2  0.92025664275247410     
    12971160           3   1.3374124802167657     
    12971160           4   1.2493664669092301     
    12971160           5   1.0916950246315484     
    12971160           6  0.45768492186322568     
    12971160           7   1.4286418295880721     
    12971160           8  0.61784536478068863     
    12971160           9  0.56861216305375195     
    12971160          10   1.3215112240624003     
    12971170           1   1.2050495016439731     
    12971170           2   1.0948848302351479     
    12971170           3   1.0289202742503991     
    12971170           4  0.94936609241713321     
    12971170           5  0.76819479412692915     
    12971170           6  0.60749681317383597     
    12971170           7   1.1385885968415750     
    12971170           8  0.83251462753571326     
    12971170           9   1.2559825031284169     
    12971170          10   1.1190019666468760     
    12971194           1   1.0370934698462040     
    12971194           2   1.1948260704246896     
    12971194           3   1.1910149725246362     
    12971194           4  0.72948674495262611     
    12971194           5   1.1648287099411589     
    12971194           6  0.98638457215454156     
    12971194           7  0.85370385604186327     
    12971194           8  0.73233061297064928     
    12971194           9   1.2301140996688795     
    12971194          10  0.88021689147475313     
    12971233           1  0.45708386628873171     
    12971233           2   1.2555385546057687     
    12971233           3   1.2043496269254435     
    12971233           4  0.52649250278104309     
    12971233           5   1.1864228593899309     
    12971233           6   1.0050943720675805     
    12971233           7  0.84530585265995517     
    12971233           8   1.2262036136960612     
    12971233           9   1.1066004951084969     
    12971233          10   1.1869082564769888     
    12971268           1  0.74215837732570089     
    12971268           2  0.44438888488507983     
    12971268           3   1.2286552861243361     
    12971268           4  0.99507211266859630     
    12971268           5   1.0942896668293844     
    12971268           6   1.0310693957040864     
    12971268           7   1.2055294790978737     
    12971268           8  0.82173002197008160     
    12971268           9   1.2831832747158092     
    12971268          10   1.1539235006790531     
    12971273           1  0.91885372050770775     
    12971273           2  0.55489667952475696     
    12971273           3   1.3332904077098511     
    12971273           4  0.37471684121703047     
    12971273           5   1.1685362748731325     
    12971273           6   1.3664196640652695     
    12971273           7  0.48496517117492566     
    12971273           8   1.0668023763388557     
    12971273           9   1.3557046417113630     
    12971273          10   1.3758142228771069     
    12971293           1   1.2166206073790491     
    12971293           2  0.70468653028556971     
    12971293           3   1.2779429670516556     
    12971293           4   1.0954096055761553     
    12971293           5  0.68443272790196708     
    12971293           6   1.0693387931342617     
    12971293           7   1.5106490140124196     
    12971293           8  0.85644221729229297     
    12971293           9  0.36431209402109188     
    12971293          10   1.2201654433455358     
    12971297           1   1.3481098983893660     
    12971297           2   1.0197221940572065     
    12971297           3   1.0549090475420322     
    12971297           4  0.72839538557447892     
    12971297           5   1.0287340180633995     
    12971297           6   1.2750604781625230     
    12971297           7  0.62391782046855682     
    12971297           8   1.2851460680141791     
    12971297           9  0.61356971687070039     
    12971297          10   1.0224353728575573     
    12971323           1   1.2682845194385344     
    12971323           2   1.2538463632015537     
    12971323           3  0.53108200387013260     
    12971323           4  0.85173618698500519     
    12971323           5  0.73323597362613535     
    12971323           6   1.1521785589971190     
    12971323           7   1.0055779911217990     
    12971323           8   1.1179459714836903     
    12971323           9   1.3359555325413282     
    12971323          10  0.75015689873470326     
    12971371           1   1.0131215992136813     
    12971371           2  0.92587493889048933     
    12971371           3   1.3455775713700999     
    12971371           4   1.2569940247772258     
    12971371           5   1.0983599761850984     
    12971371           6  0.38775317807598370     
    12971371           7   1.4373638887408040     
    12971371           8  0.62161739756542955     
    12971371           9  0.58375818936905843     
    12971371          10   1.3295792358121297     
    12971375           1  0.93238027208959906     
    12971375           2   1.0633171287293386     
    12971375           3  0.97641522041662310     
    12971375           4  0.44099173999633984     
    12971375           5   1.1899641347306913     
    12971375           6   1.0409115397697399     
    12971375           7   1.3547314684350305     
    12971375           8   1.1564572933448221     
    12971375           9   1.2373390587612327     
    12971375          10  0.60749214372658389     
    12971378           1  0.48318135561395953     
    12971378           2   1.2519601477575861     
    12971378           3   1.3004393316865115     
    12971378           4  0.64137019443426979     
    12971378           5   1.2273044633051391     
    12971378           6  0.78505534059012583     
    12971378           7  0.92950671904272986     
    12971378           8   1.2463528427446615     
    12971378           9  0.97595256127797636     
    12971378          10   1.1588770435470401     
    12971389           1   1.0772570522546245     
    12971389           2   1.0919173861896199     
    12971389           3   1.1079171248993633     
    12971389           4  0.48202085036566183     
    12971389           5   1.2448050070024728     
    12971389           6   1.1930045838200927     
    12971389           7   1.0394000618638946     
    12971389           8   1.2532476491167486     
    12971389           9  0.31069216797921739     
    12971389          10   1.1997381165083014     
    12971425           1   1.0386546487611783     
    12971425           2  0.75608079421589314     
    12971425           3   1.2643026691974835     
    12971425           4  0.42918208530566498     
    12971425           5  0.22469662864252593     
    12971425           6   1.3574372060083861     
    12971425           7   1.2280333679435742     
    12971425           8   1.0661872094453411     
    12971425           9   1.3101331362137361     
    12971425          10   1.3252922542662171     
    12971430           1   1.2151649488346377     
    12971430           2   1.1512966038893540     
    12971430           3  0.10661556304161872     
    12971430           4   1.3551764552067254     
    12971430           5   1.0598637522638765     
    12971430           6  0.79998279253286342     
    12971430           7   1.0509955773559665     
    12971430           8   1.1927113115790391     
    12971430           9   1.3462218983526246     
    12971430          10  0.72197109694329409     
    12971456           1  0.61830483202321962     
    12971456           2   1.1782293845973275     
    12971456           3   1.0410234218714336     
    12971456           4  0.90087486633255232     
    12971456           5   1.0731052407813984     
    12971456           6  0.54134973061579661     
    12971456           7   1.0403720699485690     
    12971456           8   1.2340113834043156     
    12971456           9   1.4047909800777008     
    12971456          10  0.96793809034768652     
    12971464           1  0.95509706515094706     
    12971464           2   1.0431930777783147     
    12971464           3   1.1371547721008013     
    12971464           4  0.93481239529864946     
    12971464           5  0.99044542714783890     
    12971464           6  0.98538687088096744     
    12971464           7   1.3212071423759379     
    12971464           8   1.1528615923150380     
    12971464           9  0.58332895863119816     
    12971464          10  0.89651269832030933     
    12971573           1   1.3291637680264798     
    12971573           2  0.97642869356432349     
    12971573           3   1.1658039852729813     
    12971573           4   1.2284675230501794     
    12971573           5   1.0440269005147511     
    12971573           6  0.53440746168559927     
    12971573           7   1.3883086101509055     
    12971573           8  0.45534318685597869     
    12971573           9  0.76313678666423501     
    12971573          10   1.1149130842145687     
    12971603           1   1.0241795045865205     
    12971603           2  0.48342029589719521     
    12971603           3   1.2395049167823819     
    12971603           4  0.38068541778370563     
    12971603           5  0.86659986666040789     
    12971603           6   1.2932071428057164     
    12971603           7  0.96820539384717186     
    12971603           8   1.0905387127598671     
    12971603           9   1.2234456565391971     
    12971603          10   1.4302130923378367     
    12971686           1  0.66144128022826143     
    12971686           2   1.1389217095931439     
    12971686           3   1.1687042556211074     
    12971686           4   1.1852929553090941     
    12971686           5   1.3196869997400420     
    12971686           6  0.59517320494625914     
    12971686           7   1.4982383137102708     
    12971686           8  0.34542880571787038     
    12971686           9   1.0972563874993044     
    12971686          10  0.98985608763464628     
    12971697           1  0.68225501189573901     
    12971697           2   1.3634305266461921     
    12971697           3   1.2752114468735669     
    12971697           4  0.29955194291910892     
    12971697           5   1.1129923044699404     
    12971697           6  0.60726276339064122     
    12971697           7   1.0959931176798314     
    12971697           8   1.2921228003909746     
    12971697           9   1.0415118736675493     
    12971697          10   1.2296682120664570     
    12971700           1   1.0668564212631395     
    12971700           2  0.86874736975243572     
    12971700           3   1.1568779254359745     
    12971700           4  0.60942618984415209     
    12971700           5   1.1868901025513983     
    12971700           6   1.0377671260976740     
    12971700           7   1.2056751433039878     
    12971700           8  0.97122803904712651     
    12971700           9  0.90430926679367074     
    12971700          10  0.99222241591044147     
    12971718           1  0.75089177108288896     
    12971718           2   1.0404926609567544     
    12971718           3   1.1611690185999810     
    12971718           4   1.2018337118567377     
    12971718           5  0.82703361203588710     
    12971718           6  0.99225254143469210     
    12971718           7   1.1558935366588052     
    12971718           8   1.1882333639848210     
    12971718           9  0.76346739750500137     
    12971718          10  0.91873238588443007     
    12971807           1   1.2367762751059250     
    12971807           2   1.1280206605270191     
    12971807           3   1.3634482846451601     
    12971807           4   1.3967164641823873     
    12971807           5  0.80507594666529059     
    12971807           6  0.27893555676694154     
    12971807           7   1.2166489677237664     
    12971807           8  0.79649749605226783     
    12971807           9  0.30981050327202181     
    12971807          10   1.4680698450592211     
    12971810           1   1.2752219185156699     
    12971810           2   1.2188606638382569     
    12971810           3   1.0050068524057254     
    12971810           4  0.70733968588267593     
    12971810           5   1.0201768057975880     
    12971810           6  0.38543554488179604     
    12971810           7  0.69915075447008912     
    12971810           8   1.1322400447633365     
    12971810           9   1.2808691012826490     
    12971810          10   1.2756986281622129     
    12971811           1   1.0286988480065538     
    12971811           2   1.2207916760887660     
    12971811           3  0.74469745472083837     
    12971811           4   1.0209582574606928     
    12971811           5   1.0010486024495926     
    12971811           6  0.54743662937260718     
    12971811           7   1.1719904230349873     
    12971811           8   1.2377959404682082     
    12971811           9   1.3633066873424589     
    12971811          10  0.66327548105529555     
    12971835           1  0.42913233729702099     
    12971835           2   1.0618906629912674     
    12971835           3   1.2026112856011781     
    12971835           4   1.1606940700651465     
    12971835           5   1.1355955311862598     
    12971835           6   1.1779740979361890     
    12971835           7  0.93420211783085594     
    12971835           8  0.81578129348167661     
    12971835           9   1.1802441160340613     
    12971835          10  0.90187448757634603     
    12971894           1   1.2605538091800776     
    12971894           2   1.2462036593807879     
    12971894           3  0.59575938144949137     
    12971894           4  0.84654450832197248     
    12971894           5  0.72876660198570054     
    12971894           6   1.1381950926798914     
    12971894           7  0.99944858405855985     
    12971894           8   1.1111316358534049     
    12971894           9   1.3278123399201400     
    12971894          10  0.74558438716997344     
    12971947           1  0.81637108180693363     
    12971947           2   1.2830156431158628     
    12971947           3   1.3215161225758489     
    12971947           4  0.53081932099066975     
    12971947           5  0.88491960352204790     
    12971947           6  0.89902489145419939     
    12971947           7   1.1231522427396994     
    12971947           8   1.2986947795568926     
    12971947           9   1.1406171668242340     
    12971947          10  0.70186914741361284     
    12971965           1   1.3264236353266903     
    12971965           2  0.76601316747560499     
    12971965           3   1.2252596535388671     
    12971965           4   1.0084119300185410     
    12971965           5  0.44570898843334311     
    12971965           6   1.0682435211975148     
    12971965           7   1.2591097665433022     
    12971965           8  0.91030242932373340     
    12971965           9  0.80522461614121876     
    12971965          10   1.1853022920011844     
    12972002           1   1.2130932847843350     
    12972002           2   1.0777073433743836     
    12972002           3   1.0609869883640699     
    12972002           4  0.59345410745088489     
    12972002           5   1.0092130103091872     
    12972002           6   1.2724691758073545     
    12972002           7  0.57983791011264596     
    12972002           8   1.2503278240572631     
    12972002           9  0.75077656946839044     
    12972002          10   1.1921337862714847     
    12972020           1  0.34544586084078904     
    12972020           2   1.2261393513697361     
    12972020           3  0.94522259580376233     
    12972020           4   1.0107035245785867     
    12972020           5   1.1759891074585851     
    12972020           6  0.59317471057753302     
    12972020           7  0.85746235224022616     
    12972020           8   1.2627397361480388     
    12972020           9   1.3525389605275364     
    12972020          10   1.2305838004552068     
    12972029           1   1.2508759045782794     
    12972029           2   1.1382254924379891     
    12972029           3   1.3069563508200790     
    12972029           4   1.3803709997839873     
    12972029           5  0.84426668929764659     
    12972029           6  0.27567123553245904     
    12972029           7   1.2024107934792032     
    12972029           8  0.84414832691628838     
    12972029           9  0.30618485935548961     
    12972029          10   1.4508893477985785     
    12972053           1  0.49268752119031828     
    12972053           2   1.2444233640569342     
    12972053           3   1.2193139746341541     
    12972053           4  0.55257292945226921     
    12972053           5   1.1858929237361207     
    12972053           6   1.1525896641732702     
    12972053           7   1.0483873445572816     
    12972053           8  0.88236836748715641     
    12972053           9   1.0549272068204443     
    12972053          10   1.1668367038920511     
    12972054           1   1.2436466319028905     
    12972054           2  0.93520950029252115     
    12972054           3   1.1413806625186076     
    12972054           4  0.75468515387218238     
    12972054           5   1.0154678417085448     
    12972054           6   1.2824592148562453     
    12972054           7   1.2503464020763679     
    12972054           8  0.21006855996096443     
    12972054           9  0.89239801339481228     
    12972054          10   1.2743380194168641     
    12972082           1  0.68318741857444021     
    12972082           2   1.2350118196210551     
    12972082           3  0.19777279869073991     
    12972082           4   1.1858733845998644     
    12972082           5   1.1853638817107852     
    12972082           6  0.52206576707642849     
    12972082           7   1.1273771258592455     
    12972082           8   1.2844174073971968     
    12972082           9   1.2301686550965893     
    12972082          10   1.3487617413736561     
    12972098           1  0.98692224402691753     
    12972098           2   1.1021205234266751     
    12972098           3  0.93605269331754060     
    12972098           4   1.0955992087663240     
    12972098           5   1.0780196021011355     
    12972098           6  0.65219091028160792     
    12972098           7   1.3958671704913093     
    12972098           8  0.90067810763986711     
    12972098           9  0.92061814319296731     
    12972098          10  0.93193139675565784     
    12972105           1  0.83591945830731240     
    12972105           2   1.2952367767025919     
    12972105           3   1.3341039855202117     
    12972105           4  0.44595047765622359     
    12972105           5  0.89334874524466512     
    12972105           6  0.90758839054729989     
    12972105           7   1.1338506264035351     
    12972105           8   1.3110652619235830     
    12972105           9   1.1514819094654247     
    12972105          10  0.69145436822915107     
    12972115           1  0.82908783578578493     
    12972115           2   1.2846513445219008     
    12972115           3   1.3232009077859106     
    12972115           4  0.52403175598990515     
    12972115           5  0.88604777701508231     
    12972115           6  0.90017104761130096     
    12972115           7   1.1245841361951701     
    12972115           8   1.3003504701077706     
    12972115           9   1.1420713261040030     
    12972115          10  0.68580339888317110     
    12972116           1   1.2904982565562046     
    12972116           2  0.78458021513343268     
    12972116           3  0.77398813294601387     
    12972116           4  0.59566404983941457     
    12972116           5  0.93570217514309961     
    12972116           6   1.3090892760069466     
    12972116           7  0.34268219680405942     
    12972116           8   1.2879511154248566     
    12972116           9   1.0662492811232653     
    12972116          10   1.6135953010227067     
    12972160           1   1.0443511196026769     
    12972160           2   1.1275457449782338     
    12972160           3   1.1807467131030052     
    12972160           4  0.69614367696986579     
    12972160           5   1.0820904322207554     
    12972160           6  0.52386412310728114     
    12972160           7   1.3228945570621244     
    12972160           8   1.1290218337395326     
    12972160           9   1.2590220909679901     
    12972160          10  0.63431970824853301     
    12972169           1  0.73197436826670359     
    12972169           2   1.1157394159525076     
    12972169           3   1.1269154897108291     
    12972169           4   1.0103460962139983     
    12972169           5   1.1865421842849608     
    12972169           6   1.0408280842909541     
    12972169           7  0.91607748536243483     
    12972169           8   1.0682255582798366     
    12972169           9   1.0915557055209573     
    12972169          10  0.71179561211681619     
    12972210           1  0.57047408485305140     
    12972210           2   1.4754150574454528     
    12972210           3   1.0108315146741871     
    12972210           4  0.88255604995168224     
    12972210           5   1.1829521426369103     
    12972210           6  0.93086497674999658     
    12972210           7  0.34069255416227068     
    12972210           8   1.1061985253405202     
    12972210           9   1.0932334190353066     
    12972210          10   1.4067816751506237     
    12972226           1  0.99447614031471043     
    12972226           2  0.80106253303297081     
    12972226           3   1.2218974265555067     
    12972226           4  0.20853082251558591     
    12972226           5   1.1612169866583535     
    12972226           6   1.3732907845119766     
    12972226           7   1.1462155703205432     
    12972226           8  0.51718246448781369     
    12972226           9   1.3965805027415510     
    12972226          10   1.1795467688609882     
    12972229           1  0.98620357379253809     
    12972229           2   1.1129806744111732     
    12972229           3  0.93537106595270059     
    12972229           4   1.0948014006867965     
    12972229           5   1.0612367906861389     
    12972229           6  0.65171598918504836     
    12972229           7   1.3948507092729601     
    12972229           8  0.90002223981376883     
    12972229           9  0.91994775516519034     
    12972229          10  0.94286980103368467     
    12972238           1   1.1035825110383020     
    12972238           2   1.0799921970269553     
    12972238           3   1.0627983428437888     
    12972238           4   1.0287432442346554     
    12972238           5  0.90258231860641847     
    12972238           6   1.0773912377907455     
    12972238           7  0.74274443373409571     
    12972238           8   1.2480263690450450     
    12972238           9  0.32686205943063684     
    12972238          10   1.4272772862493561     
    12972266           1   1.2282535865996953     
    12972266           2   1.1235424137541909     
    12972266           3  0.41683912392660771     
    12972266           4   1.1918598075703739     
    12972266           5   1.4123293662865577     
    12972266           6   1.1331625942069714     
    12972266           7   1.1958799180293973     
    12972266           8   1.3573229943855363     
    12972266           9  0.55500587666709955     
    12972266          10  0.38580431857357073     
    12972295           1   1.3363469650016340     
    12972295           2  0.77014624996956471     
    12972295           3  0.81899680477353998     
    12972295           4  0.72719789254789635     
    12972295           5  0.86026213542728935     
    12972295           6   1.3740318500566038     
    12972295           7  0.95545977435172957     
    12972295           8   1.2183495270578466     
    12972295           9  0.84760597296301610     
    12972295          10   1.0916028278508796     
    12972313           1   1.0173170152461761     
    12972313           2  0.92970905965715855     
    12972313           3   1.3511497136679969     
    12972313           4   1.2621993356583616     
    12972313           5   1.1029083710244880     
    12972313           6  0.33107842345866795     
    12972313           7   1.4433161253805449     
    12972313           8  0.62419156398123576     
    12972313           9  0.57445266338003353     
    12972313          10   1.3636777285453361     
    12972335           1  0.94016902336099850     
    12972335           2   1.2755282544071795     
    12972335           3   1.4725615642094694     
    12972335           4  0.55248317823552406     
    12972335           5  0.83162614113891542     
    12972335           6  0.56264172129791779     
    12972335           7   1.2896018439452017     
    12972335           8   1.2710430432708557     
    12972335           9   1.2218745692282662     
    12972335          10  0.58247066090567068     
    12972342           1  0.55112955925092211     
    12972342           2   1.0279145530702085     
    12972342           3  0.94147547499563933     
    12972342           4   1.1755092521420938     
    12972342           5   1.2265893730072099     
    12972342           6   1.2484958859650173     
    12972342           7  0.70207735124711235     
    12972342           8   1.1569273361803243     
    12972342           9   1.0955768779764017     
    12972342          10  0.87430433616507042     
    12972354           1  0.44050665705544290     
    12972354           2   1.2181489542881059     
    12972354           3   1.2800370979700137     
    12972354           4  0.59809667716873327     
    12972354           5   1.2129745032796544     
    12972354           6  0.99754278970756227     
    12972354           7  0.88241261258062920     
    12972354           8   1.2223832655667357     
    12972354           9  0.99492318063893825     
    12972354          10   1.1529742617441845     
    12972384           1  0.83563577709852022     
    12972384           2   1.1482979283515393     
    12972384           3   1.1208675875690335     
    12972384           4  0.33157942967019804     
    12972384           5   1.5123575085492607     
    12972384           6  0.90344553136171768     
    12972384           7   1.2062962586399129     
    12972384           8  0.81180904465185633     
    12972384           9   1.1845260301613536     
    12972384          10  0.94518490394660759     
    12972404           1   1.0077666251337041     
    12972404           2  0.88567580876166230     
    12972404           3  0.43290511594553416     
    12972404           4  0.95347566006023221     
    12972404           5  0.88876192307653368     
    12972404           6   1.2842030622180496     
    12972404           7   1.3339083482512093     
    12972404           8   1.3805269545682295     
    12972404           9   1.0513305100754227     
    12972404          10  0.78144599190942188     
    12972406           1  0.52612820441602315     
    12972406           2   1.1568854418114793     
    12972406           3   1.2498686940143160     
    12972406           4  0.37193742375051003     
    12972406           5   1.2218698153708274     
    12972406           6   1.0259461974337243     
    12972406           7   1.1836612840940626     
    12972406           8   1.0678567390401499     
    12972406           9   1.0503035754653327     
    12972406          10   1.1455426246035756     
    12972409           1  0.98782324123765675     
    12972409           2  0.88719142982240495     
    12972409           3  0.69701691649622066     
    12972409           4   1.0004067723231380     
    12972409           5   1.0585852425139886     
    12972409           6   1.0263401015392382     
    12972409           7   1.4639408568481225     
    12972409           8  0.90724646013253996     
    12972409           9   1.0280346326710086     
    12972409          10  0.94341434641568189     
    12972418           1  0.87192638054266847     
    12972418           2   1.3665007192530336     
    12972418           3  0.50767382551138229     
    12972418           4   1.1259582652480919     
    12972418           5   1.2736208200652335     
    12972418           6  0.90478529916893569     
    12972418           7   1.2965251951624759     
    12972418           8   1.2978144621502250     
    12972418           9  0.58538417405085263     
    12972418          10  0.76981085884710176     
    12972430           1  0.67950658865393843     
    12972430           2   1.2804030830210997     
    12972430           3   1.1907610767666816     
    12972430           4  0.33089109026643038     
    12972430           5  0.87326077501693078     
    12972430           6   1.0425370904135753     
    12972430           7   1.2021320899637538     
    12972430           8   1.2637951071873745     
    12972430           9   1.1134706162349164     
    12972430          10   1.0232424824752984     
    12972433           1  0.88303578571897900     
    12972433           2  0.75969868099960614     
    12972433           3  0.81636593967821314     
    12972433           4   1.1435246418959546     
    12972433           5   1.0563532387432530     
    12972433           6   1.2325567991006723     
    12972433           7   1.1752641305358937     
    12972433           8   1.2787394475335960     
    12972433           9  0.62615988607846385     
    12972433          10   1.0283014497153666     
    12972468           1   1.2607972384626283     
    12972468           2  0.66666125766037021     
    12972468           3   1.0851440591433967     
    12972468           4  0.79953417638292046     
    12972468           5  0.97427689472930501     
    12972468           6   1.1209192107255703     
    12972468           7   1.2867549020761875     
    12972468           8   1.2291158275058451     
    12972468           9  0.65633109616764307     
    12972468          10  0.92046533714613210     
    12972471           1   1.4653463945279708     
    12972471           2   1.0315023322613797     
    12972471           3   1.1153586388980701     
    12972471           4  0.81936104917906161     
    12972471           5   1.0548239937525354     
    12972471           6   1.0873586342380555     
    12972471           7  0.52201189025771799     
    12972471           8   1.4191299594958324     
    12972471           9  0.43992310492168823     
    12972471          10   1.0451840024676864     
    12972477           1   1.1741988761515800     
    12972477           2   1.1365615043989974     
    12972477           3  0.93211841648601967     
    12972477           4   1.1509522577658926     
    12972477           5  0.93729831658696316     
    12972477           6  0.39006623656338363     
    12972477           7   1.0580110780906691     
    12972477           8   1.3498379531352163     
    12972477           9   1.3110120045392553     
    12972477          10  0.55994335628202141     
    12972479           1   1.0897703395065037     
    12972479           2  0.86868243687112201     
    12972479           3   1.1567914567804800     
    12972479           4  0.60938063943464016     
    12972479           5   1.1868013906924106     
    12972479           6   1.0376895601539067     
    12972479           7   1.2055850273926092     
    12972479           8  0.98391582857361348     
    12972479           9  0.90424167590552995     
    12972479          10  0.95714164468918306     
    12972487           1  0.59005431721116808     
    12972487           2   1.5022565107371342     
    12972487           3   1.3030577358856212     
    12972487           4  0.19761053198576659     
    12972487           5  0.99453069598653832     
    12972487           6  0.87786455728370338     
    12972487           7   1.0625177444545910     
    12972487           8   1.2089790017336137     
    12972487           9   1.0958779916094346     
    12972487          10   1.1672509131124300     
    12972514           1  0.76094243341814904     
    12972514           2   1.4288897596365766     
    12972514           3  0.52563221018030770     
    12972514           4  0.97055619469444188     
    12972514           5   1.2018117429668491     
    12972514           6  0.58403256939972692     
    12972514           7  0.74032324780524528     
    12972514           8   1.2145779006012407     
    12972514           9   1.2574048856125695     
    12972514          10   1.3158290556848924     
    12972532           1  0.68389469662809754     
    12972532           2   1.2362903805726722     
    12972532           3  0.22939911573911539     
    12972532           4   1.1871010743911867     
    12972532           5   1.1448168524952662     
    12972532           6  0.52260624198796801     
    12972532           7   1.1285442566898738     
    12972532           8   1.2857471160822354     
    12972532           9   1.2314422021034450     
    12972532          10   1.3501580633101413     
    12972536           1   1.0204627583789836     
    12972536           2   1.0732233498640651     
    12972536           3   1.1971060746361055     
    12972536           4  0.40751237726874512     
    12972536           5   1.1524220801133969     
    12972536           6   1.1134542890261061     
    12972536           7   1.2631564960518076     
    12972536           8   1.2910966157641961     
    12972536           9  0.25627428396364677     
    12972536          10   1.2252916749329468     
    12972537           1   1.2159197861831621     
    12972537           2   1.2584819398162777     
    12972537           3   1.0046715759200453     
    12972537           4  0.74416256727691499     
    12972537           5   1.0260931407269016     
    12972537           6  0.34393625996075938     
    12972537           7  0.68986703859924281     
    12972537           8   1.1388062706245135     
    12972537           9   1.2949646041903151     
    12972537          10   1.2830968167018679     
    12972539           1   1.1783819945637692     
    12972539           2  0.76018688145790936     
    12972539           3  0.83011699828109609     
    12972539           4   1.0923196647953499     
    12972539           5   1.3132248111117926     
    12972539           6  0.77166547933824059     
    12972539           7   1.3273183890064304     
    12972539           8   1.2227619574018305     
    12972539           9  0.88246342388054322     
    12972539          10  0.62156040016303904     
    12972540           1  0.99321373879472774     
    12972540           2  0.80004565337311095     
    12972540           3   1.2203463333658215     
    12972540           4  0.20826611065711578     
    12972540           5   1.1913821331516059     
    12972540           6   1.3715475105374020     
    12972540           7   1.1447605487071111     
    12972540           8  0.51652594604276469     
    12972540           9   1.3948076644823233     
    12972540          10   1.1591043608880178     
    12972554           1  0.99094066341736708     
    12972554           2  0.79821466372363870     
    12972554           3   1.2720063068568710     
    12972554           4  0.20778947149116159     
    12972554           5   1.1570887269015795     
    12972554           6   1.3684085780465303     
    12972554           7   1.1421406423218070     
    12972554           8  0.51534382142662460     
    12972554           9   1.3916154986529057     
    12972554          10   1.1564516271615157     
    12972563           1   1.3339800191239772     
    12972563           2  0.77037699916034086     
    12972563           3   1.2322397253250505     
    12972563           4   1.0141566614648458     
    12972563           5  0.43152870432471557     
    12972563           6   1.0755979519730929     
    12972563           7   1.2662826760011243     
    12972563           8  0.91548824955821584     
    12972563           9  0.76829427878911671     
    12972563          10   1.1920547342795211     
    12972573           1   1.0149244891203051     
    12972573           2   1.2404886957336281     
    12972573           3  0.82676077538370119     
    12972573           4  0.99361807157970283     
    12972573           5  0.93661724579651762     
    12972573           6  0.59987806024414803     
    12972573           7   1.2213199408199058     
    12972573           8   1.2709409325608241     
    12972573           9   1.2997481015895931     
    12972573          10  0.59570368717167477     
    12972576           1  0.68239974579871443     
    12972576           2   1.3696303079100147     
    12972576           3   1.2810100789866286     
    12972576           4  0.30091406331098536     
    12972576           5   1.1180532948916564     
    12972576           6  0.61002410416239838     
    12972576           7   1.1009768095243908     
    12972576           8   1.2979983316863810     
    12972576           9   1.0037335134116927     
    12972576          10   1.2352597503171376     
    12972590           1   1.3236605173119960     
    12972590           2   1.1291336621658734     
    12972590           3   1.0676302452146771     
    12972590           4  0.93962386540907250     
    12972590           5   1.0079348963511332     
    12972590           6   9.9865796700055465E-002
    12972590           7  0.96936285749424767     
    12972590           8  0.90680728428999036     
    12972590           9   1.2538958437107399     
    12972590          10   1.3020850313522145     
    12972591           1   1.2057185380627224     
    12972591           2   1.1490797902428436     
    12972591           3  0.10641027551251231     
    12972591           4   1.3525670723168750     
    12972591           5   1.0578229919406696     
    12972591           6  0.79844243119985048     
    12972591           7   1.0753334425346281     
    12972591           8   1.1904147541993653     
    12972591           9   1.3436297574000522     
    12972591          10  0.72058094659048044     
    12972595           1  0.64593669227837447     
    12972595           2  0.93587108855762735     
    12972595           3   1.0266469319432379     
    12972595           4   1.0344698222819673     
    12972595           5  0.91896105079035850     
    12972595           6   1.0871651611419637     
    12972595           7   1.1899631133599848     
    12972595           8  0.95080395060592005     
    12972595           9   1.1924502763529461     
    12972595          10   1.0177319126876185     
    12972605           1  0.68344980953768952     
    12972605           2   1.2354861491127349     
    12972605           3  0.22924988705574270     
    12972605           4   1.1863288415524031     
    12972605           5   1.1858191429791674     
    12972605           6  0.52226627624240307     
    12972605           7   1.1278101162246370     
    12972605           8   1.2849107120330525     
    12972605           9   1.1953993066023472     
    12972605          10   1.3492797586598222     
    12972611           1  0.97753137483740715     
    12972611           2  0.93102934711866259     
    12972611           3  0.49348956767483021     
    12972611           4   1.2306874139993720     
    12972611           5   1.1064446344856298     
    12972611           6  0.84074071165820130     
    12972611           7  0.96908645382931868     
    12972611           8   1.3599396389668874     
    12972611           9   1.0651655501994475     
    12972611          10   1.0258853072302421     
    12972616           1  0.45650886547688041     
    12972616           2   1.2512592071748494     
    12972616           3   1.2028345832664806     
    12972616           4  0.52583018752806621     
    12972616           5   1.1849303671851914     
    12972616           6   1.0038299868583223     
    12972616           7  0.85952215305235169     
    12972616           8   1.2246610782329417     
    12972616           9   1.1052084175708476     
    12972616          10   1.1854151536540680     
    12972619           1   1.0305704822071831     
    12972619           2   1.1873109949616110     
    12972619           3   1.1835238676536168     
    12972619           4  0.72489850564873648     
    12972619           5   1.1582950379137014     
    12972619           6  0.98018052733258421     
    12972619           7  0.84833433066902353     
    12972619           8  0.72772448664262157     
    12972619           9   1.2844811594181949     
    12972619          10  0.87468060755272747     
    12972623           1  0.89242157513354581     
    12972623           2   1.0573609636279493     
    12972623           3   1.1369338607348223     
    12972623           4  0.76563315490721962     
    12972623           5   1.1317163836373396     
    12972623           6  0.64622963671340472     
    12972623           7  0.71887980867340506     
    12972623           8   1.1781685782372382     
    12972623           9   1.2229673729232835     
    12972623          10   1.2496886654117922     
    12972625           1   1.3143167857643392     
    12972625           2   1.0210402968545476     
    12972625           3   1.1819893404609008     
    12972625           4  0.94507981675509145     
    12972625           5   1.0432366337008514     
    12972625           6  0.58997312539208902     
    12972625           7   1.2968530334066211     
    12972625           8  0.41938942439201476     
    12972625           9  0.86737692826470492     
    12972625          10   1.3207446150088402     
    12972627           1  0.87945338691944719     
    12972627           2   1.1423954448723046     
    12972627           3   1.1915456937942190     
    12972627           4  0.48302957881838560     
    12972627           5   1.2051920052903187     
    12972627           6  0.98878329722452596     
    12972627           7   1.1713059412672748     
    12972627           8  0.83881201571424790     
    12972627           9   1.1351558723484232     
    12972627          10  0.96432676375085558     
    12972630           1  0.49719511638208197     
    12972630           2   1.1374558205717156     
    12972630           3   1.2431363493730949     
    12972630           4  0.47378622591521713     
    12972630           5  0.81687423670112935     
    12972630           6   1.1820604569905260     
    12972630           7  0.84487762002036360     
    12972630           8   1.3540942889801819     
    12972630           9   1.2159500290770877     
    12972630          10   1.2345698559886003     
    12972633           1   1.2236859244686542     
    12972633           2   1.0753244403160707     
    12972633           3   1.2812013689539059     
    12972633           4   1.0019036084632718     
    12972633           5   1.2093374112312520     
    12972633           6  0.58574850147197077     
    12972633           7   1.1651293948007972     
    12972633           8  0.99990255721683119     
    12972633           9  0.99698184959056901     
    12972633          10  0.46078494348667509     
    12972638           1  0.83610976447467356     
    12972638           2   1.1214343180983322     
    12972638           3   1.1245078604950820     
    12972638           4  0.74690243459862304     
    12972638           5  0.84118290119526273     
    12972638           6  0.56588957898623560     
    12972638           7   1.2363212631213780     
    12972638           8   1.2701484065688564     
    12972638           9   1.3892989428466269     
    12972638          10  0.86820452961492844     
    12972645           1   1.0430161859973486     
    12972645           2  0.66970239821690369     
    12972645           3  0.88863056227509929     
    12972645           4   1.2002304924611213     
    12972645           5  0.85998359265765123     
    12972645           6   1.2165323025069876     
    12972645           7   1.3098135632206125     
    12972645           8  0.71373681079227769     
    12972645           9   1.1832184095998046     
    12972645          10  0.91513568227219533     
    12972649           1  0.99236522377091907     
    12972649           2  0.79936216428098084     
    12972649           3   1.2193037761017955     
    12972649           4  0.20808818629205694     
    12972649           5   1.1587521390378837     
    12972649           6   1.3703757802007166     
    12972649           7   1.1437825653322331     
    12972649           8  0.51608467141245584     
    12972649           9   1.3936160627027576     
    12972649          10   1.1982694308682009     
    12972652           1  0.52609171351386530     
    12972652           2   1.1568052032059253     
    12972652           3   1.2497820063289942     
    12972652           4  0.37191162712522935     
    12972652           5   1.2217850696158801     
    12972652           6   1.0258750404381565     
    12972652           7   1.1842727627237419     
    12972652           8   1.0677826752369630     
    12972652           9   1.0502307291045283     
    12972652          10   1.1454631727067162     
    12972657           1  0.83061127935512225     
    12972657           2   1.1820105835238077     
    12972657           3   1.1601025320113019     
    12972657           4  0.32958571405653697     
    12972657           5   1.5032640289530408     
    12972657           6  0.89801330818744030     
    12972657           7   1.2030772765141502     
    12972657           8  0.75152664662440860     
    12972657           9   1.2023069198491450     
    12972657          10  0.93950171092504586     
    12972662           1  0.99615054361393562     
    12972662           2  0.86093807647813736     
    12972662           3   1.2239547399483570     
    12972662           4  0.20888192666284053     
    12972662           5   1.1479128704683002     
    12972662           6   1.3344995247921372     
    12972662           7   1.1481454578812049     
    12972662           8  0.51805324659080698     
    12972662           9   1.3989319307010837     
    12972662          10   1.1625316828631969     
    12972667           1  0.85507520601896181     
    12972667           2   1.0864469084013573     
    12972667           3  0.97201699023224386     
    12972667           4   1.1029246643466564     
    12972667           5  0.93785723152921208     
    12972667           6   1.1487144633507389     
    12972667           7  0.60375460743054832     
    12972667           8   1.1971692517944983     
    12972667           9   1.0303313292203498     
    12972667          10   1.0657093476754351     
    12972668           1  0.87485644805899421     
    12972668           2   1.0626476909856122     
    12972668           3   1.1379562869302751     
    12972668           4  0.75583493102558807     
    12972668           5  0.87744805618545407     
    12972668           6  0.57265727233974251     
    12972668           7   1.1928671884312489     
    12972668           8   1.2853386048836986     
    12972668           9   1.4059141087211802     
    12972668          10  0.83447941243820656     
    12972674           1   1.2153288994286979     
    12972674           2   1.1508434018471729     
    12972674           3  0.57058259531492139     
    12972674           4  0.79803113048795071     
    12972674           5  0.95260359085233282     
    12972674           6  0.79278093139231376     
    12972674           7   1.0439972109606064     
    12972674           8   1.1799364528913077     
    12972674           9   1.1321708900617307     
    12972674          10   1.1637248967629650     
    12972678           1  0.89760041233629329     
    12972678           2   1.0416701147371887     
    12972678           3  0.98292271868700276     
    12972678           4   1.0872221984488246     
    12972678           5  0.80336108831794362     
    12972678           6   1.0395583684324137     
    12972678           7   1.1674271892430266     
    12972678           8   1.1023525183290031     
    12972678           9   1.1698941759157502     
    12972678          10  0.70799121555255229     
    12972681           1  0.94114303653425468     
    12972681           2  0.67786161472634476     
    12972681           3   1.2811957496458573     
    12972681           4  0.52595432772329431     
    12972681           5  0.95706053607723174     
    12972681           6   1.2608466152528881     
    12972681           7  0.51554223862210391     
    12972681           8   1.1352121232939598     
    12972681           9   1.3312323854852328     
    12972681          10   1.3739513726388326     
    12972682           1  0.68058234733620138     
    12972682           2   1.2482123201027369     
    12972682           3   1.0201794495311858     
    12972682           4  0.98548379577825618     
    12972682           5  0.76175056752934811     
    12972682           6   1.1131883894056347     
    12972682           7   1.1743565345499634     
    12972682           8   1.1415017474149407     
    12972682           9   1.2515981543073063     
    12972682          10  0.62314669404442835     
    12972684           1  0.62074557304438904     
    12972684           2  0.61676414807371360     
    12972684           3   1.4143865891180969     
    12972684           4  0.71999644282451525     
    12972684           5   1.1500557231350792     
    12972684           6   1.2039227484207093     
    12972684           7   1.2308075387117936     
    12972684           8  0.31580178014432370     
    12972684           9   1.3869455384000293     
    12972684          10   1.3405739181273508     
    12972687           1   1.1124272379978146     
    12972687           2  0.92760951953149340     
    12972687           3   1.3909296857074578     
    12972687           4   1.1161611451402151     
    12972687           5  0.54146435849843289     
    12972687           6  0.92994705206333628     
    12972687           7   1.2913631603138251     
    12972687           8   1.0076219354911278     
    12972687           9  0.33744463695226479     
    12972687          10   1.3450312683040333     
    12972688           1  0.99764406343016598     
    12972688           2   1.2748729223034863     
    12972688           3   1.2698908520773116     
    12972688           4  0.43010055513933065     
    12972688           5  0.93628280703664712     
    12972688           6  0.52506925949283600     
    12972688           7   1.1479808715004218     
    12972688           8   1.2964087743558532     
    12972688           9   1.3770848903956923     
    12972688          10  0.74466500426825633     
    12972692           1  0.83330692222086067     
    12972692           2   1.2911887158684932     
    12972692           3   1.3299344512778717     
    12972692           4  0.53420074891965630     
    12972692           5  0.83216614550062806     
    12972692           6  0.90475186437437072     
    12972692           7   1.1303069528489997     
    12972692           8   1.3069677316239479     
    12972692           9   1.1478831320814571     
    12972692          10  0.68929333528371484     
    12972693           1  0.50322971687078999     
    12972693           2   1.1826805647508738     
    12972693           3   1.1128665364535175     
    12972693           4  0.84035116581910840     
    12972693           5   1.3515910442678392     
    12972693           6  0.40194932766215680     
    12972693           7   1.2210356824635848     
    12972693           8   1.1628959618223154     
    12972693           9   1.2166904311348707     
    12972693          10   1.0067095687549412     
    12972694           1  0.78255585663151428     
    12972694           2   1.1321911004362666     
    12972694           3   1.0624349478888273     
    12972694           4   1.0802773609653931     
    12972694           5   1.1884801917660601     
    12972694           6  0.58070969715168996     
    12972694           7   1.2258239669233191     
    12972694           8  0.69570218533890804     
    12972694           9   1.2679629683401457     
    12972694          10  0.98386172455787535     
    12972695           1  0.97062182638249828     
    12972695           2   1.3059086529405102     
    12972695           3   1.2633239729855763     
    12972695           4  0.11102651883902202     
    12972695           5   1.0204780762257077     
    12972695           6   1.2134470118039851     
    12972695           7   1.1591418864621066     
    12972695           8   1.1207462523973202     
    12972695           9   1.2197182431845206     
    12972695          10  0.61558755877875193     
    12972697           1   1.1383160215537715     
    12972697           2   1.0420154541393198     
    12972697           3  0.10419094062085671     
    12972697           4   1.0410200970133894     
    12972697           5  0.96016409047664331     
    12972697           6   1.0848471025458295     
    12972697           7   1.1681057937932977     
    12972697           8   1.2405693166272391     
    12972697           9   1.3958564495473824     
    12972697          10  0.82491473368226942     
    12972699           1  0.75250732882103566     
    12972699           2   1.0329622065016570     
    12972699           3   1.1527651819009344     
    12972699           4   1.2584594435695569     
    12972699           5  0.82104804463885794     
    12972699           6  0.98507121969008915     
    12972699           7   1.1475278806966127     
    12972699           8   1.1796336519779274     
    12972699           9  0.75794188379347116     
    12972699          10  0.91208315840985676     
    12972702           1   1.2177079812755303     
    12972702           2   1.1277694434144077     
    12972702           3   1.1225806294840686     
    12972702           4   1.0651723643612483     
    12972702           5   1.0275599631966552     
    12972702           6  0.82162737296999488     
    12972702           7   1.1947293120586095     
    12972702           8   1.2054150078340160     
    12972702           9  0.37938068316677309     
    12972702          10  0.83805724223869493     
    12972706           1   1.0317451244598608     
    12972706           2   1.2244067952701172     
    12972706           3  0.74690272045584893     
    12972706           4   1.0318397476940051     
    12972706           5   1.0040129984846105     
    12972706           6  0.54905774843672117     
    12972706           7   1.1754610275137529     
    12972706           8   1.2414614142215368     
    12972706           9   1.3673438349180931     
    12972706          10  0.62776858854545414     
    12972707           1   1.2188354345018724     
    12972707           2   1.0806151258300845     
    12972707           3  0.88789594744507350     
    12972707           4  0.78709432981660010     
    12972707           5  0.82856822187070145     
    12972707           6   1.2542929449413143     
    12972707           7   1.1451997891389301     
    12972707           8  0.74908767748904437     
    12972707           9  0.95715455518563430     
    12972707          10   1.0912559737807443     
    12972708           1  0.98239437130680951     
    12972708           2  0.97724368416580765     
    12972708           3   1.0831754549310202     
    12972708           4   1.0075897433126733     
    12972708           5  0.98988701592458617     
    12972708           6   1.0234553156090229     
    12972708           7  0.90577770209616515     
    12972708           8   1.2354018719793258     
    12972708           9  0.34435211486578127     
    12972708          10   1.4507227258088076     
    12972711           1   1.3790848221542618     
    12972711           2  0.56435145921807572     
    12972711           3  0.88695292150503635     
    12972711           4   1.1907552496799458     
    12972711           5  0.69920924398245354     
    12972711           6   1.2838461511774606     
    12972711           7   1.3162643127958420     
    12972711           8  0.93060823119291780     
    12972711           9  0.43985448421816808     
    12972711          10   1.3090731240758413     
    12972712           1  0.98914108625903541     
    12972712           2   1.1516293416903634     
    12972712           3   1.2259961877091601     
    12972712           4  0.22159783381349288     
    12972712           5  0.92977234165906830     
    12972712           6   1.2589083740078550     
    12972712           7   1.1183753361695246     
    12972712           8   1.2725235071558145     
    12972712           9   1.2522075360276765     
    12972712          10  0.57984845550801090     
    12972713           1   1.0823571113621313     
    12972713           2   1.1743275750131557     
    12972713           3   1.1999664683122828     
    12972713           4  0.79791781415895724     
    12972713           5   1.2490596727831444     
    12972713           6  0.16399867649713668     
    12972713           7   1.3130022901452167     
    12972713           8  0.53052540431918749     
    12972713           9   1.2622235650009046     
    12972713          10   1.2266214224078829     
    12972715           1  0.87712925719065615     
    12972715           2  0.55719738939689867     
    12972715           3   1.3388184898134909     
    12972715           4  0.37627049033344645     
    12972715           5   1.1774535136675486     
    12972715           6   1.3720851065279926     
    12972715           7  0.48697593137252260     
    12972715           8   1.0712255470829464     
    12972715           9   1.3613256576013213     
    12972715          10   1.3815186170131779     
    12972718           1   1.1966572862938134     
    12972718           2   1.0872598245682261     
    12972718           3   1.0217546594703635     
    12972718           4  0.93173453695365649     
    12972718           5  0.76284492581497210     
    12972718           6  0.60326607902247098     
    12972718           7   1.1306592290546957     
    12972718           8  0.90737887483248347     
    12972718           9   1.2472355797631056     
    12972718          10   1.1112090042262108     
    12972720           1  0.95109312310248362     
    12972720           2   1.2862932610028937     
    12972720           3   1.3454667070452482     
    12972720           4  0.28497775053711155     
    12972720           5   1.1966921378713307     
    12972720           6   1.2582376094234426     
    12972720           7  0.72456843645703306     
    12972720           8   1.3429744604103635     
    12972720           9   1.3281966325199559     
    12972720          10  0.28149988163013767     
    12972721           1  0.31312708874780570     
    12972721           2   1.2348215591801885     
    12972721           3  0.95191565152759661     
    12972721           4  0.98181578924281698     
    12972721           5   1.1843162048658888     
    12972721           6  0.59737493961298971     
    12972721           7  0.86353398375867685     
    12972721           8   1.2716811087477404     
    12972721           9   1.3621161952145362     
    12972721          10   1.2392974791017595     
    12972722           1   1.2738062739928129     
    12972722           2   1.2228017129366346     
    12972722           3  0.53339418574148711     
    12972722           4  0.85544440710237324     
    12972722           5  0.73642827709958891     
    12972722           6   1.1501611748145204     
    12972722           7   1.0099559952423707     
    12972722           8   1.1228131942281658     
    12972722           9   1.3417719076788168     
    12972722          10  0.75342287116322870     
    12972724           1   1.2617190842096611     
    12972724           2  0.65116488032942454     
    12972724           3   1.0859374741393395     
    12972724           4  0.80879096878684875     
    12972724           5  0.97498924798043818     
    12972724           6   1.1217387831164765     
    12972724           7   1.2876957270540397     
    12972724           8   1.2300145090413306     
    12972724           9  0.65681097985646308     
    12972724          10  0.92113834548597751     
    12972725           1  0.86362937346311885     
    12972725           2   1.0509671517828323     
    12972725           3   1.1300588753363270     
    12972725           4  0.76100340735340055     
    12972725           5   1.1248729480766151     
    12972725           6  0.70855241385179224     
    12972725           7  0.70332476688663781     
    12972725           8   1.1998870592815021     
    12972725           9   1.2155721469369194     
    12972725          10   1.2421318570308559     
    12972727           1  0.50515491395112722     
    12972727           2   1.1523719939508006     
    12972727           3   1.1171240103962485     
    12972727           4  0.84014238935729113     
    12972727           5   1.3567618023629984     
    12972727           6  0.40348705813815211     
    12972727           7   1.2257069772064388     
    12972727           8   1.1673448324580913     
    12972727           9   1.2213451023261124     
    12972727          10   1.0105609198527385     
    12972728           1  0.44400351148541756     
    12972728           2   1.2278189320261159     
    12972728           3   1.2901983596101640     
    12972728           4  0.60284452145578882     
    12972728           5   1.2226034049030545     
    12972728           6   1.0054615393278186     
    12972728           7  0.82654941829303230     
    12972728           8   1.2320868563498959     
    12972728           9   1.0028211351328788     
    12972728          10   1.1456123214158327     
    12972729           1  0.93260967885949142     
    12972729           2  0.98344366356916135     
    12972729           3  0.84162175978562725     
    12972729           4   1.0217917044372433     
    12972729           5   1.0608898424076016     
    12972729           6  0.98187087549811136     
    12972729           7   1.2814136274489973     
    12972729           8  0.66767724888766844     
    12972729           9   1.0532153131672146     
    12972729          10   1.1754662859388838     
    12972730           1  0.37674293946524323     
    12972730           2   1.3475398747411815     
    12972730           3   1.3828086836988451     
    12972730           4  0.45384018606392579     
    12972730           5   1.0783166609148556     
    12972730           6   1.2465063581447409     
    12972730           7  0.90193350094275704     
    12972730           8   1.0672807004599847     
    12972730           9  0.79406771208451310     
    12972730          10   1.3509633834839534     
    12972732           1   1.1435264963937808     
    12972732           2  0.81015288557752629     
    12972732           3  0.86911689937170755     
    12972732           4  0.61576331683965169     
    12972732           5  0.70469264669643261     
    12972732           6   1.3169468578203649     
    12972732           7  0.46498273732764522     
    12972732           8   1.4360618899510040     
    12972732           9   1.0500530751846640     
    12972732          10   1.5887031948372230     
    12972734           1   1.2028326169213885     
    12972734           2   1.0384997821543047     
    12972734           3   1.2042268142915697     
    12972734           4   1.1817110808455327     
    12972734           5  0.96944317407831060     
    12972734           6  0.96972944184038024     
    12972734           7   1.2370023517625452     
    12972734           8   1.1560385030984321     
    12972734           9   5.8049020373540330E-002
    12972734          10  0.98246721463399544     
    12972737           1   1.2773361677783979     
    12972737           2   1.1207982011502797     
    12972737           3   1.1114567679236003     
    12972737           4   1.0108224984345893     
    12972737           5   1.1207905053192502     
    12972737           6  0.80988363409388786     
    12972737           7   1.0621773459353741     
    12972737           8   1.1396009716772590     
    12972737           9  0.78704571316337646     
    12972737          10  0.56008819452398539     
    12972738           1  0.56055621886747542     
    12972738           2   1.4784854058530190     
    12972738           3   1.0129350616833734     
    12972738           4  0.90324418744499368     
    12972738           5   1.1854138738013331     
    12972738           6  0.93280211286949100     
    12972738           7  0.34140153760110920     
    12972738           8   1.1085005317241421     
    12972738           9   1.0669518731153957     
    12972738          10   1.4097091970396647     
    12972739           1  0.74346056031150143     
    12972739           2   1.2415181115519081     
    12972739           3   1.2145800798735191     
    12972739           4  0.39423699565683035     
    12972739           5   1.3639549695397899     
    12972739           6  0.97693659140602196     
    12972739           7   1.2615716279413196     
    12972739           8  0.64530580054789166     
    12972739           9   1.2451609735830009     
    12972739          10  0.91327428958821621     
    12972742           1  0.45740581675967218     
    12972742           2   1.0657916851879279     
    12972742           3  0.98673462636650067     
    12972742           4  0.85587898781748561     
    12972742           5   1.2686900586111935     
    12972742           6  0.92646981860408384     
    12972742           7  0.65993341392923677     
    12972742           8   1.2690002454224831     
    12972742           9   1.2415774243164572     
    12972742          10   1.2685179229849592     
    12972744           1   1.0908594760267230     
    12972744           2   1.0522359673197155     
    12972744           3  0.89699347733543766     
    12972744           4  0.93455898912678637     
    12972744           5  0.90305676479715258     
    12972744           6  0.86312636000787624     
    12972744           7   1.4345987908392681     
    12972744           8  0.60783460355284491     
    12972744           9   1.0366754284857007     
    12972744          10   1.1800601425084942     
    12972745           1   1.3418264594134701     
    12972745           2  0.77330412152801864     
    12972745           3  0.82235498085550007     
    12972745           4  0.66975239609376458     
    12972745           5  0.86378951393544678     
    12972745           6   1.3796658658034506     
    12972745           7  0.95937749679313777     
    12972745           8   1.2233451903099937     
    12972745           9  0.85108145673626223     
    12972745          10   1.1155025185309542     
    12972746           1   1.0118374933247254     
    12972746           2   1.0859645019303925     
    12972746           3   1.0991960715725189     
    12972746           4   1.0877478663794902     
    12972746           5   1.2852467256911662     
    12972746           6  0.74106508038350494     
    12972746           7   1.2900522159407528     
    12972746           8  0.41384698263567904     
    12972746           9   1.1333971077289471     
    12972746          10  0.85164595441282331     
    12972747           1  0.73338313826754875     
    12972747           2   1.0751332048842861     
    12972747           3   1.1290843699397253     
    12972747           4   1.0122906250561594     
    12972747           5   1.1888258230384818     
    12972747           6   1.0428312792725740     
    12972747           7  0.91784058327375129     
    12972747           8   1.0937888987951883     
    12972747           9   1.0936565317231515     
    12972747          10  0.71316554574913427     
    12972748           1  0.90351926861905618     
    12972748           2   1.1524652062546221     
    12972748           3   1.3076906396565156     
    12972748           4  0.61735329482985835     
    12972748           5   1.1061853300422371     
    12972748           6   1.2338089171905722     
    12972748           7  0.76608375462099310     
    12972748           8   1.0958804311373787     
    12972748           9   1.1767062635957146     
    12972748          10  0.64030689405305219     
    12972749           1  0.53501040293222601     
    12972749           2   1.1596203907681497     
    12972749           3   1.2528234611477989     
    12972749           4  0.34784665787217883     
    12972749           5   1.2247583914181694     
    12972749           6   1.0283715978933221     
    12972749           7   1.1860819135857832     
    12972749           8   1.0703812186202009     
    12972749           9   1.0527865582777090     
    12972749          10   1.1423194074844607     
    12972750           1  0.81536277850665251     
    12972750           2   1.2855276312995967     
    12972750           3   1.3241034900037805     
    12972750           4  0.53185860049531253     
    12972750           5  0.88665216820240023     
    12972750           6  0.90078507256838380     
    12972750           7   1.1253512378785619     
    12972750           8   1.3012374655779306     
    12972750           9   1.1428503561548553     
    12972750          10  0.68627119931252722     
